{
  "links" : {
    "next" : "https://api.nasa.gov/neo/rest/v1/feed?start_date=2005-01-16&end_date=2005-01-16&detailed=true&api_key=t0TVs3DtDT2H8Oy2Zy8m2eVrNsAVKAexjcZXUckd",
    "prev" : "https://api.nasa.gov/neo/rest/v1/feed?start_date=2005-01-14&end_date=2005-01-14&detailed=true&api_key=t0TVs3DtDT2H8Oy2Zy8m2eVrNsAVKAexjcZXUckd",
    "self" : "https://api.nasa.gov/neo/rest/v1/feed?start_date=2005-01-15&end_date=2005-01-15&detailed=true&api_key=t0TVs3DtDT2H8Oy2Zy8m2eVrNsAVKAexjcZXUckd"
  },
  "element_count" : 7,
  "near_earth_objects" : {
    "2005-01-15" : [ {
      "links" : {
        "self" : "https://api.nasa.gov/neo/rest/v1/neo/3266506?api_key=t0TVs3DtDT2H8Oy2Zy8m2eVrNsAVKAexjcZXUckd"
      },
      "neo_reference_id" : "3266506",
      "name" : "(2005 BH14)",
      "nasa_jpl_url" : "http://ssd.jpl.nasa.gov/sbdb.cgi?sstr=3266506",
      "absolute_magnitude_h" : 21.5,
      "estimated_diameter" : {
        "kilometers" : {
          "estimated_diameter_min" : 0.1332155667,
          "estimated_diameter_max" : 0.2978790628
        },
        "meters" : {
          "estimated_diameter_min" : 133.2155666981,
          "estimated_diameter_max" : 297.8790627982
        },
        "miles" : {
          "estimated_diameter_min" : 0.0827762899,
          "estimated_diameter_max" : 0.1850934111
        },
        "feet" : {
          "estimated_diameter_min" : 437.0589598459,
          "estimated_diameter_max" : 977.2935443908
        }
      },
      "is_potentially_hazardous_asteroid" : false,
      "close_approach_data" : [ {
        "close_approach_date" : "2005-01-15",
        "epoch_date_close_approach" : 1105776000000,
        "relative_velocity" : {
          "kilometers_per_second" : "24.2514120986",
          "kilometers_per_hour" : "87305.0835550003",
          "miles_per_hour" : "54247.9837233834"
        },
        "miss_distance" : {
          "astronomical" : "0.0702973713",
          "lunar" : "27.3456764221",
          "kilometers" : "10516337",
          "miles" : "6534548.5"
        },
        "orbiting_body" : "Earth"
      } ],
      "orbital_data" : {
        "orbit_id" : "8",
        "orbit_determination_date" : "2017-04-06 09:11:32",
        "orbit_uncertainty" : "8",
        "minimum_orbit_intersection" : ".0702395",
        "jupiter_tisserand_invariant" : "5.104",
        "epoch_osculation" : "2453399.5",
        "eccentricity" : ".6539017577920003",
        "semi_major_axis" : "1.168208553017958",
        "inclination" : "25.04437807679696",
        "ascending_node_longitude" : "303.6324157389101",
        "orbital_period" : "461.1890627002585",
        "perihelion_distance" : ".4043149267318661",
        "perihelion_argument" : "50.00586362659157",
        "aphelion_distance" : "1.93210217930405",
        "perihelion_time" : "2453333.333745607759",
        "mean_anomaly" : "51.64877814261619",
        "mean_motion" : ".7805909313898355",
        "equinox" : "J2000"
      }
    }, {
      "links" : {
        "self" : "https://api.nasa.gov/neo/rest/v1/neo/3267067?api_key=t0TVs3DtDT2H8Oy2Zy8m2eVrNsAVKAexjcZXUckd"
      },
      "neo_reference_id" : "3267067",
      "name" : "(2005 CM)",
      "nasa_jpl_url" : "http://ssd.jpl.nasa.gov/sbdb.cgi?sstr=3267067",
      "absolute_magnitude_h" : 23.7,
      "estimated_diameter" : {
        "kilometers" : {
          "estimated_diameter_min" : 0.0483676488,
          "estimated_diameter_max" : 0.1081533507
        },
        "meters" : {
          "estimated_diameter_min" : 48.3676488219,
          "estimated_diameter_max" : 108.1533506775
        },
        "miles" : {
          "estimated_diameter_min" : 0.0300542543,
          "estimated_diameter_max" : 0.0672033557
        },
        "feet" : {
          "estimated_diameter_min" : 158.6865169607,
          "estimated_diameter_max" : 354.8338390368
        }
      },
      "is_potentially_hazardous_asteroid" : false,
      "close_approach_data" : [ {
        "close_approach_date" : "2005-01-15",
        "epoch_date_close_approach" : 1105776000000,
        "relative_velocity" : {
          "kilometers_per_second" : "6.9558225877",
          "kilometers_per_hour" : "25040.9613157941",
          "miles_per_hour" : "15559.4795464722"
        },
        "miss_distance" : {
          "astronomical" : "0.0629588506",
          "lunar" : "24.4909934998",
          "kilometers" : "9418510",
          "miles" : "5852391"
        },
        "orbiting_body" : "Earth"
      } ],
      "orbital_data" : {
        "orbit_id" : "10",
        "orbit_determination_date" : "2017-04-06 09:11:30",
        "orbit_uncertainty" : "8",
        "minimum_orbit_intersection" : ".0465933",
        "jupiter_tisserand_invariant" : "3.394",
        "epoch_osculation" : "2453405.5",
        "eccentricity" : ".5474256595655526",
        "semi_major_axis" : "2.275115584374664",
        "inclination" : ".796765237599213",
        "ascending_node_longitude" : "295.6563213107693",
        "orbital_period" : "1253.440216480934",
        "perihelion_distance" : "1.029658935010496",
        "perihelion_argument" : "166.2464560017185",
        "aphelion_distance" : "3.520572233738832",
        "perihelion_time" : "2453376.076829233986",
        "mean_anomaly" : "8.450615622900083",
        "mean_motion" : ".2872095495792447",
        "equinox" : "J2000"
      }
    }, {
      "links" : {
        "self" : "https://api.nasa.gov/neo/rest/v1/neo/3157028?api_key=t0TVs3DtDT2H8Oy2Zy8m2eVrNsAVKAexjcZXUckd"
      },
      "neo_reference_id" : "3157028",
      "name" : "(2003 MK4)",
      "nasa_jpl_url" : "http://ssd.jpl.nasa.gov/sbdb.cgi?sstr=3157028",
      "absolute_magnitude_h" : 20.9,
      "estimated_diameter" : {
        "kilometers" : {
          "estimated_diameter_min" : 0.1756123185,
          "estimated_diameter_max" : 0.3926810818
        },
        "meters" : {
          "estimated_diameter_min" : 175.6123184804,
          "estimated_diameter_max" : 392.6810818086
        },
        "miles" : {
          "estimated_diameter_min" : 0.1091204019,
          "estimated_diameter_max" : 0.2440006365
        },
        "feet" : {
          "estimated_diameter_min" : 576.1559189633,
          "estimated_diameter_max" : 1288.3238004408
        }
      },
      "is_potentially_hazardous_asteroid" : true,
      "close_approach_data" : [ {
        "close_approach_date" : "2005-01-15",
        "epoch_date_close_approach" : 1105776000000,
        "relative_velocity" : {
          "kilometers_per_second" : "18.7980986544",
          "kilometers_per_hour" : "67673.1551559386",
          "miles_per_hour" : "42049.4668800887"
        },
        "miss_distance" : {
          "astronomical" : "0.316050082",
          "lunar" : "122.9434814453",
          "kilometers" : "47280420",
          "miles" : "29378690"
        },
        "orbiting_body" : "Earth"
      } ],
      "orbital_data" : {
        "orbit_id" : "36",
        "orbit_determination_date" : "2017-04-06 09:14:01",
        "orbit_uncertainty" : "0",
        "minimum_orbit_intersection" : ".002686",
        "jupiter_tisserand_invariant" : "5.645",
        "epoch_osculation" : "2458000.5",
        "eccentricity" : ".1813074742198211",
        "semi_major_axis" : "1.080358900910442",
        "inclination" : "22.31610577352589",
        "ascending_node_longitude" : "282.6096056123453",
        "orbital_period" : "410.1573593775723",
        "perihelion_distance" : ".8844817573354675",
        "perihelion_argument" : "109.6056454321734",
        "aphelion_distance" : "1.276236044485416",
        "perihelion_time" : "2457844.766055641444",
        "mean_anomaly" : "136.6895380206257",
        "mean_motion" : ".8777119117070389",
        "equinox" : "J2000"
      }
    }, {
      "links" : {
        "self" : "https://api.nasa.gov/neo/rest/v1/neo/3412748?api_key=t0TVs3DtDT2H8Oy2Zy8m2eVrNsAVKAexjcZXUckd"
      },
      "neo_reference_id" : "3412748",
      "name" : "(2008 KS)",
      "nasa_jpl_url" : "http://ssd.jpl.nasa.gov/sbdb.cgi?sstr=3412748",
      "absolute_magnitude_h" : 24.7,
      "estimated_diameter" : {
        "kilometers" : {
          "estimated_diameter_min" : 0.0305179233,
          "estimated_diameter_max" : 0.0682401509
        },
        "meters" : {
          "estimated_diameter_min" : 30.5179232594,
          "estimated_diameter_max" : 68.2401509401
        },
        "miles" : {
          "estimated_diameter_min" : 0.0189629525,
          "estimated_diameter_max" : 0.0424024508
        },
        "feet" : {
          "estimated_diameter_min" : 100.1244233463,
          "estimated_diameter_max" : 223.8850168104
        }
      },
      "is_potentially_hazardous_asteroid" : false,
      "close_approach_data" : [ {
        "close_approach_date" : "2005-01-15",
        "epoch_date_close_approach" : 1105776000000,
        "relative_velocity" : {
          "kilometers_per_second" : "20.9094926053",
          "kilometers_per_hour" : "75274.1733789659",
          "miles_per_hour" : "46772.4440087247"
        },
        "miss_distance" : {
          "astronomical" : "0.4770042419",
          "lunar" : "185.5546417236",
          "kilometers" : "71358816",
          "miles" : "44340312"
        },
        "orbiting_body" : "Earth"
      } ],
      "orbital_data" : {
        "orbit_id" : "7",
        "orbit_determination_date" : "2017-04-06 09:03:23",
        "orbit_uncertainty" : "8",
        "minimum_orbit_intersection" : ".0888196",
        "jupiter_tisserand_invariant" : "6.112",
        "epoch_osculation" : "2454616.5",
        "eccentricity" : ".1568922134767488",
        "semi_major_axis" : ".9743543311064372",
        "inclination" : "25.45421588845765",
        "ascending_node_longitude" : "246.1053750791025",
        "orbital_period" : "351.2964870111826",
        "perihelion_distance" : ".8214857233884914",
        "perihelion_argument" : "152.7814648359599",
        "aphelion_distance" : "1.127222938824383",
        "perihelion_time" : "2454753.758227841080",
        "mean_anomaly" : "219.3411438776618",
        "mean_motion" : "1.024775405706065",
        "equinox" : "J2000"
      }
    }, {
      "links" : {
        "self" : "https://api.nasa.gov/neo/rest/v1/neo/3479128?api_key=t0TVs3DtDT2H8Oy2Zy8m2eVrNsAVKAexjcZXUckd"
      },
      "neo_reference_id" : "3479128",
      "name" : "(2009 WP106)",
      "nasa_jpl_url" : "http://ssd.jpl.nasa.gov/sbdb.cgi?sstr=3479128",
      "absolute_magnitude_h" : 25.2,
      "estimated_diameter" : {
        "kilometers" : {
          "estimated_diameter_min" : 0.0242412481,
          "estimated_diameter_max" : 0.0542050786
        },
        "meters" : {
          "estimated_diameter_min" : 24.2412481101,
          "estimated_diameter_max" : 54.2050786336
        },
        "miles" : {
          "estimated_diameter_min" : 0.0150628086,
          "estimated_diameter_max" : 0.0336814639
        },
        "feet" : {
          "estimated_diameter_min" : 79.5316564495,
          "estimated_diameter_max" : 177.8381901842
        }
      },
      "is_potentially_hazardous_asteroid" : false,
      "close_approach_data" : [ {
        "close_approach_date" : "2005-01-15",
        "epoch_date_close_approach" : 1105776000000,
        "relative_velocity" : {
          "kilometers_per_second" : "14.0215661947",
          "kilometers_per_hour" : "50477.6383010946",
          "miles_per_hour" : "31364.8414210329"
        },
        "miss_distance" : {
          "astronomical" : "0.3778129993",
          "lunar" : "146.9692687988",
          "kilometers" : "56520024",
          "miles" : "35119912"
        },
        "orbiting_body" : "Earth"
      } ],
      "orbital_data" : {
        "orbit_id" : "9",
        "orbit_determination_date" : "2017-04-06 08:58:50",
        "orbit_uncertainty" : "7",
        "minimum_orbit_intersection" : ".0307001",
        "jupiter_tisserand_invariant" : "4.710",
        "epoch_osculation" : "2458000.5",
        "eccentricity" : ".2777205309623407",
        "semi_major_axis" : "1.395100372153063",
        "inclination" : "9.856684768189488",
        "ascending_node_longitude" : "241.2586143901365",
        "orbital_period" : "601.8754216508843",
        "perihelion_distance" : "1.007652356052955",
        "perihelion_argument" : "198.2148386018614",
        "aphelion_distance" : "1.78254838825317",
        "perihelion_time" : "2458186.328757993628",
        "mean_anomaly" : "248.8501665440819",
        "mean_motion" : ".5981304220939209",
        "equinox" : "J2000"
      }
    }, {
      "links" : {
        "self" : "https://api.nasa.gov/neo/rest/v1/neo/3771633?api_key=t0TVs3DtDT2H8Oy2Zy8m2eVrNsAVKAexjcZXUckd"
      },
      "neo_reference_id" : "3771633",
      "name" : "(2017 FZ2)",
      "nasa_jpl_url" : "http://ssd.jpl.nasa.gov/sbdb.cgi?sstr=3771633",
      "absolute_magnitude_h" : 26.692,
      "estimated_diameter" : {
        "kilometers" : {
          "estimated_diameter_min" : 0.0121942467,
          "estimated_diameter_max" : 0.0272671645
        },
        "meters" : {
          "estimated_diameter_min" : 12.1942466911,
          "estimated_diameter_max" : 27.2671645358
        },
        "miles" : {
          "estimated_diameter_min" : 0.0075771513,
          "estimated_diameter_max" : 0.0169430253
        },
        "feet" : {
          "estimated_diameter_min" : 40.0073723142,
          "estimated_diameter_max" : 89.4592040956
        }
      },
      "is_potentially_hazardous_asteroid" : false,
      "close_approach_data" : [ {
        "close_approach_date" : "2005-01-15",
        "epoch_date_close_approach" : 1105776000000,
        "relative_velocity" : {
          "kilometers_per_second" : "7.4922550867",
          "kilometers_per_hour" : "26972.1183122697",
          "miles_per_hour" : "16759.4254035323"
        },
        "miss_distance" : {
          "astronomical" : "0.2751613004",
          "lunar" : "107.0377426147",
          "kilometers" : "41163544",
          "miles" : "25577840"
        },
        "orbiting_body" : "Earth"
      } ],
      "orbital_data" : {
        "orbit_id" : "7",
        "orbit_determination_date" : "2017-06-20 13:03:38",
        "orbit_uncertainty" : "3",
        "minimum_orbit_intersection" : ".00138825",
        "jupiter_tisserand_invariant" : "6.015",
        "epoch_osculation" : "2458000.5",
        "eccentricity" : ".2640538859757104",
        "semi_major_axis" : "1.007138471483015",
        "inclination" : "1.811674081309308",
        "ascending_node_longitude" : "185.8691790850466",
        "orbital_period" : "369.1749337279458",
        "perihelion_distance" : ".7411996443722877",
        "perihelion_argument" : "100.3230370449916",
        "aphelion_distance" : "1.273077298593743",
        "perihelion_time" : "2457910.968954695910",
        "mean_anomaly" : "87.30597168123131",
        "mean_motion" : ".9751474629241565",
        "equinox" : "J2000"
      }
    }, {
      "links" : {
        "self" : "https://api.nasa.gov/neo/rest/v1/neo/3772993?api_key=t0TVs3DtDT2H8Oy2Zy8m2eVrNsAVKAexjcZXUckd"
      },
      "neo_reference_id" : "3772993",
      "name" : "(2017 FY101)",
      "nasa_jpl_url" : "http://ssd.jpl.nasa.gov/sbdb.cgi?sstr=3772993",
      "absolute_magnitude_h" : 27.197,
      "estimated_diameter" : {
        "kilometers" : {
          "estimated_diameter_min" : 0.0096639567,
          "estimated_diameter_max" : 0.0216092642
        },
        "meters" : {
          "estimated_diameter_min" : 9.6639567269,
          "estimated_diameter_max" : 21.609264173
        },
        "miles" : {
          "estimated_diameter_min" : 0.0060049025,
          "estimated_diameter_max" : 0.0134273701
        },
        "feet" : {
          "estimated_diameter_min" : 31.705895788,
          "estimated_diameter_max" : 70.8965382695
        }
      },
      "is_potentially_hazardous_asteroid" : false,
      "close_approach_data" : [ {
        "close_approach_date" : "2005-01-15",
        "epoch_date_close_approach" : 1105776000000,
        "relative_velocity" : {
          "kilometers_per_second" : "9.4037434749",
          "kilometers_per_hour" : "33853.4765095356",
          "miles_per_hour" : "21035.233778939"
        },
        "miss_distance" : {
          "astronomical" : "0.353973324",
          "lunar" : "137.6956176758",
          "kilometers" : "52953656",
          "miles" : "32903876"
        },
        "orbiting_body" : "Earth"
      } ],
      "orbital_data" : {
        "orbit_id" : "3",
        "orbit_determination_date" : "2017-04-06 08:19:01",
        "orbit_uncertainty" : "6",
        "minimum_orbit_intersection" : ".00223976",
        "jupiter_tisserand_invariant" : "6.091",
        "epoch_osculation" : "2458000.5",
        "eccentricity" : ".3458404440467126",
        "semi_major_axis" : ".986420173735552",
        "inclination" : "2.500098601413876",
        "ascending_node_longitude" : "6.219294469626103",
        "orbital_period" : "357.8420270713033",
        "perihelion_distance" : ".6452761828342133",
        "perihelion_argument" : "294.9074533476469",
        "aphelion_distance" : "1.327564164636891",
        "perihelion_time" : "2457913.918084464956",
        "mean_anomaly" : "87.10404936982205",
        "mean_motion" : "1.006030518400419",
        "equinox" : "J2000"
      }
    } ]
  }
}