{
  "links" : {
    "next" : "https://api.nasa.gov/neo/rest/v1/feed?start_date=2007-10-16&end_date=2007-10-16&detailed=true&api_key=t0TVs3DtDT2H8Oy2Zy8m2eVrNsAVKAexjcZXUckd",
    "prev" : "https://api.nasa.gov/neo/rest/v1/feed?start_date=2007-10-14&end_date=2007-10-14&detailed=true&api_key=t0TVs3DtDT2H8Oy2Zy8m2eVrNsAVKAexjcZXUckd",
    "self" : "https://api.nasa.gov/neo/rest/v1/feed?start_date=2007-10-15&end_date=2007-10-15&detailed=true&api_key=t0TVs3DtDT2H8Oy2Zy8m2eVrNsAVKAexjcZXUckd"
  },
  "element_count" : 6,
  "near_earth_objects" : {
    "2007-10-15" : [ {
      "links" : {
        "self" : "https://api.nasa.gov/neo/rest/v1/neo/3092245?api_key=t0TVs3DtDT2H8Oy2Zy8m2eVrNsAVKAexjcZXUckd"
      },
      "neo_reference_id" : "3092245",
      "name" : "(1999 VW25)",
      "nasa_jpl_url" : "http://ssd.jpl.nasa.gov/sbdb.cgi?sstr=3092245",
      "absolute_magnitude_h" : 24.522,
      "estimated_diameter" : {
        "kilometers" : {
          "estimated_diameter_min" : 0.0331249306,
          "estimated_diameter_max" : 0.0740695965
        },
        "meters" : {
          "estimated_diameter_min" : 33.1249305657,
          "estimated_diameter_max" : 74.0695964949
        },
        "miles" : {
          "estimated_diameter_min" : 0.0205828712,
          "estimated_diameter_max" : 0.0460246992
        },
        "feet" : {
          "estimated_diameter_min" : 108.6775971973,
          "estimated_diameter_max" : 243.0104949644
        }
      },
      "is_potentially_hazardous_asteroid" : false,
      "close_approach_data" : [ {
        "close_approach_date" : "2007-10-15",
        "epoch_date_close_approach" : 1192431600000,
        "relative_velocity" : {
          "kilometers_per_second" : "11.8061253803",
          "kilometers_per_hour" : "42502.0513690321",
          "miles_per_hour" : "26409.1218631633"
        },
        "miss_distance" : {
          "astronomical" : "0.3031858353",
          "lunar" : "117.9392852783",
          "kilometers" : "45355952",
          "miles" : "28182882"
        },
        "orbiting_body" : "Earth"
      } ],
      "orbital_data" : {
        "orbit_id" : "11",
        "orbit_determination_date" : "2017-04-06 09:17:13",
        "orbit_uncertainty" : "7",
        "minimum_orbit_intersection" : ".0441079",
        "jupiter_tisserand_invariant" : "6.423",
        "epoch_osculation" : "2458000.5",
        "eccentricity" : ".1115856274108377",
        "semi_major_axis" : ".9295462113866719",
        "inclination" : "10.77225156122402",
        "ascending_node_longitude" : "232.1482445359872",
        "orbital_period" : "327.3443916119984",
        "perihelion_distance" : ".8258222141817229",
        "perihelion_argument" : "354.6156871192312",
        "aphelion_distance" : "1.033270208591621",
        "perihelion_time" : "2457868.519019384334",
        "mean_anomaly" : "145.1472951397233",
        "mean_motion" : "1.09975918092621",
        "equinox" : "J2000"
      }
    }, {
      "links" : {
        "self" : "https://api.nasa.gov/neo/rest/v1/neo/3177232?api_key=t0TVs3DtDT2H8Oy2Zy8m2eVrNsAVKAexjcZXUckd"
      },
      "neo_reference_id" : "3177232",
      "name" : "(2004 FG29)",
      "nasa_jpl_url" : "http://ssd.jpl.nasa.gov/sbdb.cgi?sstr=3177232",
      "absolute_magnitude_h" : 26.0,
      "estimated_diameter" : {
        "kilometers" : {
          "estimated_diameter_min" : 0.0167708462,
          "estimated_diameter_max" : 0.0375007522
        },
        "meters" : {
          "estimated_diameter_min" : 16.7708462163,
          "estimated_diameter_max" : 37.5007521798
        },
        "miles" : {
          "estimated_diameter_min" : 0.0104209175,
          "estimated_diameter_max" : 0.0233018799
        },
        "feet" : {
          "estimated_diameter_min" : 55.0224631002,
          "estimated_diameter_max" : 123.0339677816
        }
      },
      "is_potentially_hazardous_asteroid" : false,
      "close_approach_data" : [ {
        "close_approach_date" : "2007-10-15",
        "epoch_date_close_approach" : 1192431600000,
        "relative_velocity" : {
          "kilometers_per_second" : "16.3226954428",
          "kilometers_per_hour" : "58761.7035941239",
          "miles_per_hour" : "36512.2374360266"
        },
        "miss_distance" : {
          "astronomical" : "0.4682755899",
          "lunar" : "182.1591949463",
          "kilometers" : "70053032",
          "miles" : "43528936"
        },
        "orbiting_body" : "Earth"
      } ],
      "orbital_data" : {
        "orbit_id" : "8",
        "orbit_determination_date" : "2017-04-06 09:12:59",
        "orbit_uncertainty" : "6",
        "minimum_orbit_intersection" : ".010158",
        "jupiter_tisserand_invariant" : "6.636",
        "epoch_osculation" : "2458000.5",
        "eccentricity" : ".4925114066738209",
        "semi_major_axis" : ".8786153704335991",
        "inclination" : "3.509213057777882",
        "ascending_node_longitude" : "183.2006628650848",
        "orbital_period" : "300.813014370986",
        "perihelion_distance" : ".445887278416107",
        "perihelion_argument" : "142.2175296688837",
        "aphelion_distance" : "1.311343462451091",
        "perihelion_time" : "2457976.421802461408",
        "mean_anomaly" : "28.81574499700018",
        "mean_motion" : "1.196756731927895",
        "equinox" : "J2000"
      }
    }, {
      "links" : {
        "self" : "https://api.nasa.gov/neo/rest/v1/neo/3388322?api_key=t0TVs3DtDT2H8Oy2Zy8m2eVrNsAVKAexjcZXUckd"
      },
      "neo_reference_id" : "3388322",
      "name" : "(2007 TK8)",
      "nasa_jpl_url" : "http://ssd.jpl.nasa.gov/sbdb.cgi?sstr=3388322",
      "absolute_magnitude_h" : 21.0,
      "estimated_diameter" : {
        "kilometers" : {
          "estimated_diameter_min" : 0.1677084622,
          "estimated_diameter_max" : 0.3750075218
        },
        "meters" : {
          "estimated_diameter_min" : 167.7084621628,
          "estimated_diameter_max" : 375.0075217981
        },
        "miles" : {
          "estimated_diameter_min" : 0.1042091748,
          "estimated_diameter_max" : 0.2330187988
        },
        "feet" : {
          "estimated_diameter_min" : 550.2246310023,
          "estimated_diameter_max" : 1230.3396778159
        }
      },
      "is_potentially_hazardous_asteroid" : false,
      "close_approach_data" : [ {
        "close_approach_date" : "2007-10-15",
        "epoch_date_close_approach" : 1192431600000,
        "relative_velocity" : {
          "kilometers_per_second" : "2.0066371996",
          "kilometers_per_hour" : "7223.893918605",
          "miles_per_hour" : "4488.6467518132"
        },
        "miss_distance" : {
          "astronomical" : "0.2624459178",
          "lunar" : "102.091468811",
          "kilometers" : "39261352",
          "miles" : "24395874"
        },
        "orbiting_body" : "Earth"
      } ],
      "orbital_data" : {
        "orbit_id" : "26",
        "orbit_determination_date" : "2017-04-06 09:05:51",
        "orbit_uncertainty" : "1",
        "minimum_orbit_intersection" : ".262164",
        "jupiter_tisserand_invariant" : "4.534",
        "epoch_osculation" : "2458000.5",
        "eccentricity" : ".1599176332106509",
        "semi_major_axis" : "1.496726139341706",
        "inclination" : "3.097240631207376",
        "ascending_node_longitude" : "217.0541013129775",
        "orbital_period" : "668.8241433438919",
        "perihelion_distance" : "1.257373237573666",
        "perihelion_argument" : "171.8682180981347",
        "aphelion_distance" : "1.736079041109747",
        "perihelion_time" : "2457743.354029255359",
        "mean_anomaly" : "138.4108967795924",
        "mean_motion" : ".5382580811154979",
        "equinox" : "J2000"
      }
    }, {
      "links" : {
        "self" : "https://api.nasa.gov/neo/rest/v1/neo/3388354?api_key=t0TVs3DtDT2H8Oy2Zy8m2eVrNsAVKAexjcZXUckd"
      },
      "neo_reference_id" : "3388354",
      "name" : "(2007 TD66)",
      "nasa_jpl_url" : "http://ssd.jpl.nasa.gov/sbdb.cgi?sstr=3388354",
      "absolute_magnitude_h" : 21.8,
      "estimated_diameter" : {
        "kilometers" : {
          "estimated_diameter_min" : 0.1160259082,
          "estimated_diameter_max" : 0.2594418179
        },
        "meters" : {
          "estimated_diameter_min" : 116.0259082094,
          "estimated_diameter_max" : 259.4418179074
        },
        "miles" : {
          "estimated_diameter_min" : 0.0720951346,
          "estimated_diameter_max" : 0.1612096218
        },
        "feet" : {
          "estimated_diameter_min" : 380.6624406898,
          "estimated_diameter_max" : 851.1870938635
        }
      },
      "is_potentially_hazardous_asteroid" : false,
      "close_approach_data" : [ {
        "close_approach_date" : "2007-10-15",
        "epoch_date_close_approach" : 1192431600000,
        "relative_velocity" : {
          "kilometers_per_second" : "10.3194845473",
          "kilometers_per_hour" : "37150.1443703041",
          "miles_per_hour" : "23083.6549838704"
        },
        "miss_distance" : {
          "astronomical" : "0.2685688026",
          "lunar" : "104.4732666016",
          "kilometers" : "40177324",
          "miles" : "24965032"
        },
        "orbiting_body" : "Earth"
      } ],
      "orbital_data" : {
        "orbit_id" : "17",
        "orbit_determination_date" : "2017-04-06 09:05:42",
        "orbit_uncertainty" : "2",
        "minimum_orbit_intersection" : ".218889",
        "jupiter_tisserand_invariant" : "6.174",
        "epoch_osculation" : "2458000.5",
        "eccentricity" : ".3104755296624382",
        "semi_major_axis" : ".9667191847784796",
        "inclination" : "14.8794515973558",
        "ascending_node_longitude" : "205.1788195743418",
        "orbital_period" : "347.1753906935307",
        "perihelion_distance" : ".6665765338495407",
        "perihelion_argument" : "1.333842517057521",
        "aphelion_distance" : "1.266861835707419",
        "perihelion_time" : "2458041.022321760704",
        "mean_anomaly" : "317.9807894657744",
        "mean_motion" : "1.036939857058562",
        "equinox" : "J2000"
      }
    }, {
      "links" : {
        "self" : "https://api.nasa.gov/neo/rest/v1/neo/3693270?api_key=t0TVs3DtDT2H8Oy2Zy8m2eVrNsAVKAexjcZXUckd"
      },
      "neo_reference_id" : "3693270",
      "name" : "(2014 TS57)",
      "nasa_jpl_url" : "http://ssd.jpl.nasa.gov/sbdb.cgi?sstr=3693270",
      "absolute_magnitude_h" : 21.5,
      "estimated_diameter" : {
        "kilometers" : {
          "estimated_diameter_min" : 0.1332155667,
          "estimated_diameter_max" : 0.2978790628
        },
        "meters" : {
          "estimated_diameter_min" : 133.2155666981,
          "estimated_diameter_max" : 297.8790627982
        },
        "miles" : {
          "estimated_diameter_min" : 0.0827762899,
          "estimated_diameter_max" : 0.1850934111
        },
        "feet" : {
          "estimated_diameter_min" : 437.0589598459,
          "estimated_diameter_max" : 977.2935443908
        }
      },
      "is_potentially_hazardous_asteroid" : false,
      "close_approach_data" : [ {
        "close_approach_date" : "2007-10-15",
        "epoch_date_close_approach" : 1192431600000,
        "relative_velocity" : {
          "kilometers_per_second" : "26.6315445852",
          "kilometers_per_hour" : "95873.5605065688",
          "miles_per_hour" : "59572.1020825399"
        },
        "miss_distance" : {
          "astronomical" : "0.4265239253",
          "lunar" : "165.9178009033",
          "kilometers" : "63807072",
          "miles" : "39647876"
        },
        "orbiting_body" : "Earth"
      } ],
      "orbital_data" : {
        "orbit_id" : "15",
        "orbit_determination_date" : "2017-04-06 08:38:09",
        "orbit_uncertainty" : "4",
        "minimum_orbit_intersection" : ".253068",
        "jupiter_tisserand_invariant" : "3.777",
        "epoch_osculation" : "2458000.5",
        "eccentricity" : ".4604608646726716",
        "semi_major_axis" : "1.771060165957094",
        "inclination" : "35.93671957502877",
        "ascending_node_longitude" : "18.80910168688788",
        "orbital_period" : "860.891459932289",
        "perihelion_distance" : ".9555562705531652",
        "perihelion_argument" : "82.5677588253653",
        "aphelion_distance" : "2.586564061361022",
        "perihelion_time" : "2457883.081766634234",
        "mean_anomaly" : "49.10092152035111",
        "mean_motion" : ".4181711827276284",
        "equinox" : "J2000"
      }
    }, {
      "links" : {
        "self" : "https://api.nasa.gov/neo/rest/v1/neo/3742876?api_key=t0TVs3DtDT2H8Oy2Zy8m2eVrNsAVKAexjcZXUckd"
      },
      "neo_reference_id" : "3742876",
      "name" : "(2016 CF137)",
      "nasa_jpl_url" : "http://ssd.jpl.nasa.gov/sbdb.cgi?sstr=3742876",
      "absolute_magnitude_h" : 25.6,
      "estimated_diameter" : {
        "kilometers" : {
          "estimated_diameter_min" : 0.0201629919,
          "estimated_diameter_max" : 0.0450858206
        },
        "meters" : {
          "estimated_diameter_min" : 20.1629919443,
          "estimated_diameter_max" : 45.0858206172
        },
        "miles" : {
          "estimated_diameter_min" : 0.0125286985,
          "estimated_diameter_max" : 0.0280150214
        },
        "feet" : {
          "estimated_diameter_min" : 66.1515504905,
          "estimated_diameter_max" : 147.9193637137
        }
      },
      "is_potentially_hazardous_asteroid" : false,
      "close_approach_data" : [ {
        "close_approach_date" : "2007-10-15",
        "epoch_date_close_approach" : 1192431600000,
        "relative_velocity" : {
          "kilometers_per_second" : "4.2086266427",
          "kilometers_per_hour" : "15151.0559138589",
          "miles_per_hour" : "9414.2769371419"
        },
        "miss_distance" : {
          "astronomical" : "0.0921643661",
          "lunar" : "35.851940155",
          "kilometers" : "13787593",
          "miles" : "8567213"
        },
        "orbiting_body" : "Earth"
      } ],
      "orbital_data" : {
        "orbit_id" : "14",
        "orbit_determination_date" : "2017-04-06 08:28:28",
        "orbit_uncertainty" : "4",
        "minimum_orbit_intersection" : ".0228835",
        "jupiter_tisserand_invariant" : "5.682",
        "epoch_osculation" : "2458000.5",
        "eccentricity" : ".1001229537071804",
        "semi_major_axis" : "1.090481483370426",
        "inclination" : "2.444556746346107",
        "ascending_node_longitude" : "132.5511397535806",
        "orbital_period" : "415.9353863388513",
        "perihelion_distance" : ".9812992562923916",
        "perihelion_argument" : "301.4760692275",
        "aphelion_distance" : "1.199663710448461",
        "perihelion_time" : "2458192.943167335797",
        "mean_anomaly" : "193.4367728345988",
        "mean_motion" : ".8655190489291954",
        "equinox" : "J2000"
      }
    } ]
  }
}