{
  "links" : {
    "next" : "https://api.nasa.gov/neo/rest/v1/feed?start_date=2003-11-23&end_date=2003-11-23&detailed=true&api_key=t0TVs3DtDT2H8Oy2Zy8m2eVrNsAVKAexjcZXUckd",
    "prev" : "https://api.nasa.gov/neo/rest/v1/feed?start_date=2003-11-21&end_date=2003-11-21&detailed=true&api_key=t0TVs3DtDT2H8Oy2Zy8m2eVrNsAVKAexjcZXUckd",
    "self" : "https://api.nasa.gov/neo/rest/v1/feed?start_date=2003-11-22&end_date=2003-11-22&detailed=true&api_key=t0TVs3DtDT2H8Oy2Zy8m2eVrNsAVKAexjcZXUckd"
  },
  "element_count" : 7,
  "near_earth_objects" : {
    "2003-11-22" : [ {
      "links" : {
        "self" : "https://api.nasa.gov/neo/rest/v1/neo/2152680?api_key=t0TVs3DtDT2H8Oy2Zy8m2eVrNsAVKAexjcZXUckd"
      },
      "neo_reference_id" : "2152680",
      "name" : "152680 (1998 KJ9)",
      "nasa_jpl_url" : "http://ssd.jpl.nasa.gov/sbdb.cgi?sstr=2152680",
      "absolute_magnitude_h" : 19.4,
      "estimated_diameter" : {
        "kilometers" : {
          "estimated_diameter_min" : 0.3503926411,
          "estimated_diameter_max" : 0.7835017643
        },
        "meters" : {
          "estimated_diameter_min" : 350.3926411083,
          "estimated_diameter_max" : 783.5017643338
        },
        "miles" : {
          "estimated_diameter_min" : 0.2177238258,
          "estimated_diameter_max" : 0.4868452748
        },
        "feet" : {
          "estimated_diameter_min" : 1149.5821926537,
          "estimated_diameter_max" : 2570.543928497
        }
      },
      "is_potentially_hazardous_asteroid" : true,
      "close_approach_data" : [ {
        "close_approach_date" : "2003-11-22",
        "epoch_date_close_approach" : 1069488000000,
        "relative_velocity" : {
          "kilometers_per_second" : "14.0191453085",
          "kilometers_per_hour" : "50468.9231107343",
          "miles_per_hour" : "31359.4261406671"
        },
        "miss_distance" : {
          "astronomical" : "0.3668870272",
          "lunar" : "142.7190551758",
          "kilometers" : "54885520",
          "miles" : "34104280"
        },
        "orbiting_body" : "Earth"
      } ],
      "orbital_data" : {
        "orbit_id" : "28",
        "orbit_determination_date" : "2017-04-06 09:27:14",
        "orbit_uncertainty" : "0",
        "minimum_orbit_intersection" : ".00539934",
        "jupiter_tisserand_invariant" : "4.390",
        "epoch_osculation" : "2458000.5",
        "eccentricity" : ".6397832053136242",
        "semi_major_axis" : "1.447801625473809",
        "inclination" : "10.93037626309689",
        "ascending_node_longitude" : "98.59539016901543",
        "orbital_period" : "636.3001369292782",
        "perihelion_distance" : ".5215224608699002",
        "perihelion_argument" : "260.0680784769342",
        "aphelion_distance" : "2.374080790077718",
        "perihelion_time" : "2458025.927911379797",
        "mean_anomaly" : "345.6136317353261",
        "mean_motion" : ".565770741048909",
        "equinox" : "J2000"
      }
    }, {
      "links" : {
        "self" : "https://api.nasa.gov/neo/rest/v1/neo/2436774?api_key=t0TVs3DtDT2H8Oy2Zy8m2eVrNsAVKAexjcZXUckd"
      },
      "neo_reference_id" : "2436774",
      "name" : "436774 (2012 KY3)",
      "nasa_jpl_url" : "http://ssd.jpl.nasa.gov/sbdb.cgi?sstr=2436774",
      "absolute_magnitude_h" : 18.4,
      "estimated_diameter" : {
        "kilometers" : {
          "estimated_diameter_min" : 0.5553349116,
          "estimated_diameter_max" : 1.2417666126
        },
        "meters" : {
          "estimated_diameter_min" : 555.334911581,
          "estimated_diameter_max" : 1241.766612574
        },
        "miles" : {
          "estimated_diameter_min" : 0.3450690093,
          "estimated_diameter_max" : 0.7715977618
        },
        "feet" : {
          "estimated_diameter_min" : 1821.9649913114,
          "estimated_diameter_max" : 4074.0375731972
        }
      },
      "is_potentially_hazardous_asteroid" : true,
      "close_approach_data" : [ {
        "close_approach_date" : "2003-11-22",
        "epoch_date_close_approach" : 1069488000000,
        "relative_velocity" : {
          "kilometers_per_second" : "13.3367256788",
          "kilometers_per_hour" : "48012.2124435065",
          "miles_per_hour" : "29832.9216707999"
        },
        "miss_distance" : {
          "astronomical" : "0.3664092319",
          "lunar" : "142.5331878662",
          "kilometers" : "54814044",
          "miles" : "34059868"
        },
        "orbiting_body" : "Earth"
      } ],
      "orbital_data" : {
        "orbit_id" : "40",
        "orbit_determination_date" : "2017-04-06 09:20:40",
        "orbit_uncertainty" : "1",
        "minimum_orbit_intersection" : ".022942",
        "jupiter_tisserand_invariant" : "5.015",
        "epoch_osculation" : "2458000.5",
        "eccentricity" : ".4862569274479347",
        "semi_major_axis" : "1.23207446521391",
        "inclination" : "21.39481944392061",
        "ascending_node_longitude" : "21.57823162240179",
        "orbital_period" : "499.5211281453764",
        "perihelion_distance" : ".6329697213719367",
        "perihelion_argument" : "87.25606909617623",
        "aphelion_distance" : "1.831179209055883",
        "perihelion_time" : "2457993.718289932916",
        "mean_anomaly" : "4.887512232395195",
        "mean_motion" : ".7206902365403624",
        "equinox" : "J2000"
      }
    }, {
      "links" : {
        "self" : "https://api.nasa.gov/neo/rest/v1/neo/3092339?api_key=t0TVs3DtDT2H8Oy2Zy8m2eVrNsAVKAexjcZXUckd"
      },
      "neo_reference_id" : "3092339",
      "name" : "(2001 SQ263)",
      "nasa_jpl_url" : "http://ssd.jpl.nasa.gov/sbdb.cgi?sstr=3092339",
      "absolute_magnitude_h" : 22.4,
      "estimated_diameter" : {
        "kilometers" : {
          "estimated_diameter_min" : 0.0880146521,
          "estimated_diameter_max" : 0.1968067451
        },
        "meters" : {
          "estimated_diameter_min" : 88.0146520901,
          "estimated_diameter_max" : 196.8067450894
        },
        "miles" : {
          "estimated_diameter_min" : 0.0546897524,
          "estimated_diameter_max" : 0.122290004
        },
        "feet" : {
          "estimated_diameter_min" : 288.7619911632,
          "estimated_diameter_max" : 645.6914415591
        }
      },
      "is_potentially_hazardous_asteroid" : false,
      "close_approach_data" : [ {
        "close_approach_date" : "2003-11-22",
        "epoch_date_close_approach" : 1069488000000,
        "relative_velocity" : {
          "kilometers_per_second" : "12.1343430078",
          "kilometers_per_hour" : "43683.634827986",
          "miles_per_hour" : "27143.3118740894"
        },
        "miss_distance" : {
          "astronomical" : "0.4222451101",
          "lunar" : "164.2533569336",
          "kilometers" : "63166972",
          "miles" : "39250136"
        },
        "orbiting_body" : "Earth"
      } ],
      "orbital_data" : {
        "orbit_id" : "21",
        "orbit_determination_date" : "2017-04-06 09:16:06",
        "orbit_uncertainty" : "0",
        "minimum_orbit_intersection" : ".032103",
        "jupiter_tisserand_invariant" : "6.234",
        "epoch_osculation" : "2458000.5",
        "eccentricity" : ".4914158422799518",
        "semi_major_axis" : ".9474258062857155",
        "inclination" : "3.940930724661483",
        "ascending_node_longitude" : "327.1342250964502",
        "orbital_period" : "336.8342475542343",
        "perihelion_distance" : ".4818457556920582",
        "perihelion_argument" : "262.5065746486796",
        "aphelion_distance" : "1.413005856879373",
        "perihelion_time" : "2457833.745346728789",
        "mean_anomaly" : "178.2231931982213",
        "mean_motion" : "1.068774931925637",
        "equinox" : "J2000"
      }
    }, {
      "links" : {
        "self" : "https://api.nasa.gov/neo/rest/v1/neo/3184470?api_key=t0TVs3DtDT2H8Oy2Zy8m2eVrNsAVKAexjcZXUckd"
      },
      "neo_reference_id" : "3184470",
      "name" : "(2004 MO3)",
      "nasa_jpl_url" : "http://ssd.jpl.nasa.gov/sbdb.cgi?sstr=3184470",
      "absolute_magnitude_h" : 22.2,
      "estimated_diameter" : {
        "kilometers" : {
          "estimated_diameter_min" : 0.096506147,
          "estimated_diameter_max" : 0.2157943048
        },
        "meters" : {
          "estimated_diameter_min" : 96.5061469579,
          "estimated_diameter_max" : 215.7943048444
        },
        "miles" : {
          "estimated_diameter_min" : 0.059966121,
          "estimated_diameter_max" : 0.134088323
        },
        "feet" : {
          "estimated_diameter_min" : 316.6212271853,
          "estimated_diameter_max" : 707.9865871058
        }
      },
      "is_potentially_hazardous_asteroid" : false,
      "close_approach_data" : [ {
        "close_approach_date" : "2003-11-22",
        "epoch_date_close_approach" : 1069488000000,
        "relative_velocity" : {
          "kilometers_per_second" : "8.9205101532",
          "kilometers_per_hour" : "32113.8365516103",
          "miles_per_hour" : "19954.2891617492"
        },
        "miss_distance" : {
          "astronomical" : "0.4993846211",
          "lunar" : "194.2606201172",
          "kilometers" : "74706872",
          "miles" : "46420700"
        },
        "orbiting_body" : "Earth"
      } ],
      "orbital_data" : {
        "orbit_id" : "28",
        "orbit_determination_date" : "2017-04-06 09:12:35",
        "orbit_uncertainty" : "0",
        "minimum_orbit_intersection" : ".0113589",
        "jupiter_tisserand_invariant" : "5.138",
        "epoch_osculation" : "2458000.5",
        "eccentricity" : ".3358420223023283",
        "semi_major_axis" : "1.232325884418131",
        "inclination" : "2.552887928472058",
        "ascending_node_longitude" : "252.6006177061786",
        "orbital_period" : "499.6740356377942",
        "perihelion_distance" : ".8184590672596405",
        "perihelion_argument" : "297.887130961073",
        "aphelion_distance" : "1.646192701576621",
        "perihelion_time" : "2458112.923008768252",
        "mean_anomaly" : "279.0026291742153",
        "mean_motion" : ".7204696948891663",
        "equinox" : "J2000"
      }
    }, {
      "links" : {
        "self" : "https://api.nasa.gov/neo/rest/v1/neo/3562834?api_key=t0TVs3DtDT2H8Oy2Zy8m2eVrNsAVKAexjcZXUckd"
      },
      "neo_reference_id" : "3562834",
      "name" : "(2011 GD60)",
      "nasa_jpl_url" : "http://ssd.jpl.nasa.gov/sbdb.cgi?sstr=3562834",
      "absolute_magnitude_h" : 21.7,
      "estimated_diameter" : {
        "kilometers" : {
          "estimated_diameter_min" : 0.1214940408,
          "estimated_diameter_max" : 0.2716689341
        },
        "meters" : {
          "estimated_diameter_min" : 121.4940407996,
          "estimated_diameter_max" : 271.6689340891
        },
        "miles" : {
          "estimated_diameter_min" : 0.0754928736,
          "estimated_diameter_max" : 0.1688071972
        },
        "feet" : {
          "estimated_diameter_min" : 398.6025088171,
          "estimated_diameter_max" : 891.3023057169
        }
      },
      "is_potentially_hazardous_asteroid" : false,
      "close_approach_data" : [ {
        "close_approach_date" : "2003-11-22",
        "epoch_date_close_approach" : 1069488000000,
        "relative_velocity" : {
          "kilometers_per_second" : "19.3188934281",
          "kilometers_per_hour" : "69548.0163410531",
          "miles_per_hour" : "43214.4327092505"
        },
        "miss_distance" : {
          "astronomical" : "0.4887635327",
          "lunar" : "190.1290130615",
          "kilometers" : "73117984",
          "miles" : "45433408"
        },
        "orbiting_body" : "Earth"
      } ],
      "orbital_data" : {
        "orbit_id" : "16",
        "orbit_determination_date" : "2017-04-06 08:53:45",
        "orbit_uncertainty" : "4",
        "minimum_orbit_intersection" : ".064576",
        "jupiter_tisserand_invariant" : "5.698",
        "epoch_osculation" : "2458000.5",
        "eccentricity" : ".162453461285589",
        "semi_major_axis" : "1.083368313172558",
        "inclination" : "6.062000297560326",
        "ascending_node_longitude" : "115.0284764693211",
        "orbital_period" : "411.8723335858054",
        "perihelion_distance" : ".9073713808505459",
        "perihelion_argument" : "211.0964435025814",
        "aphelion_distance" : "1.25936524549457",
        "perihelion_time" : "2457851.714180207140",
        "mean_anomaly" : "130.0473247598475",
        "mean_motion" : ".8740572518328696",
        "equinox" : "J2000"
      }
    }, {
      "links" : {
        "self" : "https://api.nasa.gov/neo/rest/v1/neo/3654382?api_key=t0TVs3DtDT2H8Oy2Zy8m2eVrNsAVKAexjcZXUckd"
      },
      "neo_reference_id" : "3654382",
      "name" : "(2013 XY8)",
      "nasa_jpl_url" : "http://ssd.jpl.nasa.gov/sbdb.cgi?sstr=3654382",
      "absolute_magnitude_h" : 25.0,
      "estimated_diameter" : {
        "kilometers" : {
          "estimated_diameter_min" : 0.02658,
          "estimated_diameter_max" : 0.0594346868
        },
        "meters" : {
          "estimated_diameter_min" : 26.58,
          "estimated_diameter_max" : 59.4346868419
        },
        "miles" : {
          "estimated_diameter_min" : 0.0165160412,
          "estimated_diameter_max" : 0.0369309908
        },
        "feet" : {
          "estimated_diameter_min" : 87.2047272,
          "estimated_diameter_max" : 194.9956979785
        }
      },
      "is_potentially_hazardous_asteroid" : false,
      "close_approach_data" : [ {
        "close_approach_date" : "2003-11-22",
        "epoch_date_close_approach" : 1069488000000,
        "relative_velocity" : {
          "kilometers_per_second" : "12.8870929143",
          "kilometers_per_hour" : "46393.53449153",
          "miles_per_hour" : "28827.1381400288"
        },
        "miss_distance" : {
          "astronomical" : "0.1136602383",
          "lunar" : "44.2138328552",
          "kilometers" : "17003330",
          "miles" : "10565379"
        },
        "orbiting_body" : "Earth"
      } ],
      "orbital_data" : {
        "orbit_id" : "39",
        "orbit_determination_date" : "2017-04-06 08:43:23",
        "orbit_uncertainty" : "2",
        "minimum_orbit_intersection" : ".000538513",
        "jupiter_tisserand_invariant" : "3.428",
        "epoch_osculation" : "2458000.5",
        "eccentricity" : ".5685062150791288",
        "semi_major_axis" : "2.207452125965757",
        "inclination" : "1.81202147705134",
        "ascending_node_longitude" : "80.90826973888538",
        "orbital_period" : "1197.940829568381",
        "perihelion_distance" : ".9525018728645883",
        "perihelion_argument" : "25.00445275680913",
        "aphelion_distance" : "3.462402379066927",
        "perihelion_time" : "2457855.981861812842",
        "mean_anomaly" : "43.42996620803222",
        "mean_motion" : ".3005156774977845",
        "equinox" : "J2000"
      }
    }, {
      "links" : {
        "self" : "https://api.nasa.gov/neo/rest/v1/neo/3764822?api_key=t0TVs3DtDT2H8Oy2Zy8m2eVrNsAVKAexjcZXUckd"
      },
      "neo_reference_id" : "3764822",
      "name" : "(2016 WY7)",
      "nasa_jpl_url" : "http://ssd.jpl.nasa.gov/sbdb.cgi?sstr=3764822",
      "absolute_magnitude_h" : 22.6,
      "estimated_diameter" : {
        "kilometers" : {
          "estimated_diameter_min" : 0.0802703167,
          "estimated_diameter_max" : 0.1794898848
        },
        "meters" : {
          "estimated_diameter_min" : 80.2703167283,
          "estimated_diameter_max" : 179.4898847799
        },
        "miles" : {
          "estimated_diameter_min" : 0.049877647,
          "estimated_diameter_max" : 0.1115298092
        },
        "feet" : {
          "estimated_diameter_min" : 263.3540659348,
          "estimated_diameter_max" : 588.8775935812
        }
      },
      "is_potentially_hazardous_asteroid" : false,
      "close_approach_data" : [ {
        "close_approach_date" : "2003-11-22",
        "epoch_date_close_approach" : 1069488000000,
        "relative_velocity" : {
          "kilometers_per_second" : "12.8121340052",
          "kilometers_per_hour" : "46123.6824186124",
          "miles_per_hour" : "28659.462556165"
        },
        "miss_distance" : {
          "astronomical" : "0.1443922199",
          "lunar" : "56.1685752869",
          "kilometers" : "21600770",
          "miles" : "13422096"
        },
        "orbiting_body" : "Earth"
      } ],
      "orbital_data" : {
        "orbit_id" : "3",
        "orbit_determination_date" : "2017-04-06 08:21:56",
        "orbit_uncertainty" : "5",
        "minimum_orbit_intersection" : ".0171663",
        "jupiter_tisserand_invariant" : "5.513",
        "epoch_osculation" : "2458000.5",
        "eccentricity" : ".2334297422015662",
        "semi_major_axis" : "1.120448373417404",
        "inclination" : "15.55617689333134",
        "ascending_node_longitude" : "52.11086133369007",
        "orbital_period" : "433.197760283308",
        "perihelion_distance" : ".8589023984604151",
        "perihelion_argument" : "96.67727170757264",
        "aphelion_distance" : "1.381994348374392",
        "perihelion_time" : "2457795.944028658258",
        "mean_anomaly" : "169.9919908054624",
        "mean_motion" : ".8310292273084763",
        "equinox" : "J2000"
      }
    } ]
  }
}