{
  "links" : {
    "next" : "https://api.nasa.gov/neo/rest/v1/feed?start_date=2006-01-09&end_date=2006-01-09&detailed=true&api_key=t0TVs3DtDT2H8Oy2Zy8m2eVrNsAVKAexjcZXUckd",
    "prev" : "https://api.nasa.gov/neo/rest/v1/feed?start_date=2006-01-07&end_date=2006-01-07&detailed=true&api_key=t0TVs3DtDT2H8Oy2Zy8m2eVrNsAVKAexjcZXUckd",
    "self" : "https://api.nasa.gov/neo/rest/v1/feed?start_date=2006-01-08&end_date=2006-01-08&detailed=true&api_key=t0TVs3DtDT2H8Oy2Zy8m2eVrNsAVKAexjcZXUckd"
  },
  "element_count" : 8,
  "near_earth_objects" : {
    "2006-01-08" : [ {
      "links" : {
        "self" : "https://api.nasa.gov/neo/rest/v1/neo/3311867?api_key=t0TVs3DtDT2H8Oy2Zy8m2eVrNsAVKAexjcZXUckd"
      },
      "neo_reference_id" : "3311867",
      "name" : "(2006 AT3)",
      "nasa_jpl_url" : "http://ssd.jpl.nasa.gov/sbdb.cgi?sstr=3311867",
      "absolute_magnitude_h" : 24.4,
      "estimated_diameter" : {
        "kilometers" : {
          "estimated_diameter_min" : 0.0350392641,
          "estimated_diameter_max" : 0.0783501764
        },
        "meters" : {
          "estimated_diameter_min" : 35.0392641108,
          "estimated_diameter_max" : 78.3501764334
        },
        "miles" : {
          "estimated_diameter_min" : 0.0217723826,
          "estimated_diameter_max" : 0.0486845275
        },
        "feet" : {
          "estimated_diameter_min" : 114.9582192654,
          "estimated_diameter_max" : 257.0543928497
        }
      },
      "is_potentially_hazardous_asteroid" : false,
      "close_approach_data" : [ {
        "close_approach_date" : "2006-01-08",
        "epoch_date_close_approach" : 1136707200000,
        "relative_velocity" : {
          "kilometers_per_second" : "10.0232918416",
          "kilometers_per_hour" : "36083.8506298334",
          "miles_per_hour" : "22421.1015205207"
        },
        "miss_distance" : {
          "astronomical" : "0.0854197339",
          "lunar" : "33.2282791138",
          "kilometers" : "12778611",
          "miles" : "7940260.5"
        },
        "orbiting_body" : "Earth"
      } ],
      "orbital_data" : {
        "orbit_id" : "9",
        "orbit_determination_date" : "2017-04-06 09:09:27",
        "orbit_uncertainty" : "8",
        "minimum_orbit_intersection" : ".085406",
        "jupiter_tisserand_invariant" : "3.361",
        "epoch_osculation" : "2453744.5",
        "eccentricity" : ".5324739488930639",
        "semi_major_axis" : "2.285872925885305",
        "inclination" : "14.78152187024167",
        "ascending_node_longitude" : "288.2323734978983",
        "orbital_period" : "1262.340606392867",
        "perihelion_distance" : "1.068705142371415",
        "perihelion_argument" : "178.743479461261",
        "aphelion_distance" : "3.503040709399196",
        "perihelion_time" : "2453743.006186757900",
        "mean_anomaly" : ".4260124125236558",
        "mean_motion" : ".2851845200707743",
        "equinox" : "J2000"
      }
    }, {
      "links" : {
        "self" : "https://api.nasa.gov/neo/rest/v1/neo/3313559?api_key=t0TVs3DtDT2H8Oy2Zy8m2eVrNsAVKAexjcZXUckd"
      },
      "neo_reference_id" : "3313559",
      "name" : "(2006 BP7)",
      "nasa_jpl_url" : "http://ssd.jpl.nasa.gov/sbdb.cgi?sstr=3313559",
      "absolute_magnitude_h" : 23.3,
      "estimated_diameter" : {
        "kilometers" : {
          "estimated_diameter_min" : 0.058150704,
          "estimated_diameter_max" : 0.130028927
        },
        "meters" : {
          "estimated_diameter_min" : 58.1507039646,
          "estimated_diameter_max" : 130.0289270043
        },
        "miles" : {
          "estimated_diameter_min" : 0.0361331611,
          "estimated_diameter_max" : 0.0807962044
        },
        "feet" : {
          "estimated_diameter_min" : 190.7831555951,
          "estimated_diameter_max" : 426.6041048727
        }
      },
      "is_potentially_hazardous_asteroid" : false,
      "close_approach_data" : [ {
        "close_approach_date" : "2006-01-08",
        "epoch_date_close_approach" : 1136707200000,
        "relative_velocity" : {
          "kilometers_per_second" : "9.9969749045",
          "kilometers_per_hour" : "35989.1096563533",
          "miles_per_hour" : "22362.2331639713"
        },
        "miss_distance" : {
          "astronomical" : "0.0693767277",
          "lunar" : "26.9875469208",
          "kilometers" : "10378611",
          "miles" : "6448970"
        },
        "orbiting_body" : "Earth"
      } ],
      "orbital_data" : {
        "orbit_id" : "10",
        "orbit_determination_date" : "2017-04-06 09:09:22",
        "orbit_uncertainty" : "8",
        "minimum_orbit_intersection" : ".0623768",
        "jupiter_tisserand_invariant" : "3.315",
        "epoch_osculation" : "2453762.5",
        "eccentricity" : ".5845683081650253",
        "semi_major_axis" : "2.330525890107438",
        "inclination" : "4.808275955209202",
        "ascending_node_longitude" : "327.402288143145",
        "orbital_period" : "1299.509099114885",
        "perihelion_distance" : ".9681743133925436",
        "perihelion_argument" : "109.6592578206216",
        "aphelion_distance" : "3.692877466822333",
        "perihelion_time" : "2453720.762421688026",
        "mean_anomaly" : "11.56246478192784",
        "mean_motion" : ".2770276870282796",
        "equinox" : "J2000"
      }
    }, {
      "links" : {
        "self" : "https://api.nasa.gov/neo/rest/v1/neo/3314044?api_key=t0TVs3DtDT2H8Oy2Zy8m2eVrNsAVKAexjcZXUckd"
      },
      "neo_reference_id" : "3314044",
      "name" : "(2006 BD55)",
      "nasa_jpl_url" : "http://ssd.jpl.nasa.gov/sbdb.cgi?sstr=3314044",
      "absolute_magnitude_h" : 24.5,
      "estimated_diameter" : {
        "kilometers" : {
          "estimated_diameter_min" : 0.0334622374,
          "estimated_diameter_max" : 0.0748238376
        },
        "meters" : {
          "estimated_diameter_min" : 33.4622374455,
          "estimated_diameter_max" : 74.8238376074
        },
        "miles" : {
          "estimated_diameter_min" : 0.0207924639,
          "estimated_diameter_max" : 0.0464933628
        },
        "feet" : {
          "estimated_diameter_min" : 109.7842471007,
          "estimated_diameter_max" : 245.4850393757
        }
      },
      "is_potentially_hazardous_asteroid" : false,
      "close_approach_data" : [ {
        "close_approach_date" : "2006-01-08",
        "epoch_date_close_approach" : 1136707200000,
        "relative_velocity" : {
          "kilometers_per_second" : "10.7167198163",
          "kilometers_per_hour" : "38580.1913386116",
          "miles_per_hour" : "23972.230557039"
        },
        "miss_distance" : {
          "astronomical" : "0.0732874272",
          "lunar" : "28.5088100433",
          "kilometers" : "10963643",
          "miles" : "6812492"
        },
        "orbiting_body" : "Earth"
      } ],
      "orbital_data" : {
        "orbit_id" : "7",
        "orbit_determination_date" : "2017-04-06 09:09:16",
        "orbit_uncertainty" : "8",
        "minimum_orbit_intersection" : ".0732716",
        "jupiter_tisserand_invariant" : "4.670",
        "epoch_osculation" : "2453763.5",
        "eccentricity" : ".3564065495003332",
        "semi_major_axis" : "1.396515378443047",
        "inclination" : "12.85061010894155",
        "ascending_node_longitude" : "122.1935766764091",
        "orbital_period" : "602.7913486769284",
        "perihelion_distance" : ".8987881510880088",
        "perihelion_argument" : "286.3759592809078",
        "aphelion_distance" : "1.894242605798086",
        "perihelion_time" : "2453695.718563299592",
        "mean_anomaly" : "40.48053653342161",
        "mean_motion" : ".5972215772342568",
        "equinox" : "J2000"
      }
    }, {
      "links" : {
        "self" : "https://api.nasa.gov/neo/rest/v1/neo/3314252?api_key=t0TVs3DtDT2H8Oy2Zy8m2eVrNsAVKAexjcZXUckd"
      },
      "neo_reference_id" : "3314252",
      "name" : "(2006 BG99)",
      "nasa_jpl_url" : "http://ssd.jpl.nasa.gov/sbdb.cgi?sstr=3314252",
      "absolute_magnitude_h" : 25.7,
      "estimated_diameter" : {
        "kilometers" : {
          "estimated_diameter_min" : 0.0192555078,
          "estimated_diameter_max" : 0.0430566244
        },
        "meters" : {
          "estimated_diameter_min" : 19.2555078188,
          "estimated_diameter_max" : 43.0566244241
        },
        "miles" : {
          "estimated_diameter_min" : 0.0119648141,
          "estimated_diameter_max" : 0.0267541378
        },
        "feet" : {
          "estimated_diameter_min" : 63.1742402722,
          "estimated_diameter_max" : 141.2618956756
        }
      },
      "is_potentially_hazardous_asteroid" : false,
      "close_approach_data" : [ {
        "close_approach_date" : "2006-01-08",
        "epoch_date_close_approach" : 1136707200000,
        "relative_velocity" : {
          "kilometers_per_second" : "4.1010633397",
          "kilometers_per_hour" : "14763.828022874",
          "miles_per_hour" : "9173.6685845463"
        },
        "miss_distance" : {
          "astronomical" : "0.0461284104",
          "lunar" : "17.9439525604",
          "kilometers" : "6900712",
          "miles" : "4287903.5"
        },
        "orbiting_body" : "Earth"
      } ],
      "orbital_data" : {
        "orbit_id" : "8",
        "orbit_determination_date" : "2017-04-06 09:09:13",
        "orbit_uncertainty" : "8",
        "minimum_orbit_intersection" : ".0381646",
        "jupiter_tisserand_invariant" : "4.677",
        "epoch_osculation" : "2453765.5",
        "eccentricity" : ".2867087450877484",
        "semi_major_axis" : "1.413099612608328",
        "inclination" : "4.684310844412845",
        "ascending_node_longitude" : "131.456782860004",
        "orbital_period" : "613.5607828145821",
        "perihelion_distance" : "1.007951595993411",
        "perihelion_argument" : "330.0374663153696",
        "aphelion_distance" : "1.818247629223245",
        "perihelion_time" : "2453737.041379074628",
        "mean_anomaly" : "16.69778092096539",
        "mean_motion" : ".5867389345658226",
        "equinox" : "J2000"
      }
    }, {
      "links" : {
        "self" : "https://api.nasa.gov/neo/rest/v1/neo/3117468?api_key=t0TVs3DtDT2H8Oy2Zy8m2eVrNsAVKAexjcZXUckd"
      },
      "neo_reference_id" : "3117468",
      "name" : "(2002 FT6)",
      "nasa_jpl_url" : "http://ssd.jpl.nasa.gov/sbdb.cgi?sstr=3117468",
      "absolute_magnitude_h" : 22.5,
      "estimated_diameter" : {
        "kilometers" : {
          "estimated_diameter_min" : 0.0840533402,
          "estimated_diameter_max" : 0.1879489824
        },
        "meters" : {
          "estimated_diameter_min" : 84.0533402073,
          "estimated_diameter_max" : 187.9489824394
        },
        "miles" : {
          "estimated_diameter_min" : 0.0522283081,
          "estimated_diameter_max" : 0.1167860472
        },
        "feet" : {
          "estimated_diameter_min" : 275.7655606856,
          "estimated_diameter_max" : 616.6305395464
        }
      },
      "is_potentially_hazardous_asteroid" : false,
      "close_approach_data" : [ {
        "close_approach_date" : "2006-01-08",
        "epoch_date_close_approach" : 1136707200000,
        "relative_velocity" : {
          "kilometers_per_second" : "13.0409727534",
          "kilometers_per_hour" : "46947.5019121561",
          "miles_per_hour" : "29171.3519520283"
        },
        "miss_distance" : {
          "astronomical" : "0.3969006033",
          "lunar" : "154.3943328857",
          "kilometers" : "59375484",
          "miles" : "36894216"
        },
        "orbiting_body" : "Earth"
      } ],
      "orbital_data" : {
        "orbit_id" : "22",
        "orbit_determination_date" : "2017-06-21 06:17:20",
        "orbit_uncertainty" : "1",
        "minimum_orbit_intersection" : ".0413485",
        "jupiter_tisserand_invariant" : "6.026",
        "epoch_osculation" : "2458000.5",
        "eccentricity" : ".462699943687126",
        "semi_major_axis" : ".9884238521030382",
        "inclination" : "9.488402611056026",
        "ascending_node_longitude" : "188.5128520742066",
        "orbital_period" : "358.9328872268388",
        "perihelion_distance" : ".5310801913959503",
        "perihelion_argument" : "226.7025553557057",
        "aphelion_distance" : "1.445767512810126",
        "perihelion_time" : "2458025.544584674616",
        "mean_anomaly" : "334.8809574053776",
        "mean_motion" : "1.00297301476442",
        "equinox" : "J2000"
      }
    }, {
      "links" : {
        "self" : "https://api.nasa.gov/neo/rest/v1/neo/3295786?api_key=t0TVs3DtDT2H8Oy2Zy8m2eVrNsAVKAexjcZXUckd"
      },
      "neo_reference_id" : "3295786",
      "name" : "(2005 UL)",
      "nasa_jpl_url" : "http://ssd.jpl.nasa.gov/sbdb.cgi?sstr=3295786",
      "absolute_magnitude_h" : 19.0,
      "estimated_diameter" : {
        "kilometers" : {
          "estimated_diameter_min" : 0.4212646106,
          "estimated_diameter_max" : 0.9419763057
        },
        "meters" : {
          "estimated_diameter_min" : 421.2646105562,
          "estimated_diameter_max" : 941.9763057186
        },
        "miles" : {
          "estimated_diameter_min" : 0.2617616123,
          "estimated_diameter_max" : 0.5853167591
        },
        "feet" : {
          "estimated_diameter_min" : 1382.1017848971,
          "estimated_diameter_max" : 3090.4735428537
        }
      },
      "is_potentially_hazardous_asteroid" : false,
      "close_approach_data" : [ {
        "close_approach_date" : "2006-01-08",
        "epoch_date_close_approach" : 1136707200000,
        "relative_velocity" : {
          "kilometers_per_second" : "20.0605702063",
          "kilometers_per_hour" : "72218.0527428424",
          "miles_per_hour" : "44873.4894945734"
        },
        "miss_distance" : {
          "astronomical" : "0.4019636715",
          "lunar" : "156.3638763428",
          "kilometers" : "60132912",
          "miles" : "37364860"
        },
        "orbiting_body" : "Earth"
      } ],
      "orbital_data" : {
        "orbit_id" : "21",
        "orbit_determination_date" : "2017-04-06 09:10:12",
        "orbit_uncertainty" : "1",
        "minimum_orbit_intersection" : ".10297",
        "jupiter_tisserand_invariant" : "3.600",
        "epoch_osculation" : "2458000.5",
        "eccentricity" : ".717042101421794",
        "semi_major_axis" : "1.87813280398785",
        "inclination" : "7.82123357859616",
        "ascending_node_longitude" : "291.321887308186",
        "orbital_period" : "940.1299194947782",
        "perihelion_distance" : ".5314325114671957",
        "perihelion_argument" : "213.6778229948137",
        "aphelion_distance" : "3.224833096508505",
        "perihelion_time" : "2458462.049241794615",
        "mean_anomaly" : "183.2608880958136",
        "mean_motion" : ".3829257983763164",
        "equinox" : "J2000"
      }
    }, {
      "links" : {
        "self" : "https://api.nasa.gov/neo/rest/v1/neo/3312420?api_key=t0TVs3DtDT2H8Oy2Zy8m2eVrNsAVKAexjcZXUckd"
      },
      "neo_reference_id" : "3312420",
      "name" : "(2006 AW44)",
      "nasa_jpl_url" : "http://ssd.jpl.nasa.gov/sbdb.cgi?sstr=3312420",
      "absolute_magnitude_h" : 23.4,
      "estimated_diameter" : {
        "kilometers" : {
          "estimated_diameter_min" : 0.0555334912,
          "estimated_diameter_max" : 0.1241766613
        },
        "meters" : {
          "estimated_diameter_min" : 55.5334911581,
          "estimated_diameter_max" : 124.1766612574
        },
        "miles" : {
          "estimated_diameter_min" : 0.0345069009,
          "estimated_diameter_max" : 0.0771597762
        },
        "feet" : {
          "estimated_diameter_min" : 182.1964991311,
          "estimated_diameter_max" : 407.4037573197
        }
      },
      "is_potentially_hazardous_asteroid" : false,
      "close_approach_data" : [ {
        "close_approach_date" : "2006-01-08",
        "epoch_date_close_approach" : 1136707200000,
        "relative_velocity" : {
          "kilometers_per_second" : "7.1152011261",
          "kilometers_per_hour" : "25614.7240538019",
          "miles_per_hour" : "15915.9933988749"
        },
        "miss_distance" : {
          "astronomical" : "0.1209679687",
          "lunar" : "47.0565414429",
          "kilometers" : "18096550",
          "miles" : "11244675"
        },
        "orbiting_body" : "Earth"
      } ],
      "orbital_data" : {
        "orbit_id" : "11",
        "orbit_determination_date" : "2017-04-06 09:09:24",
        "orbit_uncertainty" : "6",
        "minimum_orbit_intersection" : ".103824",
        "jupiter_tisserand_invariant" : "3.224",
        "epoch_osculation" : "2458000.5",
        "eccentricity" : ".5629373304064302",
        "semi_major_axis" : "2.484431656131456",
        "inclination" : "8.659520387247399",
        "ascending_node_longitude" : "108.6370462654698",
        "orbital_period" : "1430.339092000809",
        "perihelion_distance" : "1.085852332051588",
        "perihelion_argument" : ".9059608765873263",
        "aphelion_distance" : "3.883010980211324",
        "perihelion_time" : "2458043.004664969291",
        "mean_anomaly" : "349.3020616757805",
        "mean_motion" : ".2516885695240415",
        "equinox" : "J2000"
      }
    }, {
      "links" : {
        "self" : "https://api.nasa.gov/neo/rest/v1/neo/3606312?api_key=t0TVs3DtDT2H8Oy2Zy8m2eVrNsAVKAexjcZXUckd"
      },
      "neo_reference_id" : "3606312",
      "name" : "(2012 PA)",
      "nasa_jpl_url" : "http://ssd.jpl.nasa.gov/sbdb.cgi?sstr=3606312",
      "absolute_magnitude_h" : 20.3,
      "estimated_diameter" : {
        "kilometers" : {
          "estimated_diameter_min" : 0.2315021222,
          "estimated_diameter_max" : 0.5176544822
        },
        "meters" : {
          "estimated_diameter_min" : 231.5021222103,
          "estimated_diameter_max" : 517.6544821978
        },
        "miles" : {
          "estimated_diameter_min" : 0.1438487052,
          "estimated_diameter_max" : 0.3216554833
        },
        "feet" : {
          "estimated_diameter_min" : 759.5214226325,
          "estimated_diameter_max" : 1698.3415313737
        }
      },
      "is_potentially_hazardous_asteroid" : false,
      "close_approach_data" : [ {
        "close_approach_date" : "2006-01-08",
        "epoch_date_close_approach" : 1136707200000,
        "relative_velocity" : {
          "kilometers_per_second" : "15.0199277097",
          "kilometers_per_hour" : "54071.7397548091",
          "miles_per_hour" : "33598.076293759"
        },
        "miss_distance" : {
          "astronomical" : "0.4182299132",
          "lunar" : "162.6914367676",
          "kilometers" : "62566304",
          "miles" : "38876900"
        },
        "orbiting_body" : "Earth"
      } ],
      "orbital_data" : {
        "orbit_id" : "27",
        "orbit_determination_date" : "2017-04-06 08:49:22",
        "orbit_uncertainty" : "1",
        "minimum_orbit_intersection" : ".146965",
        "jupiter_tisserand_invariant" : "4.544",
        "epoch_osculation" : "2458000.5",
        "eccentricity" : ".703031263162441",
        "semi_major_axis" : "1.357925672885148",
        "inclination" : "11.25159614775946",
        "ascending_node_longitude" : "170.4874230953698",
        "orbital_period" : "577.9794875235011",
        "perihelion_distance" : ".4032614717959948",
        "perihelion_argument" : "14.70906804825997",
        "aphelion_distance" : "2.312589873974302",
        "perihelion_time" : "2457821.828022616389",
        "mean_anomaly" : "111.2875339810129",
        "mean_motion" : ".6228594747237671",
        "equinox" : "J2000"
      }
    } ]
  }
}