{
  "links" : {
    "next" : "https://api.nasa.gov/neo/rest/v1/feed?start_date=2004-10-16&end_date=2004-10-16&detailed=true&api_key=t0TVs3DtDT2H8Oy2Zy8m2eVrNsAVKAexjcZXUckd",
    "prev" : "https://api.nasa.gov/neo/rest/v1/feed?start_date=2004-10-14&end_date=2004-10-14&detailed=true&api_key=t0TVs3DtDT2H8Oy2Zy8m2eVrNsAVKAexjcZXUckd",
    "self" : "https://api.nasa.gov/neo/rest/v1/feed?start_date=2004-10-15&end_date=2004-10-15&detailed=true&api_key=t0TVs3DtDT2H8Oy2Zy8m2eVrNsAVKAexjcZXUckd"
  },
  "element_count" : 9,
  "near_earth_objects" : {
    "2004-10-15" : [ {
      "links" : {
        "self" : "https://api.nasa.gov/neo/rest/v1/neo/2190119?api_key=t0TVs3DtDT2H8Oy2Zy8m2eVrNsAVKAexjcZXUckd"
      },
      "neo_reference_id" : "2190119",
      "name" : "190119 (2004 VA64)",
      "nasa_jpl_url" : "http://ssd.jpl.nasa.gov/sbdb.cgi?sstr=2190119",
      "absolute_magnitude_h" : 17.1,
      "estimated_diameter" : {
        "kilometers" : {
          "estimated_diameter_min" : 1.0105434154,
          "estimated_diameter_max" : 2.2596437711
        },
        "meters" : {
          "estimated_diameter_min" : 1010.5434154201,
          "estimated_diameter_max" : 2259.643771094
        },
        "miles" : {
          "estimated_diameter_min" : 0.6279223726,
          "estimated_diameter_max" : 1.4040771097
        },
        "feet" : {
          "estimated_diameter_min" : 3315.4312590467,
          "estimated_diameter_max" : 7413.5296699562
        }
      },
      "is_potentially_hazardous_asteroid" : false,
      "close_approach_data" : [ {
        "close_approach_date" : "2004-10-15",
        "epoch_date_close_approach" : 1097823600000,
        "relative_velocity" : {
          "kilometers_per_second" : "39.6291727178",
          "kilometers_per_hour" : "142665.021783954",
          "miles_per_hour" : "88646.4964523685"
        },
        "miss_distance" : {
          "astronomical" : "0.351214691",
          "lunar" : "136.6225128174",
          "kilometers" : "52540968",
          "miles" : "32647444"
        },
        "orbiting_body" : "Earth"
      } ],
      "orbital_data" : {
        "orbit_id" : "50",
        "orbit_determination_date" : "2017-04-06 09:25:43",
        "orbit_uncertainty" : "0",
        "minimum_orbit_intersection" : ".299212",
        "jupiter_tisserand_invariant" : "2.653",
        "epoch_osculation" : "2458000.5",
        "eccentricity" : ".8905528338599435",
        "semi_major_axis" : "2.466029001863216",
        "inclination" : "29.93974535303317",
        "ascending_node_longitude" : "225.5387804241728",
        "orbital_period" : "1414.476370047699",
        "perihelion_distance" : ".269899885873121",
        "perihelion_argument" : "19.91205534529546",
        "aphelion_distance" : "4.662158117853311",
        "perihelion_time" : "2457492.072755817520",
        "mean_anomaly" : "129.4003998805018",
        "mean_motion" : ".2545111446350001",
        "equinox" : "J2000"
      }
    }, {
      "links" : {
        "self" : "https://api.nasa.gov/neo/rest/v1/neo/2235756?api_key=t0TVs3DtDT2H8Oy2Zy8m2eVrNsAVKAexjcZXUckd"
      },
      "neo_reference_id" : "2235756",
      "name" : "235756 (2004 VC)",
      "nasa_jpl_url" : "http://ssd.jpl.nasa.gov/sbdb.cgi?sstr=2235756",
      "absolute_magnitude_h" : 18.7,
      "estimated_diameter" : {
        "kilometers" : {
          "estimated_diameter_min" : 0.4836764882,
          "estimated_diameter_max" : 1.0815335068
        },
        "meters" : {
          "estimated_diameter_min" : 483.6764882185,
          "estimated_diameter_max" : 1081.533506775
        },
        "miles" : {
          "estimated_diameter_min" : 0.3005425432,
          "estimated_diameter_max" : 0.6720335566
        },
        "feet" : {
          "estimated_diameter_min" : 1586.8651696069,
          "estimated_diameter_max" : 3548.3383903678
        }
      },
      "is_potentially_hazardous_asteroid" : true,
      "close_approach_data" : [ {
        "close_approach_date" : "2004-10-15",
        "epoch_date_close_approach" : 1097823600000,
        "relative_velocity" : {
          "kilometers_per_second" : "25.9627668184",
          "kilometers_per_hour" : "93465.9605461871",
          "miles_per_hour" : "58076.1130960461"
        },
        "miss_distance" : {
          "astronomical" : "0.2879687194",
          "lunar" : "112.0198364258",
          "kilometers" : "43079508",
          "miles" : "26768366"
        },
        "orbiting_body" : "Earth"
      } ],
      "orbital_data" : {
        "orbit_id" : "55",
        "orbit_determination_date" : "2017-04-06 09:25:04",
        "orbit_uncertainty" : "0",
        "minimum_orbit_intersection" : ".0355664",
        "jupiter_tisserand_invariant" : "5.290",
        "epoch_osculation" : "2458000.5",
        "eccentricity" : ".2588036172879105",
        "semi_major_axis" : "1.133350340863139",
        "inclination" : "39.14671932571256",
        "ascending_node_longitude" : "194.1759772629877",
        "orbital_period" : "440.7016700008738",
        "perihelion_distance" : ".8400351729932723",
        "perihelion_argument" : "94.19155698843099",
        "aphelion_distance" : "1.426665508733006",
        "perihelion_time" : "2458081.348177629098",
        "mean_anomaly" : "293.9568104055118",
        "mean_motion" : ".8168791373068456",
        "equinox" : "J2000"
      }
    }, {
      "links" : {
        "self" : "https://api.nasa.gov/neo/rest/v1/neo/2288914?api_key=t0TVs3DtDT2H8Oy2Zy8m2eVrNsAVKAexjcZXUckd"
      },
      "neo_reference_id" : "2288914",
      "name" : "288914 (2004 SX)",
      "nasa_jpl_url" : "http://ssd.jpl.nasa.gov/sbdb.cgi?sstr=2288914",
      "absolute_magnitude_h" : 19.0,
      "estimated_diameter" : {
        "kilometers" : {
          "estimated_diameter_min" : 0.4212646106,
          "estimated_diameter_max" : 0.9419763057
        },
        "meters" : {
          "estimated_diameter_min" : 421.2646105562,
          "estimated_diameter_max" : 941.9763057186
        },
        "miles" : {
          "estimated_diameter_min" : 0.2617616123,
          "estimated_diameter_max" : 0.5853167591
        },
        "feet" : {
          "estimated_diameter_min" : 1382.1017848971,
          "estimated_diameter_max" : 3090.4735428537
        }
      },
      "is_potentially_hazardous_asteroid" : false,
      "close_approach_data" : [ {
        "close_approach_date" : "2004-10-15",
        "epoch_date_close_approach" : 1097823600000,
        "relative_velocity" : {
          "kilometers_per_second" : "7.6542040747",
          "kilometers_per_hour" : "27555.1346689093",
          "miles_per_hour" : "17121.6890946898"
        },
        "miss_distance" : {
          "astronomical" : "0.4096869401",
          "lunar" : "159.3682250977",
          "kilometers" : "61288296",
          "miles" : "38082780"
        },
        "orbiting_body" : "Earth"
      } ],
      "orbital_data" : {
        "orbit_id" : "40",
        "orbit_determination_date" : "2017-04-06 09:24:13",
        "orbit_uncertainty" : "0",
        "minimum_orbit_intersection" : ".322238",
        "jupiter_tisserand_invariant" : "4.010",
        "epoch_osculation" : "2458000.5",
        "eccentricity" : ".3274403202018351",
        "semi_major_axis" : "1.764796547607033",
        "inclination" : "15.28260274820939",
        "ascending_node_longitude" : "178.6217035061066",
        "orbital_period" : "856.3284937741338",
        "perihelion_distance" : "1.186931000967493",
        "perihelion_argument" : "258.5084809533785",
        "aphelion_distance" : "2.342662094246573",
        "perihelion_time" : "2457652.946416097465",
        "mean_anomaly" : "146.1113242343123",
        "mean_motion" : ".4203994175335172",
        "equinox" : "J2000"
      }
    }, {
      "links" : {
        "self" : "https://api.nasa.gov/neo/rest/v1/neo/2427684?api_key=t0TVs3DtDT2H8Oy2Zy8m2eVrNsAVKAexjcZXUckd"
      },
      "neo_reference_id" : "2427684",
      "name" : "427684 (2004 DH2)",
      "nasa_jpl_url" : "http://ssd.jpl.nasa.gov/sbdb.cgi?sstr=2427684",
      "absolute_magnitude_h" : 20.2,
      "estimated_diameter" : {
        "kilometers" : {
          "estimated_diameter_min" : 0.2424124811,
          "estimated_diameter_max" : 0.5420507863
        },
        "meters" : {
          "estimated_diameter_min" : 242.4124811008,
          "estimated_diameter_max" : 542.0507863358
        },
        "miles" : {
          "estimated_diameter_min" : 0.1506280858,
          "estimated_diameter_max" : 0.3368146392
        },
        "feet" : {
          "estimated_diameter_min" : 795.3165644948,
          "estimated_diameter_max" : 1778.3819018419
        }
      },
      "is_potentially_hazardous_asteroid" : false,
      "close_approach_data" : [ {
        "close_approach_date" : "2004-10-15",
        "epoch_date_close_approach" : 1097823600000,
        "relative_velocity" : {
          "kilometers_per_second" : "20.4975959532",
          "kilometers_per_hour" : "73791.3454316557",
          "miles_per_hour" : "45851.0723877974"
        },
        "miss_distance" : {
          "astronomical" : "0.4791810498",
          "lunar" : "186.4014282227",
          "kilometers" : "71684464",
          "miles" : "44542660"
        },
        "orbiting_body" : "Earth"
      } ],
      "orbital_data" : {
        "orbit_id" : "49",
        "orbit_determination_date" : "2017-04-06 09:21:00",
        "orbit_uncertainty" : "0",
        "minimum_orbit_intersection" : ".126373",
        "jupiter_tisserand_invariant" : "6.230",
        "epoch_osculation" : "2458000.5",
        "eccentricity" : ".4003533915530095",
        "semi_major_axis" : ".9441132172153399",
        "inclination" : "23.02188234060624",
        "ascending_node_longitude" : "157.3215776077222",
        "orbital_period" : "335.0692266639891",
        "perihelion_distance" : ".5661342886931554",
        "perihelion_argument" : "216.102460608301",
        "aphelion_distance" : "1.322092145737525",
        "perihelion_time" : "2457982.845382765258",
        "mean_anomaly" : "18.96820626526999",
        "mean_motion" : "1.074404843393786",
        "equinox" : "J2000"
      }
    }, {
      "links" : {
        "self" : "https://api.nasa.gov/neo/rest/v1/neo/3137736?api_key=t0TVs3DtDT2H8Oy2Zy8m2eVrNsAVKAexjcZXUckd"
      },
      "neo_reference_id" : "3137736",
      "name" : "(2002 TY59)",
      "nasa_jpl_url" : "http://ssd.jpl.nasa.gov/sbdb.cgi?sstr=3137736",
      "absolute_magnitude_h" : 25.5,
      "estimated_diameter" : {
        "kilometers" : {
          "estimated_diameter_min" : 0.0211132445,
          "estimated_diameter_max" : 0.0472106499
        },
        "meters" : {
          "estimated_diameter_min" : 21.113244479,
          "estimated_diameter_max" : 47.2106498806
        },
        "miles" : {
          "estimated_diameter_min" : 0.0131191578,
          "estimated_diameter_max" : 0.0293353287
        },
        "feet" : {
          "estimated_diameter_min" : 69.2691770164,
          "estimated_diameter_max" : 154.8905885541
        }
      },
      "is_potentially_hazardous_asteroid" : false,
      "close_approach_data" : [ {
        "close_approach_date" : "2004-10-15",
        "epoch_date_close_approach" : 1097823600000,
        "relative_velocity" : {
          "kilometers_per_second" : "18.7081073452",
          "kilometers_per_hour" : "67349.1864425983",
          "miles_per_hour" : "41848.1653204023"
        },
        "miss_distance" : {
          "astronomical" : "0.3596898203",
          "lunar" : "139.919342041",
          "kilometers" : "53808832",
          "miles" : "33435258"
        },
        "orbiting_body" : "Earth"
      } ],
      "orbital_data" : {
        "orbit_id" : "17",
        "orbit_determination_date" : "2017-04-06 09:14:47",
        "orbit_uncertainty" : "6",
        "minimum_orbit_intersection" : ".00277645",
        "jupiter_tisserand_invariant" : "5.963",
        "epoch_osculation" : "2458000.5",
        "eccentricity" : ".2334692518954883",
        "semi_major_axis" : "1.018567987164902",
        "inclination" : "6.610513706423017",
        "ascending_node_longitude" : "9.802023413328852",
        "orbital_period" : "375.4771049212962",
        "perihelion_distance" : ".7807636811968187",
        "perihelion_argument" : "259.1745027880588",
        "aphelion_distance" : "1.256372293132985",
        "perihelion_time" : "2458109.202686697564",
        "mean_anomaly" : "255.7780202888117",
        "mean_motion" : ".9587801633749669",
        "equinox" : "J2000"
      }
    }, {
      "links" : {
        "self" : "https://api.nasa.gov/neo/rest/v1/neo/3775095?api_key=t0TVs3DtDT2H8Oy2Zy8m2eVrNsAVKAexjcZXUckd"
      },
      "neo_reference_id" : "3775095",
      "name" : "(2017 KW31)",
      "nasa_jpl_url" : "http://ssd.jpl.nasa.gov/sbdb.cgi?sstr=3775095",
      "absolute_magnitude_h" : 26.526,
      "estimated_diameter" : {
        "kilometers" : {
          "estimated_diameter_min" : 0.0131630029,
          "estimated_diameter_max" : 0.0294333692
        },
        "meters" : {
          "estimated_diameter_min" : 13.1630028888,
          "estimated_diameter_max" : 29.4333692473
        },
        "miles" : {
          "estimated_diameter_min" : 0.0081791083,
          "estimated_diameter_max" : 0.0182890421
        },
        "feet" : {
          "estimated_diameter_min" : 43.1857063975,
          "estimated_diameter_max" : 96.5661751612
        }
      },
      "is_potentially_hazardous_asteroid" : false,
      "close_approach_data" : [ {
        "close_approach_date" : "2004-10-15",
        "epoch_date_close_approach" : 1097823600000,
        "relative_velocity" : {
          "kilometers_per_second" : "10.6877143067",
          "kilometers_per_hour" : "38475.7715039634",
          "miles_per_hour" : "23907.3481325599"
        },
        "miss_distance" : {
          "astronomical" : "0.0782123163",
          "lunar" : "30.4245891571",
          "kilometers" : "11700396",
          "miles" : "7270289"
        },
        "orbiting_body" : "Earth"
      } ],
      "orbital_data" : {
        "orbit_id" : "5",
        "orbit_determination_date" : "2017-06-06 06:20:37",
        "orbit_uncertainty" : "6",
        "minimum_orbit_intersection" : ".00101526",
        "jupiter_tisserand_invariant" : "4.681",
        "epoch_osculation" : "2458000.5",
        "eccentricity" : ".39201856131743",
        "semi_major_axis" : "1.393348008500715",
        "inclination" : "5.913391327476085",
        "ascending_node_longitude" : "69.09138346309462",
        "orbital_period" : "600.7417684410353",
        "perihelion_distance" : ".8471297267937586",
        "perihelion_argument" : "245.8779348504409",
        "aphelion_distance" : "1.939566290207672",
        "perihelion_time" : "2457954.514039913526",
        "mean_anomaly" : "27.55750723658181",
        "mean_motion" : ".5992591474606865",
        "equinox" : "J2000"
      }
    }, {
      "links" : {
        "self" : "https://api.nasa.gov/neo/rest/v1/neo/3427794?api_key=t0TVs3DtDT2H8Oy2Zy8m2eVrNsAVKAexjcZXUckd"
      },
      "neo_reference_id" : "3427794",
      "name" : "(2008 SV11)",
      "nasa_jpl_url" : "http://ssd.jpl.nasa.gov/sbdb.cgi?sstr=3427794",
      "absolute_magnitude_h" : 18.4,
      "estimated_diameter" : {
        "kilometers" : {
          "estimated_diameter_min" : 0.5553349116,
          "estimated_diameter_max" : 1.2417666126
        },
        "meters" : {
          "estimated_diameter_min" : 555.334911581,
          "estimated_diameter_max" : 1241.766612574
        },
        "miles" : {
          "estimated_diameter_min" : 0.3450690093,
          "estimated_diameter_max" : 0.7715977618
        },
        "feet" : {
          "estimated_diameter_min" : 1821.9649913114,
          "estimated_diameter_max" : 4074.0375731972
        }
      },
      "is_potentially_hazardous_asteroid" : true,
      "close_approach_data" : [ {
        "close_approach_date" : "2004-10-15",
        "epoch_date_close_approach" : 1097823600000,
        "relative_velocity" : {
          "kilometers_per_second" : "32.1600088403",
          "kilometers_per_hour" : "115776.0318252255",
          "miles_per_hour" : "71938.7237749575"
        },
        "miss_distance" : {
          "astronomical" : "0.4756602248",
          "lunar" : "185.031829834",
          "kilometers" : "71157760",
          "miles" : "44215380"
        },
        "orbiting_body" : "Earth"
      } ],
      "orbital_data" : {
        "orbit_id" : "92",
        "orbit_determination_date" : "2017-04-06 09:02:52",
        "orbit_uncertainty" : "2",
        "minimum_orbit_intersection" : ".0190746",
        "jupiter_tisserand_invariant" : "2.958",
        "epoch_osculation" : "2458000.5",
        "eccentricity" : ".7221962778880811",
        "semi_major_axis" : "2.619275936283724",
        "inclination" : "8.301168991906273",
        "ascending_node_longitude" : "15.56328923968402",
        "orbital_period" : "1548.354164026979",
        "perihelion_distance" : ".7276446043378",
        "perihelion_argument" : "102.9832708828738",
        "aphelion_distance" : "4.510907268229648",
        "perihelion_time" : "2457974.810108612801",
        "mean_anomaly" : "5.973026788224172",
        "mean_motion" : ".2325049451630029",
        "equinox" : "J2000"
      }
    }, {
      "links" : {
        "self" : "https://api.nasa.gov/neo/rest/v1/neo/3639436?api_key=t0TVs3DtDT2H8Oy2Zy8m2eVrNsAVKAexjcZXUckd"
      },
      "neo_reference_id" : "3639436",
      "name" : "(2013 KJ6)",
      "nasa_jpl_url" : "http://ssd.jpl.nasa.gov/sbdb.cgi?sstr=3639436",
      "absolute_magnitude_h" : 19.9,
      "estimated_diameter" : {
        "kilometers" : {
          "estimated_diameter_min" : 0.2783267681,
          "estimated_diameter_max" : 0.6223575734
        },
        "meters" : {
          "estimated_diameter_min" : 278.3267680719,
          "estimated_diameter_max" : 622.3575733667
        },
        "miles" : {
          "estimated_diameter_min" : 0.1729441822,
          "estimated_diameter_max" : 0.3867149477
        },
        "feet" : {
          "estimated_diameter_min" : 913.1455937611,
          "estimated_diameter_max" : 2041.8556210042
        }
      },
      "is_potentially_hazardous_asteroid" : false,
      "close_approach_data" : [ {
        "close_approach_date" : "2004-10-15",
        "epoch_date_close_approach" : 1097823600000,
        "relative_velocity" : {
          "kilometers_per_second" : "14.4370091058",
          "kilometers_per_hour" : "51973.2327810395",
          "miles_per_hour" : "32294.1456688631"
        },
        "miss_distance" : {
          "astronomical" : "0.2962773439",
          "lunar" : "115.2518844604",
          "kilometers" : "44322460",
          "miles" : "27540700"
        },
        "orbiting_body" : "Earth"
      } ],
      "orbital_data" : {
        "orbit_id" : "38",
        "orbit_determination_date" : "2017-04-06 08:45:43",
        "orbit_uncertainty" : "1",
        "minimum_orbit_intersection" : ".091853",
        "jupiter_tisserand_invariant" : "7.039",
        "epoch_osculation" : "2458000.5",
        "eccentricity" : ".2440389090925771",
        "semi_major_axis" : ".8238862128010548",
        "inclination" : "20.41325785396406",
        "ascending_node_longitude" : "212.2533010326439",
        "orbital_period" : "273.1487892367381",
        "perihelion_distance" : ".6228259202126706",
        "perihelion_argument" : "235.6704621791826",
        "aphelion_distance" : "1.024946505389439",
        "perihelion_time" : "2457970.788699774121",
        "mean_anomaly" : "39.15839462881949",
        "mean_motion" : "1.317963008388032",
        "equinox" : "J2000"
      }
    }, {
      "links" : {
        "self" : "https://api.nasa.gov/neo/rest/v1/neo/3648643?api_key=t0TVs3DtDT2H8Oy2Zy8m2eVrNsAVKAexjcZXUckd"
      },
      "neo_reference_id" : "3648643",
      "name" : "(2013 SL20)",
      "nasa_jpl_url" : "http://ssd.jpl.nasa.gov/sbdb.cgi?sstr=3648643",
      "absolute_magnitude_h" : 24.5,
      "estimated_diameter" : {
        "kilometers" : {
          "estimated_diameter_min" : 0.0334622374,
          "estimated_diameter_max" : 0.0748238376
        },
        "meters" : {
          "estimated_diameter_min" : 33.4622374455,
          "estimated_diameter_max" : 74.8238376074
        },
        "miles" : {
          "estimated_diameter_min" : 0.0207924639,
          "estimated_diameter_max" : 0.0464933628
        },
        "feet" : {
          "estimated_diameter_min" : 109.7842471007,
          "estimated_diameter_max" : 245.4850393757
        }
      },
      "is_potentially_hazardous_asteroid" : false,
      "close_approach_data" : [ {
        "close_approach_date" : "2004-10-15",
        "epoch_date_close_approach" : 1097823600000,
        "relative_velocity" : {
          "kilometers_per_second" : "6.8889304173",
          "kilometers_per_hour" : "24800.1495021202",
          "miles_per_hour" : "15409.8484503591"
        },
        "miss_distance" : {
          "astronomical" : "0.1951681614",
          "lunar" : "75.9204177856",
          "kilometers" : "29196742",
          "miles" : "18142014"
        },
        "orbiting_body" : "Earth"
      } ],
      "orbital_data" : {
        "orbit_id" : "12",
        "orbit_determination_date" : "2017-04-06 08:44:33",
        "orbit_uncertainty" : "7",
        "minimum_orbit_intersection" : ".0157152",
        "jupiter_tisserand_invariant" : "5.645",
        "epoch_osculation" : "2458000.5",
        "eccentricity" : ".402979713386451",
        "semi_major_axis" : "1.081029038813631",
        "inclination" : "4.341887964842829",
        "ascending_node_longitude" : "8.729539435667014",
        "orbital_period" : "410.5390444988166",
        "perihelion_distance" : ".6453962665900835",
        "perihelion_argument" : "115.3740052464253",
        "aphelion_distance" : "1.516661811037179",
        "perihelion_time" : "2457877.977797135783",
        "mean_anomaly" : "107.4392158849714",
        "mean_motion" : ".8768958880378495",
        "equinox" : "J2000"
      }
    } ]
  }
}