{
  "links" : {
    "next" : "https://api.nasa.gov/neo/rest/v1/feed?start_date=2006-02-16&end_date=2006-02-16&detailed=true&api_key=t0TVs3DtDT2H8Oy2Zy8m2eVrNsAVKAexjcZXUckd",
    "prev" : "https://api.nasa.gov/neo/rest/v1/feed?start_date=2006-02-14&end_date=2006-02-14&detailed=true&api_key=t0TVs3DtDT2H8Oy2Zy8m2eVrNsAVKAexjcZXUckd",
    "self" : "https://api.nasa.gov/neo/rest/v1/feed?start_date=2006-02-15&end_date=2006-02-15&detailed=true&api_key=t0TVs3DtDT2H8Oy2Zy8m2eVrNsAVKAexjcZXUckd"
  },
  "element_count" : 5,
  "near_earth_objects" : {
    "2006-02-15" : [ {
      "links" : {
        "self" : "https://api.nasa.gov/neo/rest/v1/neo/2163243?api_key=t0TVs3DtDT2H8Oy2Zy8m2eVrNsAVKAexjcZXUckd"
      },
      "neo_reference_id" : "2163243",
      "name" : "163243 (2002 FB3)",
      "nasa_jpl_url" : "http://ssd.jpl.nasa.gov/sbdb.cgi?sstr=2163243",
      "absolute_magnitude_h" : 16.5,
      "estimated_diameter" : {
        "kilometers" : {
          "estimated_diameter_min" : 1.332155667,
          "estimated_diameter_max" : 2.978790628
        },
        "meters" : {
          "estimated_diameter_min" : 1332.1556669813,
          "estimated_diameter_max" : 2978.7906279817
        },
        "miles" : {
          "estimated_diameter_min" : 0.8277628989,
          "estimated_diameter_max" : 1.8509341113
        },
        "feet" : {
          "estimated_diameter_min" : 4370.5895984589,
          "estimated_diameter_max" : 9772.9354439076
        }
      },
      "is_potentially_hazardous_asteroid" : true,
      "close_approach_data" : [ {
        "close_approach_date" : "2006-02-15",
        "epoch_date_close_approach" : 1139990400000,
        "relative_velocity" : {
          "kilometers_per_second" : "23.5046311082",
          "kilometers_per_hour" : "84616.6719896003",
          "miles_per_hour" : "52577.5093259825"
        },
        "miss_distance" : {
          "astronomical" : "0.3798006046",
          "lunar" : "147.7424468994",
          "kilometers" : "56817364",
          "miles" : "35304672"
        },
        "orbiting_body" : "Earth"
      } ],
      "orbital_data" : {
        "orbit_id" : "117",
        "orbit_determination_date" : "2017-04-06 09:26:17",
        "orbit_uncertainty" : "1",
        "minimum_orbit_intersection" : ".00283189",
        "jupiter_tisserand_invariant" : "7.406",
        "epoch_osculation" : "2458000.5",
        "eccentricity" : ".6017465083085981",
        "semi_major_axis" : ".7615579948339024",
        "inclination" : "20.27762946655788",
        "ascending_node_longitude" : "203.6050557005847",
        "orbital_period" : "242.7464567417772",
        "perihelion_distance" : ".3032931305681043",
        "perihelion_argument" : "148.3029829759607",
        "aphelion_distance" : "1.219822859099701",
        "perihelion_time" : "2458099.183616923815",
        "mean_anomaly" : "213.6493485037173",
        "mean_motion" : "1.483028855835997",
        "equinox" : "J2000"
      }
    }, {
      "links" : {
        "self" : "https://api.nasa.gov/neo/rest/v1/neo/3311965?api_key=t0TVs3DtDT2H8Oy2Zy8m2eVrNsAVKAexjcZXUckd"
      },
      "neo_reference_id" : "3311965",
      "name" : "(2006 AN4)",
      "nasa_jpl_url" : "http://ssd.jpl.nasa.gov/sbdb.cgi?sstr=3311965",
      "absolute_magnitude_h" : 20.6,
      "estimated_diameter" : {
        "kilometers" : {
          "estimated_diameter_min" : 0.2016299194,
          "estimated_diameter_max" : 0.4508582062
        },
        "meters" : {
          "estimated_diameter_min" : 201.6299194428,
          "estimated_diameter_max" : 450.8582061718
        },
        "miles" : {
          "estimated_diameter_min" : 0.1252869847,
          "estimated_diameter_max" : 0.2801502144
        },
        "feet" : {
          "estimated_diameter_min" : 661.5155049046,
          "estimated_diameter_max" : 1479.1936371367
        }
      },
      "is_potentially_hazardous_asteroid" : false,
      "close_approach_data" : [ {
        "close_approach_date" : "2006-02-15",
        "epoch_date_close_approach" : 1139990400000,
        "relative_velocity" : {
          "kilometers_per_second" : "9.1991129813",
          "kilometers_per_hour" : "33116.8067327391",
          "miles_per_hour" : "20577.4958279067"
        },
        "miss_distance" : {
          "astronomical" : "0.1524802598",
          "lunar" : "59.3148193359",
          "kilometers" : "22810722",
          "miles" : "14173926"
        },
        "orbiting_body" : "Earth"
      } ],
      "orbital_data" : {
        "orbit_id" : "27",
        "orbit_determination_date" : "2017-04-06 09:09:25",
        "orbit_uncertainty" : "1",
        "minimum_orbit_intersection" : ".134006",
        "jupiter_tisserand_invariant" : "3.674",
        "epoch_osculation" : "2458000.5",
        "eccentricity" : ".470952077087021",
        "semi_major_axis" : "2.006490258237095",
        "inclination" : "9.580141750817257",
        "ascending_node_longitude" : "119.6503342114507",
        "orbital_period" : "1038.135422919805",
        "perihelion_distance" : "1.061529503465462",
        "perihelion_argument" : "53.31114767301833",
        "aphelion_distance" : "2.951451013008727",
        "perihelion_time" : "2457957.648136254692",
        "mean_anomaly" : "14.85997935117442",
        "mean_motion" : ".3467755670907395",
        "equinox" : "J2000"
      }
    }, {
      "links" : {
        "self" : "https://api.nasa.gov/neo/rest/v1/neo/3314048?api_key=t0TVs3DtDT2H8Oy2Zy8m2eVrNsAVKAexjcZXUckd"
      },
      "neo_reference_id" : "3314048",
      "name" : "(2006 BJ55)",
      "nasa_jpl_url" : "http://ssd.jpl.nasa.gov/sbdb.cgi?sstr=3314048",
      "absolute_magnitude_h" : 24.2,
      "estimated_diameter" : {
        "kilometers" : {
          "estimated_diameter_min" : 0.0384197891,
          "estimated_diameter_max" : 0.0859092601
        },
        "meters" : {
          "estimated_diameter_min" : 38.4197891064,
          "estimated_diameter_max" : 85.9092601232
        },
        "miles" : {
          "estimated_diameter_min" : 0.0238729428,
          "estimated_diameter_max" : 0.0533815229
        },
        "feet" : {
          "estimated_diameter_min" : 126.0491808919,
          "estimated_diameter_max" : 281.8545369825
        }
      },
      "is_potentially_hazardous_asteroid" : false,
      "close_approach_data" : [ {
        "close_approach_date" : "2006-02-15",
        "epoch_date_close_approach" : 1139990400000,
        "relative_velocity" : {
          "kilometers_per_second" : "5.7763190905",
          "kilometers_per_hour" : "20794.7487257343",
          "miles_per_hour" : "12921.0481734986"
        },
        "miss_distance" : {
          "astronomical" : "0.0481663127",
          "lunar" : "18.7366962433",
          "kilometers" : "7205578",
          "miles" : "4477338.5"
        },
        "orbiting_body" : "Earth"
      } ],
      "orbital_data" : {
        "orbit_id" : "10",
        "orbit_determination_date" : "2017-04-06 09:09:14",
        "orbit_uncertainty" : "6",
        "minimum_orbit_intersection" : ".0274085",
        "jupiter_tisserand_invariant" : "5.937",
        "epoch_osculation" : "2458000.5",
        "eccentricity" : ".128312726834268",
        "semi_major_axis" : "1.028346942990704",
        "inclination" : "5.903973907216583",
        "ascending_node_longitude" : "307.4472584067585",
        "orbital_period" : "380.8973216999961",
        "perihelion_distance" : ".8963969426038833",
        "perihelion_argument" : "288.8073597080477",
        "aphelion_distance" : "1.160296943377525",
        "perihelion_time" : "2458047.711185224608",
        "mean_anomaly" : "315.3789808628657",
        "mean_motion" : ".9451366011009777",
        "equinox" : "J2000"
      }
    }, {
      "links" : {
        "self" : "https://api.nasa.gov/neo/rest/v1/neo/3402134?api_key=t0TVs3DtDT2H8Oy2Zy8m2eVrNsAVKAexjcZXUckd"
      },
      "neo_reference_id" : "3402134",
      "name" : "(2008 CL20)",
      "nasa_jpl_url" : "http://ssd.jpl.nasa.gov/sbdb.cgi?sstr=3402134",
      "absolute_magnitude_h" : 25.3,
      "estimated_diameter" : {
        "kilometers" : {
          "estimated_diameter_min" : 0.0231502122,
          "estimated_diameter_max" : 0.0517654482
        },
        "meters" : {
          "estimated_diameter_min" : 23.150212221,
          "estimated_diameter_max" : 51.7654482198
        },
        "miles" : {
          "estimated_diameter_min" : 0.0143848705,
          "estimated_diameter_max" : 0.0321655483
        },
        "feet" : {
          "estimated_diameter_min" : 75.9521422633,
          "estimated_diameter_max" : 169.8341531374
        }
      },
      "is_potentially_hazardous_asteroid" : false,
      "close_approach_data" : [ {
        "close_approach_date" : "2006-02-15",
        "epoch_date_close_approach" : 1139990400000,
        "relative_velocity" : {
          "kilometers_per_second" : "10.6393996998",
          "kilometers_per_hour" : "38301.8389192746",
          "miles_per_hour" : "23799.2731884793"
        },
        "miss_distance" : {
          "astronomical" : "0.0614269311",
          "lunar" : "23.8950767517",
          "kilometers" : "9189338",
          "miles" : "5709990"
        },
        "orbiting_body" : "Earth"
      } ],
      "orbital_data" : {
        "orbit_id" : "11",
        "orbit_determination_date" : "2017-04-06 09:04:29",
        "orbit_uncertainty" : "7",
        "minimum_orbit_intersection" : ".0174886",
        "jupiter_tisserand_invariant" : "7.484",
        "epoch_osculation" : "2458000.5",
        "eccentricity" : ".3187798659007469",
        "semi_major_axis" : ".7669379674818089",
        "inclination" : "15.96749826892515",
        "ascending_node_longitude" : "321.2516247497641",
        "orbital_period" : "245.323292150214",
        "perihelion_distance" : ".5224535850537665",
        "perihelion_argument" : "349.6954035178186",
        "aphelion_distance" : "1.011422349909851",
        "perihelion_time" : "2458049.810063718708",
        "mean_anomaly" : "287.6398796741025",
        "mean_motion" : "1.467451365276674",
        "equinox" : "J2000"
      }
    }, {
      "links" : {
        "self" : "https://api.nasa.gov/neo/rest/v1/neo/3423827?api_key=t0TVs3DtDT2H8Oy2Zy8m2eVrNsAVKAexjcZXUckd"
      },
      "neo_reference_id" : "3423827",
      "name" : "(2008 PR9)",
      "nasa_jpl_url" : "http://ssd.jpl.nasa.gov/sbdb.cgi?sstr=3423827",
      "absolute_magnitude_h" : 22.5,
      "estimated_diameter" : {
        "kilometers" : {
          "estimated_diameter_min" : 0.0840533402,
          "estimated_diameter_max" : 0.1879489824
        },
        "meters" : {
          "estimated_diameter_min" : 84.0533402073,
          "estimated_diameter_max" : 187.9489824394
        },
        "miles" : {
          "estimated_diameter_min" : 0.0522283081,
          "estimated_diameter_max" : 0.1167860472
        },
        "feet" : {
          "estimated_diameter_min" : 275.7655606856,
          "estimated_diameter_max" : 616.6305395464
        }
      },
      "is_potentially_hazardous_asteroid" : false,
      "close_approach_data" : [ {
        "close_approach_date" : "2006-02-15",
        "epoch_date_close_approach" : 1139990400000,
        "relative_velocity" : {
          "kilometers_per_second" : "16.5464010829",
          "kilometers_per_hour" : "59567.0438983298",
          "miles_per_hour" : "37012.6445822706"
        },
        "miss_distance" : {
          "astronomical" : "0.4524276693",
          "lunar" : "175.994354248",
          "kilometers" : "67682216",
          "miles" : "42055780"
        },
        "orbiting_body" : "Earth"
      } ],
      "orbital_data" : {
        "orbit_id" : "11",
        "orbit_determination_date" : "2017-04-06 09:03:05",
        "orbit_uncertainty" : "3",
        "minimum_orbit_intersection" : ".0220646",
        "jupiter_tisserand_invariant" : "6.247",
        "epoch_osculation" : "2458000.5",
        "eccentricity" : ".5117600827034207",
        "semi_major_axis" : ".9431810343654431",
        "inclination" : "3.304283490519959",
        "ascending_node_longitude" : "18.97758693305753",
        "orbital_period" : "334.5730965359427",
        "perihelion_distance" : ".4604986302142861",
        "perihelion_argument" : "75.41030964902562",
        "aphelion_distance" : "1.4258634385166",
        "perihelion_time" : "2458113.650042404269",
        "mean_anomaly" : "238.2507748313202",
        "mean_motion" : "1.075998051628535",
        "equinox" : "J2000"
      }
    } ]
  }
}