{
  "links" : {
    "next" : "https://api.nasa.gov/neo/rest/v1/feed?start_date=2008-02-16&end_date=2008-02-16&detailed=true&api_key=t0TVs3DtDT2H8Oy2Zy8m2eVrNsAVKAexjcZXUckd",
    "prev" : "https://api.nasa.gov/neo/rest/v1/feed?start_date=2008-02-14&end_date=2008-02-14&detailed=true&api_key=t0TVs3DtDT2H8Oy2Zy8m2eVrNsAVKAexjcZXUckd",
    "self" : "https://api.nasa.gov/neo/rest/v1/feed?start_date=2008-02-15&end_date=2008-02-15&detailed=true&api_key=t0TVs3DtDT2H8Oy2Zy8m2eVrNsAVKAexjcZXUckd"
  },
  "element_count" : 11,
  "near_earth_objects" : {
    "2008-02-15" : [ {
      "links" : {
        "self" : "https://api.nasa.gov/neo/rest/v1/neo/3404128?api_key=t0TVs3DtDT2H8Oy2Zy8m2eVrNsAVKAexjcZXUckd"
      },
      "neo_reference_id" : "3404128",
      "name" : "(2008 DA4)",
      "nasa_jpl_url" : "http://ssd.jpl.nasa.gov/sbdb.cgi?sstr=3404128",
      "absolute_magnitude_h" : 23.9,
      "estimated_diameter" : {
        "kilometers" : {
          "estimated_diameter_min" : 0.04411182,
          "estimated_diameter_max" : 0.0986370281
        },
        "meters" : {
          "estimated_diameter_min" : 44.1118199997,
          "estimated_diameter_max" : 98.6370281305
        },
        "miles" : {
          "estimated_diameter_min" : 0.0274098057,
          "estimated_diameter_max" : 0.0612901888
        },
        "feet" : {
          "estimated_diameter_min" : 144.7238235278,
          "estimated_diameter_max" : 323.6123073718
        }
      },
      "is_potentially_hazardous_asteroid" : false,
      "close_approach_data" : [ {
        "close_approach_date" : "2008-02-15",
        "epoch_date_close_approach" : 1203062400000,
        "relative_velocity" : {
          "kilometers_per_second" : "12.2646591218",
          "kilometers_per_hour" : "44152.7728385023",
          "miles_per_hour" : "27434.8159895683"
        },
        "miss_distance" : {
          "astronomical" : "0.0241660029",
          "lunar" : "9.4005746841",
          "kilometers" : "3615182.5",
          "miles" : "2246370.25"
        },
        "orbiting_body" : "Earth"
      } ],
      "orbital_data" : {
        "orbit_id" : "17",
        "orbit_determination_date" : "2017-04-06 09:04:15",
        "orbit_uncertainty" : "7",
        "minimum_orbit_intersection" : ".00665687",
        "jupiter_tisserand_invariant" : "3.208",
        "epoch_osculation" : "2458000.5",
        "eccentricity" : ".6252573539296924",
        "semi_major_axis" : "2.425726740519444",
        "inclination" : "4.215487041976729",
        "ascending_node_longitude" : "146.5461036644564",
        "orbital_period" : "1379.943294682648",
        "perihelion_distance" : ".9090232573857587",
        "perihelion_argument" : "317.5183789432434",
        "aphelion_distance" : "3.942430223653128",
        "perihelion_time" : "2458621.475366719087",
        "mean_anomaly" : "197.9997693526369",
        "mean_motion" : ".2608802849995302",
        "equinox" : "J2000"
      }
    }, {
      "links" : {
        "self" : "https://api.nasa.gov/neo/rest/v1/neo/2162567?api_key=t0TVs3DtDT2H8Oy2Zy8m2eVrNsAVKAexjcZXUckd"
      },
      "neo_reference_id" : "2162567",
      "name" : "162567 (2000 RW37)",
      "nasa_jpl_url" : "http://ssd.jpl.nasa.gov/sbdb.cgi?sstr=2162567",
      "absolute_magnitude_h" : 19.9,
      "estimated_diameter" : {
        "kilometers" : {
          "estimated_diameter_min" : 0.2783267681,
          "estimated_diameter_max" : 0.6223575734
        },
        "meters" : {
          "estimated_diameter_min" : 278.3267680719,
          "estimated_diameter_max" : 622.3575733667
        },
        "miles" : {
          "estimated_diameter_min" : 0.1729441822,
          "estimated_diameter_max" : 0.3867149477
        },
        "feet" : {
          "estimated_diameter_min" : 913.1455937611,
          "estimated_diameter_max" : 2041.8556210042
        }
      },
      "is_potentially_hazardous_asteroid" : true,
      "close_approach_data" : [ {
        "close_approach_date" : "2008-02-15",
        "epoch_date_close_approach" : 1203062400000,
        "relative_velocity" : {
          "kilometers_per_second" : "8.1689109907",
          "kilometers_per_hour" : "29408.0795665091",
          "miles_per_hour" : "18273.0369950901"
        },
        "miss_distance" : {
          "astronomical" : "0.0718880607",
          "lunar" : "27.9644546509",
          "kilometers" : "10754301",
          "miles" : "6682412.5"
        },
        "orbiting_body" : "Earth"
      } ],
      "orbital_data" : {
        "orbit_id" : "55",
        "orbit_determination_date" : "2017-04-06 09:26:28",
        "orbit_uncertainty" : "0",
        "minimum_orbit_intersection" : ".00930409",
        "jupiter_tisserand_invariant" : "5.092",
        "epoch_osculation" : "2458000.5",
        "eccentricity" : ".2501024399171",
        "semi_major_axis" : "1.247573944212059",
        "inclination" : "13.74615530595768",
        "ascending_node_longitude" : "333.3319041693359",
        "orbital_period" : "508.9766637485827",
        "perihelion_distance" : ".9355526567876234",
        "perihelion_argument" : "133.2298309059705",
        "aphelion_distance" : "1.559595231636496",
        "perihelion_time" : "2458038.497438942104",
        "mean_anomaly" : "333.1243512847686",
        "mean_motion" : ".7073015830404119",
        "equinox" : "J2000"
      }
    }, {
      "links" : {
        "self" : "https://api.nasa.gov/neo/rest/v1/neo/2163693?api_key=t0TVs3DtDT2H8Oy2Zy8m2eVrNsAVKAexjcZXUckd"
      },
      "neo_reference_id" : "2163693",
      "name" : "163693 Atira (2003 CP20)",
      "nasa_jpl_url" : "http://ssd.jpl.nasa.gov/sbdb.cgi?sstr=2163693",
      "absolute_magnitude_h" : 16.3,
      "estimated_diameter" : {
        "kilometers" : {
          "estimated_diameter_min" : 1.4606796427,
          "estimated_diameter_max" : 3.2661789745
        },
        "meters" : {
          "estimated_diameter_min" : 1460.6796427136,
          "estimated_diameter_max" : 3266.1789744576
        },
        "miles" : {
          "estimated_diameter_min" : 0.9076239703,
          "estimated_diameter_max" : 2.0295088955
        },
        "feet" : {
          "estimated_diameter_min" : 4792.2561990004,
          "estimated_diameter_max" : 10715.8106265596
        }
      },
      "is_potentially_hazardous_asteroid" : false,
      "close_approach_data" : [ {
        "close_approach_date" : "2008-02-15",
        "epoch_date_close_approach" : 1203062400000,
        "relative_velocity" : {
          "kilometers_per_second" : "24.1737575764",
          "kilometers_per_hour" : "87025.5272749234",
          "miles_per_hour" : "54074.2783225767"
        },
        "miss_distance" : {
          "astronomical" : "0.4367708127",
          "lunar" : "169.9038543701",
          "kilometers" : "65339988",
          "miles" : "40600384"
        },
        "orbiting_body" : "Earth"
      } ],
      "orbital_data" : {
        "orbit_id" : "84",
        "orbit_determination_date" : "2017-08-02 06:21:20",
        "orbit_uncertainty" : "0",
        "minimum_orbit_intersection" : ".205902",
        "jupiter_tisserand_invariant" : "7.666",
        "epoch_osculation" : "2458000.5",
        "eccentricity" : ".3221493022499302",
        "semi_major_axis" : ".7410810355049036",
        "inclination" : "25.61780739807997",
        "ascending_node_longitude" : "103.8991143235559",
        "orbital_period" : "233.0220273374321",
        "perihelion_distance" : ".5023422970063431",
        "perihelion_argument" : "252.9324200567315",
        "aphelion_distance" : ".979819774003464",
        "perihelion_time" : "2457947.567091775550",
        "mean_anomaly" : "81.77701987464016",
        "mean_motion" : "1.544918324303715",
        "equinox" : "J2000"
      }
    }, {
      "links" : {
        "self" : "https://api.nasa.gov/neo/rest/v1/neo/3402249?api_key=t0TVs3DtDT2H8Oy2Zy8m2eVrNsAVKAexjcZXUckd"
      },
      "neo_reference_id" : "3402249",
      "name" : "(2008 CK70)",
      "nasa_jpl_url" : "http://ssd.jpl.nasa.gov/sbdb.cgi?sstr=3402249",
      "absolute_magnitude_h" : 24.9,
      "estimated_diameter" : {
        "kilometers" : {
          "estimated_diameter_min" : 0.0278326768,
          "estimated_diameter_max" : 0.0622357573
        },
        "meters" : {
          "estimated_diameter_min" : 27.8326768072,
          "estimated_diameter_max" : 62.2357573367
        },
        "miles" : {
          "estimated_diameter_min" : 0.0172944182,
          "estimated_diameter_max" : 0.0386714948
        },
        "feet" : {
          "estimated_diameter_min" : 91.3145593761,
          "estimated_diameter_max" : 204.1855621004
        }
      },
      "is_potentially_hazardous_asteroid" : false,
      "close_approach_data" : [ {
        "close_approach_date" : "2008-02-15",
        "epoch_date_close_approach" : 1203062400000,
        "relative_velocity" : {
          "kilometers_per_second" : "15.4438001637",
          "kilometers_per_hour" : "55597.6805893031",
          "miles_per_hour" : "34546.23658617"
        },
        "miss_distance" : {
          "astronomical" : "0.0024813724",
          "lunar" : "0.96525383",
          "kilometers" : "371208.03125",
          "miles" : "230657.96875"
        },
        "orbiting_body" : "Earth"
      } ],
      "orbital_data" : {
        "orbit_id" : "13",
        "orbit_determination_date" : "2017-04-06 09:04:24",
        "orbit_uncertainty" : "6",
        "minimum_orbit_intersection" : "9.11656E-5",
        "jupiter_tisserand_invariant" : "5.526",
        "epoch_osculation" : "2458000.5",
        "eccentricity" : ".4694602563724672",
        "semi_major_axis" : "1.103002682457404",
        "inclination" : "6.075099589539104",
        "ascending_node_longitude" : "145.7503038348923",
        "orbital_period" : "423.1197328560906",
        "perihelion_distance" : ".5851867603714319",
        "perihelion_argument" : "105.8638802004582",
        "aphelion_distance" : "1.620818604543376",
        "perihelion_time" : "2457956.985059116149",
        "mean_anomaly" : "37.02351249950921",
        "mean_motion" : ".8508229988943613",
        "equinox" : "J2000"
      }
    }, {
      "links" : {
        "self" : "https://api.nasa.gov/neo/rest/v1/neo/3402366?api_key=t0TVs3DtDT2H8Oy2Zy8m2eVrNsAVKAexjcZXUckd"
      },
      "neo_reference_id" : "3402366",
      "name" : "(2008 CM74)",
      "nasa_jpl_url" : "http://ssd.jpl.nasa.gov/sbdb.cgi?sstr=3402366",
      "absolute_magnitude_h" : 28.1,
      "estimated_diameter" : {
        "kilometers" : {
          "estimated_diameter_min" : 0.0063760979,
          "estimated_diameter_max" : 0.0142573883
        },
        "meters" : {
          "estimated_diameter_min" : 6.3760978988,
          "estimated_diameter_max" : 14.2573883328
        },
        "miles" : {
          "estimated_diameter_min" : 0.0039619223,
          "estimated_diameter_max" : 0.0088591276
        },
        "feet" : {
          "estimated_diameter_min" : 20.9189570301,
          "estimated_diameter_max" : 46.7762099378
        }
      },
      "is_potentially_hazardous_asteroid" : false,
      "close_approach_data" : [ {
        "close_approach_date" : "2008-02-15",
        "epoch_date_close_approach" : 1203062400000,
        "relative_velocity" : {
          "kilometers_per_second" : "4.3439613931",
          "kilometers_per_hour" : "15638.2610151014",
          "miles_per_hour" : "9717.007240189"
        },
        "miss_distance" : {
          "astronomical" : "0.0063569258",
          "lunar" : "2.4728441238",
          "kilometers" : "950982.5625",
          "miles" : "590913.1875"
        },
        "orbiting_body" : "Earth"
      } ],
      "orbital_data" : {
        "orbit_id" : "8",
        "orbit_determination_date" : "2017-04-06 09:04:23",
        "orbit_uncertainty" : "6",
        "minimum_orbit_intersection" : ".00148675",
        "jupiter_tisserand_invariant" : "5.683",
        "epoch_osculation" : "2458000.5",
        "eccentricity" : ".146856260799261",
        "semi_major_axis" : "1.089053469538053",
        "inclination" : ".855024452061671",
        "ascending_node_longitude" : "321.5308626919821",
        "orbital_period" : "415.1186365824448",
        "perihelion_distance" : ".9291191491912323",
        "perihelion_argument" : "242.7486861250422",
        "aphelion_distance" : "1.248987789884873",
        "perihelion_time" : "2457884.006484277562",
        "mean_anomaly" : "101.025735691702",
        "mean_motion" : ".8672219656621032",
        "equinox" : "J2000"
      }
    }, {
      "links" : {
        "self" : "https://api.nasa.gov/neo/rest/v1/neo/3402615?api_key=t0TVs3DtDT2H8Oy2Zy8m2eVrNsAVKAexjcZXUckd"
      },
      "neo_reference_id" : "3402615",
      "name" : "(2008 CN116)",
      "nasa_jpl_url" : "http://ssd.jpl.nasa.gov/sbdb.cgi?sstr=3402615",
      "absolute_magnitude_h" : 26.6,
      "estimated_diameter" : {
        "kilometers" : {
          "estimated_diameter_min" : 0.0127219879,
          "estimated_diameter_max" : 0.0284472297
        },
        "meters" : {
          "estimated_diameter_min" : 12.7219878539,
          "estimated_diameter_max" : 28.4472296503
        },
        "miles" : {
          "estimated_diameter_min" : 0.0079050743,
          "estimated_diameter_max" : 0.0176762835
        },
        "feet" : {
          "estimated_diameter_min" : 41.7388066307,
          "estimated_diameter_max" : 93.330808926
        }
      },
      "is_potentially_hazardous_asteroid" : false,
      "close_approach_data" : [ {
        "close_approach_date" : "2008-02-15",
        "epoch_date_close_approach" : 1203062400000,
        "relative_velocity" : {
          "kilometers_per_second" : "10.2867385442",
          "kilometers_per_hour" : "37032.2587592186",
          "miles_per_hour" : "23010.4054495823"
        },
        "miss_distance" : {
          "astronomical" : "0.0148237167",
          "lunar" : "5.7664260864",
          "kilometers" : "2217596.5",
          "miles" : "1377950.625"
        },
        "orbiting_body" : "Earth"
      } ],
      "orbital_data" : {
        "orbit_id" : "7",
        "orbit_determination_date" : "2017-04-06 09:04:22",
        "orbit_uncertainty" : "7",
        "minimum_orbit_intersection" : ".00680775",
        "jupiter_tisserand_invariant" : "5.169",
        "epoch_osculation" : "2458000.5",
        "eccentricity" : ".3612925748471869",
        "semi_major_axis" : "1.219608542880369",
        "inclination" : "2.388737975248496",
        "ascending_node_longitude" : "135.6595896216836",
        "orbital_period" : "491.9592304836144",
        "perihelion_distance" : ".7789730321174946",
        "perihelion_argument" : "87.74884981548058",
        "aphelion_distance" : "1.660244053643243",
        "perihelion_time" : "2458011.339289329993",
        "mean_anomaly" : "352.0681554140949",
        "mean_motion" : ".7317679549301402",
        "equinox" : "J2000"
      }
    }, {
      "links" : {
        "self" : "https://api.nasa.gov/neo/rest/v1/neo/3405148?api_key=t0TVs3DtDT2H8Oy2Zy8m2eVrNsAVKAexjcZXUckd"
      },
      "neo_reference_id" : "3405148",
      "name" : "(2008 EA8)",
      "nasa_jpl_url" : "http://ssd.jpl.nasa.gov/sbdb.cgi?sstr=3405148",
      "absolute_magnitude_h" : 22.2,
      "estimated_diameter" : {
        "kilometers" : {
          "estimated_diameter_min" : 0.096506147,
          "estimated_diameter_max" : 0.2157943048
        },
        "meters" : {
          "estimated_diameter_min" : 96.5061469579,
          "estimated_diameter_max" : 215.7943048444
        },
        "miles" : {
          "estimated_diameter_min" : 0.059966121,
          "estimated_diameter_max" : 0.134088323
        },
        "feet" : {
          "estimated_diameter_min" : 316.6212271853,
          "estimated_diameter_max" : 707.9865871058
        }
      },
      "is_potentially_hazardous_asteroid" : false,
      "close_approach_data" : [ {
        "close_approach_date" : "2008-02-15",
        "epoch_date_close_approach" : 1203062400000,
        "relative_velocity" : {
          "kilometers_per_second" : "14.9656417822",
          "kilometers_per_hour" : "53876.310416077",
          "miles_per_hour" : "33476.6441027007"
        },
        "miss_distance" : {
          "astronomical" : "0.2771061828",
          "lunar" : "107.7943115234",
          "kilometers" : "41454496",
          "miles" : "25758630"
        },
        "orbiting_body" : "Earth"
      } ],
      "orbital_data" : {
        "orbit_id" : "9",
        "orbit_determination_date" : "2017-04-06 09:04:06",
        "orbit_uncertainty" : "8",
        "minimum_orbit_intersection" : ".0054831",
        "jupiter_tisserand_invariant" : "6.064",
        "epoch_osculation" : "2454535.5",
        "eccentricity" : ".6735632464546422",
        "semi_major_axis" : ".9583407339477522",
        "inclination" : "1.792697118894426",
        "ascending_node_longitude" : "225.475549214714",
        "orbital_period" : "342.6717866901344",
        "perihelion_distance" : ".3128376379801797",
        "perihelion_argument" : "145.7097650692843",
        "aphelion_distance" : "1.603843829915325",
        "perihelion_time" : "2454442.045920601964",
        "mean_anomaly" : "98.17986157616041",
        "mean_motion" : "1.050567960313391",
        "equinox" : "J2000"
      }
    }, {
      "links" : {
        "self" : "https://api.nasa.gov/neo/rest/v1/neo/3507718?api_key=t0TVs3DtDT2H8Oy2Zy8m2eVrNsAVKAexjcZXUckd"
      },
      "neo_reference_id" : "3507718",
      "name" : "(2010 CO1)",
      "nasa_jpl_url" : "http://ssd.jpl.nasa.gov/sbdb.cgi?sstr=3507718",
      "absolute_magnitude_h" : 21.8,
      "estimated_diameter" : {
        "kilometers" : {
          "estimated_diameter_min" : 0.1160259082,
          "estimated_diameter_max" : 0.2594418179
        },
        "meters" : {
          "estimated_diameter_min" : 116.0259082094,
          "estimated_diameter_max" : 259.4418179074
        },
        "miles" : {
          "estimated_diameter_min" : 0.0720951346,
          "estimated_diameter_max" : 0.1612096218
        },
        "feet" : {
          "estimated_diameter_min" : 380.6624406898,
          "estimated_diameter_max" : 851.1870938635
        }
      },
      "is_potentially_hazardous_asteroid" : true,
      "close_approach_data" : [ {
        "close_approach_date" : "2008-02-15",
        "epoch_date_close_approach" : 1203062400000,
        "relative_velocity" : {
          "kilometers_per_second" : "21.8575264935",
          "kilometers_per_hour" : "78687.0953765568",
          "miles_per_hour" : "48893.1010132833"
        },
        "miss_distance" : {
          "astronomical" : "0.3653433814",
          "lunar" : "142.1185760498",
          "kilometers" : "54654592",
          "miles" : "33960792"
        },
        "orbiting_body" : "Earth"
      } ],
      "orbital_data" : {
        "orbit_id" : "18",
        "orbit_determination_date" : "2017-09-05 07:19:28",
        "orbit_uncertainty" : "1",
        "minimum_orbit_intersection" : ".0220561",
        "jupiter_tisserand_invariant" : "5.928",
        "epoch_osculation" : "2458000.5",
        "eccentricity" : ".2180207923508526",
        "semi_major_axis" : "1.012051619574589",
        "inclination" : "24.01833222593226",
        "ascending_node_longitude" : "351.6002285202827",
        "orbital_period" : "371.8796582523968",
        "perihelion_distance" : ".7914033235749739",
        "perihelion_argument" : "252.555947541142",
        "aphelion_distance" : "1.232699915574205",
        "perihelion_time" : "2457914.591769675529",
        "mean_anomaly" : "83.16390055360169",
        "mean_motion" : ".9680551006521201",
        "equinox" : "J2000"
      }
    }, {
      "links" : {
        "self" : "https://api.nasa.gov/neo/rest/v1/neo/3638501?api_key=t0TVs3DtDT2H8Oy2Zy8m2eVrNsAVKAexjcZXUckd"
      },
      "neo_reference_id" : "3638501",
      "name" : "(2013 JG29)",
      "nasa_jpl_url" : "http://ssd.jpl.nasa.gov/sbdb.cgi?sstr=3638501",
      "absolute_magnitude_h" : 20.7,
      "estimated_diameter" : {
        "kilometers" : {
          "estimated_diameter_min" : 0.1925550782,
          "estimated_diameter_max" : 0.4305662442
        },
        "meters" : {
          "estimated_diameter_min" : 192.5550781879,
          "estimated_diameter_max" : 430.566244241
        },
        "miles" : {
          "estimated_diameter_min" : 0.1196481415,
          "estimated_diameter_max" : 0.2675413778
        },
        "feet" : {
          "estimated_diameter_min" : 631.7424027221,
          "estimated_diameter_max" : 1412.6189567557
        }
      },
      "is_potentially_hazardous_asteroid" : false,
      "close_approach_data" : [ {
        "close_approach_date" : "2008-02-15",
        "epoch_date_close_approach" : 1203062400000,
        "relative_velocity" : {
          "kilometers_per_second" : "14.1588863651",
          "kilometers_per_hour" : "50971.9909143611",
          "miles_per_hour" : "31672.0129100929"
        },
        "miss_distance" : {
          "astronomical" : "0.2553784087",
          "lunar" : "99.3421936035",
          "kilometers" : "38204064",
          "miles" : "23738906"
        },
        "orbiting_body" : "Earth"
      } ],
      "orbital_data" : {
        "orbit_id" : "13",
        "orbit_determination_date" : "2017-04-06 08:45:48",
        "orbit_uncertainty" : "6",
        "minimum_orbit_intersection" : ".0977096",
        "jupiter_tisserand_invariant" : "3.765",
        "epoch_osculation" : "2458000.5",
        "eccentricity" : ".5982677112404732",
        "semi_major_axis" : "1.843584379487115",
        "inclination" : "8.932466730351456",
        "ascending_node_longitude" : "104.8976220546724",
        "orbital_period" : "914.3089193736183",
        "perihelion_distance" : ".7406273722926707",
        "perihelion_argument" : "28.39819718617556",
        "aphelion_distance" : "2.946541386681559",
        "perihelion_time" : "2458162.974007388675",
        "mean_anomaly" : "296.027483249322",
        "mean_motion" : ".3937400066562093",
        "equinox" : "J2000"
      }
    }, {
      "links" : {
        "self" : "https://api.nasa.gov/neo/rest/v1/neo/3764727?api_key=t0TVs3DtDT2H8Oy2Zy8m2eVrNsAVKAexjcZXUckd"
      },
      "neo_reference_id" : "3764727",
      "name" : "(2016 WF7)",
      "nasa_jpl_url" : "http://ssd.jpl.nasa.gov/sbdb.cgi?sstr=3764727",
      "absolute_magnitude_h" : 28.8,
      "estimated_diameter" : {
        "kilometers" : {
          "estimated_diameter_min" : 0.0046190746,
          "estimated_diameter_max" : 0.0103285648
        },
        "meters" : {
          "estimated_diameter_min" : 4.6190746028,
          "estimated_diameter_max" : 10.328564805
        },
        "miles" : {
          "estimated_diameter_min" : 0.002870159,
          "estimated_diameter_max" : 0.0064178706
        },
        "feet" : {
          "estimated_diameter_min" : 15.1544447199,
          "estimated_diameter_max" : 33.886368555
        }
      },
      "is_potentially_hazardous_asteroid" : false,
      "close_approach_data" : [ {
        "close_approach_date" : "2008-02-15",
        "epoch_date_close_approach" : 1203062400000,
        "relative_velocity" : {
          "kilometers_per_second" : "5.3146087811",
          "kilometers_per_hour" : "19132.5916119258",
          "miles_per_hour" : "11888.2483824213"
        },
        "miss_distance" : {
          "astronomical" : "0.0470445075",
          "lunar" : "18.3003139496",
          "kilometers" : "7037758.5",
          "miles" : "4373060.5"
        },
        "orbiting_body" : "Earth"
      } ],
      "orbital_data" : {
        "orbit_id" : "6",
        "orbit_determination_date" : "2017-04-06 08:21:58",
        "orbit_uncertainty" : "7",
        "minimum_orbit_intersection" : ".0033147",
        "jupiter_tisserand_invariant" : "6.754",
        "epoch_osculation" : "2458000.5",
        "eccentricity" : ".2379077525515878",
        "semi_major_axis" : ".8732832979942745",
        "inclination" : ".6467351461787517",
        "ascending_node_longitude" : "76.2381764637944",
        "orbital_period" : "298.0788472742083",
        "perihelion_distance" : ".6655224312276181",
        "perihelion_argument" : "208.6318518983579",
        "aphelion_distance" : "1.081044164760931",
        "perihelion_time" : "2457918.713005080428",
        "mean_anomaly" : "98.7769458996879",
        "mean_motion" : "1.207734139111285",
        "equinox" : "J2000"
      }
    }, {
      "links" : {
        "self" : "https://api.nasa.gov/neo/rest/v1/neo/3780644?api_key=t0TVs3DtDT2H8Oy2Zy8m2eVrNsAVKAexjcZXUckd"
      },
      "neo_reference_id" : "3780644",
      "name" : "(2017 PV25)",
      "nasa_jpl_url" : "http://ssd.jpl.nasa.gov/sbdb.cgi?sstr=3780644",
      "absolute_magnitude_h" : 24.621,
      "estimated_diameter" : {
        "kilometers" : {
          "estimated_diameter_min" : 0.0316486345,
          "estimated_diameter_max" : 0.0707684981
        },
        "meters" : {
          "estimated_diameter_min" : 31.6486344821,
          "estimated_diameter_max" : 70.768498097
        },
        "miles" : {
          "estimated_diameter_min" : 0.0196655437,
          "estimated_diameter_max" : 0.0439734924
        },
        "feet" : {
          "estimated_diameter_min" : 103.8341059543,
          "estimated_diameter_max" : 232.1801192966
        }
      },
      "is_potentially_hazardous_asteroid" : false,
      "close_approach_data" : [ {
        "close_approach_date" : "2008-02-15",
        "epoch_date_close_approach" : 1203062400000,
        "relative_velocity" : {
          "kilometers_per_second" : "7.4927031821",
          "kilometers_per_hour" : "26973.7314554065",
          "miles_per_hour" : "16760.4277479441"
        },
        "miss_distance" : {
          "astronomical" : "0.0343110279",
          "lunar" : "13.3469896317",
          "kilometers" : "5132856.5",
          "miles" : "3189409.25"
        },
        "orbiting_body" : "Earth"
      } ],
      "orbital_data" : {
        "orbit_id" : "7",
        "orbit_determination_date" : "2017-08-24 06:19:14",
        "orbit_uncertainty" : "5",
        "minimum_orbit_intersection" : ".0108365",
        "jupiter_tisserand_invariant" : "5.764",
        "epoch_osculation" : "2458000.5",
        "eccentricity" : ".2295007480174262",
        "semi_major_axis" : "1.065372437706664",
        "inclination" : "1.873327442871676",
        "ascending_node_longitude" : "304.5236062093725",
        "orbital_period" : "401.6526274476078",
        "perihelion_distance" : ".8208686663358356",
        "perihelion_argument" : "115.8423021018517",
        "aphelion_distance" : "1.309876209077492",
        "perihelion_time" : "2458060.494863886667",
        "mean_anomaly" : "306.2267902081197",
        "mean_motion" : ".8962968879046084",
        "equinox" : "J2000"
      }
    } ]
  }
}