{
  "links" : {
    "next" : "https://api.nasa.gov/neo/rest/v1/feed?start_date=2008-01-09&end_date=2008-01-09&detailed=true&api_key=t0TVs3DtDT2H8Oy2Zy8m2eVrNsAVKAexjcZXUckd",
    "prev" : "https://api.nasa.gov/neo/rest/v1/feed?start_date=2008-01-07&end_date=2008-01-07&detailed=true&api_key=t0TVs3DtDT2H8Oy2Zy8m2eVrNsAVKAexjcZXUckd",
    "self" : "https://api.nasa.gov/neo/rest/v1/feed?start_date=2008-01-08&end_date=2008-01-08&detailed=true&api_key=t0TVs3DtDT2H8Oy2Zy8m2eVrNsAVKAexjcZXUckd"
  },
  "element_count" : 9,
  "near_earth_objects" : {
    "2008-01-08" : [ {
      "links" : {
        "self" : "https://api.nasa.gov/neo/rest/v1/neo/2177049?api_key=t0TVs3DtDT2H8Oy2Zy8m2eVrNsAVKAexjcZXUckd"
      },
      "neo_reference_id" : "2177049",
      "name" : "177049 (2003 EE16)",
      "nasa_jpl_url" : "http://ssd.jpl.nasa.gov/sbdb.cgi?sstr=2177049",
      "absolute_magnitude_h" : 19.7,
      "estimated_diameter" : {
        "kilometers" : {
          "estimated_diameter_min" : 0.3051792326,
          "estimated_diameter_max" : 0.6824015094
        },
        "meters" : {
          "estimated_diameter_min" : 305.1792325939,
          "estimated_diameter_max" : 682.4015094011
        },
        "miles" : {
          "estimated_diameter_min" : 0.1896295249,
          "estimated_diameter_max" : 0.4240245083
        },
        "feet" : {
          "estimated_diameter_min" : 1001.2442334633,
          "estimated_diameter_max" : 2238.8501681036
        }
      },
      "is_potentially_hazardous_asteroid" : true,
      "close_approach_data" : [ {
        "close_approach_date" : "2008-01-08",
        "epoch_date_close_approach" : 1199779200000,
        "relative_velocity" : {
          "kilometers_per_second" : "11.6068909324",
          "kilometers_per_hour" : "41784.8073566771",
          "miles_per_hour" : "25963.4543267086"
        },
        "miss_distance" : {
          "astronomical" : "0.2513156777",
          "lunar" : "97.7618026733",
          "kilometers" : "37596292",
          "miles" : "23361252"
        },
        "orbiting_body" : "Earth"
      } ],
      "orbital_data" : {
        "orbit_id" : "79",
        "orbit_determination_date" : "2017-04-06 09:25:53",
        "orbit_uncertainty" : "0",
        "minimum_orbit_intersection" : ".000142954",
        "jupiter_tisserand_invariant" : "4.495",
        "epoch_osculation" : "2458000.5",
        "eccentricity" : ".6144685576724472",
        "semi_major_axis" : "1.417299915877861",
        "inclination" : ".650214690683878",
        "ascending_node_longitude" : "127.1351985119613",
        "orbital_period" : "616.2984406568538",
        "perihelion_distance" : ".546413680779111",
        "perihelion_argument" : "259.5974516853921",
        "aphelion_distance" : "2.288186150976612",
        "perihelion_time" : "2458125.869574091676",
        "mean_anomaly" : "286.7675468643076",
        "mean_motion" : ".5841325829354854",
        "equinox" : "J2000"
      }
    }, {
      "links" : {
        "self" : "https://api.nasa.gov/neo/rest/v1/neo/3174184?api_key=t0TVs3DtDT2H8Oy2Zy8m2eVrNsAVKAexjcZXUckd"
      },
      "neo_reference_id" : "3174184",
      "name" : "(2004 BG41)",
      "nasa_jpl_url" : "http://ssd.jpl.nasa.gov/sbdb.cgi?sstr=3174184",
      "absolute_magnitude_h" : 24.4,
      "estimated_diameter" : {
        "kilometers" : {
          "estimated_diameter_min" : 0.0350392641,
          "estimated_diameter_max" : 0.0783501764
        },
        "meters" : {
          "estimated_diameter_min" : 35.0392641108,
          "estimated_diameter_max" : 78.3501764334
        },
        "miles" : {
          "estimated_diameter_min" : 0.0217723826,
          "estimated_diameter_max" : 0.0486845275
        },
        "feet" : {
          "estimated_diameter_min" : 114.9582192654,
          "estimated_diameter_max" : 257.0543928497
        }
      },
      "is_potentially_hazardous_asteroid" : false,
      "close_approach_data" : [ {
        "close_approach_date" : "2008-01-08",
        "epoch_date_close_approach" : 1199779200000,
        "relative_velocity" : {
          "kilometers_per_second" : "8.3884585114",
          "kilometers_per_hour" : "30198.4506411924",
          "miles_per_hour" : "18764.1428442454"
        },
        "miss_distance" : {
          "astronomical" : "0.0131288769",
          "lunar" : "5.1071329117",
          "kilometers" : "1964052",
          "miles" : "1220405.375"
        },
        "orbiting_body" : "Earth"
      } ],
      "orbital_data" : {
        "orbit_id" : "15",
        "orbit_determination_date" : "2017-04-06 09:13:15",
        "orbit_uncertainty" : "0",
        "minimum_orbit_intersection" : ".0135172",
        "jupiter_tisserand_invariant" : "3.173",
        "epoch_osculation" : "2458000.5",
        "eccentricity" : ".6099499391599853",
        "semi_major_axis" : "2.509106338665483",
        "inclination" : "2.978222520122809",
        "ascending_node_longitude" : "301.1907079389383",
        "orbital_period" : "1451.700506112319",
        "perihelion_distance" : ".9786770800505382",
        "perihelion_argument" : "153.4537546135031",
        "aphelion_distance" : "4.039535597280428",
        "perihelion_time" : "2457375.470143810026",
        "mean_anomaly" : "154.99805041122",
        "mean_motion" : ".2479850344366737",
        "equinox" : "J2000"
      }
    }, {
      "links" : {
        "self" : "https://api.nasa.gov/neo/rest/v1/neo/3395309?api_key=t0TVs3DtDT2H8Oy2Zy8m2eVrNsAVKAexjcZXUckd"
      },
      "neo_reference_id" : "3395309",
      "name" : "(2007 VL243)",
      "nasa_jpl_url" : "http://ssd.jpl.nasa.gov/sbdb.cgi?sstr=3395309",
      "absolute_magnitude_h" : 17.8,
      "estimated_diameter" : {
        "kilometers" : {
          "estimated_diameter_min" : 0.7320739893,
          "estimated_diameter_max" : 1.6369672047
        },
        "meters" : {
          "estimated_diameter_min" : 732.0739893473,
          "estimated_diameter_max" : 1636.96720474
        },
        "miles" : {
          "estimated_diameter_min" : 0.4548895468,
          "estimated_diameter_max" : 1.017163949
        },
        "feet" : {
          "estimated_diameter_min" : 2401.8176272101,
          "estimated_diameter_max" : 5370.6274839991
        }
      },
      "is_potentially_hazardous_asteroid" : false,
      "close_approach_data" : [ {
        "close_approach_date" : "2008-01-08",
        "epoch_date_close_approach" : 1199779200000,
        "relative_velocity" : {
          "kilometers_per_second" : "30.8892830218",
          "kilometers_per_hour" : "111201.4188785768",
          "miles_per_hour" : "69096.2371915246"
        },
        "miss_distance" : {
          "astronomical" : "0.4326223671",
          "lunar" : "168.2901000977",
          "kilometers" : "64719388",
          "miles" : "40214764"
        },
        "orbiting_body" : "Earth"
      } ],
      "orbital_data" : {
        "orbit_id" : "12",
        "orbit_determination_date" : "2017-04-06 09:05:08",
        "orbit_uncertainty" : "2",
        "minimum_orbit_intersection" : ".389058",
        "jupiter_tisserand_invariant" : "5.820",
        "epoch_osculation" : "2458000.5",
        "eccentricity" : ".7286521088053615",
        "semi_major_axis" : ".9651781923947825",
        "inclination" : "43.33364962216289",
        "ascending_node_longitude" : "114.7278122039589",
        "orbital_period" : "346.3456026070245",
        "perihelion_distance" : ".2618990671333774",
        "perihelion_argument" : "91.25179567506268",
        "aphelion_distance" : "1.668457317656188",
        "perihelion_time" : "2457965.197620763889",
        "mean_anomaly" : "36.69414720249761",
        "mean_motion" : "1.039424197362968",
        "equinox" : "J2000"
      }
    }, {
      "links" : {
        "self" : "https://api.nasa.gov/neo/rest/v1/neo/3523340?api_key=t0TVs3DtDT2H8Oy2Zy8m2eVrNsAVKAexjcZXUckd"
      },
      "neo_reference_id" : "3523340",
      "name" : "(2010 KA8)",
      "nasa_jpl_url" : "http://ssd.jpl.nasa.gov/sbdb.cgi?sstr=3523340",
      "absolute_magnitude_h" : 21.4,
      "estimated_diameter" : {
        "kilometers" : {
          "estimated_diameter_min" : 0.1394938229,
          "estimated_diameter_max" : 0.3119176705
        },
        "meters" : {
          "estimated_diameter_min" : 139.4938229344,
          "estimated_diameter_max" : 311.9176705226
        },
        "miles" : {
          "estimated_diameter_min" : 0.0866774163,
          "estimated_diameter_max" : 0.1938165949
        },
        "feet" : {
          "estimated_diameter_min" : 457.6569140361,
          "estimated_diameter_max" : 1023.3519701574
        }
      },
      "is_potentially_hazardous_asteroid" : false,
      "close_approach_data" : [ {
        "close_approach_date" : "2008-01-08",
        "epoch_date_close_approach" : 1199779200000,
        "relative_velocity" : {
          "kilometers_per_second" : "11.8479921894",
          "kilometers_per_hour" : "42652.7718816614",
          "miles_per_hour" : "26502.7737283579"
        },
        "miss_distance" : {
          "astronomical" : "0.1504220078",
          "lunar" : "58.5141601562",
          "kilometers" : "22502812",
          "miles" : "13982599"
        },
        "orbiting_body" : "Earth"
      } ],
      "orbital_data" : {
        "orbit_id" : "18",
        "orbit_determination_date" : "2017-04-06 08:57:27",
        "orbit_uncertainty" : "6",
        "minimum_orbit_intersection" : ".0969831",
        "jupiter_tisserand_invariant" : "4.201",
        "epoch_osculation" : "2458000.5",
        "eccentricity" : ".4337334044090529",
        "semi_major_axis" : "1.620518534540095",
        "inclination" : "10.11795157236279",
        "ascending_node_longitude" : "246.4346201485058",
        "orbital_period" : "753.4933621397086",
        "perihelion_distance" : ".9176455136460505",
        "perihelion_argument" : "277.1394691031999",
        "aphelion_distance" : "2.32339155543414",
        "perihelion_time" : "2458283.313238850725",
        "mean_anomaly" : "224.8790140670365",
        "mean_motion" : ".4777746136710502",
        "equinox" : "J2000"
      }
    }, {
      "links" : {
        "self" : "https://api.nasa.gov/neo/rest/v1/neo/3596842?api_key=t0TVs3DtDT2H8Oy2Zy8m2eVrNsAVKAexjcZXUckd"
      },
      "neo_reference_id" : "3596842",
      "name" : "(2012 BF86)",
      "nasa_jpl_url" : "http://ssd.jpl.nasa.gov/sbdb.cgi?sstr=3596842",
      "absolute_magnitude_h" : 22.6,
      "estimated_diameter" : {
        "kilometers" : {
          "estimated_diameter_min" : 0.0802703167,
          "estimated_diameter_max" : 0.1794898848
        },
        "meters" : {
          "estimated_diameter_min" : 80.2703167283,
          "estimated_diameter_max" : 179.4898847799
        },
        "miles" : {
          "estimated_diameter_min" : 0.049877647,
          "estimated_diameter_max" : 0.1115298092
        },
        "feet" : {
          "estimated_diameter_min" : 263.3540659348,
          "estimated_diameter_max" : 588.8775935812
        }
      },
      "is_potentially_hazardous_asteroid" : false,
      "close_approach_data" : [ {
        "close_approach_date" : "2008-01-08",
        "epoch_date_close_approach" : 1199779200000,
        "relative_velocity" : {
          "kilometers_per_second" : "19.3976311963",
          "kilometers_per_hour" : "69831.4723066242",
          "miles_per_hour" : "43390.5612229688"
        },
        "miss_distance" : {
          "astronomical" : "0.260163409",
          "lunar" : "101.2035598755",
          "kilometers" : "38919892",
          "miles" : "24183698"
        },
        "orbiting_body" : "Earth"
      } ],
      "orbital_data" : {
        "orbit_id" : "14",
        "orbit_determination_date" : "2017-04-06 08:51:09",
        "orbit_uncertainty" : "2",
        "minimum_orbit_intersection" : ".0238766",
        "jupiter_tisserand_invariant" : "7.563",
        "epoch_osculation" : "2458000.5",
        "eccentricity" : ".4358521637874034",
        "semi_major_axis" : ".7562332014863926",
        "inclination" : "6.018634400547531",
        "ascending_node_longitude" : "117.5898066264404",
        "orbital_period" : "240.2049969813891",
        "perihelion_distance" : ".4266273242906731",
        "perihelion_argument" : "196.39184814",
        "aphelion_distance" : "1.085839078682112",
        "perihelion_time" : "2458013.386187685225",
        "mean_anomaly" : "340.6872145668121",
        "mean_motion" : "1.498719862301168",
        "equinox" : "J2000"
      }
    }, {
      "links" : {
        "self" : "https://api.nasa.gov/neo/rest/v1/neo/3655761?api_key=t0TVs3DtDT2H8Oy2Zy8m2eVrNsAVKAexjcZXUckd"
      },
      "neo_reference_id" : "3655761",
      "name" : "(2014 AE29)",
      "nasa_jpl_url" : "http://ssd.jpl.nasa.gov/sbdb.cgi?sstr=3655761",
      "absolute_magnitude_h" : 27.4,
      "estimated_diameter" : {
        "kilometers" : {
          "estimated_diameter_min" : 0.0088014652,
          "estimated_diameter_max" : 0.0196806745
        },
        "meters" : {
          "estimated_diameter_min" : 8.801465209,
          "estimated_diameter_max" : 19.6806745089
        },
        "miles" : {
          "estimated_diameter_min" : 0.0054689752,
          "estimated_diameter_max" : 0.0122290004
        },
        "feet" : {
          "estimated_diameter_min" : 28.8761991163,
          "estimated_diameter_max" : 64.5691441559
        }
      },
      "is_potentially_hazardous_asteroid" : false,
      "close_approach_data" : [ {
        "close_approach_date" : "2008-01-08",
        "epoch_date_close_approach" : 1199779200000,
        "relative_velocity" : {
          "kilometers_per_second" : "13.2531647385",
          "kilometers_per_hour" : "47711.393058447",
          "miles_per_hour" : "29646.0042034556"
        },
        "miss_distance" : {
          "astronomical" : "0.278973653",
          "lunar" : "108.5207443237",
          "kilometers" : "41733864",
          "miles" : "25932220"
        },
        "orbiting_body" : "Earth"
      } ],
      "orbital_data" : {
        "orbit_id" : "5",
        "orbit_determination_date" : "2017-04-06 08:42:58",
        "orbit_uncertainty" : "6",
        "minimum_orbit_intersection" : ".0110091",
        "jupiter_tisserand_invariant" : "6.558",
        "epoch_osculation" : "2458000.5",
        "eccentricity" : ".1582910382585499",
        "semi_major_axis" : ".9070830748893509",
        "inclination" : "4.856543021520674",
        "ascending_node_longitude" : "103.1268230186044",
        "orbital_period" : "315.5506086907696",
        "perihelion_distance" : ".7634999531783576",
        "perihelion_argument" : "137.8817635727509",
        "aphelion_distance" : "1.050666196600344",
        "perihelion_time" : "2458032.303167889953",
        "mean_anomaly" : "323.7169438909147",
        "mean_motion" : "1.14086295537078",
        "equinox" : "J2000"
      }
    }, {
      "links" : {
        "self" : "https://api.nasa.gov/neo/rest/v1/neo/3766184?api_key=t0TVs3DtDT2H8Oy2Zy8m2eVrNsAVKAexjcZXUckd"
      },
      "neo_reference_id" : "3766184",
      "name" : "(2016 YV8)",
      "nasa_jpl_url" : "http://ssd.jpl.nasa.gov/sbdb.cgi?sstr=3766184",
      "absolute_magnitude_h" : 19.6,
      "estimated_diameter" : {
        "kilometers" : {
          "estimated_diameter_min" : 0.3195618867,
          "estimated_diameter_max" : 0.7145621017
        },
        "meters" : {
          "estimated_diameter_min" : 319.5618867213,
          "estimated_diameter_max" : 714.5621017269
        },
        "miles" : {
          "estimated_diameter_min" : 0.1985664891,
          "estimated_diameter_max" : 0.4440081677
        },
        "feet" : {
          "estimated_diameter_min" : 1048.4314204307,
          "estimated_diameter_max" : 2344.3639258298
        }
      },
      "is_potentially_hazardous_asteroid" : false,
      "close_approach_data" : [ {
        "close_approach_date" : "2008-01-08",
        "epoch_date_close_approach" : 1199779200000,
        "relative_velocity" : {
          "kilometers_per_second" : "16.8594384201",
          "kilometers_per_hour" : "60693.9783121901",
          "miles_per_hour" : "37712.8778018161"
        },
        "miss_distance" : {
          "astronomical" : "0.4925093976",
          "lunar" : "191.586151123",
          "kilometers" : "73678360",
          "miles" : "45781608"
        },
        "orbiting_body" : "Earth"
      } ],
      "orbital_data" : {
        "orbit_id" : "12",
        "orbit_determination_date" : "2017-04-06 08:21:16",
        "orbit_uncertainty" : "5",
        "minimum_orbit_intersection" : ".277248",
        "jupiter_tisserand_invariant" : "3.932",
        "epoch_osculation" : "2458000.5",
        "eccentricity" : ".3381381074736352",
        "semi_major_axis" : "1.718048988922499",
        "inclination" : "33.37287428692225",
        "ascending_node_longitude" : "111.9216197090591",
        "orbital_period" : "822.5299903505347",
        "perihelion_distance" : "1.137111155261253",
        "perihelion_argument" : "302.5493163683882",
        "aphelion_distance" : "2.298986822583746",
        "perihelion_time" : "2457680.140017641898",
        "mean_anomaly" : "140.2132384252239",
        "mean_motion" : ".4376740109458866",
        "equinox" : "J2000"
      }
    }, {
      "links" : {
        "self" : "https://api.nasa.gov/neo/rest/v1/neo/3766164?api_key=t0TVs3DtDT2H8Oy2Zy8m2eVrNsAVKAexjcZXUckd"
      },
      "neo_reference_id" : "3766164",
      "name" : "(2016 YC8)",
      "nasa_jpl_url" : "http://ssd.jpl.nasa.gov/sbdb.cgi?sstr=3766164",
      "absolute_magnitude_h" : 24.6,
      "estimated_diameter" : {
        "kilometers" : {
          "estimated_diameter_min" : 0.0319561887,
          "estimated_diameter_max" : 0.0714562102
        },
        "meters" : {
          "estimated_diameter_min" : 31.9561886721,
          "estimated_diameter_max" : 71.4562101727
        },
        "miles" : {
          "estimated_diameter_min" : 0.0198566489,
          "estimated_diameter_max" : 0.0444008168
        },
        "feet" : {
          "estimated_diameter_min" : 104.8431420431,
          "estimated_diameter_max" : 234.436392583
        }
      },
      "is_potentially_hazardous_asteroid" : false,
      "close_approach_data" : [ {
        "close_approach_date" : "2008-01-08",
        "epoch_date_close_approach" : 1199779200000,
        "relative_velocity" : {
          "kilometers_per_second" : "11.4982084493",
          "kilometers_per_hour" : "41393.5504174602",
          "miles_per_hour" : "25720.3424802269"
        },
        "miss_distance" : {
          "astronomical" : "0.148546971",
          "lunar" : "57.7847671509",
          "kilometers" : "22222310",
          "miles" : "13808303"
        },
        "orbiting_body" : "Earth"
      } ],
      "orbital_data" : {
        "orbit_id" : "16",
        "orbit_determination_date" : "2017-07-21 14:31:13",
        "orbit_uncertainty" : "2",
        "minimum_orbit_intersection" : ".00177319",
        "jupiter_tisserand_invariant" : "5.677",
        "epoch_osculation" : "2458000.5",
        "eccentricity" : ".223725356983161",
        "semi_major_axis" : "1.086033033030576",
        "inclination" : "6.064079964656742",
        "ascending_node_longitude" : "295.6759380411009",
        "orbital_period" : "413.3928677124703",
        "perihelion_distance" : ".843059905020305",
        "perihelion_argument" : "258.1318952613408",
        "aphelion_distance" : "1.329006161040846",
        "perihelion_time" : "2457832.862268299756",
        "mean_anomaly" : "145.9860295752929",
        "mean_motion" : ".8708423103477271",
        "equinox" : "J2000"
      }
    }, {
      "links" : {
        "self" : "https://api.nasa.gov/neo/rest/v1/neo/3778076?api_key=t0TVs3DtDT2H8Oy2Zy8m2eVrNsAVKAexjcZXUckd"
      },
      "neo_reference_id" : "3778076",
      "name" : "(2017 OM1)",
      "nasa_jpl_url" : "http://ssd.jpl.nasa.gov/sbdb.cgi?sstr=3778076",
      "absolute_magnitude_h" : 23.331,
      "estimated_diameter" : {
        "kilometers" : {
          "estimated_diameter_min" : 0.0573264405,
          "estimated_diameter_max" : 0.1281858179
        },
        "meters" : {
          "estimated_diameter_min" : 57.3264405141,
          "estimated_diameter_max" : 128.1858178976
        },
        "miles" : {
          "estimated_diameter_min" : 0.0356209877,
          "estimated_diameter_max" : 0.0796509499
        },
        "feet" : {
          "estimated_diameter_min" : 188.0788790963,
          "estimated_diameter_max" : 420.5571587912
        }
      },
      "is_potentially_hazardous_asteroid" : false,
      "close_approach_data" : [ {
        "close_approach_date" : "2008-01-08",
        "epoch_date_close_approach" : 1199779200000,
        "relative_velocity" : {
          "kilometers_per_second" : "17.256544261",
          "kilometers_per_hour" : "62123.5593395172",
          "miles_per_hour" : "38601.1638573795"
        },
        "miss_distance" : {
          "astronomical" : "0.3897030909",
          "lunar" : "151.5944976807",
          "kilometers" : "58298752",
          "miles" : "36225168"
        },
        "orbiting_body" : "Earth"
      } ],
      "orbital_data" : {
        "orbit_id" : "5",
        "orbit_determination_date" : "2017-08-01 06:18:31",
        "orbit_uncertainty" : "7",
        "minimum_orbit_intersection" : ".00237486",
        "jupiter_tisserand_invariant" : "6.034",
        "epoch_osculation" : "2458000.5",
        "eccentricity" : ".4467803741744122",
        "semi_major_axis" : ".9827817257453653",
        "inclination" : "17.91359254303554",
        "ascending_node_longitude" : "123.0000072594535",
        "orbital_period" : "355.8639831956311",
        "perihelion_distance" : ".5436941385850764",
        "perihelion_argument" : "299.7937418511922",
        "aphelion_distance" : "1.421869312905654",
        "perihelion_time" : "2458027.623115071938",
        "mean_anomaly" : "332.5616474636887",
        "mean_motion" : "1.011622465322924",
        "equinox" : "J2000"
      }
    } ]
  }
}