{
  "links" : {
    "next" : "https://api.nasa.gov/neo/rest/v1/feed?start_date=2004-06-16&end_date=2004-06-16&detailed=true&api_key=t0TVs3DtDT2H8Oy2Zy8m2eVrNsAVKAexjcZXUckd",
    "prev" : "https://api.nasa.gov/neo/rest/v1/feed?start_date=2004-06-14&end_date=2004-06-14&detailed=true&api_key=t0TVs3DtDT2H8Oy2Zy8m2eVrNsAVKAexjcZXUckd",
    "self" : "https://api.nasa.gov/neo/rest/v1/feed?start_date=2004-06-15&end_date=2004-06-15&detailed=true&api_key=t0TVs3DtDT2H8Oy2Zy8m2eVrNsAVKAexjcZXUckd"
  },
  "element_count" : 11,
  "near_earth_objects" : {
    "2004-06-15" : [ {
      "links" : {
        "self" : "https://api.nasa.gov/neo/rest/v1/neo/3184154?api_key=t0TVs3DtDT2H8Oy2Zy8m2eVrNsAVKAexjcZXUckd"
      },
      "neo_reference_id" : "3184154",
      "name" : "(2004 MP1)",
      "nasa_jpl_url" : "http://ssd.jpl.nasa.gov/sbdb.cgi?sstr=3184154",
      "absolute_magnitude_h" : 25.2,
      "estimated_diameter" : {
        "kilometers" : {
          "estimated_diameter_min" : 0.0242412481,
          "estimated_diameter_max" : 0.0542050786
        },
        "meters" : {
          "estimated_diameter_min" : 24.2412481101,
          "estimated_diameter_max" : 54.2050786336
        },
        "miles" : {
          "estimated_diameter_min" : 0.0150628086,
          "estimated_diameter_max" : 0.0336814639
        },
        "feet" : {
          "estimated_diameter_min" : 79.5316564495,
          "estimated_diameter_max" : 177.8381901842
        }
      },
      "is_potentially_hazardous_asteroid" : false,
      "close_approach_data" : [ {
        "close_approach_date" : "2004-06-15",
        "epoch_date_close_approach" : 1087282800000,
        "relative_velocity" : {
          "kilometers_per_second" : "9.1081253122",
          "kilometers_per_hour" : "32789.2511238379",
          "miles_per_hour" : "20373.9655108092"
        },
        "miss_distance" : {
          "astronomical" : "0.0365224281",
          "lunar" : "14.2072248459",
          "kilometers" : "5463677.5",
          "miles" : "3394972"
        },
        "orbiting_body" : "Earth"
      } ],
      "orbital_data" : {
        "orbit_id" : "9",
        "orbit_determination_date" : "2017-04-06 09:12:37",
        "orbit_uncertainty" : "8",
        "minimum_orbit_intersection" : ".0248836",
        "jupiter_tisserand_invariant" : "3.964",
        "epoch_osculation" : "2453177.5",
        "eccentricity" : ".4381855492164549",
        "semi_major_axis" : "1.778867403762149",
        "inclination" : "8.648619834964945",
        "ascending_node_longitude" : "266.7178184522861",
        "orbital_period" : "866.5902381364173",
        "perihelion_distance" : ".9993934134613824",
        "perihelion_argument" : "326.6916724489052",
        "aphelion_distance" : "2.558341394062915",
        "perihelion_time" : "2453146.054100933857",
        "mean_anomaly" : "13.06329469872175",
        "mean_motion" : ".4154212500410481",
        "equinox" : "J2000"
      }
    }, {
      "links" : {
        "self" : "https://api.nasa.gov/neo/rest/v1/neo/3154513?api_key=t0TVs3DtDT2H8Oy2Zy8m2eVrNsAVKAexjcZXUckd"
      },
      "neo_reference_id" : "3154513",
      "name" : "(2003 KZ18)",
      "nasa_jpl_url" : "http://ssd.jpl.nasa.gov/sbdb.cgi?sstr=3154513",
      "absolute_magnitude_h" : 21.2,
      "estimated_diameter" : {
        "kilometers" : {
          "estimated_diameter_min" : 0.1529519353,
          "estimated_diameter_max" : 0.3420109247
        },
        "meters" : {
          "estimated_diameter_min" : 152.9519353442,
          "estimated_diameter_max" : 342.0109247198
        },
        "miles" : {
          "estimated_diameter_min" : 0.095039897,
          "estimated_diameter_max" : 0.2125156703
        },
        "feet" : {
          "estimated_diameter_min" : 501.8108275547,
          "estimated_diameter_max" : 1122.0831222578
        }
      },
      "is_potentially_hazardous_asteroid" : false,
      "close_approach_data" : [ {
        "close_approach_date" : "2004-06-15",
        "epoch_date_close_approach" : 1087282800000,
        "relative_velocity" : {
          "kilometers_per_second" : "19.0215815025",
          "kilometers_per_hour" : "68477.6934089917",
          "miles_per_hour" : "42549.3756629371"
        },
        "miss_distance" : {
          "astronomical" : "0.3040957369",
          "lunar" : "118.2932434082",
          "kilometers" : "45492076",
          "miles" : "28267466"
        },
        "orbiting_body" : "Earth"
      } ],
      "orbital_data" : {
        "orbit_id" : "32",
        "orbit_determination_date" : "2016-05-18 06:16:37",
        "orbit_uncertainty" : "0",
        "minimum_orbit_intersection" : ".158693",
        "jupiter_tisserand_invariant" : "6.222",
        "epoch_osculation" : "2457600.5",
        "eccentricity" : ".3304930658794457",
        "semi_major_axis" : ".9485854363354138",
        "inclination" : "23.89902642774379",
        "ascending_node_longitude" : "249.9915501477144",
        "orbital_period" : "337.4528542211346",
        "perihelion_distance" : ".6350845272323311",
        "perihelion_argument" : "154.6064272693837",
        "aphelion_distance" : "1.262086345438496",
        "perihelion_time" : "2457644.054204535895",
        "mean_anomaly" : "313.5356911734779",
        "mean_motion" : "1.066815691427194",
        "equinox" : "J2000"
      }
    }, {
      "links" : {
        "self" : "https://api.nasa.gov/neo/rest/v1/neo/3184470?api_key=t0TVs3DtDT2H8Oy2Zy8m2eVrNsAVKAexjcZXUckd"
      },
      "neo_reference_id" : "3184470",
      "name" : "(2004 MO3)",
      "nasa_jpl_url" : "http://ssd.jpl.nasa.gov/sbdb.cgi?sstr=3184470",
      "absolute_magnitude_h" : 22.2,
      "estimated_diameter" : {
        "kilometers" : {
          "estimated_diameter_min" : 0.096506147,
          "estimated_diameter_max" : 0.2157943048
        },
        "meters" : {
          "estimated_diameter_min" : 96.5061469579,
          "estimated_diameter_max" : 215.7943048444
        },
        "miles" : {
          "estimated_diameter_min" : 0.059966121,
          "estimated_diameter_max" : 0.134088323
        },
        "feet" : {
          "estimated_diameter_min" : 316.6212271853,
          "estimated_diameter_max" : 707.9865871058
        }
      },
      "is_potentially_hazardous_asteroid" : false,
      "close_approach_data" : [ {
        "close_approach_date" : "2004-06-15",
        "epoch_date_close_approach" : 1087282800000,
        "relative_velocity" : {
          "kilometers_per_second" : "8.6954907688",
          "kilometers_per_hour" : "31303.7667676085",
          "miles_per_hour" : "19450.9433006843"
        },
        "miss_distance" : {
          "astronomical" : "0.0260695557",
          "lunar" : "10.1410570145",
          "kilometers" : "3899950",
          "miles" : "2423316.5"
        },
        "orbiting_body" : "Earth"
      } ],
      "orbital_data" : {
        "orbit_id" : "28",
        "orbit_determination_date" : "2017-04-06 09:12:35",
        "orbit_uncertainty" : "0",
        "minimum_orbit_intersection" : ".0113589",
        "jupiter_tisserand_invariant" : "5.138",
        "epoch_osculation" : "2458000.5",
        "eccentricity" : ".3358420223023283",
        "semi_major_axis" : "1.232325884418131",
        "inclination" : "2.552887928472058",
        "ascending_node_longitude" : "252.6006177061786",
        "orbital_period" : "499.6740356377942",
        "perihelion_distance" : ".8184590672596405",
        "perihelion_argument" : "297.887130961073",
        "aphelion_distance" : "1.646192701576621",
        "perihelion_time" : "2458112.923008768252",
        "mean_anomaly" : "279.0026291742153",
        "mean_motion" : ".7204696948891663",
        "equinox" : "J2000"
      }
    }, {
      "links" : {
        "self" : "https://api.nasa.gov/neo/rest/v1/neo/3398655?api_key=t0TVs3DtDT2H8Oy2Zy8m2eVrNsAVKAexjcZXUckd"
      },
      "neo_reference_id" : "3398655",
      "name" : "(2007 YT56)",
      "nasa_jpl_url" : "http://ssd.jpl.nasa.gov/sbdb.cgi?sstr=3398655",
      "absolute_magnitude_h" : 23.4,
      "estimated_diameter" : {
        "kilometers" : {
          "estimated_diameter_min" : 0.0555334912,
          "estimated_diameter_max" : 0.1241766613
        },
        "meters" : {
          "estimated_diameter_min" : 55.5334911581,
          "estimated_diameter_max" : 124.1766612574
        },
        "miles" : {
          "estimated_diameter_min" : 0.0345069009,
          "estimated_diameter_max" : 0.0771597762
        },
        "feet" : {
          "estimated_diameter_min" : 182.1964991311,
          "estimated_diameter_max" : 407.4037573197
        }
      },
      "is_potentially_hazardous_asteroid" : false,
      "close_approach_data" : [ {
        "close_approach_date" : "2004-06-15",
        "epoch_date_close_approach" : 1087282800000,
        "relative_velocity" : {
          "kilometers_per_second" : "7.1531521542",
          "kilometers_per_hour" : "25751.3477551735",
          "miles_per_hour" : "16000.8860537632"
        },
        "miss_distance" : {
          "astronomical" : "0.4746331605",
          "lunar" : "184.6322937012",
          "kilometers" : "71004112",
          "miles" : "44119908"
        },
        "orbiting_body" : "Earth"
      } ],
      "orbital_data" : {
        "orbit_id" : "12",
        "orbit_determination_date" : "2017-04-06 09:04:49",
        "orbit_uncertainty" : "6",
        "minimum_orbit_intersection" : ".0466416",
        "jupiter_tisserand_invariant" : "4.972",
        "epoch_osculation" : "2458000.5",
        "eccentricity" : ".2875445506446948",
        "semi_major_axis" : "1.293785023344211",
        "inclination" : "5.997226884687938",
        "ascending_node_longitude" : "302.4876172737694",
        "orbital_period" : "537.5162597888416",
        "perihelion_distance" : ".9217641901758641",
        "perihelion_argument" : "81.83325644807638",
        "aphelion_distance" : "1.665805856512558",
        "perihelion_time" : "2458159.749809875012",
        "mean_anomaly" : "253.3428886829842",
        "mean_motion" : ".6697471814925613",
        "equinox" : "J2000"
      }
    }, {
      "links" : {
        "self" : "https://api.nasa.gov/neo/rest/v1/neo/3399920?api_key=t0TVs3DtDT2H8Oy2Zy8m2eVrNsAVKAexjcZXUckd"
      },
      "neo_reference_id" : "3399920",
      "name" : "(2008 AK33)",
      "nasa_jpl_url" : "http://ssd.jpl.nasa.gov/sbdb.cgi?sstr=3399920",
      "absolute_magnitude_h" : 20.6,
      "estimated_diameter" : {
        "kilometers" : {
          "estimated_diameter_min" : 0.2016299194,
          "estimated_diameter_max" : 0.4508582062
        },
        "meters" : {
          "estimated_diameter_min" : 201.6299194428,
          "estimated_diameter_max" : 450.8582061718
        },
        "miles" : {
          "estimated_diameter_min" : 0.1252869847,
          "estimated_diameter_max" : 0.2801502144
        },
        "feet" : {
          "estimated_diameter_min" : 661.5155049046,
          "estimated_diameter_max" : 1479.1936371367
        }
      },
      "is_potentially_hazardous_asteroid" : true,
      "close_approach_data" : [ {
        "close_approach_date" : "2004-06-15",
        "epoch_date_close_approach" : 1087282800000,
        "relative_velocity" : {
          "kilometers_per_second" : "38.3208697077",
          "kilometers_per_hour" : "137955.1309478546",
          "miles_per_hour" : "85719.9534492378"
        },
        "miss_distance" : {
          "astronomical" : "0.4493071218",
          "lunar" : "174.7804718018",
          "kilometers" : "67215392",
          "miles" : "41765704"
        },
        "orbiting_body" : "Earth"
      } ],
      "orbital_data" : {
        "orbit_id" : "15",
        "orbit_determination_date" : "2017-04-06 09:04:45",
        "orbit_uncertainty" : "7",
        "minimum_orbit_intersection" : ".0213337",
        "jupiter_tisserand_invariant" : "3.095",
        "epoch_osculation" : "2458000.5",
        "eccentricity" : ".7200468651084064",
        "semi_major_axis" : "2.218976516484903",
        "inclination" : "34.09358843219908",
        "ascending_node_longitude" : "283.597112738996",
        "orbital_period" : "1207.334152770674",
        "perihelion_distance" : ".6212094320407764",
        "perihelion_argument" : "88.67032573171103",
        "aphelion_distance" : "3.816743600929029",
        "perihelion_time" : "2458044.198419228937",
        "mean_anomaly" : "346.9701102330984",
        "mean_motion" : ".2981775999410329",
        "equinox" : "J2000"
      }
    }, {
      "links" : {
        "self" : "https://api.nasa.gov/neo/rest/v1/neo/3428700?api_key=t0TVs3DtDT2H8Oy2Zy8m2eVrNsAVKAexjcZXUckd"
      },
      "neo_reference_id" : "3428700",
      "name" : "(2008 TF)",
      "nasa_jpl_url" : "http://ssd.jpl.nasa.gov/sbdb.cgi?sstr=3428700",
      "absolute_magnitude_h" : 21.9,
      "estimated_diameter" : {
        "kilometers" : {
          "estimated_diameter_min" : 0.1108038821,
          "estimated_diameter_max" : 0.2477650126
        },
        "meters" : {
          "estimated_diameter_min" : 110.8038821264,
          "estimated_diameter_max" : 247.7650126055
        },
        "miles" : {
          "estimated_diameter_min" : 0.068850319,
          "estimated_diameter_max" : 0.1539539936
        },
        "feet" : {
          "estimated_diameter_min" : 363.5298086356,
          "estimated_diameter_max" : 812.8773639568
        }
      },
      "is_potentially_hazardous_asteroid" : false,
      "close_approach_data" : [ {
        "close_approach_date" : "2004-06-15",
        "epoch_date_close_approach" : 1087282800000,
        "relative_velocity" : {
          "kilometers_per_second" : "17.5083789513",
          "kilometers_per_hour" : "63030.1642245144",
          "miles_per_hour" : "39164.4928760601"
        },
        "miss_distance" : {
          "astronomical" : "0.3569312016",
          "lunar" : "138.8462371826",
          "kilometers" : "53396148",
          "miles" : "33178828"
        },
        "orbiting_body" : "Earth"
      } ],
      "orbital_data" : {
        "orbit_id" : "16",
        "orbit_determination_date" : "2017-04-06 09:02:45",
        "orbit_uncertainty" : "6",
        "minimum_orbit_intersection" : ".0777416",
        "jupiter_tisserand_invariant" : "6.122",
        "epoch_osculation" : "2458000.5",
        "eccentricity" : ".5185675702603008",
        "semi_major_axis" : ".9568208282673064",
        "inclination" : "21.07402946333978",
        "ascending_node_longitude" : "10.16191132649102",
        "orbital_period" : "341.8569060064766",
        "perihelion_distance" : ".4606445761782808",
        "perihelion_argument" : "139.4083902587751",
        "aphelion_distance" : "1.452997080356332",
        "perihelion_time" : "2457907.970303349385",
        "mean_anomaly" : "97.44045010923497",
        "mean_motion" : "1.053072188025886",
        "equinox" : "J2000"
      }
    }, {
      "links" : {
        "self" : "https://api.nasa.gov/neo/rest/v1/neo/3557844?api_key=t0TVs3DtDT2H8Oy2Zy8m2eVrNsAVKAexjcZXUckd"
      },
      "neo_reference_id" : "3557844",
      "name" : "(2011 DW)",
      "nasa_jpl_url" : "http://ssd.jpl.nasa.gov/sbdb.cgi?sstr=3557844",
      "absolute_magnitude_h" : 23.0,
      "estimated_diameter" : {
        "kilometers" : {
          "estimated_diameter_min" : 0.0667659413,
          "estimated_diameter_max" : 0.1492931834
        },
        "meters" : {
          "estimated_diameter_min" : 66.7659413495,
          "estimated_diameter_max" : 149.2931834393
        },
        "miles" : {
          "estimated_diameter_min" : 0.0414864197,
          "estimated_diameter_max" : 0.0927664547
        },
        "feet" : {
          "estimated_diameter_min" : 219.0483710172,
          "estimated_diameter_max" : 489.807047955
        }
      },
      "is_potentially_hazardous_asteroid" : false,
      "close_approach_data" : [ {
        "close_approach_date" : "2004-06-15",
        "epoch_date_close_approach" : 1087282800000,
        "relative_velocity" : {
          "kilometers_per_second" : "13.1105915879",
          "kilometers_per_hour" : "47198.1297165937",
          "miles_per_hour" : "29327.082323069"
        },
        "miss_distance" : {
          "astronomical" : "0.496633772",
          "lunar" : "193.190536499",
          "kilometers" : "74295352",
          "miles" : "46164992"
        },
        "orbiting_body" : "Earth"
      } ],
      "orbital_data" : {
        "orbit_id" : "12",
        "orbit_determination_date" : "2017-04-06 08:54:23",
        "orbit_uncertainty" : "6",
        "minimum_orbit_intersection" : ".0349837",
        "jupiter_tisserand_invariant" : "6.896",
        "epoch_osculation" : "2458000.5",
        "eccentricity" : ".2751814496603729",
        "semi_major_axis" : ".8397911377048145",
        "inclination" : "25.0658065265282",
        "ascending_node_longitude" : "159.5676539204966",
        "orbital_period" : "281.0964479446135",
        "perihelion_distance" : ".6086961950192697",
        "perihelion_argument" : "152.6734172787703",
        "aphelion_distance" : "1.070886080390359",
        "perihelion_time" : "2457974.058990637371",
        "mean_anomaly" : "33.86297991364878",
        "mean_motion" : "1.280699214210396",
        "equinox" : "J2000"
      }
    }, {
      "links" : {
        "self" : "https://api.nasa.gov/neo/rest/v1/neo/3582523?api_key=t0TVs3DtDT2H8Oy2Zy8m2eVrNsAVKAexjcZXUckd"
      },
      "neo_reference_id" : "3582523",
      "name" : "(2011 UC64)",
      "nasa_jpl_url" : "http://ssd.jpl.nasa.gov/sbdb.cgi?sstr=3582523",
      "absolute_magnitude_h" : 27.9,
      "estimated_diameter" : {
        "kilometers" : {
          "estimated_diameter_min" : 0.0069912523,
          "estimated_diameter_max" : 0.0156329154
        },
        "meters" : {
          "estimated_diameter_min" : 6.9912523225,
          "estimated_diameter_max" : 15.6329154409
        },
        "miles" : {
          "estimated_diameter_min" : 0.0043441614,
          "estimated_diameter_max" : 0.0097138403
        },
        "feet" : {
          "estimated_diameter_min" : 22.9371802696,
          "estimated_diameter_max" : 51.289094295
        }
      },
      "is_potentially_hazardous_asteroid" : false,
      "close_approach_data" : [ {
        "close_approach_date" : "2004-06-15",
        "epoch_date_close_approach" : 1087282800000,
        "relative_velocity" : {
          "kilometers_per_second" : "22.9831497528",
          "kilometers_per_hour" : "82739.3391101768",
          "miles_per_hour" : "51411.0076820985"
        },
        "miss_distance" : {
          "astronomical" : "0.3036860639",
          "lunar" : "118.1338729858",
          "kilometers" : "45430788",
          "miles" : "28229382"
        },
        "orbiting_body" : "Earth"
      } ],
      "orbital_data" : {
        "orbit_id" : "5",
        "orbit_determination_date" : "2017-04-06 08:52:18",
        "orbit_uncertainty" : "7",
        "minimum_orbit_intersection" : ".00149371",
        "jupiter_tisserand_invariant" : "5.659",
        "epoch_osculation" : "2458000.5",
        "eccentricity" : ".4626127396417857",
        "semi_major_axis" : "1.071556469108616",
        "inclination" : "3.927536629741872",
        "ascending_node_longitude" : "211.5374673915091",
        "orbital_period" : "405.1548299962057",
        "perihelion_distance" : ".5758407952534008",
        "perihelion_argument" : "288.0395912869124",
        "aphelion_distance" : "1.567272142963831",
        "perihelion_time" : "2457946.577944979056",
        "mean_anomaly" : "47.91239884199734",
        "mean_motion" : ".8885491998290417",
        "equinox" : "J2000"
      }
    }, {
      "links" : {
        "self" : "https://api.nasa.gov/neo/rest/v1/neo/3754263?api_key=t0TVs3DtDT2H8Oy2Zy8m2eVrNsAVKAexjcZXUckd"
      },
      "neo_reference_id" : "3754263",
      "name" : "(2016 LU48)",
      "nasa_jpl_url" : "http://ssd.jpl.nasa.gov/sbdb.cgi?sstr=3754263",
      "absolute_magnitude_h" : 21.7,
      "estimated_diameter" : {
        "kilometers" : {
          "estimated_diameter_min" : 0.1214940408,
          "estimated_diameter_max" : 0.2716689341
        },
        "meters" : {
          "estimated_diameter_min" : 121.4940407996,
          "estimated_diameter_max" : 271.6689340891
        },
        "miles" : {
          "estimated_diameter_min" : 0.0754928736,
          "estimated_diameter_max" : 0.1688071972
        },
        "feet" : {
          "estimated_diameter_min" : 398.6025088171,
          "estimated_diameter_max" : 891.3023057169
        }
      },
      "is_potentially_hazardous_asteroid" : false,
      "close_approach_data" : [ {
        "close_approach_date" : "2004-06-15",
        "epoch_date_close_approach" : 1087282800000,
        "relative_velocity" : {
          "kilometers_per_second" : "11.1371613622",
          "kilometers_per_hour" : "40093.7809038653",
          "miles_per_hour" : "24912.7162510712"
        },
        "miss_distance" : {
          "astronomical" : "0.463328164",
          "lunar" : "180.2346496582",
          "kilometers" : "69312904",
          "miles" : "43069044"
        },
        "orbiting_body" : "Earth"
      } ],
      "orbital_data" : {
        "orbit_id" : "17",
        "orbit_determination_date" : "2017-04-06 08:25:20",
        "orbit_uncertainty" : "5",
        "minimum_orbit_intersection" : ".174616",
        "jupiter_tisserand_invariant" : "3.961",
        "epoch_osculation" : "2458000.5",
        "eccentricity" : ".3373987232712878",
        "semi_major_axis" : "1.793852657701817",
        "inclination" : "16.40125714046077",
        "ascending_node_longitude" : "259.8008671699851",
        "orbital_period" : "877.5635562873631",
        "perihelion_distance" : "1.188609061256417",
        "perihelion_argument" : "355.4549482175191",
        "aphelion_distance" : "2.399096254147216",
        "perihelion_time" : "2458403.159370152091",
        "mean_anomaly" : "194.8183761549852",
        "mean_motion" : ".4102266980217624",
        "equinox" : "J2000"
      }
    }, {
      "links" : {
        "self" : "https://api.nasa.gov/neo/rest/v1/neo/2467352?api_key=t0TVs3DtDT2H8Oy2Zy8m2eVrNsAVKAexjcZXUckd"
      },
      "neo_reference_id" : "2467352",
      "name" : "467352 (2003 KZ18)",
      "nasa_jpl_url" : "http://ssd.jpl.nasa.gov/sbdb.cgi?sstr=2467352",
      "absolute_magnitude_h" : 21.3,
      "estimated_diameter" : {
        "kilometers" : {
          "estimated_diameter_min" : 0.1460679643,
          "estimated_diameter_max" : 0.3266178974
        },
        "meters" : {
          "estimated_diameter_min" : 146.0679642714,
          "estimated_diameter_max" : 326.6178974458
        },
        "miles" : {
          "estimated_diameter_min" : 0.090762397,
          "estimated_diameter_max" : 0.2029508896
        },
        "feet" : {
          "estimated_diameter_min" : 479.2256199,
          "estimated_diameter_max" : 1071.581062656
        }
      },
      "is_potentially_hazardous_asteroid" : false,
      "close_approach_data" : [ {
        "close_approach_date" : "2004-06-15",
        "epoch_date_close_approach" : 1087282800000,
        "relative_velocity" : {
          "kilometers_per_second" : "19.0215658992",
          "kilometers_per_hour" : "68477.6372370394",
          "miles_per_hour" : "42549.3407598704"
        },
        "miss_distance" : {
          "astronomical" : "0.3040956469",
          "lunar" : "118.2932128906",
          "kilometers" : "45492064",
          "miles" : "28267458"
        },
        "orbiting_body" : "Earth"
      } ],
      "orbital_data" : {
        "orbit_id" : "38",
        "orbit_determination_date" : "2017-04-06 09:19:26",
        "orbit_uncertainty" : "0",
        "minimum_orbit_intersection" : ".159331",
        "jupiter_tisserand_invariant" : "6.222",
        "epoch_osculation" : "2458000.5",
        "eccentricity" : ".3306227599692891",
        "semi_major_axis" : ".9487013434463354",
        "inclination" : "23.89932941585244",
        "ascending_node_longitude" : "249.9855551551862",
        "orbital_period" : "337.5147058667853",
        "perihelion_distance" : ".6350390868895355",
        "perihelion_argument" : "154.606472342588",
        "aphelion_distance" : "1.262363600003135",
        "perihelion_time" : "2457981.510822181740",
        "mean_anomaly" : "20.25424046936739",
        "mean_motion" : "1.066620190890555",
        "equinox" : "J2000"
      }
    }, {
      "links" : {
        "self" : "https://api.nasa.gov/neo/rest/v1/neo/3767264?api_key=t0TVs3DtDT2H8Oy2Zy8m2eVrNsAVKAexjcZXUckd"
      },
      "neo_reference_id" : "3767264",
      "name" : "(2017 BS32)",
      "nasa_jpl_url" : "http://ssd.jpl.nasa.gov/sbdb.cgi?sstr=3767264",
      "absolute_magnitude_h" : 27.3,
      "estimated_diameter" : {
        "kilometers" : {
          "estimated_diameter_min" : 0.0092162655,
          "estimated_diameter_max" : 0.0206081961
        },
        "meters" : {
          "estimated_diameter_min" : 9.216265485,
          "estimated_diameter_max" : 20.6081961232
        },
        "miles" : {
          "estimated_diameter_min" : 0.0057267201,
          "estimated_diameter_max" : 0.0128053354
        },
        "feet" : {
          "estimated_diameter_min" : 30.2370924539,
          "estimated_diameter_max" : 67.6121941689
        }
      },
      "is_potentially_hazardous_asteroid" : false,
      "close_approach_data" : [ {
        "close_approach_date" : "2004-06-15",
        "epoch_date_close_approach" : 1087282800000,
        "relative_velocity" : {
          "kilometers_per_second" : "14.2037879613",
          "kilometers_per_hour" : "51133.636660666",
          "miles_per_hour" : "31772.4532906232"
        },
        "miss_distance" : {
          "astronomical" : "0.3955239452",
          "lunar" : "153.8588104248",
          "kilometers" : "59169540",
          "miles" : "36766248"
        },
        "orbiting_body" : "Earth"
      } ],
      "orbital_data" : {
        "orbit_id" : "8",
        "orbit_determination_date" : "2017-04-06 08:20:33",
        "orbit_uncertainty" : "5",
        "minimum_orbit_intersection" : ".0015645",
        "jupiter_tisserand_invariant" : "6.239",
        "epoch_osculation" : "2458000.5",
        "eccentricity" : ".3375145039646837",
        "semi_major_axis" : ".9561686515849861",
        "inclination" : "8.837241228678314",
        "ascending_node_longitude" : "313.5864885618192",
        "orbital_period" : "341.5074469950701",
        "perihelion_distance" : ".6334478634386991",
        "perihelion_argument" : "294.9864184937376",
        "aphelion_distance" : "1.278889439731273",
        "perihelion_time" : "2457859.492094592196",
        "mean_anomaly" : "148.6434524150862",
        "mean_motion" : "1.054149779653844",
        "equinox" : "J2000"
      }
    } ]
  }
}