{
  "links" : {
    "next" : "https://api.nasa.gov/neo/rest/v1/feed?start_date=2002-12-16&end_date=2002-12-16&detailed=true&api_key=t0TVs3DtDT2H8Oy2Zy8m2eVrNsAVKAexjcZXUckd",
    "prev" : "https://api.nasa.gov/neo/rest/v1/feed?start_date=2002-12-14&end_date=2002-12-14&detailed=true&api_key=t0TVs3DtDT2H8Oy2Zy8m2eVrNsAVKAexjcZXUckd",
    "self" : "https://api.nasa.gov/neo/rest/v1/feed?start_date=2002-12-15&end_date=2002-12-15&detailed=true&api_key=t0TVs3DtDT2H8Oy2Zy8m2eVrNsAVKAexjcZXUckd"
  },
  "element_count" : 9,
  "near_earth_objects" : {
    "2002-12-15" : [ {
      "links" : {
        "self" : "https://api.nasa.gov/neo/rest/v1/neo/2302169?api_key=t0TVs3DtDT2H8Oy2Zy8m2eVrNsAVKAexjcZXUckd"
      },
      "neo_reference_id" : "2302169",
      "name" : "302169 (2001 TD45)",
      "nasa_jpl_url" : "http://ssd.jpl.nasa.gov/sbdb.cgi?sstr=2302169",
      "absolute_magnitude_h" : 19.9,
      "estimated_diameter" : {
        "kilometers" : {
          "estimated_diameter_min" : 0.2783267681,
          "estimated_diameter_max" : 0.6223575734
        },
        "meters" : {
          "estimated_diameter_min" : 278.3267680719,
          "estimated_diameter_max" : 622.3575733667
        },
        "miles" : {
          "estimated_diameter_min" : 0.1729441822,
          "estimated_diameter_max" : 0.3867149477
        },
        "feet" : {
          "estimated_diameter_min" : 913.1455937611,
          "estimated_diameter_max" : 2041.8556210042
        }
      },
      "is_potentially_hazardous_asteroid" : true,
      "close_approach_data" : [ {
        "close_approach_date" : "2002-12-15",
        "epoch_date_close_approach" : 1039939200000,
        "relative_velocity" : {
          "kilometers_per_second" : "30.7308686971",
          "kilometers_per_hour" : "110631.1273093847",
          "miles_per_hour" : "68741.8801884341"
        },
        "miss_distance" : {
          "astronomical" : "0.422351745",
          "lunar" : "164.2948303223",
          "kilometers" : "63182924",
          "miles" : "39260048"
        },
        "orbiting_body" : "Earth"
      } ],
      "orbital_data" : {
        "orbit_id" : "22",
        "orbit_determination_date" : "2017-04-06 09:24:07",
        "orbit_uncertainty" : "0",
        "minimum_orbit_intersection" : ".026816",
        "jupiter_tisserand_invariant" : "6.975",
        "epoch_osculation" : "2458000.5",
        "eccentricity" : ".7774813126655364",
        "semi_major_axis" : ".7967790476136839",
        "inclination" : "25.39730481828331",
        "ascending_node_longitude" : "30.28217769630749",
        "orbital_period" : "259.7797441108315",
        "perihelion_distance" : ".177298227770601",
        "perihelion_argument" : "212.4325076341248",
        "aphelion_distance" : "1.416259867456767",
        "perihelion_time" : "2458118.465718974680",
        "mean_anomaly" : "196.5243642215359",
        "mean_motion" : "1.385789339473716",
        "equinox" : "J2000"
      }
    }, {
      "links" : {
        "self" : "https://api.nasa.gov/neo/rest/v1/neo/2345705?api_key=t0TVs3DtDT2H8Oy2Zy8m2eVrNsAVKAexjcZXUckd"
      },
      "neo_reference_id" : "2345705",
      "name" : "345705 (2006 VB14)",
      "nasa_jpl_url" : "http://ssd.jpl.nasa.gov/sbdb.cgi?sstr=2345705",
      "absolute_magnitude_h" : 18.6,
      "estimated_diameter" : {
        "kilometers" : {
          "estimated_diameter_min" : 0.5064714588,
          "estimated_diameter_max" : 1.1325046106
        },
        "meters" : {
          "estimated_diameter_min" : 506.4714588346,
          "estimated_diameter_max" : 1132.5046106177
        },
        "miles" : {
          "estimated_diameter_min" : 0.3147066768,
          "estimated_diameter_max" : 0.7037055224
        },
        "feet" : {
          "estimated_diameter_min" : 1661.651821003,
          "estimated_diameter_max" : 3715.566426699
        }
      },
      "is_potentially_hazardous_asteroid" : false,
      "close_approach_data" : [ {
        "close_approach_date" : "2002-12-15",
        "epoch_date_close_approach" : 1039939200000,
        "relative_velocity" : {
          "kilometers_per_second" : "21.6454340946",
          "kilometers_per_hour" : "77923.5627407256",
          "miles_per_hour" : "48418.6715263136"
        },
        "miss_distance" : {
          "astronomical" : "0.2745943064",
          "lunar" : "106.8171844482",
          "kilometers" : "41078724",
          "miles" : "25525136"
        },
        "orbiting_body" : "Earth"
      } ],
      "orbital_data" : {
        "orbit_id" : "147",
        "orbit_determination_date" : "2017-09-08 06:18:16",
        "orbit_uncertainty" : "0",
        "minimum_orbit_intersection" : ".0795334",
        "jupiter_tisserand_invariant" : "7.382",
        "epoch_osculation" : "2458000.5",
        "eccentricity" : ".4212910392425531",
        "semi_major_axis" : ".7669086794477493",
        "inclination" : "31.02287422538695",
        "ascending_node_longitude" : "258.7334365973851",
        "orbital_period" : "245.3092395762557",
        "perihelion_distance" : ".443816924879073",
        "perihelion_argument" : "346.4354547902304",
        "aphelion_distance" : "1.090000434016426",
        "perihelion_time" : "2458095.757501361373",
        "mean_anomaly" : "220.2062419282247",
        "mean_motion" : "1.467535428432536",
        "equinox" : "J2000"
      }
    }, {
      "links" : {
        "self" : "https://api.nasa.gov/neo/rest/v1/neo/2434188?api_key=t0TVs3DtDT2H8Oy2Zy8m2eVrNsAVKAexjcZXUckd"
      },
      "neo_reference_id" : "2434188",
      "name" : "434188 (2003 AD23)",
      "nasa_jpl_url" : "http://ssd.jpl.nasa.gov/sbdb.cgi?sstr=2434188",
      "absolute_magnitude_h" : 18.8,
      "estimated_diameter" : {
        "kilometers" : {
          "estimated_diameter_min" : 0.4619074603,
          "estimated_diameter_max" : 1.0328564805
        },
        "meters" : {
          "estimated_diameter_min" : 461.9074602816,
          "estimated_diameter_max" : 1032.8564805039
        },
        "miles" : {
          "estimated_diameter_min" : 0.2870159005,
          "estimated_diameter_max" : 0.6417870641
        },
        "feet" : {
          "estimated_diameter_min" : 1515.4444719902,
          "estimated_diameter_max" : 3388.6368554964
        }
      },
      "is_potentially_hazardous_asteroid" : true,
      "close_approach_data" : [ {
        "close_approach_date" : "2002-12-15",
        "epoch_date_close_approach" : 1039939200000,
        "relative_velocity" : {
          "kilometers_per_second" : "16.8834568176",
          "kilometers_per_hour" : "60780.4445432887",
          "miles_per_hour" : "37766.6045552451"
        },
        "miss_distance" : {
          "astronomical" : "0.4592880388",
          "lunar" : "178.6630401611",
          "kilometers" : "68708512",
          "miles" : "42693492"
        },
        "orbiting_body" : "Earth"
      } ],
      "orbital_data" : {
        "orbit_id" : "30",
        "orbit_determination_date" : "2017-06-04 06:18:14",
        "orbit_uncertainty" : "0",
        "minimum_orbit_intersection" : ".0335533",
        "jupiter_tisserand_invariant" : "3.830",
        "epoch_osculation" : "2458000.5",
        "eccentricity" : ".7626849273445908",
        "semi_major_axis" : "1.645485108869364",
        "inclination" : "23.34522109047897",
        "ascending_node_longitude" : "101.5324981465252",
        "orbital_period" : "770.9733416749539",
        "perihelion_distance" : ".3904984181647271",
        "perihelion_argument" : "241.6228435937261",
        "aphelion_distance" : "2.900471799574001",
        "perihelion_time" : "2457961.759595636010",
        "mean_anomaly" : "18.08953023036711",
        "mean_motion" : ".4669422151716599",
        "equinox" : "J2000"
      }
    }, {
      "links" : {
        "self" : "https://api.nasa.gov/neo/rest/v1/neo/3145501?api_key=t0TVs3DtDT2H8Oy2Zy8m2eVrNsAVKAexjcZXUckd"
      },
      "neo_reference_id" : "3145501",
      "name" : "(2002 YF4)",
      "nasa_jpl_url" : "http://ssd.jpl.nasa.gov/sbdb.cgi?sstr=3145501",
      "absolute_magnitude_h" : 18.6,
      "estimated_diameter" : {
        "kilometers" : {
          "estimated_diameter_min" : 0.5064714588,
          "estimated_diameter_max" : 1.1325046106
        },
        "meters" : {
          "estimated_diameter_min" : 506.4714588346,
          "estimated_diameter_max" : 1132.5046106177
        },
        "miles" : {
          "estimated_diameter_min" : 0.3147066768,
          "estimated_diameter_max" : 0.7037055224
        },
        "feet" : {
          "estimated_diameter_min" : 1661.651821003,
          "estimated_diameter_max" : 3715.566426699
        }
      },
      "is_potentially_hazardous_asteroid" : false,
      "close_approach_data" : [ {
        "close_approach_date" : "2002-12-15",
        "epoch_date_close_approach" : 1039939200000,
        "relative_velocity" : {
          "kilometers_per_second" : "17.4951846828",
          "kilometers_per_hour" : "62982.6648579684",
          "miles_per_hour" : "39134.978616886"
        },
        "miss_distance" : {
          "astronomical" : "0.4921219901",
          "lunar" : "191.4354553223",
          "kilometers" : "73620400",
          "miles" : "45745596"
        },
        "orbiting_body" : "Earth"
      } ],
      "orbital_data" : {
        "orbit_id" : "37",
        "orbit_determination_date" : "2016-11-07 06:19:46",
        "orbit_uncertainty" : "0",
        "minimum_orbit_intersection" : ".429687",
        "jupiter_tisserand_invariant" : "3.876",
        "epoch_osculation" : "2457600.5",
        "eccentricity" : ".3339397927453123",
        "semi_major_axis" : "1.75486642574423",
        "inclination" : "33.6785753518744",
        "ascending_node_longitude" : "61.71493524722741",
        "orbital_period" : "849.1111122755176",
        "perihelion_distance" : "1.168846695235495",
        "perihelion_argument" : "93.56806970916334",
        "aphelion_distance" : "2.340886156252965",
        "perihelion_time" : "2457800.450752800051",
        "mean_anomaly" : "275.2263231897717",
        "mean_motion" : ".4239727814128383",
        "equinox" : "J2000"
      }
    }, {
      "links" : {
        "self" : "https://api.nasa.gov/neo/rest/v1/neo/3307228?api_key=t0TVs3DtDT2H8Oy2Zy8m2eVrNsAVKAexjcZXUckd"
      },
      "neo_reference_id" : "3307228",
      "name" : "(2005 XT77)",
      "nasa_jpl_url" : "http://ssd.jpl.nasa.gov/sbdb.cgi?sstr=3307228",
      "absolute_magnitude_h" : 21.2,
      "estimated_diameter" : {
        "kilometers" : {
          "estimated_diameter_min" : 0.1529519353,
          "estimated_diameter_max" : 0.3420109247
        },
        "meters" : {
          "estimated_diameter_min" : 152.9519353442,
          "estimated_diameter_max" : 342.0109247198
        },
        "miles" : {
          "estimated_diameter_min" : 0.095039897,
          "estimated_diameter_max" : 0.2125156703
        },
        "feet" : {
          "estimated_diameter_min" : 501.8108275547,
          "estimated_diameter_max" : 1122.0831222578
        }
      },
      "is_potentially_hazardous_asteroid" : true,
      "close_approach_data" : [ {
        "close_approach_date" : "2002-12-15",
        "epoch_date_close_approach" : 1039939200000,
        "relative_velocity" : {
          "kilometers_per_second" : "20.8547273319",
          "kilometers_per_hour" : "75077.0183947334",
          "miles_per_hour" : "46649.9395686609"
        },
        "miss_distance" : {
          "astronomical" : "0.4013235833",
          "lunar" : "156.1148681641",
          "kilometers" : "60037156",
          "miles" : "37305360"
        },
        "orbiting_body" : "Earth"
      } ],
      "orbital_data" : {
        "orbit_id" : "26",
        "orbit_determination_date" : "2017-04-06 09:09:38",
        "orbit_uncertainty" : "0",
        "minimum_orbit_intersection" : ".0278008",
        "jupiter_tisserand_invariant" : "6.927",
        "epoch_osculation" : "2458000.5",
        "eccentricity" : ".2662892490503571",
        "semi_major_axis" : ".8410412387622234",
        "inclination" : "17.21951849748949",
        "ascending_node_longitude" : "84.81940399453119",
        "orbital_period" : "281.7243356844349",
        "perihelion_distance" : ".6170809988718489",
        "perihelion_argument" : "149.9371528936231",
        "aphelion_distance" : "1.065001478652598",
        "perihelion_time" : "2458052.316455126139",
        "mean_anomaly" : "293.7866081036588",
        "mean_motion" : "1.277844880263532",
        "equinox" : "J2000"
      }
    }, {
      "links" : {
        "self" : "https://api.nasa.gov/neo/rest/v1/neo/3646599?api_key=t0TVs3DtDT2H8Oy2Zy8m2eVrNsAVKAexjcZXUckd"
      },
      "neo_reference_id" : "3646599",
      "name" : "(2013 QJ10)",
      "nasa_jpl_url" : "http://ssd.jpl.nasa.gov/sbdb.cgi?sstr=3646599",
      "absolute_magnitude_h" : 19.5,
      "estimated_diameter" : {
        "kilometers" : {
          "estimated_diameter_min" : 0.3346223745,
          "estimated_diameter_max" : 0.7482383761
        },
        "meters" : {
          "estimated_diameter_min" : 334.6223744549,
          "estimated_diameter_max" : 748.2383760735
        },
        "miles" : {
          "estimated_diameter_min" : 0.2079246394,
          "estimated_diameter_max" : 0.464933628
        },
        "feet" : {
          "estimated_diameter_min" : 1097.8424710066,
          "estimated_diameter_max" : 2454.8503937571
        }
      },
      "is_potentially_hazardous_asteroid" : true,
      "close_approach_data" : [ {
        "close_approach_date" : "2002-12-15",
        "epoch_date_close_approach" : 1039939200000,
        "relative_velocity" : {
          "kilometers_per_second" : "27.462053318",
          "kilometers_per_hour" : "98863.3919446294",
          "miles_per_hour" : "61429.8670669282"
        },
        "miss_distance" : {
          "astronomical" : "0.4708685046",
          "lunar" : "183.1678466797",
          "kilometers" : "70440928",
          "miles" : "43769960"
        },
        "orbiting_body" : "Earth"
      } ],
      "orbital_data" : {
        "orbit_id" : "74",
        "orbit_determination_date" : "2016-12-31 06:19:01",
        "orbit_uncertainty" : "1",
        "minimum_orbit_intersection" : ".0237275",
        "jupiter_tisserand_invariant" : "6.161",
        "epoch_osculation" : "2457800.5",
        "eccentricity" : ".4252555942420398",
        "semi_major_axis" : ".9595549068433741",
        "inclination" : "18.14867878219412",
        "ascending_node_longitude" : "327.4855216322815",
        "orbital_period" : "343.323216608476",
        "perihelion_distance" : ".5514988147258298",
        "perihelion_argument" : "243.7933036866469",
        "aphelion_distance" : "1.367610998960918",
        "perihelion_time" : "2457825.071344209016",
        "mean_anomaly" : "334.2351128984866",
        "mean_motion" : "1.048574586817244",
        "equinox" : "J2000"
      }
    }, {
      "links" : {
        "self" : "https://api.nasa.gov/neo/rest/v1/neo/3759293?api_key=t0TVs3DtDT2H8Oy2Zy8m2eVrNsAVKAexjcZXUckd"
      },
      "neo_reference_id" : "3759293",
      "name" : "(2016 RJ20)",
      "nasa_jpl_url" : "http://ssd.jpl.nasa.gov/sbdb.cgi?sstr=3759293",
      "absolute_magnitude_h" : 23.6,
      "estimated_diameter" : {
        "kilometers" : {
          "estimated_diameter_min" : 0.0506471459,
          "estimated_diameter_max" : 0.1132504611
        },
        "meters" : {
          "estimated_diameter_min" : 50.6471458835,
          "estimated_diameter_max" : 113.2504610618
        },
        "miles" : {
          "estimated_diameter_min" : 0.0314706677,
          "estimated_diameter_max" : 0.0703705522
        },
        "feet" : {
          "estimated_diameter_min" : 166.1651821003,
          "estimated_diameter_max" : 371.5566426699
        }
      },
      "is_potentially_hazardous_asteroid" : false,
      "close_approach_data" : [ {
        "close_approach_date" : "2002-12-15",
        "epoch_date_close_approach" : 1039939200000,
        "relative_velocity" : {
          "kilometers_per_second" : "13.2957117228",
          "kilometers_per_hour" : "47864.5622022146",
          "miles_per_hour" : "29741.177552815"
        },
        "miss_distance" : {
          "astronomical" : "0.1237356449",
          "lunar" : "48.1331672668",
          "kilometers" : "18510590",
          "miles" : "11501947"
        },
        "orbiting_body" : "Earth"
      } ],
      "orbital_data" : {
        "orbit_id" : "5",
        "orbit_determination_date" : "2017-04-06 08:23:59",
        "orbit_uncertainty" : "6",
        "minimum_orbit_intersection" : ".00828972",
        "jupiter_tisserand_invariant" : "6.341",
        "epoch_osculation" : "2458000.5",
        "eccentricity" : ".5224785830367583",
        "semi_major_axis" : ".9249897519677948",
        "inclination" : "5.152429791312739",
        "ascending_node_longitude" : "153.3339942975987",
        "orbital_period" : "324.9404732467929",
        "perihelion_distance" : ".4417024170361388",
        "perihelion_argument" : "55.61450521477623",
        "aphelion_distance" : "1.408277086899451",
        "perihelion_time" : "2457888.269176176006",
        "mean_anomaly" : "124.3399942547374",
        "mean_motion" : "1.107895228941146",
        "equinox" : "J2000"
      }
    }, {
      "links" : {
        "self" : "https://api.nasa.gov/neo/rest/v1/neo/2474425?api_key=t0TVs3DtDT2H8Oy2Zy8m2eVrNsAVKAexjcZXUckd"
      },
      "neo_reference_id" : "2474425",
      "name" : "474425 (2002 YF4)",
      "nasa_jpl_url" : "http://ssd.jpl.nasa.gov/sbdb.cgi?sstr=2474425",
      "absolute_magnitude_h" : 18.8,
      "estimated_diameter" : {
        "kilometers" : {
          "estimated_diameter_min" : 0.4619074603,
          "estimated_diameter_max" : 1.0328564805
        },
        "meters" : {
          "estimated_diameter_min" : 461.9074602816,
          "estimated_diameter_max" : 1032.8564805039
        },
        "miles" : {
          "estimated_diameter_min" : 0.2870159005,
          "estimated_diameter_max" : 0.6417870641
        },
        "feet" : {
          "estimated_diameter_min" : 1515.4444719902,
          "estimated_diameter_max" : 3388.6368554964
        }
      },
      "is_potentially_hazardous_asteroid" : false,
      "close_approach_data" : [ {
        "close_approach_date" : "2002-12-15",
        "epoch_date_close_approach" : 1039939200000,
        "relative_velocity" : {
          "kilometers_per_second" : "17.4951895549",
          "kilometers_per_hour" : "62982.6823975759",
          "miles_per_hour" : "39134.989515316"
        },
        "miss_distance" : {
          "astronomical" : "0.4921220419",
          "lunar" : "191.4354858398",
          "kilometers" : "73620416",
          "miles" : "45745604"
        },
        "orbiting_body" : "Earth"
      } ],
      "orbital_data" : {
        "orbit_id" : "56",
        "orbit_determination_date" : "2017-05-29 06:19:20",
        "orbit_uncertainty" : "0",
        "minimum_orbit_intersection" : ".430723",
        "jupiter_tisserand_invariant" : "3.876",
        "epoch_osculation" : "2458000.5",
        "eccentricity" : ".3339567664973582",
        "semi_major_axis" : "1.754712787839229",
        "inclination" : "33.68128387536535",
        "ascending_node_longitude" : "61.71261286721162",
        "orbital_period" : "848.999605671558",
        "perihelion_distance" : "1.168714579080876",
        "perihelion_argument" : "93.56938230077927",
        "aphelion_distance" : "2.340710996597583",
        "perihelion_time" : "2457800.450568542354",
        "mean_anomaly" : "84.82665344442228",
        "mean_motion" : ".4240284654964477",
        "equinox" : "J2000"
      }
    }, {
      "links" : {
        "self" : "https://api.nasa.gov/neo/rest/v1/neo/2482796?api_key=t0TVs3DtDT2H8Oy2Zy8m2eVrNsAVKAexjcZXUckd"
      },
      "neo_reference_id" : "2482796",
      "name" : "482796 (2013 QJ10)",
      "nasa_jpl_url" : "http://ssd.jpl.nasa.gov/sbdb.cgi?sstr=2482796",
      "absolute_magnitude_h" : 19.5,
      "estimated_diameter" : {
        "kilometers" : {
          "estimated_diameter_min" : 0.3346223745,
          "estimated_diameter_max" : 0.7482383761
        },
        "meters" : {
          "estimated_diameter_min" : 334.6223744549,
          "estimated_diameter_max" : 748.2383760735
        },
        "miles" : {
          "estimated_diameter_min" : 0.2079246394,
          "estimated_diameter_max" : 0.464933628
        },
        "feet" : {
          "estimated_diameter_min" : 1097.8424710066,
          "estimated_diameter_max" : 2454.8503937571
        }
      },
      "is_potentially_hazardous_asteroid" : true,
      "close_approach_data" : [ {
        "close_approach_date" : "2002-12-15",
        "epoch_date_close_approach" : 1039939200000,
        "relative_velocity" : {
          "kilometers_per_second" : "27.4620496805",
          "kilometers_per_hour" : "98863.3788498921",
          "miles_per_hour" : "61429.8589303677"
        },
        "miss_distance" : {
          "astronomical" : "0.4708683636",
          "lunar" : "183.1677856445",
          "kilometers" : "70440904",
          "miles" : "43769948"
        },
        "orbiting_body" : "Earth"
      } ],
      "orbital_data" : {
        "orbit_id" : "78",
        "orbit_determination_date" : "2017-09-26 06:51:55",
        "orbit_uncertainty" : "1",
        "minimum_orbit_intersection" : ".0242684",
        "jupiter_tisserand_invariant" : "6.161",
        "epoch_osculation" : "2458000.5",
        "eccentricity" : ".4252201464767748",
        "semi_major_axis" : ".9595421959633043",
        "inclination" : "18.14805013584654",
        "ascending_node_longitude" : "327.4840661508824",
        "orbital_period" : "343.3163948115964",
        "perihelion_distance" : ".5515255228451419",
        "perihelion_argument" : "243.7977576134674",
        "aphelion_distance" : "1.367558869081466",
        "perihelion_time" : "2458168.386997859231",
        "mean_anomaly" : "183.9544625811109",
        "mean_motion" : "1.04859542230006",
        "equinox" : "J2000"
      }
    } ]
  }
}