{
  "links" : {
    "next" : "https://api.nasa.gov/neo/rest/v1/feed?start_date=2005-04-23&end_date=2005-04-23&detailed=true&api_key=t0TVs3DtDT2H8Oy2Zy8m2eVrNsAVKAexjcZXUckd",
    "prev" : "https://api.nasa.gov/neo/rest/v1/feed?start_date=2005-04-21&end_date=2005-04-21&detailed=true&api_key=t0TVs3DtDT2H8Oy2Zy8m2eVrNsAVKAexjcZXUckd",
    "self" : "https://api.nasa.gov/neo/rest/v1/feed?start_date=2005-04-22&end_date=2005-04-22&detailed=true&api_key=t0TVs3DtDT2H8Oy2Zy8m2eVrNsAVKAexjcZXUckd"
  },
  "element_count" : 9,
  "near_earth_objects" : {
    "2005-04-22" : [ {
      "links" : {
        "self" : "https://api.nasa.gov/neo/rest/v1/neo/2153271?api_key=t0TVs3DtDT2H8Oy2Zy8m2eVrNsAVKAexjcZXUckd"
      },
      "neo_reference_id" : "2153271",
      "name" : "153271 (2001 CL42)",
      "nasa_jpl_url" : "http://ssd.jpl.nasa.gov/sbdb.cgi?sstr=2153271",
      "absolute_magnitude_h" : 17.2,
      "estimated_diameter" : {
        "kilometers" : {
          "estimated_diameter_min" : 0.9650614696,
          "estimated_diameter_max" : 2.1579430484
        },
        "meters" : {
          "estimated_diameter_min" : 965.0614695789,
          "estimated_diameter_max" : 2157.9430484443
        },
        "miles" : {
          "estimated_diameter_min" : 0.5996612104,
          "estimated_diameter_max" : 1.34088323
        },
        "feet" : {
          "estimated_diameter_min" : 3166.2122718533,
          "estimated_diameter_max" : 7079.8658710581
        }
      },
      "is_potentially_hazardous_asteroid" : false,
      "close_approach_data" : [ {
        "close_approach_date" : "2005-04-22",
        "epoch_date_close_approach" : 1114153200000,
        "relative_velocity" : {
          "kilometers_per_second" : "14.6769410293",
          "kilometers_per_hour" : "52836.9877054264",
          "miles_per_hour" : "32830.8493884078"
        },
        "miss_distance" : {
          "astronomical" : "0.1993705537",
          "lunar" : "77.5551452637",
          "kilometers" : "29825410",
          "miles" : "18532650"
        },
        "orbiting_body" : "Earth"
      } ],
      "orbital_data" : {
        "orbit_id" : "175",
        "orbit_determination_date" : "2017-04-06 09:27:07",
        "orbit_uncertainty" : "0",
        "minimum_orbit_intersection" : ".192174",
        "jupiter_tisserand_invariant" : "4.272",
        "epoch_osculation" : "2458000.5",
        "eccentricity" : ".4023364576940164",
        "semi_major_axis" : "1.557179466248208",
        "inclination" : "21.65458955007368",
        "ascending_node_longitude" : "12.07415521830127",
        "orbital_period" : "709.7516801183687",
        "perihelion_distance" : ".9306693958040446",
        "perihelion_argument" : "270.803606312047",
        "aphelion_distance" : "2.183689536692371",
        "perihelion_time" : "2457802.412936624139",
        "mean_anomaly" : "100.4736512964889",
        "mean_motion" : ".5072196517237706",
        "equinox" : "J2000"
      }
    }, {
      "links" : {
        "self" : "https://api.nasa.gov/neo/rest/v1/neo/2327140?api_key=t0TVs3DtDT2H8Oy2Zy8m2eVrNsAVKAexjcZXUckd"
      },
      "neo_reference_id" : "2327140",
      "name" : "327140 (2005 EE224)",
      "nasa_jpl_url" : "http://ssd.jpl.nasa.gov/sbdb.cgi?sstr=2327140",
      "absolute_magnitude_h" : 19.9,
      "estimated_diameter" : {
        "kilometers" : {
          "estimated_diameter_min" : 0.2783267681,
          "estimated_diameter_max" : 0.6223575734
        },
        "meters" : {
          "estimated_diameter_min" : 278.3267680719,
          "estimated_diameter_max" : 622.3575733667
        },
        "miles" : {
          "estimated_diameter_min" : 0.1729441822,
          "estimated_diameter_max" : 0.3867149477
        },
        "feet" : {
          "estimated_diameter_min" : 913.1455937611,
          "estimated_diameter_max" : 2041.8556210042
        }
      },
      "is_potentially_hazardous_asteroid" : false,
      "close_approach_data" : [ {
        "close_approach_date" : "2005-04-22",
        "epoch_date_close_approach" : 1114153200000,
        "relative_velocity" : {
          "kilometers_per_second" : "12.1743067685",
          "kilometers_per_hour" : "43827.5043665662",
          "miles_per_hour" : "27232.7068104366"
        },
        "miss_distance" : {
          "astronomical" : "0.2668025257",
          "lunar" : "103.7861785889",
          "kilometers" : "39913088",
          "miles" : "24800844"
        },
        "orbiting_body" : "Earth"
      } ],
      "orbital_data" : {
        "orbit_id" : "22",
        "orbit_determination_date" : "2017-04-06 09:23:38",
        "orbit_uncertainty" : "0",
        "minimum_orbit_intersection" : ".120794",
        "jupiter_tisserand_invariant" : "3.979",
        "epoch_osculation" : "2458000.5",
        "eccentricity" : ".373513208200001",
        "semi_major_axis" : "1.744859796570853",
        "inclination" : "21.82540247469115",
        "ascending_node_longitude" : "19.98241330622588",
        "orbital_period" : "841.8587518082766",
        "perihelion_distance" : "1.093131616094473",
        "perihelion_argument" : "208.2700540995506",
        "aphelion_distance" : "2.396587977047234",
        "perihelion_time" : "2457721.564170311626",
        "mean_anomaly" : "119.2799842872971",
        "mean_motion" : ".4276251796714537",
        "equinox" : "J2000"
      }
    }, {
      "links" : {
        "self" : "https://api.nasa.gov/neo/rest/v1/neo/3275512?api_key=t0TVs3DtDT2H8Oy2Zy8m2eVrNsAVKAexjcZXUckd"
      },
      "neo_reference_id" : "3275512",
      "name" : "(2005 GU)",
      "nasa_jpl_url" : "http://ssd.jpl.nasa.gov/sbdb.cgi?sstr=3275512",
      "absolute_magnitude_h" : 20.0,
      "estimated_diameter" : {
        "kilometers" : {
          "estimated_diameter_min" : 0.2658,
          "estimated_diameter_max" : 0.5943468684
        },
        "meters" : {
          "estimated_diameter_min" : 265.8,
          "estimated_diameter_max" : 594.3468684194
        },
        "miles" : {
          "estimated_diameter_min" : 0.1651604118,
          "estimated_diameter_max" : 0.369309908
        },
        "feet" : {
          "estimated_diameter_min" : 872.047272,
          "estimated_diameter_max" : 1949.9569797852
        }
      },
      "is_potentially_hazardous_asteroid" : true,
      "close_approach_data" : [ {
        "close_approach_date" : "2005-04-22",
        "epoch_date_close_approach" : 1114153200000,
        "relative_velocity" : {
          "kilometers_per_second" : "20.9475911124",
          "kilometers_per_hour" : "75411.3280044881",
          "miles_per_hour" : "46857.6665592332"
        },
        "miss_distance" : {
          "astronomical" : "0.0812575364",
          "lunar" : "31.6091823578",
          "kilometers" : "12155955",
          "miles" : "7553360"
        },
        "orbiting_body" : "Earth"
      } ],
      "orbital_data" : {
        "orbit_id" : "26",
        "orbit_determination_date" : "2017-04-06 09:11:10",
        "orbit_uncertainty" : "1",
        "minimum_orbit_intersection" : ".0141525",
        "jupiter_tisserand_invariant" : "4.134",
        "epoch_osculation" : "2458000.5",
        "eccentricity" : ".6146095515144586",
        "semi_major_axis" : "1.551698473232959",
        "inclination" : "25.04852030845643",
        "ascending_node_longitude" : "26.9223956918106",
        "orbital_period" : "706.0076811875358",
        "perihelion_distance" : ".5980097705135797",
        "perihelion_argument" : "275.7628466073247",
        "aphelion_distance" : "2.505387175952338",
        "perihelion_time" : "2457771.202590712847",
        "mean_anomaly" : "116.9209196202048",
        "mean_motion" : ".5099094664160937",
        "equinox" : "J2000"
      }
    }, {
      "links" : {
        "self" : "https://api.nasa.gov/neo/rest/v1/neo/3561031?api_key=t0TVs3DtDT2H8Oy2Zy8m2eVrNsAVKAexjcZXUckd"
      },
      "neo_reference_id" : "3561031",
      "name" : "(2011 GF3)",
      "nasa_jpl_url" : "http://ssd.jpl.nasa.gov/sbdb.cgi?sstr=3561031",
      "absolute_magnitude_h" : 22.4,
      "estimated_diameter" : {
        "kilometers" : {
          "estimated_diameter_min" : 0.0880146521,
          "estimated_diameter_max" : 0.1968067451
        },
        "meters" : {
          "estimated_diameter_min" : 88.0146520901,
          "estimated_diameter_max" : 196.8067450894
        },
        "miles" : {
          "estimated_diameter_min" : 0.0546897524,
          "estimated_diameter_max" : 0.122290004
        },
        "feet" : {
          "estimated_diameter_min" : 288.7619911632,
          "estimated_diameter_max" : 645.6914415591
        }
      },
      "is_potentially_hazardous_asteroid" : false,
      "close_approach_data" : [ {
        "close_approach_date" : "2005-04-22",
        "epoch_date_close_approach" : 1114153200000,
        "relative_velocity" : {
          "kilometers_per_second" : "14.1532250983",
          "kilometers_per_hour" : "50951.6103540006",
          "miles_per_hour" : "31659.3492224622"
        },
        "miss_distance" : {
          "astronomical" : "0.1875261938",
          "lunar" : "72.9476928711",
          "kilometers" : "28053520",
          "miles" : "17431650"
        },
        "orbiting_body" : "Earth"
      } ],
      "orbital_data" : {
        "orbit_id" : "7",
        "orbit_determination_date" : "2017-04-06 08:53:51",
        "orbit_uncertainty" : "7",
        "minimum_orbit_intersection" : ".162496",
        "jupiter_tisserand_invariant" : "6.896",
        "epoch_osculation" : "2458000.5",
        "eccentricity" : ".545330351576744",
        "semi_major_axis" : ".8324753022388277",
        "inclination" : "15.80999538670596",
        "ascending_node_longitude" : "183.6854327271124",
        "orbital_period" : "277.4313042307207",
        "perihelion_distance" : ".3785012529899716",
        "perihelion_argument" : "178.1441716315962",
        "aphelion_distance" : "1.286449351487684",
        "perihelion_time" : "2458004.521745601070",
        "mean_anomaly" : "354.7813084020933",
        "mean_motion" : "1.297618525776069",
        "equinox" : "J2000"
      }
    }, {
      "links" : {
        "self" : "https://api.nasa.gov/neo/rest/v1/neo/3697798?api_key=t0TVs3DtDT2H8Oy2Zy8m2eVrNsAVKAexjcZXUckd"
      },
      "neo_reference_id" : "3697798",
      "name" : "(2014 WZ120)",
      "nasa_jpl_url" : "http://ssd.jpl.nasa.gov/sbdb.cgi?sstr=3697798",
      "absolute_magnitude_h" : 20.5,
      "estimated_diameter" : {
        "kilometers" : {
          "estimated_diameter_min" : 0.2111324448,
          "estimated_diameter_max" : 0.4721064988
        },
        "meters" : {
          "estimated_diameter_min" : 211.1324447897,
          "estimated_diameter_max" : 472.1064988055
        },
        "miles" : {
          "estimated_diameter_min" : 0.1311915784,
          "estimated_diameter_max" : 0.2933532873
        },
        "feet" : {
          "estimated_diameter_min" : 692.6917701639,
          "estimated_diameter_max" : 1548.9058855411
        }
      },
      "is_potentially_hazardous_asteroid" : true,
      "close_approach_data" : [ {
        "close_approach_date" : "2005-04-22",
        "epoch_date_close_approach" : 1114153200000,
        "relative_velocity" : {
          "kilometers_per_second" : "21.8767350475",
          "kilometers_per_hour" : "78756.2461709802",
          "miles_per_hour" : "48936.0686277404"
        },
        "miss_distance" : {
          "astronomical" : "0.3140743581",
          "lunar" : "122.1749267578",
          "kilometers" : "46984856",
          "miles" : "29195036"
        },
        "orbiting_body" : "Earth"
      } ],
      "orbital_data" : {
        "orbit_id" : "19",
        "orbit_determination_date" : "2017-08-10 06:18:36",
        "orbit_uncertainty" : "3",
        "minimum_orbit_intersection" : ".0308154",
        "jupiter_tisserand_invariant" : "3.288",
        "epoch_osculation" : "2458000.5",
        "eccentricity" : ".6381568642898425",
        "semi_major_axis" : "2.213939291750271",
        "inclination" : "20.91754977272365",
        "ascending_node_longitude" : "244.8862218011385",
        "orbital_period" : "1203.225393154606",
        "perihelion_distance" : ".8010987355988434",
        "perihelion_argument" : "245.1850183440139",
        "aphelion_distance" : "3.626779847901699",
        "perihelion_time" : "2458238.393544624467",
        "mean_anomaly" : "288.8232474546822",
        "mean_motion" : ".2991958132267764",
        "equinox" : "J2000"
      }
    }, {
      "links" : {
        "self" : "https://api.nasa.gov/neo/rest/v1/neo/3733852?api_key=t0TVs3DtDT2H8Oy2Zy8m2eVrNsAVKAexjcZXUckd"
      },
      "neo_reference_id" : "3733852",
      "name" : "(2015 VG64)",
      "nasa_jpl_url" : "http://ssd.jpl.nasa.gov/sbdb.cgi?sstr=3733852",
      "absolute_magnitude_h" : 21.7,
      "estimated_diameter" : {
        "kilometers" : {
          "estimated_diameter_min" : 0.1214940408,
          "estimated_diameter_max" : 0.2716689341
        },
        "meters" : {
          "estimated_diameter_min" : 121.4940407996,
          "estimated_diameter_max" : 271.6689340891
        },
        "miles" : {
          "estimated_diameter_min" : 0.0754928736,
          "estimated_diameter_max" : 0.1688071972
        },
        "feet" : {
          "estimated_diameter_min" : 398.6025088171,
          "estimated_diameter_max" : 891.3023057169
        }
      },
      "is_potentially_hazardous_asteroid" : false,
      "close_approach_data" : [ {
        "close_approach_date" : "2005-04-22",
        "epoch_date_close_approach" : 1114153200000,
        "relative_velocity" : {
          "kilometers_per_second" : "12.9558326587",
          "kilometers_per_hour" : "46640.9975714482",
          "miles_per_hour" : "28980.9020743257"
        },
        "miss_distance" : {
          "astronomical" : "0.1750581527",
          "lunar" : "68.0976257324",
          "kilometers" : "26188328",
          "miles" : "16272672"
        },
        "orbiting_body" : "Earth"
      } ],
      "orbital_data" : {
        "orbit_id" : "15",
        "orbit_determination_date" : "2017-04-06 08:30:54",
        "orbit_uncertainty" : "6",
        "minimum_orbit_intersection" : ".0708977",
        "jupiter_tisserand_invariant" : "4.511",
        "epoch_osculation" : "2458000.5",
        "eccentricity" : ".5676749211079454",
        "semi_major_axis" : "1.424697775811822",
        "inclination" : "4.279857051329726",
        "ascending_node_longitude" : "310.86740562",
        "orbital_period" : "621.130057986921",
        "perihelion_distance" : ".6159325783251806",
        "perihelion_argument" : "345.0998721913597",
        "aphelion_distance" : "2.233462973298463",
        "perihelion_time" : "2457883.715185146874",
        "mean_anomaly" : "67.68716600736558",
        "mean_motion" : ".5795887598271414",
        "equinox" : "J2000"
      }
    }, {
      "links" : {
        "self" : "https://api.nasa.gov/neo/rest/v1/neo/3632682?api_key=t0TVs3DtDT2H8Oy2Zy8m2eVrNsAVKAexjcZXUckd"
      },
      "neo_reference_id" : "3632682",
      "name" : "(2013 FK)",
      "nasa_jpl_url" : "http://ssd.jpl.nasa.gov/sbdb.cgi?sstr=3632682",
      "absolute_magnitude_h" : 23.3,
      "estimated_diameter" : {
        "kilometers" : {
          "estimated_diameter_min" : 0.058150704,
          "estimated_diameter_max" : 0.130028927
        },
        "meters" : {
          "estimated_diameter_min" : 58.1507039646,
          "estimated_diameter_max" : 130.0289270043
        },
        "miles" : {
          "estimated_diameter_min" : 0.0361331611,
          "estimated_diameter_max" : 0.0807962044
        },
        "feet" : {
          "estimated_diameter_min" : 190.7831555951,
          "estimated_diameter_max" : 426.6041048727
        }
      },
      "is_potentially_hazardous_asteroid" : false,
      "close_approach_data" : [ {
        "close_approach_date" : "2005-04-22",
        "epoch_date_close_approach" : 1114153200000,
        "relative_velocity" : {
          "kilometers_per_second" : "23.8529038733",
          "kilometers_per_hour" : "85870.4539438008",
          "miles_per_hour" : "53356.5606741356"
        },
        "miss_distance" : {
          "astronomical" : "0.4749509347",
          "lunar" : "184.7559204102",
          "kilometers" : "71051648",
          "miles" : "44149448"
        },
        "orbiting_body" : "Earth"
      } ],
      "orbital_data" : {
        "orbit_id" : "27",
        "orbit_determination_date" : "2017-04-06 08:46:23",
        "orbit_uncertainty" : "0",
        "minimum_orbit_intersection" : ".0161092",
        "jupiter_tisserand_invariant" : "3.166",
        "epoch_osculation" : "2458000.5",
        "eccentricity" : ".6147757879795454",
        "semi_major_axis" : "2.511094072630688",
        "inclination" : "3.474598734475299",
        "ascending_node_longitude" : "327.3288302474416",
        "orbital_period" : "1453.425920723744",
        "perihelion_distance" : ".9673342354383909",
        "perihelion_argument" : "177.828598759173",
        "aphelion_distance" : "4.054853909822985",
        "perihelion_time" : "2457796.603487855890",
        "mean_anomaly" : "50.50325807821567",
        "mean_motion" : ".247690642410406",
        "equinox" : "J2000"
      }
    }, {
      "links" : {
        "self" : "https://api.nasa.gov/neo/rest/v1/neo/3781708?api_key=t0TVs3DtDT2H8Oy2Zy8m2eVrNsAVKAexjcZXUckd"
      },
      "neo_reference_id" : "3781708",
      "name" : "(2017 RO17)",
      "nasa_jpl_url" : "http://ssd.jpl.nasa.gov/sbdb.cgi?sstr=3781708",
      "absolute_magnitude_h" : 26.207,
      "estimated_diameter" : {
        "kilometers" : {
          "estimated_diameter_min" : 0.015245967,
          "estimated_diameter_max" : 0.0340910187
        },
        "meters" : {
          "estimated_diameter_min" : 15.2459670423,
          "estimated_diameter_max" : 34.0910186893
        },
        "miles" : {
          "estimated_diameter_min" : 0.0094734018,
          "estimated_diameter_max" : 0.0211831704
        },
        "feet" : {
          "estimated_diameter_min" : 50.0195785111,
          "estimated_diameter_max" : 111.8471777566
        }
      },
      "is_potentially_hazardous_asteroid" : false,
      "close_approach_data" : [ {
        "close_approach_date" : "2005-04-22",
        "epoch_date_close_approach" : 1114153200000,
        "relative_velocity" : {
          "kilometers_per_second" : "18.0402024692",
          "kilometers_per_hour" : "64944.728889161",
          "miles_per_hour" : "40354.128903379"
        },
        "miss_distance" : {
          "astronomical" : "0.4663708035",
          "lunar" : "181.4182434082",
          "kilometers" : "69768080",
          "miles" : "43351872"
        },
        "orbiting_body" : "Earth"
      } ],
      "orbital_data" : {
        "orbit_id" : "1",
        "orbit_determination_date" : "2017-09-25 13:12:02",
        "orbit_uncertainty" : "6",
        "minimum_orbit_intersection" : ".00784378",
        "jupiter_tisserand_invariant" : "6.733",
        "epoch_osculation" : "2458000.5",
        "eccentricity" : ".3810238639550345",
        "semi_major_axis" : ".8705862059135486",
        "inclination" : ".9523820604005262",
        "ascending_node_longitude" : "188.5216327797132",
        "orbital_period" : "296.6990114692509",
        "perihelion_distance" : ".538872085830415",
        "perihelion_argument" : "18.56662300011491",
        "aphelion_distance" : "1.202300325996682",
        "perihelion_time" : "2457922.087105269357",
        "mean_anomaly" : "95.14235306428355",
        "mean_motion" : "1.213350857548474",
        "equinox" : "J2000"
      }
    }, {
      "links" : {
        "self" : "https://api.nasa.gov/neo/rest/v1/neo/3781897?api_key=t0TVs3DtDT2H8Oy2Zy8m2eVrNsAVKAexjcZXUckd"
      },
      "neo_reference_id" : "3781897",
      "name" : "(2017 SL16)",
      "nasa_jpl_url" : "http://ssd.jpl.nasa.gov/sbdb.cgi?sstr=3781897",
      "absolute_magnitude_h" : 25.664,
      "estimated_diameter" : {
        "kilometers" : {
          "estimated_diameter_min" : 0.0195773983,
          "estimated_diameter_max" : 0.0437763934
        },
        "meters" : {
          "estimated_diameter_min" : 19.5773983009,
          "estimated_diameter_max" : 43.7763934234
        },
        "miles" : {
          "estimated_diameter_min" : 0.0121648276,
          "estimated_diameter_max" : 0.0272013814
        },
        "feet" : {
          "estimated_diameter_min" : 64.2303114415,
          "estimated_diameter_max" : 143.6233425991
        }
      },
      "is_potentially_hazardous_asteroid" : false,
      "close_approach_data" : [ {
        "close_approach_date" : "2005-04-22",
        "epoch_date_close_approach" : 1114153200000,
        "relative_velocity" : {
          "kilometers_per_second" : "5.5415758794",
          "kilometers_per_hour" : "19949.6731658277",
          "miles_per_hour" : "12395.9510846222"
        },
        "miss_distance" : {
          "astronomical" : "0.1614522019",
          "lunar" : "62.8049087524",
          "kilometers" : "24152906",
          "miles" : "15007920"
        },
        "orbiting_body" : "Earth"
      } ],
      "orbital_data" : {
        "orbit_id" : "1",
        "orbit_determination_date" : "2017-09-27 15:42:08",
        "orbit_uncertainty" : "6",
        "minimum_orbit_intersection" : ".0177601",
        "jupiter_tisserand_invariant" : "6.048",
        "epoch_osculation" : "2458000.5",
        "eccentricity" : ".1540095688212493",
        "semi_major_axis" : "1.002518316473757",
        "inclination" : "8.619935043969701",
        "ascending_node_longitude" : "182.719676573434",
        "orbital_period" : "366.637515319359",
        "perihelion_distance" : ".8481209028182292",
        "perihelion_argument" : "71.26185003829899",
        "aphelion_distance" : "1.156915730129285",
        "perihelion_time" : "2457928.042239851260",
        "mean_anomaly" : "71.1460026964923",
        "mean_motion" : ".9818962461777067",
        "equinox" : "J2000"
      }
    } ]
  }
}