{
  "links" : {
    "next" : "https://api.nasa.gov/neo/rest/v1/feed?start_date=2001-11-09&end_date=2001-11-09&detailed=true&api_key=t0TVs3DtDT2H8Oy2Zy8m2eVrNsAVKAexjcZXUckd",
    "prev" : "https://api.nasa.gov/neo/rest/v1/feed?start_date=2001-11-07&end_date=2001-11-07&detailed=true&api_key=t0TVs3DtDT2H8Oy2Zy8m2eVrNsAVKAexjcZXUckd",
    "self" : "https://api.nasa.gov/neo/rest/v1/feed?start_date=2001-11-08&end_date=2001-11-08&detailed=true&api_key=t0TVs3DtDT2H8Oy2Zy8m2eVrNsAVKAexjcZXUckd"
  },
  "element_count" : 9,
  "near_earth_objects" : {
    "2001-11-08" : [ {
      "links" : {
        "self" : "https://api.nasa.gov/neo/rest/v1/neo/3092415?api_key=t0TVs3DtDT2H8Oy2Zy8m2eVrNsAVKAexjcZXUckd"
      },
      "neo_reference_id" : "3092415",
      "name" : "(2001 UE18)",
      "nasa_jpl_url" : "http://ssd.jpl.nasa.gov/sbdb.cgi?sstr=3092415",
      "absolute_magnitude_h" : 22.5,
      "estimated_diameter" : {
        "kilometers" : {
          "estimated_diameter_min" : 0.0840533402,
          "estimated_diameter_max" : 0.1879489824
        },
        "meters" : {
          "estimated_diameter_min" : 84.0533402073,
          "estimated_diameter_max" : 187.9489824394
        },
        "miles" : {
          "estimated_diameter_min" : 0.0522283081,
          "estimated_diameter_max" : 0.1167860472
        },
        "feet" : {
          "estimated_diameter_min" : 275.7655606856,
          "estimated_diameter_max" : 616.6305395464
        }
      },
      "is_potentially_hazardous_asteroid" : false,
      "close_approach_data" : [ {
        "close_approach_date" : "2001-11-08",
        "epoch_date_close_approach" : 1005206400000,
        "relative_velocity" : {
          "kilometers_per_second" : "8.109155113",
          "kilometers_per_hour" : "29192.9584067627",
          "miles_per_hour" : "18139.3690722465"
        },
        "miss_distance" : {
          "astronomical" : "0.1945461859",
          "lunar" : "75.6784667969",
          "kilometers" : "29103696",
          "miles" : "18084198"
        },
        "orbiting_body" : "Earth"
      } ],
      "orbital_data" : {
        "orbit_id" : "8",
        "orbit_determination_date" : "2017-04-06 09:15:55",
        "orbit_uncertainty" : "9",
        "minimum_orbit_intersection" : ".191272",
        "jupiter_tisserand_invariant" : "4.801",
        "epoch_osculation" : "2452210.5",
        "eccentricity" : ".1804001909982839",
        "semi_major_axis" : "1.358013490846902",
        "inclination" : "15.35668553310702",
        "ascending_node_longitude" : "33.25955942613878",
        "orbital_period" : "578.0355559101846",
        "perihelion_distance" : "1.113027597719875",
        "perihelion_argument" : "60.67551823489638",
        "aphelion_distance" : "1.60299938397393",
        "perihelion_time" : "2452277.495907620606",
        "mean_anomaly" : "318.2750118105785",
        "mean_motion" : ".6227990584993303",
        "equinox" : "J2000"
      }
    }, {
      "links" : {
        "self" : "https://api.nasa.gov/neo/rest/v1/neo/3092483?api_key=t0TVs3DtDT2H8Oy2Zy8m2eVrNsAVKAexjcZXUckd"
      },
      "neo_reference_id" : "3092483",
      "name" : "(2001 VM5)",
      "nasa_jpl_url" : "http://ssd.jpl.nasa.gov/sbdb.cgi?sstr=3092483",
      "absolute_magnitude_h" : 25.1,
      "estimated_diameter" : {
        "kilometers" : {
          "estimated_diameter_min" : 0.0253837029,
          "estimated_diameter_max" : 0.0567596853
        },
        "meters" : {
          "estimated_diameter_min" : 25.3837029364,
          "estimated_diameter_max" : 56.7596852866
        },
        "miles" : {
          "estimated_diameter_min" : 0.0157726969,
          "estimated_diameter_max" : 0.0352688224
        },
        "feet" : {
          "estimated_diameter_min" : 83.279867942,
          "estimated_diameter_max" : 186.2194458756
        }
      },
      "is_potentially_hazardous_asteroid" : false,
      "close_approach_data" : [ {
        "close_approach_date" : "2001-11-08",
        "epoch_date_close_approach" : 1005206400000,
        "relative_velocity" : {
          "kilometers_per_second" : "8.3261926404",
          "kilometers_per_hour" : "29974.2935052848",
          "miles_per_hour" : "18624.8603172144"
        },
        "miss_distance" : {
          "astronomical" : "0.014894508",
          "lunar" : "5.7939634323",
          "kilometers" : "2228186.75",
          "miles" : "1384531"
        },
        "orbiting_body" : "Earth"
      } ],
      "orbital_data" : {
        "orbit_id" : "8",
        "orbit_determination_date" : "2017-04-06 09:15:51",
        "orbit_uncertainty" : "9",
        "minimum_orbit_intersection" : ".014091",
        "jupiter_tisserand_invariant" : "3.253",
        "epoch_osculation" : "2452226.5",
        "eccentricity" : ".5862116022744094",
        "semi_major_axis" : "2.415243626960037",
        "inclination" : "5.851546250865335",
        "ascending_node_longitude" : "231.7457685695216",
        "orbital_period" : "1371.007542709042",
        "perihelion_distance" : ".9993997905167378",
        "perihelion_argument" : "168.6055103773296",
        "aphelion_distance" : "3.831087463403337",
        "perihelion_time" : "2452217.171041170344",
        "mean_anomaly" : "2.449603721391701",
        "mean_motion" : ".262580612276325",
        "equinox" : "J2000"
      }
    }, {
      "links" : {
        "self" : "https://api.nasa.gov/neo/rest/v1/neo/2162004?api_key=t0TVs3DtDT2H8Oy2Zy8m2eVrNsAVKAexjcZXUckd"
      },
      "neo_reference_id" : "2162004",
      "name" : "162004 (1991 VE)",
      "nasa_jpl_url" : "http://ssd.jpl.nasa.gov/sbdb.cgi?sstr=2162004",
      "absolute_magnitude_h" : 18.2,
      "estimated_diameter" : {
        "kilometers" : {
          "estimated_diameter_min" : 0.6089126221,
          "estimated_diameter_max" : 1.3615700154
        },
        "meters" : {
          "estimated_diameter_min" : 608.9126221057,
          "estimated_diameter_max" : 1361.5700153859
        },
        "miles" : {
          "estimated_diameter_min" : 0.3783606449,
          "estimated_diameter_max" : 0.846040122
        },
        "feet" : {
          "estimated_diameter_min" : 1997.7448871092,
          "estimated_diameter_max" : 4467.0933692788
        }
      },
      "is_potentially_hazardous_asteroid" : false,
      "close_approach_data" : [ {
        "close_approach_date" : "2001-11-08",
        "epoch_date_close_approach" : 1005206400000,
        "relative_velocity" : {
          "kilometers_per_second" : "31.6093275563",
          "kilometers_per_hour" : "113793.5792026516",
          "miles_per_hour" : "70706.9048106698"
        },
        "miss_distance" : {
          "astronomical" : "0.3311658109",
          "lunar" : "128.8235015869",
          "kilometers" : "49541704",
          "miles" : "30783786"
        },
        "orbiting_body" : "Earth"
      } ],
      "orbital_data" : {
        "orbit_id" : "165",
        "orbit_determination_date" : "2017-04-06 09:26:41",
        "orbit_uncertainty" : "0",
        "minimum_orbit_intersection" : ".0578928",
        "jupiter_tisserand_invariant" : "6.455",
        "epoch_osculation" : "2455233.5",
        "eccentricity" : ".6645118766417184",
        "semi_major_axis" : ".8907955120131161",
        "inclination" : "7.220327144353877",
        "ascending_node_longitude" : "61.96858336510567",
        "orbital_period" : "307.0898465041557",
        "perihelion_distance" : ".2988513146212599",
        "perihelion_argument" : "193.5473642284032",
        "aphelion_distance" : "1.482739709404972",
        "perihelion_time" : "2455249.135945964447",
        "mean_anomaly" : "341.6700532066444",
        "mean_motion" : "1.172295352966443",
        "equinox" : "J2000"
      }
    }, {
      "links" : {
        "self" : "https://api.nasa.gov/neo/rest/v1/neo/3092385?api_key=t0TVs3DtDT2H8Oy2Zy8m2eVrNsAVKAexjcZXUckd"
      },
      "neo_reference_id" : "3092385",
      "name" : "(2001 TC45)",
      "nasa_jpl_url" : "http://ssd.jpl.nasa.gov/sbdb.cgi?sstr=3092385",
      "absolute_magnitude_h" : 19.2,
      "estimated_diameter" : {
        "kilometers" : {
          "estimated_diameter_min" : 0.3841978911,
          "estimated_diameter_max" : 0.8590926012
        },
        "meters" : {
          "estimated_diameter_min" : 384.1978910643,
          "estimated_diameter_max" : 859.0926012318
        },
        "miles" : {
          "estimated_diameter_min" : 0.2387294278,
          "estimated_diameter_max" : 0.5338152287
        },
        "feet" : {
          "estimated_diameter_min" : 1260.4918089193,
          "estimated_diameter_max" : 2818.5453698252
        }
      },
      "is_potentially_hazardous_asteroid" : true,
      "close_approach_data" : [ {
        "close_approach_date" : "2001-11-08",
        "epoch_date_close_approach" : 1005206400000,
        "relative_velocity" : {
          "kilometers_per_second" : "15.3905097196",
          "kilometers_per_hour" : "55405.8349905704",
          "miles_per_hour" : "34427.0311917797"
        },
        "miss_distance" : {
          "astronomical" : "0.0747820116",
          "lunar" : "29.0902042389",
          "kilometers" : "11187230",
          "miles" : "6951422.5"
        },
        "orbiting_body" : "Earth"
      } ],
      "orbital_data" : {
        "orbit_id" : "7",
        "orbit_determination_date" : "2017-04-06 09:16:00",
        "orbit_uncertainty" : "0",
        "minimum_orbit_intersection" : ".0217859",
        "jupiter_tisserand_invariant" : "3.310",
        "epoch_osculation" : "2458000.5",
        "eccentricity" : ".6416977473668135",
        "semi_major_axis" : "2.218745851239261",
        "inclination" : "15.56481203437448",
        "ascending_node_longitude" : "36.04510772675803",
        "orbital_period" : "1207.145901933374",
        "perihelion_distance" : ".7949816365195642",
        "perihelion_argument" : "65.99289309357262",
        "aphelion_distance" : "3.642510065958959",
        "perihelion_time" : "2458296.899904681920",
        "mean_anomaly" : "271.6064052285698",
        "mean_motion" : ".2982240998568784",
        "equinox" : "J2000"
      }
    }, {
      "links" : {
        "self" : "https://api.nasa.gov/neo/rest/v1/neo/3092479?api_key=t0TVs3DtDT2H8Oy2Zy8m2eVrNsAVKAexjcZXUckd"
      },
      "neo_reference_id" : "3092479",
      "name" : "(2001 VH5)",
      "nasa_jpl_url" : "http://ssd.jpl.nasa.gov/sbdb.cgi?sstr=3092479",
      "absolute_magnitude_h" : 21.0,
      "estimated_diameter" : {
        "kilometers" : {
          "estimated_diameter_min" : 0.1677084622,
          "estimated_diameter_max" : 0.3750075218
        },
        "meters" : {
          "estimated_diameter_min" : 167.7084621628,
          "estimated_diameter_max" : 375.0075217981
        },
        "miles" : {
          "estimated_diameter_min" : 0.1042091748,
          "estimated_diameter_max" : 0.2330187988
        },
        "feet" : {
          "estimated_diameter_min" : 550.2246310023,
          "estimated_diameter_max" : 1230.3396778159
        }
      },
      "is_potentially_hazardous_asteroid" : false,
      "close_approach_data" : [ {
        "close_approach_date" : "2001-11-08",
        "epoch_date_close_approach" : 1005206400000,
        "relative_velocity" : {
          "kilometers_per_second" : "14.5373048194",
          "kilometers_per_hour" : "52334.2973498213",
          "miles_per_hour" : "32518.4971505042"
        },
        "miss_distance" : {
          "astronomical" : "0.1295975649",
          "lunar" : "50.4134521484",
          "kilometers" : "19387520",
          "miles" : "12046846"
        },
        "orbiting_body" : "Earth"
      } ],
      "orbital_data" : {
        "orbit_id" : "25",
        "orbit_determination_date" : "2017-04-06 09:15:52",
        "orbit_uncertainty" : "0",
        "minimum_orbit_intersection" : ".128778",
        "jupiter_tisserand_invariant" : "4.954",
        "epoch_osculation" : "2458000.5",
        "eccentricity" : ".1866799703530898",
        "semi_major_axis" : "1.273982882247063",
        "inclination" : "26.51940651183559",
        "ascending_node_longitude" : "230.4097362539073",
        "orbital_period" : "525.2230966302244",
        "perihelion_distance" : "1.036155795558837",
        "perihelion_argument" : "119.3994037119339",
        "aphelion_distance" : "1.511809968935288",
        "perihelion_time" : "2457942.922573702180",
        "mean_anomaly" : "39.46489330001474",
        "mean_motion" : ".6854230179703097",
        "equinox" : "J2000"
      }
    }, {
      "links" : {
        "self" : "https://api.nasa.gov/neo/rest/v1/neo/3143084?api_key=t0TVs3DtDT2H8Oy2Zy8m2eVrNsAVKAexjcZXUckd"
      },
      "neo_reference_id" : "3143084",
      "name" : "(2002 VX91)",
      "nasa_jpl_url" : "http://ssd.jpl.nasa.gov/sbdb.cgi?sstr=3143084",
      "absolute_magnitude_h" : 24.3,
      "estimated_diameter" : {
        "kilometers" : {
          "estimated_diameter_min" : 0.0366906138,
          "estimated_diameter_max" : 0.0820427065
        },
        "meters" : {
          "estimated_diameter_min" : 36.6906137531,
          "estimated_diameter_max" : 82.0427064882
        },
        "miles" : {
          "estimated_diameter_min" : 0.0227984834,
          "estimated_diameter_max" : 0.0509789586
        },
        "feet" : {
          "estimated_diameter_min" : 120.3760332259,
          "estimated_diameter_max" : 269.1689931548
        }
      },
      "is_potentially_hazardous_asteroid" : false,
      "close_approach_data" : [ {
        "close_approach_date" : "2001-11-08",
        "epoch_date_close_approach" : 1005206400000,
        "relative_velocity" : {
          "kilometers_per_second" : "12.5917373373",
          "kilometers_per_hour" : "45330.2544143606",
          "miles_per_hour" : "28166.4572498565"
        },
        "miss_distance" : {
          "astronomical" : "0.1986955692",
          "lunar" : "77.2925796509",
          "kilometers" : "29724434",
          "miles" : "18469908"
        },
        "orbiting_body" : "Earth"
      } ],
      "orbital_data" : {
        "orbit_id" : "15",
        "orbit_determination_date" : "2017-04-06 09:14:37",
        "orbit_uncertainty" : "2",
        "minimum_orbit_intersection" : ".00180294",
        "jupiter_tisserand_invariant" : "6.139",
        "epoch_osculation" : "2458000.5",
        "eccentricity" : ".2012707478278015",
        "semi_major_axis" : ".9839990828843111",
        "inclination" : "2.341697091268065",
        "ascending_node_longitude" : "216.4257768385215",
        "orbital_period" : "356.5253930619381",
        "perihelion_distance" : ".785948851610315",
        "perihelion_argument" : "78.74582230726236",
        "aphelion_distance" : "1.182049314158307",
        "perihelion_time" : "2457851.646993451932",
        "mean_anomaly" : "150.303690564882",
        "mean_motion" : "1.009745748846165",
        "equinox" : "J2000"
      }
    }, {
      "links" : {
        "self" : "https://api.nasa.gov/neo/rest/v1/neo/3170208?api_key=t0TVs3DtDT2H8Oy2Zy8m2eVrNsAVKAexjcZXUckd"
      },
      "neo_reference_id" : "3170208",
      "name" : "(2003 YG136)",
      "nasa_jpl_url" : "http://ssd.jpl.nasa.gov/sbdb.cgi?sstr=3170208",
      "absolute_magnitude_h" : 25.3,
      "estimated_diameter" : {
        "kilometers" : {
          "estimated_diameter_min" : 0.0231502122,
          "estimated_diameter_max" : 0.0517654482
        },
        "meters" : {
          "estimated_diameter_min" : 23.150212221,
          "estimated_diameter_max" : 51.7654482198
        },
        "miles" : {
          "estimated_diameter_min" : 0.0143848705,
          "estimated_diameter_max" : 0.0321655483
        },
        "feet" : {
          "estimated_diameter_min" : 75.9521422633,
          "estimated_diameter_max" : 169.8341531374
        }
      },
      "is_potentially_hazardous_asteroid" : false,
      "close_approach_data" : [ {
        "close_approach_date" : "2001-11-08",
        "epoch_date_close_approach" : 1005206400000,
        "relative_velocity" : {
          "kilometers_per_second" : "9.0768169684",
          "kilometers_per_hour" : "32676.541086239",
          "miles_per_hour" : "20303.9318766134"
        },
        "miss_distance" : {
          "astronomical" : "0.3171910662",
          "lunar" : "123.3873214722",
          "kilometers" : "47451108",
          "miles" : "29484752"
        },
        "orbiting_body" : "Earth"
      } ],
      "orbital_data" : {
        "orbit_id" : "7",
        "orbit_determination_date" : "2017-04-06 09:13:20",
        "orbit_uncertainty" : "7",
        "minimum_orbit_intersection" : ".0121086",
        "jupiter_tisserand_invariant" : "6.179",
        "epoch_osculation" : "2458000.5",
        "eccentricity" : ".3549226433702284",
        "semi_major_axis" : ".9684429084735545",
        "inclination" : "2.737396785357417",
        "ascending_node_longitude" : "86.52928088058039",
        "orbital_period" : "348.1043592183946",
        "perihelion_distance" : ".6247205914449684",
        "perihelion_argument" : "127.946147864187",
        "aphelion_distance" : "1.312165225502141",
        "perihelion_time" : "2457951.778621571451",
        "mean_anomaly" : "50.38631597047415",
        "mean_motion" : "1.034172628025443",
        "equinox" : "J2000"
      }
    }, {
      "links" : {
        "self" : "https://api.nasa.gov/neo/rest/v1/neo/3620670?api_key=t0TVs3DtDT2H8Oy2Zy8m2eVrNsAVKAexjcZXUckd"
      },
      "neo_reference_id" : "3620670",
      "name" : "(2012 XS111)",
      "nasa_jpl_url" : "http://ssd.jpl.nasa.gov/sbdb.cgi?sstr=3620670",
      "absolute_magnitude_h" : 22.0,
      "estimated_diameter" : {
        "kilometers" : {
          "estimated_diameter_min" : 0.1058168859,
          "estimated_diameter_max" : 0.2366137501
        },
        "meters" : {
          "estimated_diameter_min" : 105.8168859331,
          "estimated_diameter_max" : 236.6137501138
        },
        "miles" : {
          "estimated_diameter_min" : 0.0657515442,
          "estimated_diameter_max" : 0.1470249225
        },
        "feet" : {
          "estimated_diameter_min" : 347.1682720448,
          "estimated_diameter_max" : 776.2918559233
        }
      },
      "is_potentially_hazardous_asteroid" : false,
      "close_approach_data" : [ {
        "close_approach_date" : "2001-11-08",
        "epoch_date_close_approach" : 1005206400000,
        "relative_velocity" : {
          "kilometers_per_second" : "21.9441092533",
          "kilometers_per_hour" : "78998.7933117234",
          "miles_per_hour" : "49086.7779886095"
        },
        "miss_distance" : {
          "astronomical" : "0.2612916658",
          "lunar" : "101.6424560547",
          "kilometers" : "39088676",
          "miles" : "24288576"
        },
        "orbiting_body" : "Earth"
      } ],
      "orbital_data" : {
        "orbit_id" : "25",
        "orbit_determination_date" : "2017-04-06 08:47:40",
        "orbit_uncertainty" : "1",
        "minimum_orbit_intersection" : ".0479033",
        "jupiter_tisserand_invariant" : "7.389",
        "epoch_osculation" : "2458000.5",
        "eccentricity" : ".4995239581619437",
        "semi_major_axis" : ".7735306364455583",
        "inclination" : "7.611572905065229",
        "ascending_node_longitude" : "62.23871239664874",
        "orbital_period" : "248.4933125101232",
        "perihelion_distance" : ".3871335511687455",
        "perihelion_argument" : "191.9415777938954",
        "aphelion_distance" : "1.159927721722371",
        "perihelion_time" : "2457877.826219313990",
        "mean_anomaly" : "177.7213261832329",
        "mean_motion" : "1.448731140341389",
        "equinox" : "J2000"
      }
    }, {
      "links" : {
        "self" : "https://api.nasa.gov/neo/rest/v1/neo/3733849?api_key=t0TVs3DtDT2H8Oy2Zy8m2eVrNsAVKAexjcZXUckd"
      },
      "neo_reference_id" : "3733849",
      "name" : "(2015 VL64)",
      "nasa_jpl_url" : "http://ssd.jpl.nasa.gov/sbdb.cgi?sstr=3733849",
      "absolute_magnitude_h" : 28.3,
      "estimated_diameter" : {
        "kilometers" : {
          "estimated_diameter_min" : 0.0058150704,
          "estimated_diameter_max" : 0.0130028927
        },
        "meters" : {
          "estimated_diameter_min" : 5.8150703965,
          "estimated_diameter_max" : 13.0028927004
        },
        "miles" : {
          "estimated_diameter_min" : 0.0036133161,
          "estimated_diameter_max" : 0.0080796204
        },
        "feet" : {
          "estimated_diameter_min" : 19.0783155595,
          "estimated_diameter_max" : 42.6604104873
        }
      },
      "is_potentially_hazardous_asteroid" : false,
      "close_approach_data" : [ {
        "close_approach_date" : "2001-11-08",
        "epoch_date_close_approach" : 1005206400000,
        "relative_velocity" : {
          "kilometers_per_second" : "15.9701311213",
          "kilometers_per_hour" : "57492.4720367707",
          "miles_per_hour" : "35723.5863052923"
        },
        "miss_distance" : {
          "astronomical" : "0.2341304649",
          "lunar" : "91.076751709",
          "kilometers" : "35025420",
          "miles" : "21763788"
        },
        "orbiting_body" : "Earth"
      } ],
      "orbital_data" : {
        "orbit_id" : "5",
        "orbit_determination_date" : "2017-04-06 08:30:53",
        "orbit_uncertainty" : "5",
        "minimum_orbit_intersection" : ".00235268",
        "jupiter_tisserand_invariant" : "6.526",
        "epoch_osculation" : "2458000.5",
        "eccentricity" : ".2883635354637764",
        "semi_major_axis" : ".9087982136241236",
        "inclination" : ".7134564613461423",
        "ascending_node_longitude" : "51.57884629524403",
        "orbital_period" : "316.4460098532576",
        "perihelion_distance" : ".646733947720307",
        "perihelion_argument" : "225.4039685063678",
        "aphelion_distance" : "1.17086247952794",
        "perihelion_time" : "2457881.514016204444",
        "mean_anomaly" : "135.3625984611519",
        "mean_motion" : "1.137634821709205",
        "equinox" : "J2000"
      }
    } ]
  }
}