{
  "links" : {
    "next" : "https://api.nasa.gov/neo/rest/v1/feed?start_date=2007-04-09&end_date=2007-04-09&detailed=true&api_key=t0TVs3DtDT2H8Oy2Zy8m2eVrNsAVKAexjcZXUckd",
    "prev" : "https://api.nasa.gov/neo/rest/v1/feed?start_date=2007-04-07&end_date=2007-04-07&detailed=true&api_key=t0TVs3DtDT2H8Oy2Zy8m2eVrNsAVKAexjcZXUckd",
    "self" : "https://api.nasa.gov/neo/rest/v1/feed?start_date=2007-04-08&end_date=2007-04-08&detailed=true&api_key=t0TVs3DtDT2H8Oy2Zy8m2eVrNsAVKAexjcZXUckd"
  },
  "element_count" : 7,
  "near_earth_objects" : {
    "2007-04-08" : [ {
      "links" : {
        "self" : "https://api.nasa.gov/neo/rest/v1/neo/3005871?api_key=t0TVs3DtDT2H8Oy2Zy8m2eVrNsAVKAexjcZXUckd"
      },
      "neo_reference_id" : "3005871",
      "name" : "(1993 HC)",
      "nasa_jpl_url" : "http://ssd.jpl.nasa.gov/sbdb.cgi?sstr=3005871",
      "absolute_magnitude_h" : 20.6,
      "estimated_diameter" : {
        "kilometers" : {
          "estimated_diameter_min" : 0.2016299194,
          "estimated_diameter_max" : 0.4508582062
        },
        "meters" : {
          "estimated_diameter_min" : 201.6299194428,
          "estimated_diameter_max" : 450.8582061718
        },
        "miles" : {
          "estimated_diameter_min" : 0.1252869847,
          "estimated_diameter_max" : 0.2801502144
        },
        "feet" : {
          "estimated_diameter_min" : 661.5155049046,
          "estimated_diameter_max" : 1479.1936371367
        }
      },
      "is_potentially_hazardous_asteroid" : false,
      "close_approach_data" : [ {
        "close_approach_date" : "2007-04-08",
        "epoch_date_close_approach" : 1176015600000,
        "relative_velocity" : {
          "kilometers_per_second" : "14.5348270898",
          "kilometers_per_hour" : "52325.3775234283",
          "miles_per_hour" : "32512.9547172658"
        },
        "miss_distance" : {
          "astronomical" : "0.1949305617",
          "lunar" : "75.8279876709",
          "kilometers" : "29161198",
          "miles" : "18119928"
        },
        "orbiting_body" : "Earth"
      } ],
      "orbital_data" : {
        "orbit_id" : "13",
        "orbit_determination_date" : "2017-04-06 09:18:20",
        "orbit_uncertainty" : "6",
        "minimum_orbit_intersection" : ".0687616",
        "jupiter_tisserand_invariant" : "3.666",
        "epoch_osculation" : "2458000.5",
        "eccentricity" : ".5087773533207807",
        "semi_major_axis" : "1.989035491193691",
        "inclination" : "9.421126630951822",
        "ascending_node_longitude" : "201.1335761117651",
        "orbital_period" : "1024.618576894469",
        "perihelion_distance" : ".9770592783230658",
        "perihelion_argument" : "306.791064510831",
        "aphelion_distance" : "3.001011704064316",
        "perihelion_time" : "2458262.809242637496",
        "mean_anomaly" : "267.8375802674671",
        "mean_motion" : ".351350256688815",
        "equinox" : "J2000"
      }
    }, {
      "links" : {
        "self" : "https://api.nasa.gov/neo/rest/v1/neo/2216523?api_key=t0TVs3DtDT2H8Oy2Zy8m2eVrNsAVKAexjcZXUckd"
      },
      "neo_reference_id" : "2216523",
      "name" : "216523 (2001 HY7)",
      "nasa_jpl_url" : "http://ssd.jpl.nasa.gov/sbdb.cgi?sstr=2216523",
      "absolute_magnitude_h" : 20.6,
      "estimated_diameter" : {
        "kilometers" : {
          "estimated_diameter_min" : 0.2016299194,
          "estimated_diameter_max" : 0.4508582062
        },
        "meters" : {
          "estimated_diameter_min" : 201.6299194428,
          "estimated_diameter_max" : 450.8582061718
        },
        "miles" : {
          "estimated_diameter_min" : 0.1252869847,
          "estimated_diameter_max" : 0.2801502144
        },
        "feet" : {
          "estimated_diameter_min" : 661.5155049046,
          "estimated_diameter_max" : 1479.1936371367
        }
      },
      "is_potentially_hazardous_asteroid" : true,
      "close_approach_data" : [ {
        "close_approach_date" : "2007-04-08",
        "epoch_date_close_approach" : 1176015600000,
        "relative_velocity" : {
          "kilometers_per_second" : "25.5992722926",
          "kilometers_per_hour" : "92157.3802532531",
          "miles_per_hour" : "57263.0121912505"
        },
        "miss_distance" : {
          "astronomical" : "0.4462931218",
          "lunar" : "173.6080169678",
          "kilometers" : "66764500",
          "miles" : "41485536"
        },
        "orbiting_body" : "Earth"
      } ],
      "orbital_data" : {
        "orbit_id" : "67",
        "orbit_determination_date" : "2017-04-06 09:25:20",
        "orbit_uncertainty" : "0",
        "minimum_orbit_intersection" : ".0355235",
        "jupiter_tisserand_invariant" : "6.454",
        "epoch_osculation" : "2456346.5",
        "eccentricity" : ".4120948370750944",
        "semi_major_axis" : ".9138520280653585",
        "inclination" : "5.208499321631484",
        "ascending_node_longitude" : "205.2425729545676",
        "orbital_period" : "319.0893040944803",
        "perihelion_distance" : ".53725832544902",
        "perihelion_argument" : "211.1301076969899",
        "aphelion_distance" : "1.290445730681697",
        "perihelion_time" : "2456372.826237359775",
        "mean_anomaly" : "330.2984546084541",
        "mean_motion" : "1.128210802996412",
        "equinox" : "J2000"
      }
    }, {
      "links" : {
        "self" : "https://api.nasa.gov/neo/rest/v1/neo/2277810?api_key=t0TVs3DtDT2H8Oy2Zy8m2eVrNsAVKAexjcZXUckd"
      },
      "neo_reference_id" : "2277810",
      "name" : "277810 (2006 FV35)",
      "nasa_jpl_url" : "http://ssd.jpl.nasa.gov/sbdb.cgi?sstr=2277810",
      "absolute_magnitude_h" : 21.8,
      "estimated_diameter" : {
        "kilometers" : {
          "estimated_diameter_min" : 0.1160259082,
          "estimated_diameter_max" : 0.2594418179
        },
        "meters" : {
          "estimated_diameter_min" : 116.0259082094,
          "estimated_diameter_max" : 259.4418179074
        },
        "miles" : {
          "estimated_diameter_min" : 0.0720951346,
          "estimated_diameter_max" : 0.1612096218
        },
        "feet" : {
          "estimated_diameter_min" : 380.6624406898,
          "estimated_diameter_max" : 851.1870938635
        }
      },
      "is_potentially_hazardous_asteroid" : false,
      "close_approach_data" : [ {
        "close_approach_date" : "2007-04-08",
        "epoch_date_close_approach" : 1176015600000,
        "relative_velocity" : {
          "kilometers_per_second" : "9.5599088975",
          "kilometers_per_hour" : "34415.6720308773",
          "miles_per_hour" : "21384.5602127415"
        },
        "miss_distance" : {
          "astronomical" : "0.331946185",
          "lunar" : "129.1270751953",
          "kilometers" : "49658444",
          "miles" : "30856326"
        },
        "orbiting_body" : "Earth"
      } ],
      "orbital_data" : {
        "orbit_id" : "51",
        "orbit_determination_date" : "2017-04-06 09:24:24",
        "orbit_uncertainty" : "1",
        "minimum_orbit_intersection" : ".104736",
        "jupiter_tisserand_invariant" : "6.003",
        "epoch_osculation" : "2458000.5",
        "eccentricity" : ".3775352983208624",
        "semi_major_axis" : "1.001342942840337",
        "inclination" : "7.104126563177385",
        "ascending_node_longitude" : "179.5057827726986",
        "orbital_period" : "365.9929240029879",
        "perihelion_distance" : ".6233006361936202",
        "perihelion_argument" : "170.8521652770838",
        "aphelion_distance" : "1.379385249487054",
        "perihelion_time" : "2457994.548482506686",
        "mean_anomaly" : "5.854064811306019",
        "mean_motion" : ".983625574130119",
        "equinox" : "J2000"
      }
    }, {
      "links" : {
        "self" : "https://api.nasa.gov/neo/rest/v1/neo/3074754?api_key=t0TVs3DtDT2H8Oy2Zy8m2eVrNsAVKAexjcZXUckd"
      },
      "neo_reference_id" : "3074754",
      "name" : "(2001 HB)",
      "nasa_jpl_url" : "http://ssd.jpl.nasa.gov/sbdb.cgi?sstr=3074754",
      "absolute_magnitude_h" : 20.4,
      "estimated_diameter" : {
        "kilometers" : {
          "estimated_diameter_min" : 0.2210828104,
          "estimated_diameter_max" : 0.4943561926
        },
        "meters" : {
          "estimated_diameter_min" : 221.0828103591,
          "estimated_diameter_max" : 494.3561926196
        },
        "miles" : {
          "estimated_diameter_min" : 0.137374447,
          "estimated_diameter_max" : 0.3071786018
        },
        "feet" : {
          "estimated_diameter_min" : 725.3373275385,
          "estimated_diameter_max" : 1621.9035709942
        }
      },
      "is_potentially_hazardous_asteroid" : true,
      "close_approach_data" : [ {
        "close_approach_date" : "2007-04-08",
        "epoch_date_close_approach" : 1176015600000,
        "relative_velocity" : {
          "kilometers_per_second" : "27.4466707388",
          "kilometers_per_hour" : "98808.0146598218",
          "miles_per_hour" : "61395.4577757099"
        },
        "miss_distance" : {
          "astronomical" : "0.1579618579",
          "lunar" : "61.4471626282",
          "kilometers" : "23630758",
          "miles" : "14683472"
        },
        "orbiting_body" : "Earth"
      } ],
      "orbital_data" : {
        "orbit_id" : "30",
        "orbit_determination_date" : "2017-09-13 06:17:47",
        "orbit_uncertainty" : "0",
        "minimum_orbit_intersection" : ".013697",
        "jupiter_tisserand_invariant" : "4.674",
        "epoch_osculation" : "2458000.5",
        "eccentricity" : ".6938934702118034",
        "semi_major_axis" : "1.314019953010676",
        "inclination" : "9.289064066632896",
        "ascending_node_longitude" : "195.9385721107399",
        "orbital_period" : "550.1756519220929",
        "perihelion_distance" : ".4022300878885474",
        "perihelion_argument" : "237.8475378103354",
        "aphelion_distance" : "2.225809818132805",
        "perihelion_time" : "2458002.264526393036",
        "mean_anomaly" : "358.8454060093835",
        "mean_motion" : ".6543364809807639",
        "equinox" : "J2000"
      }
    }, {
      "links" : {
        "self" : "https://api.nasa.gov/neo/rest/v1/neo/3472299?api_key=t0TVs3DtDT2H8Oy2Zy8m2eVrNsAVKAexjcZXUckd"
      },
      "neo_reference_id" : "3472299",
      "name" : "(2009 UY17)",
      "nasa_jpl_url" : "http://ssd.jpl.nasa.gov/sbdb.cgi?sstr=3472299",
      "absolute_magnitude_h" : 20.9,
      "estimated_diameter" : {
        "kilometers" : {
          "estimated_diameter_min" : 0.1756123185,
          "estimated_diameter_max" : 0.3926810818
        },
        "meters" : {
          "estimated_diameter_min" : 175.6123184804,
          "estimated_diameter_max" : 392.6810818086
        },
        "miles" : {
          "estimated_diameter_min" : 0.1091204019,
          "estimated_diameter_max" : 0.2440006365
        },
        "feet" : {
          "estimated_diameter_min" : 576.1559189633,
          "estimated_diameter_max" : 1288.3238004408
        }
      },
      "is_potentially_hazardous_asteroid" : true,
      "close_approach_data" : [ {
        "close_approach_date" : "2007-04-08",
        "epoch_date_close_approach" : 1176015600000,
        "relative_velocity" : {
          "kilometers_per_second" : "29.7248017543",
          "kilometers_per_hour" : "107009.2863153749",
          "miles_per_hour" : "66491.4090441283"
        },
        "miss_distance" : {
          "astronomical" : "0.4171795034",
          "lunar" : "162.2828216553",
          "kilometers" : "62409164",
          "miles" : "38779256"
        },
        "orbiting_body" : "Earth"
      } ],
      "orbital_data" : {
        "orbit_id" : "10",
        "orbit_determination_date" : "2017-04-06 08:59:28",
        "orbit_uncertainty" : "8",
        "minimum_orbit_intersection" : ".0142423",
        "jupiter_tisserand_invariant" : "6.916",
        "epoch_osculation" : "2455129.5",
        "eccentricity" : ".3160950026748142",
        "semi_major_axis" : ".8185210340174743",
        "inclination" : "42.0487345716077",
        "ascending_node_longitude" : "202.0965381892554",
        "orbital_period" : "270.4850045386663",
        "perihelion_distance" : ".5597906255803291",
        "perihelion_argument" : "30.56063342061218",
        "aphelion_distance" : "1.07725144245462",
        "perihelion_time" : "2455024.934929186671",
        "mean_anomaly" : "139.1701013407464",
        "mean_motion" : "1.330942543798348",
        "equinox" : "J2000"
      }
    }, {
      "links" : {
        "self" : "https://api.nasa.gov/neo/rest/v1/neo/3610183?api_key=t0TVs3DtDT2H8Oy2Zy8m2eVrNsAVKAexjcZXUckd"
      },
      "neo_reference_id" : "3610183",
      "name" : "(2012 TZ79)",
      "nasa_jpl_url" : "http://ssd.jpl.nasa.gov/sbdb.cgi?sstr=3610183",
      "absolute_magnitude_h" : 22.5,
      "estimated_diameter" : {
        "kilometers" : {
          "estimated_diameter_min" : 0.0840533402,
          "estimated_diameter_max" : 0.1879489824
        },
        "meters" : {
          "estimated_diameter_min" : 84.0533402073,
          "estimated_diameter_max" : 187.9489824394
        },
        "miles" : {
          "estimated_diameter_min" : 0.0522283081,
          "estimated_diameter_max" : 0.1167860472
        },
        "feet" : {
          "estimated_diameter_min" : 275.7655606856,
          "estimated_diameter_max" : 616.6305395464
        }
      },
      "is_potentially_hazardous_asteroid" : false,
      "close_approach_data" : [ {
        "close_approach_date" : "2007-04-08",
        "epoch_date_close_approach" : 1176015600000,
        "relative_velocity" : {
          "kilometers_per_second" : "21.6439117927",
          "kilometers_per_hour" : "77918.0824536264",
          "miles_per_hour" : "48415.2662890325"
        },
        "miss_distance" : {
          "astronomical" : "0.4995476841",
          "lunar" : "194.3240509033",
          "kilometers" : "74731272",
          "miles" : "46435860"
        },
        "orbiting_body" : "Earth"
      } ],
      "orbital_data" : {
        "orbit_id" : "11",
        "orbit_determination_date" : "2017-04-23 06:17:17",
        "orbit_uncertainty" : "2",
        "minimum_orbit_intersection" : ".119322",
        "jupiter_tisserand_invariant" : "4.643",
        "epoch_osculation" : "2458000.5",
        "eccentricity" : ".3133607852703275",
        "semi_major_axis" : "1.418018348485028",
        "inclination" : "10.77232039255799",
        "ascending_node_longitude" : "7.986380151902867",
        "orbital_period" : "616.7671046946741",
        "perihelion_distance" : ".9736670052760263",
        "perihelion_argument" : "262.7422221460732",
        "aphelion_distance" : "1.862369691694029",
        "perihelion_time" : "2457939.084033563844",
        "mean_anomaly" : "35.84780664974275",
        "mean_motion" : ".5836887169561601",
        "equinox" : "J2000"
      }
    }, {
      "links" : {
        "self" : "https://api.nasa.gov/neo/rest/v1/neo/3611399?api_key=t0TVs3DtDT2H8Oy2Zy8m2eVrNsAVKAexjcZXUckd"
      },
      "neo_reference_id" : "3611399",
      "name" : "(2012 TP231)",
      "nasa_jpl_url" : "http://ssd.jpl.nasa.gov/sbdb.cgi?sstr=3611399",
      "absolute_magnitude_h" : 25.0,
      "estimated_diameter" : {
        "kilometers" : {
          "estimated_diameter_min" : 0.02658,
          "estimated_diameter_max" : 0.0594346868
        },
        "meters" : {
          "estimated_diameter_min" : 26.58,
          "estimated_diameter_max" : 59.4346868419
        },
        "miles" : {
          "estimated_diameter_min" : 0.0165160412,
          "estimated_diameter_max" : 0.0369309908
        },
        "feet" : {
          "estimated_diameter_min" : 87.2047272,
          "estimated_diameter_max" : 194.9956979785
        }
      },
      "is_potentially_hazardous_asteroid" : false,
      "close_approach_data" : [ {
        "close_approach_date" : "2007-04-08",
        "epoch_date_close_approach" : 1176015600000,
        "relative_velocity" : {
          "kilometers_per_second" : "12.5253217094",
          "kilometers_per_hour" : "45091.1581536809",
          "miles_per_hour" : "28017.892131658"
        },
        "miss_distance" : {
          "astronomical" : "0.1817740369",
          "lunar" : "70.7100982666",
          "kilometers" : "27193008",
          "miles" : "16896952"
        },
        "orbiting_body" : "Earth"
      } ],
      "orbital_data" : {
        "orbit_id" : "6",
        "orbit_determination_date" : "2017-04-06 08:48:34",
        "orbit_uncertainty" : "7",
        "minimum_orbit_intersection" : ".00542518",
        "jupiter_tisserand_invariant" : "5.545",
        "epoch_osculation" : "2458000.5",
        "eccentricity" : ".2537840262614992",
        "semi_major_axis" : "1.117923558572186",
        "inclination" : "6.744239466495841",
        "ascending_node_longitude" : "30.26770663217539",
        "orbital_period" : "431.734335768835",
        "perihelion_distance" : ".8342124168251536",
        "perihelion_argument" : "75.39888798842273",
        "aphelion_distance" : "1.401634700319218",
        "perihelion_time" : "2458010.061511394877",
        "mean_anomaly" : "352.027170838692",
        "mean_motion" : ".8338461182590677",
        "equinox" : "J2000"
      }
    } ]
  }
}