{
  "links" : {
    "next" : "https://api.nasa.gov/neo/rest/v1/feed?start_date=2008-03-23&end_date=2008-03-23&detailed=true&api_key=t0TVs3DtDT2H8Oy2Zy8m2eVrNsAVKAexjcZXUckd",
    "prev" : "https://api.nasa.gov/neo/rest/v1/feed?start_date=2008-03-21&end_date=2008-03-21&detailed=true&api_key=t0TVs3DtDT2H8Oy2Zy8m2eVrNsAVKAexjcZXUckd",
    "self" : "https://api.nasa.gov/neo/rest/v1/feed?start_date=2008-03-22&end_date=2008-03-22&detailed=true&api_key=t0TVs3DtDT2H8Oy2Zy8m2eVrNsAVKAexjcZXUckd"
  },
  "element_count" : 7,
  "near_earth_objects" : {
    "2008-03-22" : [ {
      "links" : {
        "self" : "https://api.nasa.gov/neo/rest/v1/neo/3404492?api_key=t0TVs3DtDT2H8Oy2Zy8m2eVrNsAVKAexjcZXUckd"
      },
      "neo_reference_id" : "3404492",
      "name" : "(2008 DW22)",
      "nasa_jpl_url" : "http://ssd.jpl.nasa.gov/sbdb.cgi?sstr=3404492",
      "absolute_magnitude_h" : 25.6,
      "estimated_diameter" : {
        "kilometers" : {
          "estimated_diameter_min" : 0.0201629919,
          "estimated_diameter_max" : 0.0450858206
        },
        "meters" : {
          "estimated_diameter_min" : 20.1629919443,
          "estimated_diameter_max" : 45.0858206172
        },
        "miles" : {
          "estimated_diameter_min" : 0.0125286985,
          "estimated_diameter_max" : 0.0280150214
        },
        "feet" : {
          "estimated_diameter_min" : 66.1515504905,
          "estimated_diameter_max" : 147.9193637137
        }
      },
      "is_potentially_hazardous_asteroid" : false,
      "close_approach_data" : [ {
        "close_approach_date" : "2008-03-22",
        "epoch_date_close_approach" : 1206169200000,
        "relative_velocity" : {
          "kilometers_per_second" : "3.8220567312",
          "kilometers_per_hour" : "13759.4042324413",
          "miles_per_hour" : "8549.5587020967"
        },
        "miss_distance" : {
          "astronomical" : "0.0870503169",
          "lunar" : "33.862575531",
          "kilometers" : "13022542",
          "miles" : "8091832.5"
        },
        "orbiting_body" : "Earth"
      } ],
      "orbital_data" : {
        "orbit_id" : "12",
        "orbit_determination_date" : "2017-04-06 09:04:13",
        "orbit_uncertainty" : "6",
        "minimum_orbit_intersection" : ".0876932",
        "jupiter_tisserand_invariant" : "4.046",
        "epoch_osculation" : "2458000.5",
        "eccentricity" : ".3818001408334101",
        "semi_major_axis" : "1.749768035984276",
        "inclination" : ".8356360656174266",
        "ascending_node_longitude" : "105.8201179623051",
        "orbital_period" : "845.4134346400167",
        "perihelion_distance" : "1.08170635341968",
        "perihelion_argument" : "75.06535921825284",
        "aphelion_distance" : "2.417829718548873",
        "perihelion_time" : "2457928.896208395058",
        "mean_anomaly" : "30.49083906355879",
        "mean_motion" : ".4258271577542302",
        "equinox" : "J2000"
      }
    }, {
      "links" : {
        "self" : "https://api.nasa.gov/neo/rest/v1/neo/2407324?api_key=t0TVs3DtDT2H8Oy2Zy8m2eVrNsAVKAexjcZXUckd"
      },
      "neo_reference_id" : "2407324",
      "name" : "407324 (2010 OB101)",
      "nasa_jpl_url" : "http://ssd.jpl.nasa.gov/sbdb.cgi?sstr=2407324",
      "absolute_magnitude_h" : 20.7,
      "estimated_diameter" : {
        "kilometers" : {
          "estimated_diameter_min" : 0.1925550782,
          "estimated_diameter_max" : 0.4305662442
        },
        "meters" : {
          "estimated_diameter_min" : 192.5550781879,
          "estimated_diameter_max" : 430.566244241
        },
        "miles" : {
          "estimated_diameter_min" : 0.1196481415,
          "estimated_diameter_max" : 0.2675413778
        },
        "feet" : {
          "estimated_diameter_min" : 631.7424027221,
          "estimated_diameter_max" : 1412.6189567557
        }
      },
      "is_potentially_hazardous_asteroid" : false,
      "close_approach_data" : [ {
        "close_approach_date" : "2008-03-22",
        "epoch_date_close_approach" : 1206169200000,
        "relative_velocity" : {
          "kilometers_per_second" : "11.4154063298",
          "kilometers_per_hour" : "41095.462787438",
          "miles_per_hour" : "25535.1224192278"
        },
        "miss_distance" : {
          "astronomical" : "0.1886187439",
          "lunar" : "73.3726959229",
          "kilometers" : "28216964",
          "miles" : "17533208"
        },
        "orbiting_body" : "Earth"
      } ],
      "orbital_data" : {
        "orbit_id" : "38",
        "orbit_determination_date" : "2017-04-06 09:21:46",
        "orbit_uncertainty" : "0",
        "minimum_orbit_intersection" : ".111432",
        "jupiter_tisserand_invariant" : "4.157",
        "epoch_osculation" : "2458000.5",
        "eccentricity" : ".5222659735763743",
        "semi_major_axis" : "1.616888166252531",
        "inclination" : "9.120400473116412",
        "ascending_node_longitude" : "260.9640256292153",
        "orbital_period" : "750.9627593594918",
        "perihelion_distance" : ".7724424939405344",
        "perihelion_argument" : "334.3268486047517",
        "aphelion_distance" : "2.461333838564528",
        "perihelion_time" : "2458339.022746081180",
        "mean_anomaly" : "197.7174006695512",
        "mean_motion" : ".4793846239553208",
        "equinox" : "J2000"
      }
    }, {
      "links" : {
        "self" : "https://api.nasa.gov/neo/rest/v1/neo/3327361?api_key=t0TVs3DtDT2H8Oy2Zy8m2eVrNsAVKAexjcZXUckd"
      },
      "neo_reference_id" : "3327361",
      "name" : "(2006 EK53)",
      "nasa_jpl_url" : "http://ssd.jpl.nasa.gov/sbdb.cgi?sstr=3327361",
      "absolute_magnitude_h" : 23.0,
      "estimated_diameter" : {
        "kilometers" : {
          "estimated_diameter_min" : 0.0667659413,
          "estimated_diameter_max" : 0.1492931834
        },
        "meters" : {
          "estimated_diameter_min" : 66.7659413495,
          "estimated_diameter_max" : 149.2931834393
        },
        "miles" : {
          "estimated_diameter_min" : 0.0414864197,
          "estimated_diameter_max" : 0.0927664547
        },
        "feet" : {
          "estimated_diameter_min" : 219.0483710172,
          "estimated_diameter_max" : 489.807047955
        }
      },
      "is_potentially_hazardous_asteroid" : false,
      "close_approach_data" : [ {
        "close_approach_date" : "2008-03-22",
        "epoch_date_close_approach" : 1206169200000,
        "relative_velocity" : {
          "kilometers_per_second" : "28.7758054515",
          "kilometers_per_hour" : "103592.899625503",
          "miles_per_hour" : "64368.5992145243"
        },
        "miss_distance" : {
          "astronomical" : "0.4179565105",
          "lunar" : "162.5850830078",
          "kilometers" : "62525404",
          "miles" : "38851484"
        },
        "orbiting_body" : "Earth"
      } ],
      "orbital_data" : {
        "orbit_id" : "9",
        "orbit_determination_date" : "2017-04-06 09:08:55",
        "orbit_uncertainty" : "8",
        "minimum_orbit_intersection" : ".0136865",
        "jupiter_tisserand_invariant" : "5.833",
        "epoch_osculation" : "2453812.5",
        "eccentricity" : ".5178777990125424",
        "semi_major_axis" : "1.025596539770828",
        "inclination" : "2.22738619899776",
        "ascending_node_longitude" : "5.205431008144331",
        "orbital_period" : "379.3702294679509",
        "perihelion_distance" : ".4944628610794323",
        "perihelion_argument" : "41.17288887818044",
        "aphelion_distance" : "1.556730218462224",
        "perihelion_time" : "2453736.947945601585",
        "mean_anomaly" : "71.69444903880404",
        "mean_motion" : ".9489410924649603",
        "equinox" : "J2000"
      }
    }, {
      "links" : {
        "self" : "https://api.nasa.gov/neo/rest/v1/neo/3368404?api_key=t0TVs3DtDT2H8Oy2Zy8m2eVrNsAVKAexjcZXUckd"
      },
      "neo_reference_id" : "3368404",
      "name" : "(2007 DD)",
      "nasa_jpl_url" : "http://ssd.jpl.nasa.gov/sbdb.cgi?sstr=3368404",
      "absolute_magnitude_h" : 25.8,
      "estimated_diameter" : {
        "kilometers" : {
          "estimated_diameter_min" : 0.0183888672,
          "estimated_diameter_max" : 0.0411187571
        },
        "meters" : {
          "estimated_diameter_min" : 18.388867207,
          "estimated_diameter_max" : 41.1187571041
        },
        "miles" : {
          "estimated_diameter_min" : 0.0114263088,
          "estimated_diameter_max" : 0.0255500032
        },
        "feet" : {
          "estimated_diameter_min" : 60.3309310875,
          "estimated_diameter_max" : 134.9040630575
        }
      },
      "is_potentially_hazardous_asteroid" : false,
      "close_approach_data" : [ {
        "close_approach_date" : "2008-03-22",
        "epoch_date_close_approach" : 1206169200000,
        "relative_velocity" : {
          "kilometers_per_second" : "2.6368029097",
          "kilometers_per_hour" : "9492.4904750799",
          "miles_per_hour" : "5898.2644288073"
        },
        "miss_distance" : {
          "astronomical" : "0.0837806596",
          "lunar" : "32.590675354",
          "kilometers" : "12533409",
          "miles" : "7787899"
        },
        "orbiting_body" : "Earth"
      } ],
      "orbital_data" : {
        "orbit_id" : "18",
        "orbit_determination_date" : "2017-09-08 06:16:57",
        "orbit_uncertainty" : "2",
        "minimum_orbit_intersection" : ".00491651",
        "jupiter_tisserand_invariant" : "6.134",
        "epoch_osculation" : "2458000.5",
        "eccentricity" : ".1158360505604305",
        "semi_major_axis" : ".9874148452383993",
        "inclination" : "2.624300988190335",
        "ascending_node_longitude" : "329.0143592694722",
        "orbital_period" : "358.3834165158025",
        "perihelion_distance" : ".8730366093012444",
        "perihelion_argument" : "77.54507075678622",
        "aphelion_distance" : "1.101793081175554",
        "perihelion_time" : "2458010.314374915595",
        "mean_anomaly" : "350.1413547424608",
        "mean_motion" : "1.004510765313624",
        "equinox" : "J2000"
      }
    }, {
      "links" : {
        "self" : "https://api.nasa.gov/neo/rest/v1/neo/3394069?api_key=t0TVs3DtDT2H8Oy2Zy8m2eVrNsAVKAexjcZXUckd"
      },
      "neo_reference_id" : "3394069",
      "name" : "(2007 VW137)",
      "nasa_jpl_url" : "http://ssd.jpl.nasa.gov/sbdb.cgi?sstr=3394069",
      "absolute_magnitude_h" : 18.2,
      "estimated_diameter" : {
        "kilometers" : {
          "estimated_diameter_min" : 0.6089126221,
          "estimated_diameter_max" : 1.3615700154
        },
        "meters" : {
          "estimated_diameter_min" : 608.9126221057,
          "estimated_diameter_max" : 1361.5700153859
        },
        "miles" : {
          "estimated_diameter_min" : 0.3783606449,
          "estimated_diameter_max" : 0.846040122
        },
        "feet" : {
          "estimated_diameter_min" : 1997.7448871092,
          "estimated_diameter_max" : 4467.0933692788
        }
      },
      "is_potentially_hazardous_asteroid" : true,
      "close_approach_data" : [ {
        "close_approach_date" : "2008-03-22",
        "epoch_date_close_approach" : 1206169200000,
        "relative_velocity" : {
          "kilometers_per_second" : "21.4330233744",
          "kilometers_per_hour" : "77158.884147948",
          "miles_per_hour" : "47943.5299862625"
        },
        "miss_distance" : {
          "astronomical" : "0.4155705581",
          "lunar" : "161.6569519043",
          "kilometers" : "62168472",
          "miles" : "38629696"
        },
        "orbiting_body" : "Earth"
      } ],
      "orbital_data" : {
        "orbit_id" : "29",
        "orbit_determination_date" : "2017-04-06 09:05:17",
        "orbit_uncertainty" : "2",
        "minimum_orbit_intersection" : ".0389965",
        "jupiter_tisserand_invariant" : "3.212",
        "epoch_osculation" : "2458000.5",
        "eccentricity" : ".7394621061901668",
        "semi_major_axis" : "2.227233249932428",
        "inclination" : "5.947038736865689",
        "ascending_node_longitude" : "299.6920476146768",
        "orbital_period" : "1214.079089254192",
        "perihelion_distance" : ".5802786599606244",
        "perihelion_argument" : "245.0460564022358",
        "aphelion_distance" : "3.874187839904231",
        "perihelion_time" : "2458193.367332842566",
        "mean_anomaly" : "302.8107769601929",
        "mean_motion" : ".296521044787245",
        "equinox" : "J2000"
      }
    }, {
      "links" : {
        "self" : "https://api.nasa.gov/neo/rest/v1/neo/3606220?api_key=t0TVs3DtDT2H8Oy2Zy8m2eVrNsAVKAexjcZXUckd"
      },
      "neo_reference_id" : "3606220",
      "name" : "(2012 NN)",
      "nasa_jpl_url" : "http://ssd.jpl.nasa.gov/sbdb.cgi?sstr=3606220",
      "absolute_magnitude_h" : 20.9,
      "estimated_diameter" : {
        "kilometers" : {
          "estimated_diameter_min" : 0.1756123185,
          "estimated_diameter_max" : 0.3926810818
        },
        "meters" : {
          "estimated_diameter_min" : 175.6123184804,
          "estimated_diameter_max" : 392.6810818086
        },
        "miles" : {
          "estimated_diameter_min" : 0.1091204019,
          "estimated_diameter_max" : 0.2440006365
        },
        "feet" : {
          "estimated_diameter_min" : 576.1559189633,
          "estimated_diameter_max" : 1288.3238004408
        }
      },
      "is_potentially_hazardous_asteroid" : true,
      "close_approach_data" : [ {
        "close_approach_date" : "2008-03-22",
        "epoch_date_close_approach" : 1206169200000,
        "relative_velocity" : {
          "kilometers_per_second" : "22.4133951772",
          "kilometers_per_hour" : "80688.2226378973",
          "miles_per_hour" : "50136.5236718646"
        },
        "miss_distance" : {
          "astronomical" : "0.3872794798",
          "lunar" : "150.6517181396",
          "kilometers" : "57936188",
          "miles" : "35999876"
        },
        "orbiting_body" : "Earth"
      } ],
      "orbital_data" : {
        "orbit_id" : "32",
        "orbit_determination_date" : "2017-04-06 08:49:26",
        "orbit_uncertainty" : "1",
        "minimum_orbit_intersection" : ".0271048",
        "jupiter_tisserand_invariant" : "3.112",
        "epoch_osculation" : "2458000.5",
        "eccentricity" : ".6269365801468944",
        "semi_major_axis" : "2.57753880698179",
        "inclination" : "4.627261809449881",
        "ascending_node_longitude" : "237.5455638021854",
        "orbital_period" : "1511.493367699295",
        "perihelion_distance" : ".9615854421367206",
        "perihelion_argument" : "6.309558055346209",
        "aphelion_distance" : "4.193492171826859",
        "perihelion_time" : "2457595.791360384875",
        "mean_anomaly" : "96.39149821954786",
        "mean_motion" : ".2381750444250844",
        "equinox" : "J2000"
      }
    }, {
      "links" : {
        "self" : "https://api.nasa.gov/neo/rest/v1/neo/3758850?api_key=t0TVs3DtDT2H8Oy2Zy8m2eVrNsAVKAexjcZXUckd"
      },
      "neo_reference_id" : "3758850",
      "name" : "(2016 RX)",
      "nasa_jpl_url" : "http://ssd.jpl.nasa.gov/sbdb.cgi?sstr=3758850",
      "absolute_magnitude_h" : 25.9,
      "estimated_diameter" : {
        "kilometers" : {
          "estimated_diameter_min" : 0.0175612318,
          "estimated_diameter_max" : 0.0392681082
        },
        "meters" : {
          "estimated_diameter_min" : 17.561231848,
          "estimated_diameter_max" : 39.2681081809
        },
        "miles" : {
          "estimated_diameter_min" : 0.0109120402,
          "estimated_diameter_max" : 0.0244000636
        },
        "feet" : {
          "estimated_diameter_min" : 57.6155918963,
          "estimated_diameter_max" : 128.8323800441
        }
      },
      "is_potentially_hazardous_asteroid" : false,
      "close_approach_data" : [ {
        "close_approach_date" : "2008-03-22",
        "epoch_date_close_approach" : 1206169200000,
        "relative_velocity" : {
          "kilometers_per_second" : "19.2967182907",
          "kilometers_per_hour" : "69468.1858465175",
          "miles_per_hour" : "43164.8291444653"
        },
        "miss_distance" : {
          "astronomical" : "0.1133982445",
          "lunar" : "44.1119194031",
          "kilometers" : "16964136",
          "miles" : "10541026"
        },
        "orbiting_body" : "Earth"
      } ],
      "orbital_data" : {
        "orbit_id" : "9",
        "orbit_determination_date" : "2017-04-06 08:24:13",
        "orbit_uncertainty" : "6",
        "minimum_orbit_intersection" : ".0300103",
        "jupiter_tisserand_invariant" : "2.942",
        "epoch_osculation" : "2458000.5",
        "eccentricity" : ".7432798414665692",
        "semi_major_axis" : "2.566518946844282",
        "inclination" : "13.31698776700056",
        "ascending_node_longitude" : "163.7692444434379",
        "orbital_period" : "1501.810508749261",
        "perihelion_distance" : ".6588771509129179",
        "perihelion_argument" : "92.84453301864926",
        "aphelion_distance" : "4.474160742775646",
        "perihelion_time" : "2457585.850824403361",
        "mean_anomaly" : "99.39583079566285",
        "mean_motion" : ".2397106678257402",
        "equinox" : "J2000"
      }
    } ]
  }
}