{
  "links" : {
    "next" : "https://api.nasa.gov/neo/rest/v1/feed?start_date=2007-08-09&end_date=2007-08-09&detailed=true&api_key=t0TVs3DtDT2H8Oy2Zy8m2eVrNsAVKAexjcZXUckd",
    "prev" : "https://api.nasa.gov/neo/rest/v1/feed?start_date=2007-08-07&end_date=2007-08-07&detailed=true&api_key=t0TVs3DtDT2H8Oy2Zy8m2eVrNsAVKAexjcZXUckd",
    "self" : "https://api.nasa.gov/neo/rest/v1/feed?start_date=2007-08-08&end_date=2007-08-08&detailed=true&api_key=t0TVs3DtDT2H8Oy2Zy8m2eVrNsAVKAexjcZXUckd"
  },
  "element_count" : 10,
  "near_earth_objects" : {
    "2007-08-08" : [ {
      "links" : {
        "self" : "https://api.nasa.gov/neo/rest/v1/neo/2418198?api_key=t0TVs3DtDT2H8Oy2Zy8m2eVrNsAVKAexjcZXUckd"
      },
      "neo_reference_id" : "2418198",
      "name" : "418198 (2008 CN70)",
      "nasa_jpl_url" : "http://ssd.jpl.nasa.gov/sbdb.cgi?sstr=2418198",
      "absolute_magnitude_h" : 19.0,
      "estimated_diameter" : {
        "kilometers" : {
          "estimated_diameter_min" : 0.4212646106,
          "estimated_diameter_max" : 0.9419763057
        },
        "meters" : {
          "estimated_diameter_min" : 421.2646105562,
          "estimated_diameter_max" : 941.9763057186
        },
        "miles" : {
          "estimated_diameter_min" : 0.2617616123,
          "estimated_diameter_max" : 0.5853167591
        },
        "feet" : {
          "estimated_diameter_min" : 1382.1017848971,
          "estimated_diameter_max" : 3090.4735428537
        }
      },
      "is_potentially_hazardous_asteroid" : false,
      "close_approach_data" : [ {
        "close_approach_date" : "2007-08-08",
        "epoch_date_close_approach" : 1186556400000,
        "relative_velocity" : {
          "kilometers_per_second" : "19.4293481799",
          "kilometers_per_hour" : "69945.6534476551",
          "miles_per_hour" : "43461.5089436277"
        },
        "miss_distance" : {
          "astronomical" : "0.4322563143",
          "lunar" : "168.1477050781",
          "kilometers" : "64664624",
          "miles" : "40180736"
        },
        "orbiting_body" : "Earth"
      } ],
      "orbital_data" : {
        "orbit_id" : "27",
        "orbit_determination_date" : "2017-04-06 09:21:15",
        "orbit_uncertainty" : "1",
        "minimum_orbit_intersection" : ".089119",
        "jupiter_tisserand_invariant" : "6.790",
        "epoch_osculation" : "2458000.5",
        "eccentricity" : ".3796180454982264",
        "semi_major_axis" : ".8518399107691234",
        "inclination" : "24.45381292450054",
        "ascending_node_longitude" : "150.7160727104503",
        "orbital_period" : "287.1675763522205",
        "perihelion_distance" : ".5284661087655652",
        "perihelion_argument" : "114.3228501887263",
        "aphelion_distance" : "1.175213712772681",
        "perihelion_time" : "2458030.389950124187",
        "mean_anomaly" : "322.5292584163147",
        "mean_motion" : "1.253623422856236",
        "equinox" : "J2000"
      }
    }, {
      "links" : {
        "self" : "https://api.nasa.gov/neo/rest/v1/neo/3114030?api_key=t0TVs3DtDT2H8Oy2Zy8m2eVrNsAVKAexjcZXUckd"
      },
      "neo_reference_id" : "3114030",
      "name" : "(2002 CB19)",
      "nasa_jpl_url" : "http://ssd.jpl.nasa.gov/sbdb.cgi?sstr=3114030",
      "absolute_magnitude_h" : 25.0,
      "estimated_diameter" : {
        "kilometers" : {
          "estimated_diameter_min" : 0.02658,
          "estimated_diameter_max" : 0.0594346868
        },
        "meters" : {
          "estimated_diameter_min" : 26.58,
          "estimated_diameter_max" : 59.4346868419
        },
        "miles" : {
          "estimated_diameter_min" : 0.0165160412,
          "estimated_diameter_max" : 0.0369309908
        },
        "feet" : {
          "estimated_diameter_min" : 87.2047272,
          "estimated_diameter_max" : 194.9956979785
        }
      },
      "is_potentially_hazardous_asteroid" : false,
      "close_approach_data" : [ {
        "close_approach_date" : "2007-08-08",
        "epoch_date_close_approach" : 1186556400000,
        "relative_velocity" : {
          "kilometers_per_second" : "16.8603548271",
          "kilometers_per_hour" : "60697.2773774596",
          "miles_per_hour" : "37714.9277126776"
        },
        "miss_distance" : {
          "astronomical" : "0.0454238407",
          "lunar" : "17.6698741913",
          "kilometers" : "6795309.5",
          "miles" : "4222409.5"
        },
        "orbiting_body" : "Earth"
      } ],
      "orbital_data" : {
        "orbit_id" : "12",
        "orbit_determination_date" : "2017-04-06 09:15:27",
        "orbit_uncertainty" : "6",
        "minimum_orbit_intersection" : ".00174728",
        "jupiter_tisserand_invariant" : "4.901",
        "epoch_osculation" : "2458000.5",
        "eccentricity" : ".4520826324179339",
        "semi_major_axis" : "1.283435838410097",
        "inclination" : "17.10528493104089",
        "ascending_node_longitude" : "318.0981354025708",
        "orbital_period" : "531.0796621293149",
        "perihelion_distance" : ".7032167860421421",
        "perihelion_argument" : "88.65453345385933",
        "aphelion_distance" : "1.863654890778051",
        "perihelion_time" : "2458096.061566768473",
        "mean_anomaly" : "295.2222152535119",
        "mean_motion" : ".6778644065498821",
        "equinox" : "J2000"
      }
    }, {
      "links" : {
        "self" : "https://api.nasa.gov/neo/rest/v1/neo/3285074?api_key=t0TVs3DtDT2H8Oy2Zy8m2eVrNsAVKAexjcZXUckd"
      },
      "neo_reference_id" : "3285074",
      "name" : "(2005 OV1)",
      "nasa_jpl_url" : "http://ssd.jpl.nasa.gov/sbdb.cgi?sstr=3285074",
      "absolute_magnitude_h" : 21.7,
      "estimated_diameter" : {
        "kilometers" : {
          "estimated_diameter_min" : 0.1214940408,
          "estimated_diameter_max" : 0.2716689341
        },
        "meters" : {
          "estimated_diameter_min" : 121.4940407996,
          "estimated_diameter_max" : 271.6689340891
        },
        "miles" : {
          "estimated_diameter_min" : 0.0754928736,
          "estimated_diameter_max" : 0.1688071972
        },
        "feet" : {
          "estimated_diameter_min" : 398.6025088171,
          "estimated_diameter_max" : 891.3023057169
        }
      },
      "is_potentially_hazardous_asteroid" : false,
      "close_approach_data" : [ {
        "close_approach_date" : "2007-08-08",
        "epoch_date_close_approach" : 1186556400000,
        "relative_velocity" : {
          "kilometers_per_second" : "16.4738794436",
          "kilometers_per_hour" : "59305.9659971144",
          "miles_per_hour" : "36850.4209274848"
        },
        "miss_distance" : {
          "astronomical" : "0.4274126705",
          "lunar" : "166.2635192871",
          "kilometers" : "63940024",
          "miles" : "39730488"
        },
        "orbiting_body" : "Earth"
      } ],
      "orbital_data" : {
        "orbit_id" : "15",
        "orbit_determination_date" : "2017-04-06 09:10:44",
        "orbit_uncertainty" : "1",
        "minimum_orbit_intersection" : ".14114",
        "jupiter_tisserand_invariant" : "4.357",
        "epoch_osculation" : "2458000.5",
        "eccentricity" : ".3084755468080971",
        "semi_major_axis" : "1.55588963714396",
        "inclination" : "13.21193954954153",
        "ascending_node_longitude" : "128.0621732907853",
        "orbital_period" : "708.8700199150602",
        "perihelion_distance" : "1.075935730552925",
        "perihelion_argument" : "235.6370417913606",
        "aphelion_distance" : "2.035843543734995",
        "perihelion_time" : "2457891.209768735715",
        "mean_anomaly" : "55.50309951019943",
        "mean_motion" : ".5078505083952298",
        "equinox" : "J2000"
      }
    }, {
      "links" : {
        "self" : "https://api.nasa.gov/neo/rest/v1/neo/3367898?api_key=t0TVs3DtDT2H8Oy2Zy8m2eVrNsAVKAexjcZXUckd"
      },
      "neo_reference_id" : "3367898",
      "name" : "(2007 CK26)",
      "nasa_jpl_url" : "http://ssd.jpl.nasa.gov/sbdb.cgi?sstr=3367898",
      "absolute_magnitude_h" : 19.0,
      "estimated_diameter" : {
        "kilometers" : {
          "estimated_diameter_min" : 0.4212646106,
          "estimated_diameter_max" : 0.9419763057
        },
        "meters" : {
          "estimated_diameter_min" : 421.2646105562,
          "estimated_diameter_max" : 941.9763057186
        },
        "miles" : {
          "estimated_diameter_min" : 0.2617616123,
          "estimated_diameter_max" : 0.5853167591
        },
        "feet" : {
          "estimated_diameter_min" : 1382.1017848971,
          "estimated_diameter_max" : 3090.4735428537
        }
      },
      "is_potentially_hazardous_asteroid" : false,
      "close_approach_data" : [ {
        "close_approach_date" : "2007-08-08",
        "epoch_date_close_approach" : 1186556400000,
        "relative_velocity" : {
          "kilometers_per_second" : "19.8077483772",
          "kilometers_per_hour" : "71307.8941577544",
          "miles_per_hour" : "44307.9523448558"
        },
        "miss_distance" : {
          "astronomical" : "0.2399007645",
          "lunar" : "93.321395874",
          "kilometers" : "35888644",
          "miles" : "22300170"
        },
        "orbiting_body" : "Earth"
      } ],
      "orbital_data" : {
        "orbit_id" : "50",
        "orbit_determination_date" : "2017-04-06 09:07:03",
        "orbit_uncertainty" : "0",
        "minimum_orbit_intersection" : ".239046",
        "jupiter_tisserand_invariant" : "3.776",
        "epoch_osculation" : "2458000.5",
        "eccentricity" : ".4635824868360008",
        "semi_major_axis" : "1.796187429507928",
        "inclination" : "32.39574162728513",
        "ascending_node_longitude" : "147.3381830631734",
        "orbital_period" : "879.2773903480652",
        "perihelion_distance" : ".9635063941130789",
        "perihelion_argument" : "97.50619972948608",
        "aphelion_distance" : "2.628868464902777",
        "perihelion_time" : "2457775.643755124426",
        "mean_anomaly" : "92.06224229553202",
        "mean_motion" : ".4094271090690649",
        "equinox" : "J2000"
      }
    }, {
      "links" : {
        "self" : "https://api.nasa.gov/neo/rest/v1/neo/3552770?api_key=t0TVs3DtDT2H8Oy2Zy8m2eVrNsAVKAexjcZXUckd"
      },
      "neo_reference_id" : "3552770",
      "name" : "(2010 XU)",
      "nasa_jpl_url" : "http://ssd.jpl.nasa.gov/sbdb.cgi?sstr=3552770",
      "absolute_magnitude_h" : 25.3,
      "estimated_diameter" : {
        "kilometers" : {
          "estimated_diameter_min" : 0.0231502122,
          "estimated_diameter_max" : 0.0517654482
        },
        "meters" : {
          "estimated_diameter_min" : 23.150212221,
          "estimated_diameter_max" : 51.7654482198
        },
        "miles" : {
          "estimated_diameter_min" : 0.0143848705,
          "estimated_diameter_max" : 0.0321655483
        },
        "feet" : {
          "estimated_diameter_min" : 75.9521422633,
          "estimated_diameter_max" : 169.8341531374
        }
      },
      "is_potentially_hazardous_asteroid" : false,
      "close_approach_data" : [ {
        "close_approach_date" : "2007-08-08",
        "epoch_date_close_approach" : 1186556400000,
        "relative_velocity" : {
          "kilometers_per_second" : "8.9063276703",
          "kilometers_per_hour" : "32062.7796129532",
          "miles_per_hour" : "19922.5643656153"
        },
        "miss_distance" : {
          "astronomical" : "0.0872661271",
          "lunar" : "33.946521759",
          "kilometers" : "13054827",
          "miles" : "8111893"
        },
        "orbiting_body" : "Earth"
      } ],
      "orbital_data" : {
        "orbit_id" : "13",
        "orbit_determination_date" : "2017-04-06 08:55:26",
        "orbit_uncertainty" : "7",
        "minimum_orbit_intersection" : ".000526625",
        "jupiter_tisserand_invariant" : "4.876",
        "epoch_osculation" : "2458000.5",
        "eccentricity" : ".294084117938152",
        "semi_major_axis" : "1.330893264462529",
        "inclination" : ".7056014851511146",
        "ascending_node_longitude" : "324.5167690557531",
        "orbital_period" : "560.8067956096237",
        "perihelion_distance" : ".9394986927132384",
        "perihelion_argument" : "49.20581299146206",
        "aphelion_distance" : "1.722287836211819",
        "perihelion_time" : "2457728.238859512514",
        "mean_anomaly" : "174.773221977364",
        "mean_motion" : ".641932306844932",
        "equinox" : "J2000"
      }
    }, {
      "links" : {
        "self" : "https://api.nasa.gov/neo/rest/v1/neo/3573154?api_key=t0TVs3DtDT2H8Oy2Zy8m2eVrNsAVKAexjcZXUckd"
      },
      "neo_reference_id" : "3573154",
      "name" : "(2011 OL5)",
      "nasa_jpl_url" : "http://ssd.jpl.nasa.gov/sbdb.cgi?sstr=3573154",
      "absolute_magnitude_h" : 20.2,
      "estimated_diameter" : {
        "kilometers" : {
          "estimated_diameter_min" : 0.2424124811,
          "estimated_diameter_max" : 0.5420507863
        },
        "meters" : {
          "estimated_diameter_min" : 242.4124811008,
          "estimated_diameter_max" : 542.0507863358
        },
        "miles" : {
          "estimated_diameter_min" : 0.1506280858,
          "estimated_diameter_max" : 0.3368146392
        },
        "feet" : {
          "estimated_diameter_min" : 795.3165644948,
          "estimated_diameter_max" : 1778.3819018419
        }
      },
      "is_potentially_hazardous_asteroid" : false,
      "close_approach_data" : [ {
        "close_approach_date" : "2007-08-08",
        "epoch_date_close_approach" : 1186556400000,
        "relative_velocity" : {
          "kilometers_per_second" : "8.500047249",
          "kilometers_per_hour" : "30600.1700965674",
          "miles_per_hour" : "19013.7556913921"
        },
        "miss_distance" : {
          "astronomical" : "0.435376869",
          "lunar" : "169.3616027832",
          "kilometers" : "65131456",
          "miles" : "40470808"
        },
        "orbiting_body" : "Earth"
      } ],
      "orbital_data" : {
        "orbit_id" : "49",
        "orbit_determination_date" : "2017-04-06 08:53:09",
        "orbit_uncertainty" : "0",
        "minimum_orbit_intersection" : ".119386",
        "jupiter_tisserand_invariant" : "5.182",
        "epoch_osculation" : "2458000.5",
        "eccentricity" : ".1582994399307163",
        "semi_major_axis" : "1.221222962806302",
        "inclination" : "15.73210382744206",
        "ascending_node_longitude" : "105.7172765813125",
        "orbital_period" : "492.93637790342",
        "perihelion_distance" : "1.027904051763535",
        "perihelion_argument" : "64.90665549164987",
        "aphelion_distance" : "1.41454187384907",
        "perihelion_time" : "2458070.767438645122",
        "mean_anomaly" : "308.6824688820185",
        "mean_motion" : ".7303173718506408",
        "equinox" : "J2000"
      }
    }, {
      "links" : {
        "self" : "https://api.nasa.gov/neo/rest/v1/neo/3755939?api_key=t0TVs3DtDT2H8Oy2Zy8m2eVrNsAVKAexjcZXUckd"
      },
      "neo_reference_id" : "3755939",
      "name" : "(2016 OF)",
      "nasa_jpl_url" : "http://ssd.jpl.nasa.gov/sbdb.cgi?sstr=3755939",
      "absolute_magnitude_h" : 23.1,
      "estimated_diameter" : {
        "kilometers" : {
          "estimated_diameter_min" : 0.063760979,
          "estimated_diameter_max" : 0.1425738833
        },
        "meters" : {
          "estimated_diameter_min" : 63.7609789875,
          "estimated_diameter_max" : 142.5738833281
        },
        "miles" : {
          "estimated_diameter_min" : 0.0396192233,
          "estimated_diameter_max" : 0.0885912765
        },
        "feet" : {
          "estimated_diameter_min" : 209.1895703015,
          "estimated_diameter_max" : 467.7620993781
        }
      },
      "is_potentially_hazardous_asteroid" : false,
      "close_approach_data" : [ {
        "close_approach_date" : "2007-08-08",
        "epoch_date_close_approach" : 1186556400000,
        "relative_velocity" : {
          "kilometers_per_second" : "17.6436793458",
          "kilometers_per_hour" : "63517.2456447601",
          "miles_per_hour" : "39467.1463285455"
        },
        "miss_distance" : {
          "astronomical" : "0.4078577294",
          "lunar" : "158.6566467285",
          "kilometers" : "61014648",
          "miles" : "37912744"
        },
        "orbiting_body" : "Earth"
      } ],
      "orbital_data" : {
        "orbit_id" : "10",
        "orbit_determination_date" : "2017-04-06 08:24:50",
        "orbit_uncertainty" : "6",
        "minimum_orbit_intersection" : ".00496622",
        "jupiter_tisserand_invariant" : "4.923",
        "epoch_osculation" : "2458000.5",
        "eccentricity" : ".2395570380603542",
        "semi_major_axis" : "1.307689530046975",
        "inclination" : "14.0302478137724",
        "ascending_node_longitude" : "288.3868113334446",
        "orbital_period" : "546.2046546090061",
        "perihelion_distance" : ".9944232995263849",
        "perihelion_argument" : "329.47782099",
        "aphelion_distance" : "1.620955760567564",
        "perihelion_time" : "2458099.409263920337",
        "mean_anomaly" : "294.8095357466144",
        "mean_motion" : ".6590936143847064",
        "equinox" : "J2000"
      }
    }, {
      "links" : {
        "self" : "https://api.nasa.gov/neo/rest/v1/neo/3662877?api_key=t0TVs3DtDT2H8Oy2Zy8m2eVrNsAVKAexjcZXUckd"
      },
      "neo_reference_id" : "3662877",
      "name" : "(2014 DU110)",
      "nasa_jpl_url" : "http://ssd.jpl.nasa.gov/sbdb.cgi?sstr=3662877",
      "absolute_magnitude_h" : 23.1,
      "estimated_diameter" : {
        "kilometers" : {
          "estimated_diameter_min" : 0.063760979,
          "estimated_diameter_max" : 0.1425738833
        },
        "meters" : {
          "estimated_diameter_min" : 63.7609789875,
          "estimated_diameter_max" : 142.5738833281
        },
        "miles" : {
          "estimated_diameter_min" : 0.0396192233,
          "estimated_diameter_max" : 0.0885912765
        },
        "feet" : {
          "estimated_diameter_min" : 209.1895703015,
          "estimated_diameter_max" : 467.7620993781
        }
      },
      "is_potentially_hazardous_asteroid" : false,
      "close_approach_data" : [ {
        "close_approach_date" : "2007-08-08",
        "epoch_date_close_approach" : 1186556400000,
        "relative_velocity" : {
          "kilometers_per_second" : "15.902893266",
          "kilometers_per_hour" : "57250.415757524",
          "miles_per_hour" : "35573.1819466682"
        },
        "miss_distance" : {
          "astronomical" : "0.427483072",
          "lunar" : "166.2909240723",
          "kilometers" : "63950560",
          "miles" : "39737036"
        },
        "orbiting_body" : "Earth"
      } ],
      "orbital_data" : {
        "orbit_id" : "15",
        "orbit_determination_date" : "2017-04-06 08:42:15",
        "orbit_uncertainty" : "4",
        "minimum_orbit_intersection" : ".145097",
        "jupiter_tisserand_invariant" : "5.042",
        "epoch_osculation" : "2458000.5",
        "eccentricity" : ".148254557408159",
        "semi_major_axis" : "1.24840895824325",
        "inclination" : "25.62276112885238",
        "ascending_node_longitude" : "158.6205682838455",
        "orbital_period" : "509.4877441913231",
        "perihelion_distance" : "1.063326640674516",
        "perihelion_argument" : "61.90781461609036",
        "aphelion_distance" : "1.433491275811984",
        "perihelion_time" : "2457798.703132119759",
        "mean_anomaly" : "142.5880666711511",
        "mean_motion" : ".7065920703772859",
        "equinox" : "J2000"
      }
    }, {
      "links" : {
        "self" : "https://api.nasa.gov/neo/rest/v1/neo/3713009?api_key=t0TVs3DtDT2H8Oy2Zy8m2eVrNsAVKAexjcZXUckd"
      },
      "neo_reference_id" : "3713009",
      "name" : "(2015 EZ)",
      "nasa_jpl_url" : "http://ssd.jpl.nasa.gov/sbdb.cgi?sstr=3713009",
      "absolute_magnitude_h" : 20.3,
      "estimated_diameter" : {
        "kilometers" : {
          "estimated_diameter_min" : 0.2315021222,
          "estimated_diameter_max" : 0.5176544822
        },
        "meters" : {
          "estimated_diameter_min" : 231.5021222103,
          "estimated_diameter_max" : 517.6544821978
        },
        "miles" : {
          "estimated_diameter_min" : 0.1438487052,
          "estimated_diameter_max" : 0.3216554833
        },
        "feet" : {
          "estimated_diameter_min" : 759.5214226325,
          "estimated_diameter_max" : 1698.3415313737
        }
      },
      "is_potentially_hazardous_asteroid" : false,
      "close_approach_data" : [ {
        "close_approach_date" : "2007-08-08",
        "epoch_date_close_approach" : 1186556400000,
        "relative_velocity" : {
          "kilometers_per_second" : "10.7945796021",
          "kilometers_per_hour" : "38860.48656747",
          "miles_per_hour" : "24146.3951118816"
        },
        "miss_distance" : {
          "astronomical" : "0.2428589707",
          "lunar" : "94.4721450806",
          "kilometers" : "36331188",
          "miles" : "22575152"
        },
        "orbiting_body" : "Earth"
      } ],
      "orbital_data" : {
        "orbit_id" : "69",
        "orbit_determination_date" : "2017-04-06 08:35:11",
        "orbit_uncertainty" : "3",
        "minimum_orbit_intersection" : ".0862781",
        "jupiter_tisserand_invariant" : "4.769",
        "epoch_osculation" : "2458000.5",
        "eccentricity" : ".2837354998124443",
        "semi_major_axis" : "1.364669646214443",
        "inclination" : "13.21894033108866",
        "ascending_node_longitude" : "185.4569705808732",
        "orbital_period" : "582.2905266840985",
        "perihelion_distance" : ".9774644220669161",
        "perihelion_argument" : "65.08392814826978",
        "aphelion_distance" : "1.751874870361969",
        "perihelion_time" : "2457759.477171798107",
        "mean_anomaly" : "149.0119007204023",
        "mean_motion" : ".6182480797859613",
        "equinox" : "J2000"
      }
    }, {
      "links" : {
        "self" : "https://api.nasa.gov/neo/rest/v1/neo/3724110?api_key=t0TVs3DtDT2H8Oy2Zy8m2eVrNsAVKAexjcZXUckd"
      },
      "neo_reference_id" : "3724110",
      "name" : "(2015 NY13)",
      "nasa_jpl_url" : "http://ssd.jpl.nasa.gov/sbdb.cgi?sstr=3724110",
      "absolute_magnitude_h" : 21.1,
      "estimated_diameter" : {
        "kilometers" : {
          "estimated_diameter_min" : 0.160160338,
          "estimated_diameter_max" : 0.358129403
        },
        "meters" : {
          "estimated_diameter_min" : 160.1603379786,
          "estimated_diameter_max" : 358.1294030194
        },
        "miles" : {
          "estimated_diameter_min" : 0.0995189894,
          "estimated_diameter_max" : 0.2225312253
        },
        "feet" : {
          "estimated_diameter_min" : 525.4604432536,
          "estimated_diameter_max" : 1174.9652706022
        }
      },
      "is_potentially_hazardous_asteroid" : false,
      "close_approach_data" : [ {
        "close_approach_date" : "2007-08-08",
        "epoch_date_close_approach" : 1186556400000,
        "relative_velocity" : {
          "kilometers_per_second" : "17.1401070598",
          "kilometers_per_hour" : "61704.3854153225",
          "miles_per_hour" : "38340.705482093"
        },
        "miss_distance" : {
          "astronomical" : "0.3882517229",
          "lunar" : "151.0299224854",
          "kilometers" : "58081632",
          "miles" : "36090252"
        },
        "orbiting_body" : "Earth"
      } ],
      "orbital_data" : {
        "orbit_id" : "15",
        "orbit_determination_date" : "2017-07-26 06:19:35",
        "orbit_uncertainty" : "1",
        "minimum_orbit_intersection" : ".316524",
        "jupiter_tisserand_invariant" : "4.189",
        "epoch_osculation" : "2458000.5",
        "eccentricity" : ".1938734486389059",
        "semi_major_axis" : "1.589584468757383",
        "inclination" : "32.36162590534845",
        "ascending_node_longitude" : "308.4406749638867",
        "orbital_period" : "732.0215105666493",
        "perihelion_distance" : "1.281406245896546",
        "perihelion_argument" : "42.72053405036652",
        "aphelion_distance" : "1.897762691618221",
        "perihelion_time" : "2458014.374666935925",
        "mean_anomaly" : "353.1765938229514",
        "mean_motion" : ".4917888269722132",
        "equinox" : "J2000"
      }
    } ]
  }
}