{
  "links" : {
    "next" : "https://api.nasa.gov/neo/rest/v1/feed?start_date=1998-11-09&end_date=1998-11-09&detailed=true&api_key=t0TVs3DtDT2H8Oy2Zy8m2eVrNsAVKAexjcZXUckd",
    "prev" : "https://api.nasa.gov/neo/rest/v1/feed?start_date=1998-11-07&end_date=1998-11-07&detailed=true&api_key=t0TVs3DtDT2H8Oy2Zy8m2eVrNsAVKAexjcZXUckd",
    "self" : "https://api.nasa.gov/neo/rest/v1/feed?start_date=1998-11-08&end_date=1998-11-08&detailed=true&api_key=t0TVs3DtDT2H8Oy2Zy8m2eVrNsAVKAexjcZXUckd"
  },
  "element_count" : 8,
  "near_earth_objects" : {
    "1998-11-08" : [ {
      "links" : {
        "self" : "https://api.nasa.gov/neo/rest/v1/neo/2137175?api_key=t0TVs3DtDT2H8Oy2Zy8m2eVrNsAVKAexjcZXUckd"
      },
      "neo_reference_id" : "2137175",
      "name" : "137175 (1999 JA11)",
      "nasa_jpl_url" : "http://ssd.jpl.nasa.gov/sbdb.cgi?sstr=2137175",
      "absolute_magnitude_h" : 18.3,
      "estimated_diameter" : {
        "kilometers" : {
          "estimated_diameter_min" : 0.5815070396,
          "estimated_diameter_max" : 1.30028927
        },
        "meters" : {
          "estimated_diameter_min" : 581.5070396458,
          "estimated_diameter_max" : 1300.2892700427
        },
        "miles" : {
          "estimated_diameter_min" : 0.3613316107,
          "estimated_diameter_max" : 0.807962044
        },
        "feet" : {
          "estimated_diameter_min" : 1907.8315559515,
          "estimated_diameter_max" : 4266.0410487267
        }
      },
      "is_potentially_hazardous_asteroid" : false,
      "close_approach_data" : [ {
        "close_approach_date" : "1998-11-08",
        "epoch_date_close_approach" : 910512000000,
        "relative_velocity" : {
          "kilometers_per_second" : "9.8567475078",
          "kilometers_per_hour" : "35484.291028184",
          "miles_per_hour" : "22048.5585002625"
        },
        "miss_distance" : {
          "astronomical" : "0.2780532027",
          "lunar" : "108.162689209",
          "kilometers" : "41596168",
          "miles" : "25846660"
        },
        "orbiting_body" : "Earth"
      } ],
      "orbital_data" : {
        "orbit_id" : "68",
        "orbit_determination_date" : "2017-04-06 09:27:54",
        "orbit_uncertainty" : "0",
        "minimum_orbit_intersection" : ".104956",
        "jupiter_tisserand_invariant" : "5.013",
        "epoch_osculation" : "2458000.5",
        "eccentricity" : ".3411008587657278",
        "semi_major_axis" : "1.26121243550978",
        "inclination" : "16.43149011376786",
        "ascending_node_longitude" : "116.263827235875",
        "orbital_period" : "517.3456398145159",
        "perihelion_distance" : ".8310117906713791",
        "perihelion_argument" : "328.29043808804",
        "aphelion_distance" : "1.691413080348181",
        "perihelion_time" : "2457875.981740771231",
        "mean_anomaly" : "86.64724291177626",
        "mean_motion" : ".6958597353387783",
        "equinox" : "J2000"
      }
    }, {
      "links" : {
        "self" : "https://api.nasa.gov/neo/rest/v1/neo/2162173?api_key=t0TVs3DtDT2H8Oy2Zy8m2eVrNsAVKAexjcZXUckd"
      },
      "neo_reference_id" : "2162173",
      "name" : "162173 Ryugu (1999 JU3)",
      "nasa_jpl_url" : "http://ssd.jpl.nasa.gov/sbdb.cgi?sstr=2162173",
      "absolute_magnitude_h" : 19.3,
      "estimated_diameter" : {
        "kilometers" : {
          "estimated_diameter_min" : 0.3669061375,
          "estimated_diameter_max" : 0.8204270649
        },
        "meters" : {
          "estimated_diameter_min" : 366.9061375314,
          "estimated_diameter_max" : 820.4270648822
        },
        "miles" : {
          "estimated_diameter_min" : 0.2279848336,
          "estimated_diameter_max" : 0.5097895857
        },
        "feet" : {
          "estimated_diameter_min" : 1203.7603322587,
          "estimated_diameter_max" : 2691.6899315481
        }
      },
      "is_potentially_hazardous_asteroid" : true,
      "close_approach_data" : [ {
        "close_approach_date" : "1998-11-08",
        "epoch_date_close_approach" : 910512000000,
        "relative_velocity" : {
          "kilometers_per_second" : "11.0658723116",
          "kilometers_per_hour" : "39837.140321638",
          "miles_per_hour" : "24753.2497737422"
        },
        "miss_distance" : {
          "astronomical" : "0.2418663337",
          "lunar" : "94.0860061646",
          "kilometers" : "36182688",
          "miles" : "22482880"
        },
        "orbiting_body" : "Earth"
      } ],
      "orbital_data" : {
        "orbit_id" : "117",
        "orbit_determination_date" : "2017-04-06 09:26:35",
        "orbit_uncertainty" : "0",
        "minimum_orbit_intersection" : ".00132059",
        "jupiter_tisserand_invariant" : "5.308",
        "epoch_osculation" : "2458000.5",
        "eccentricity" : ".1902842554038815",
        "semi_major_axis" : "1.189560559495507",
        "inclination" : "5.883903317829792",
        "ascending_node_longitude" : "251.5911063365942",
        "orbital_period" : "473.8907826636587",
        "perihelion_distance" : ".9632059141740799",
        "perihelion_argument" : "211.4467739786354",
        "aphelion_distance" : "1.415915204816935",
        "perihelion_time" : "2457797.751480023557",
        "mean_anomaly" : "154.0217068187274",
        "mean_motion" : ".7596687109559334",
        "equinox" : "J2000"
      }
    }, {
      "links" : {
        "self" : "https://api.nasa.gov/neo/rest/v1/neo/3297628?api_key=t0TVs3DtDT2H8Oy2Zy8m2eVrNsAVKAexjcZXUckd"
      },
      "neo_reference_id" : "3297628",
      "name" : "(2005 VK1)",
      "nasa_jpl_url" : "http://ssd.jpl.nasa.gov/sbdb.cgi?sstr=3297628",
      "absolute_magnitude_h" : 22.6,
      "estimated_diameter" : {
        "kilometers" : {
          "estimated_diameter_min" : 0.0802703167,
          "estimated_diameter_max" : 0.1794898848
        },
        "meters" : {
          "estimated_diameter_min" : 80.2703167283,
          "estimated_diameter_max" : 179.4898847799
        },
        "miles" : {
          "estimated_diameter_min" : 0.049877647,
          "estimated_diameter_max" : 0.1115298092
        },
        "feet" : {
          "estimated_diameter_min" : 263.3540659348,
          "estimated_diameter_max" : 588.8775935812
        }
      },
      "is_potentially_hazardous_asteroid" : false,
      "close_approach_data" : [ {
        "close_approach_date" : "1998-11-08",
        "epoch_date_close_approach" : 910512000000,
        "relative_velocity" : {
          "kilometers_per_second" : "13.6661399066",
          "kilometers_per_hour" : "49198.1036637863",
          "miles_per_hour" : "30569.7883570899"
        },
        "miss_distance" : {
          "astronomical" : "0.0699496634",
          "lunar" : "27.2104187012",
          "kilometers" : "10464321",
          "miles" : "6502227.5"
        },
        "orbiting_body" : "Earth"
      } ],
      "orbital_data" : {
        "orbit_id" : "8",
        "orbit_determination_date" : "2017-04-06 09:09:57",
        "orbit_uncertainty" : "8",
        "minimum_orbit_intersection" : ".0663006",
        "jupiter_tisserand_invariant" : "7.640",
        "epoch_osculation" : "2453679.5",
        "eccentricity" : ".4270432630344322",
        "semi_major_axis" : ".7412637808488117",
        "inclination" : "24.62010895646877",
        "ascending_node_longitude" : "223.7424362794439",
        "orbital_period" : "233.1082250275328",
        "perihelion_distance" : ".4247120771058949",
        "perihelion_argument" : "358.5470664502998",
        "aphelion_distance" : "1.057815484591729",
        "perihelion_time" : "2453566.566624899974",
        "mean_anomaly" : "174.4083248508602",
        "mean_motion" : "1.544347051492841",
        "equinox" : "J2000"
      }
    }, {
      "links" : {
        "self" : "https://api.nasa.gov/neo/rest/v1/neo/3471590?api_key=t0TVs3DtDT2H8Oy2Zy8m2eVrNsAVKAexjcZXUckd"
      },
      "neo_reference_id" : "3471590",
      "name" : "(2009 TK12)",
      "nasa_jpl_url" : "http://ssd.jpl.nasa.gov/sbdb.cgi?sstr=3471590",
      "absolute_magnitude_h" : 20.6,
      "estimated_diameter" : {
        "kilometers" : {
          "estimated_diameter_min" : 0.2016299194,
          "estimated_diameter_max" : 0.4508582062
        },
        "meters" : {
          "estimated_diameter_min" : 201.6299194428,
          "estimated_diameter_max" : 450.8582061718
        },
        "miles" : {
          "estimated_diameter_min" : 0.1252869847,
          "estimated_diameter_max" : 0.2801502144
        },
        "feet" : {
          "estimated_diameter_min" : 661.5155049046,
          "estimated_diameter_max" : 1479.1936371367
        }
      },
      "is_potentially_hazardous_asteroid" : true,
      "close_approach_data" : [ {
        "close_approach_date" : "1998-11-08",
        "epoch_date_close_approach" : 910512000000,
        "relative_velocity" : {
          "kilometers_per_second" : "19.7717359213",
          "kilometers_per_hour" : "71178.2493168262",
          "miles_per_hour" : "44227.3960824468"
        },
        "miss_distance" : {
          "astronomical" : "0.1304235131",
          "lunar" : "50.7347488403",
          "kilometers" : "19511080",
          "miles" : "12123623"
        },
        "orbiting_body" : "Earth"
      } ],
      "orbital_data" : {
        "orbit_id" : "36",
        "orbit_determination_date" : "2017-04-06 08:59:36",
        "orbit_uncertainty" : "1",
        "minimum_orbit_intersection" : ".013478",
        "jupiter_tisserand_invariant" : "3.993",
        "epoch_osculation" : "2458000.5",
        "eccentricity" : ".5846063873955878",
        "semi_major_axis" : "1.695616257509581",
        "inclination" : "3.838233176049531",
        "ascending_node_longitude" : "245.7174147831241",
        "orbital_period" : "806.4729119236935",
        "perihelion_distance" : ".704348162797678",
        "perihelion_argument" : "245.3328538973312",
        "aphelion_distance" : "2.686884352221483",
        "perihelion_time" : "2457622.043127119873",
        "mean_anomaly" : "168.9386862503037",
        "mean_motion" : ".4463882105367754",
        "equinox" : "J2000"
      }
    }, {
      "links" : {
        "self" : "https://api.nasa.gov/neo/rest/v1/neo/3612843?api_key=t0TVs3DtDT2H8Oy2Zy8m2eVrNsAVKAexjcZXUckd"
      },
      "neo_reference_id" : "3612843",
      "name" : "(2012 UA34)",
      "nasa_jpl_url" : "http://ssd.jpl.nasa.gov/sbdb.cgi?sstr=3612843",
      "absolute_magnitude_h" : 19.5,
      "estimated_diameter" : {
        "kilometers" : {
          "estimated_diameter_min" : 0.3346223745,
          "estimated_diameter_max" : 0.7482383761
        },
        "meters" : {
          "estimated_diameter_min" : 334.6223744549,
          "estimated_diameter_max" : 748.2383760735
        },
        "miles" : {
          "estimated_diameter_min" : 0.2079246394,
          "estimated_diameter_max" : 0.464933628
        },
        "feet" : {
          "estimated_diameter_min" : 1097.8424710066,
          "estimated_diameter_max" : 2454.8503937571
        }
      },
      "is_potentially_hazardous_asteroid" : false,
      "close_approach_data" : [ {
        "close_approach_date" : "1998-11-08",
        "epoch_date_close_approach" : 910512000000,
        "relative_velocity" : {
          "kilometers_per_second" : "19.4912536885",
          "kilometers_per_hour" : "70168.5132785049",
          "miles_per_hour" : "43599.9853757466"
        },
        "miss_distance" : {
          "astronomical" : "0.4520092733",
          "lunar" : "175.8316040039",
          "kilometers" : "67619624",
          "miles" : "42016888"
        },
        "orbiting_body" : "Earth"
      } ],
      "orbital_data" : {
        "orbit_id" : "38",
        "orbit_determination_date" : "2016-12-05 06:15:35",
        "orbit_uncertainty" : "1",
        "minimum_orbit_intersection" : ".0877819",
        "jupiter_tisserand_invariant" : "7.057",
        "epoch_osculation" : "2457800.5",
        "eccentricity" : ".8015894570529593",
        "semi_major_axis" : ".7860013244762593",
        "inclination" : "19.80769291431583",
        "ascending_node_longitude" : "19.04905655344607",
        "orbital_period" : "254.526698156324",
        "perihelion_distance" : ".1559509495464277",
        "perihelion_argument" : "222.3440056885527",
        "aphelion_distance" : "1.416051699406091",
        "perihelion_time" : "2457900.112895030923",
        "mean_anomaly" : "219.1085238959584",
        "mean_motion" : "1.414389934759995",
        "equinox" : "J2000"
      }
    }, {
      "links" : {
        "self" : "https://api.nasa.gov/neo/rest/v1/neo/3761750?api_key=t0TVs3DtDT2H8Oy2Zy8m2eVrNsAVKAexjcZXUckd"
      },
      "neo_reference_id" : "3761750",
      "name" : "(2016 UP41)",
      "nasa_jpl_url" : "http://ssd.jpl.nasa.gov/sbdb.cgi?sstr=3761750",
      "absolute_magnitude_h" : 21.6,
      "estimated_diameter" : {
        "kilometers" : {
          "estimated_diameter_min" : 0.1272198785,
          "estimated_diameter_max" : 0.2844722965
        },
        "meters" : {
          "estimated_diameter_min" : 127.2198785394,
          "estimated_diameter_max" : 284.4722965033
        },
        "miles" : {
          "estimated_diameter_min" : 0.0790507431,
          "estimated_diameter_max" : 0.1767628354
        },
        "feet" : {
          "estimated_diameter_min" : 417.3880663071,
          "estimated_diameter_max" : 933.3080892598
        }
      },
      "is_potentially_hazardous_asteroid" : false,
      "close_approach_data" : [ {
        "close_approach_date" : "1998-11-08",
        "epoch_date_close_approach" : 910512000000,
        "relative_velocity" : {
          "kilometers_per_second" : "6.9116148036",
          "kilometers_per_hour" : "24881.8132930729",
          "miles_per_hour" : "15460.591154243"
        },
        "miss_distance" : {
          "astronomical" : "0.3037094528",
          "lunar" : "118.1429748535",
          "kilometers" : "45434288",
          "miles" : "28231558"
        },
        "orbiting_body" : "Earth"
      } ],
      "orbital_data" : {
        "orbit_id" : "15",
        "orbit_determination_date" : "2017-09-02 06:19:07",
        "orbit_uncertainty" : "3",
        "minimum_orbit_intersection" : ".0768408",
        "jupiter_tisserand_invariant" : "5.702",
        "epoch_osculation" : "2458000.5",
        "eccentricity" : ".1944667795411949",
        "semi_major_axis" : "1.081508581829274",
        "inclination" : "5.3480489370854",
        "ascending_node_longitude" : "250.2191750053158",
        "orbital_period" : "410.8122466363588",
        "perihelion_distance" : ".8711910908747703",
        "perihelion_argument" : "335.9728555200405",
        "aphelion_distance" : "1.291826072783778",
        "perihelion_time" : "2457903.001585683551",
        "mean_anomaly" : "85.43910129580627",
        "mean_motion" : ".8763127266716161",
        "equinox" : "J2000"
      }
    }, {
      "links" : {
        "self" : "https://api.nasa.gov/neo/rest/v1/neo/3763594?api_key=t0TVs3DtDT2H8Oy2Zy8m2eVrNsAVKAexjcZXUckd"
      },
      "neo_reference_id" : "3763594",
      "name" : "(2016 VP4)",
      "nasa_jpl_url" : "http://ssd.jpl.nasa.gov/sbdb.cgi?sstr=3763594",
      "absolute_magnitude_h" : 24.2,
      "estimated_diameter" : {
        "kilometers" : {
          "estimated_diameter_min" : 0.0384197891,
          "estimated_diameter_max" : 0.0859092601
        },
        "meters" : {
          "estimated_diameter_min" : 38.4197891064,
          "estimated_diameter_max" : 85.9092601232
        },
        "miles" : {
          "estimated_diameter_min" : 0.0238729428,
          "estimated_diameter_max" : 0.0533815229
        },
        "feet" : {
          "estimated_diameter_min" : 126.0491808919,
          "estimated_diameter_max" : 281.8545369825
        }
      },
      "is_potentially_hazardous_asteroid" : false,
      "close_approach_data" : [ {
        "close_approach_date" : "1998-11-08",
        "epoch_date_close_approach" : 910512000000,
        "relative_velocity" : {
          "kilometers_per_second" : "11.5226777702",
          "kilometers_per_hour" : "41481.6399728183",
          "miles_per_hour" : "25775.0779042214"
        },
        "miss_distance" : {
          "astronomical" : "0.2142105715",
          "lunar" : "83.327911377",
          "kilometers" : "32045446",
          "miles" : "19912116"
        },
        "orbiting_body" : "Earth"
      } ],
      "orbital_data" : {
        "orbit_id" : "14",
        "orbit_determination_date" : "2017-04-06 08:22:15",
        "orbit_uncertainty" : "6",
        "minimum_orbit_intersection" : ".0809504",
        "jupiter_tisserand_invariant" : "3.333",
        "epoch_osculation" : "2458000.5",
        "eccentricity" : ".547556561965313",
        "semi_major_axis" : "2.352101917028136",
        "inclination" : "4.907623234592458",
        "ascending_node_longitude" : "248.2243468322947",
        "orbital_period" : "1317.597101188631",
        "perihelion_distance" : "1.064193077948188",
        "perihelion_argument" : "189.1403192746571",
        "aphelion_distance" : "3.640010756108084",
        "perihelion_time" : "2457729.800395836582",
        "mean_anomaly" : "73.96180320290412",
        "mean_motion" : ".2732246448290123",
        "equinox" : "J2000"
      }
    }, {
      "links" : {
        "self" : "https://api.nasa.gov/neo/rest/v1/neo/2482533?api_key=t0TVs3DtDT2H8Oy2Zy8m2eVrNsAVKAexjcZXUckd"
      },
      "neo_reference_id" : "2482533",
      "name" : "482533 (2012 UA34)",
      "nasa_jpl_url" : "http://ssd.jpl.nasa.gov/sbdb.cgi?sstr=2482533",
      "absolute_magnitude_h" : 19.7,
      "estimated_diameter" : {
        "kilometers" : {
          "estimated_diameter_min" : 0.3051792326,
          "estimated_diameter_max" : 0.6824015094
        },
        "meters" : {
          "estimated_diameter_min" : 305.1792325939,
          "estimated_diameter_max" : 682.4015094011
        },
        "miles" : {
          "estimated_diameter_min" : 0.1896295249,
          "estimated_diameter_max" : 0.4240245083
        },
        "feet" : {
          "estimated_diameter_min" : 1001.2442334633,
          "estimated_diameter_max" : 2238.8501681036
        }
      },
      "is_potentially_hazardous_asteroid" : false,
      "close_approach_data" : [ {
        "close_approach_date" : "1998-11-08",
        "epoch_date_close_approach" : 910512000000,
        "relative_velocity" : {
          "kilometers_per_second" : "19.4912512689",
          "kilometers_per_hour" : "70168.5045681674",
          "miles_per_hour" : "43599.9799634816"
        },
        "miss_distance" : {
          "astronomical" : "0.4520097792",
          "lunar" : "175.8318023682",
          "kilometers" : "67619696",
          "miles" : "42016932"
        },
        "orbiting_body" : "Earth"
      } ],
      "orbital_data" : {
        "orbit_id" : "40",
        "orbit_determination_date" : "2017-04-06 09:18:42",
        "orbit_uncertainty" : "1",
        "minimum_orbit_intersection" : ".0879442",
        "jupiter_tisserand_invariant" : "7.057",
        "epoch_osculation" : "2458000.5",
        "eccentricity" : ".8016065259816493",
        "semi_major_axis" : ".7859942400731948",
        "inclination" : "19.8074429295104",
        "ascending_node_longitude" : "19.04844741042721",
        "orbital_period" : "254.5232570062881",
        "perihelion_distance" : ".1559361278465347",
        "perihelion_argument" : "222.3456478849857",
        "aphelion_distance" : "1.416052352299855",
        "perihelion_time" : "2457900.112073067464",
        "mean_anomaly" : "141.9895930956915",
        "mean_motion" : "1.414409057287468",
        "equinox" : "J2000"
      }
    } ]
  }
}