{
  "links" : {
    "next" : "https://api.nasa.gov/neo/rest/v1/feed?start_date=2006-06-23&end_date=2006-06-23&detailed=true&api_key=t0TVs3DtDT2H8Oy2Zy8m2eVrNsAVKAexjcZXUckd",
    "prev" : "https://api.nasa.gov/neo/rest/v1/feed?start_date=2006-06-21&end_date=2006-06-21&detailed=true&api_key=t0TVs3DtDT2H8Oy2Zy8m2eVrNsAVKAexjcZXUckd",
    "self" : "https://api.nasa.gov/neo/rest/v1/feed?start_date=2006-06-22&end_date=2006-06-22&detailed=true&api_key=t0TVs3DtDT2H8Oy2Zy8m2eVrNsAVKAexjcZXUckd"
  },
  "element_count" : 9,
  "near_earth_objects" : {
    "2006-06-22" : [ {
      "links" : {
        "self" : "https://api.nasa.gov/neo/rest/v1/neo/3334435?api_key=t0TVs3DtDT2H8Oy2Zy8m2eVrNsAVKAexjcZXUckd"
      },
      "neo_reference_id" : "3334435",
      "name" : "(2006 KC40)",
      "nasa_jpl_url" : "http://ssd.jpl.nasa.gov/sbdb.cgi?sstr=3334435",
      "absolute_magnitude_h" : 23.2,
      "estimated_diameter" : {
        "kilometers" : {
          "estimated_diameter_min" : 0.0608912622,
          "estimated_diameter_max" : 0.1361570015
        },
        "meters" : {
          "estimated_diameter_min" : 60.8912622106,
          "estimated_diameter_max" : 136.1570015386
        },
        "miles" : {
          "estimated_diameter_min" : 0.0378360645,
          "estimated_diameter_max" : 0.0846040122
        },
        "feet" : {
          "estimated_diameter_min" : 199.7744887109,
          "estimated_diameter_max" : 446.7093369279
        }
      },
      "is_potentially_hazardous_asteroid" : false,
      "close_approach_data" : [ {
        "close_approach_date" : "2006-06-22",
        "epoch_date_close_approach" : 1150959600000,
        "relative_velocity" : {
          "kilometers_per_second" : "13.5407221895",
          "kilometers_per_hour" : "48746.5998823566",
          "miles_per_hour" : "30289.2414657899"
        },
        "miss_distance" : {
          "astronomical" : "0.0506377322",
          "lunar" : "19.6980781555",
          "kilometers" : "7575297",
          "miles" : "4707071.5"
        },
        "orbiting_body" : "Earth"
      } ],
      "orbital_data" : {
        "orbit_id" : "12",
        "orbit_determination_date" : "2017-04-06 09:08:35",
        "orbit_uncertainty" : "7",
        "minimum_orbit_intersection" : ".0271827",
        "jupiter_tisserand_invariant" : "4.067",
        "epoch_osculation" : "2458000.5",
        "eccentricity" : ".5295580435005064",
        "semi_major_axis" : "1.669298683467895",
        "inclination" : "8.8196922509812",
        "ascending_node_longitude" : "77.93187356595291",
        "orbital_period" : "787.7701183771534",
        "perihelion_distance" : ".7853081386326652",
        "perihelion_argument" : "260.4467527237453",
        "aphelion_distance" : "2.553289228303124",
        "perihelion_time" : "2457895.712942106146",
        "mean_anomaly" : "47.88622970302498",
        "mean_motion" : ".4569861074974745",
        "equinox" : "J2000"
      }
    }, {
      "links" : {
        "self" : "https://api.nasa.gov/neo/rest/v1/neo/3361551?api_key=t0TVs3DtDT2H8Oy2Zy8m2eVrNsAVKAexjcZXUckd"
      },
      "neo_reference_id" : "3361551",
      "name" : "(2006 WR127)",
      "nasa_jpl_url" : "http://ssd.jpl.nasa.gov/sbdb.cgi?sstr=3361551",
      "absolute_magnitude_h" : 20.3,
      "estimated_diameter" : {
        "kilometers" : {
          "estimated_diameter_min" : 0.2315021222,
          "estimated_diameter_max" : 0.5176544822
        },
        "meters" : {
          "estimated_diameter_min" : 231.5021222103,
          "estimated_diameter_max" : 517.6544821978
        },
        "miles" : {
          "estimated_diameter_min" : 0.1438487052,
          "estimated_diameter_max" : 0.3216554833
        },
        "feet" : {
          "estimated_diameter_min" : 759.5214226325,
          "estimated_diameter_max" : 1698.3415313737
        }
      },
      "is_potentially_hazardous_asteroid" : false,
      "close_approach_data" : [ {
        "close_approach_date" : "2006-06-22",
        "epoch_date_close_approach" : 1150959600000,
        "relative_velocity" : {
          "kilometers_per_second" : "19.6666236018",
          "kilometers_per_hour" : "70799.844966485",
          "miles_per_hour" : "43992.2703348696"
        },
        "miss_distance" : {
          "astronomical" : "0.4433089678",
          "lunar" : "172.4471893311",
          "kilometers" : "66318080",
          "miles" : "41208144"
        },
        "orbiting_body" : "Earth"
      } ],
      "orbital_data" : {
        "orbit_id" : "33",
        "orbit_determination_date" : "2017-04-06 09:07:29",
        "orbit_uncertainty" : "1",
        "minimum_orbit_intersection" : ".191857",
        "jupiter_tisserand_invariant" : "6.477",
        "epoch_osculation" : "2458000.5",
        "eccentricity" : ".3759996431263864",
        "semi_major_axis" : ".9070607454923112",
        "inclination" : "16.78914678971103",
        "ascending_node_longitude" : "260.8197366022968",
        "orbital_period" : "315.5389570378068",
        "perihelion_distance" : ".5660062288932483",
        "perihelion_argument" : "351.4503032725676",
        "aphelion_distance" : "1.248115262091374",
        "perihelion_time" : "2458003.110738776270",
        "mean_anomaly" : "357.0213948595118",
        "mean_motion" : "1.140905083098396",
        "equinox" : "J2000"
      }
    }, {
      "links" : {
        "self" : "https://api.nasa.gov/neo/rest/v1/neo/3378415?api_key=t0TVs3DtDT2H8Oy2Zy8m2eVrNsAVKAexjcZXUckd"
      },
      "neo_reference_id" : "3378415",
      "name" : "(2007 LB15)",
      "nasa_jpl_url" : "http://ssd.jpl.nasa.gov/sbdb.cgi?sstr=3378415",
      "absolute_magnitude_h" : 19.3,
      "estimated_diameter" : {
        "kilometers" : {
          "estimated_diameter_min" : 0.3669061375,
          "estimated_diameter_max" : 0.8204270649
        },
        "meters" : {
          "estimated_diameter_min" : 366.9061375314,
          "estimated_diameter_max" : 820.4270648822
        },
        "miles" : {
          "estimated_diameter_min" : 0.2279848336,
          "estimated_diameter_max" : 0.5097895857
        },
        "feet" : {
          "estimated_diameter_min" : 1203.7603322587,
          "estimated_diameter_max" : 2691.6899315481
        }
      },
      "is_potentially_hazardous_asteroid" : true,
      "close_approach_data" : [ {
        "close_approach_date" : "2006-06-22",
        "epoch_date_close_approach" : 1150959600000,
        "relative_velocity" : {
          "kilometers_per_second" : "21.6881374701",
          "kilometers_per_hour" : "78077.2948924057",
          "miles_per_hour" : "48514.1947068951"
        },
        "miss_distance" : {
          "astronomical" : "0.2179075261",
          "lunar" : "84.7660293579",
          "kilometers" : "32598504",
          "miles" : "20255770"
        },
        "orbiting_body" : "Earth"
      } ],
      "orbital_data" : {
        "orbit_id" : "39",
        "orbit_determination_date" : "2016-07-19 06:15:41",
        "orbit_uncertainty" : "1",
        "minimum_orbit_intersection" : ".0066337",
        "jupiter_tisserand_invariant" : "6.251",
        "epoch_osculation" : "2457600.5",
        "eccentricity" : ".3952468407838829",
        "semi_major_axis" : ".9384504440066517",
        "inclination" : "25.19208353374321",
        "ascending_node_longitude" : "262.8172051378506",
        "orbital_period" : "332.0591432638878",
        "perihelion_distance" : ".5675308707807903",
        "perihelion_argument" : "237.3566988213601",
        "aphelion_distance" : "1.309370017232513",
        "perihelion_time" : "2457493.890123594827",
        "mean_anomaly" : "115.5804810210027",
        "mean_motion" : "1.084144217386923",
        "equinox" : "J2000"
      }
    }, {
      "links" : {
        "self" : "https://api.nasa.gov/neo/rest/v1/neo/3641081?api_key=t0TVs3DtDT2H8Oy2Zy8m2eVrNsAVKAexjcZXUckd"
      },
      "neo_reference_id" : "3641081",
      "name" : "(2013 LT28)",
      "nasa_jpl_url" : "http://ssd.jpl.nasa.gov/sbdb.cgi?sstr=3641081",
      "absolute_magnitude_h" : 22.5,
      "estimated_diameter" : {
        "kilometers" : {
          "estimated_diameter_min" : 0.0840533402,
          "estimated_diameter_max" : 0.1879489824
        },
        "meters" : {
          "estimated_diameter_min" : 84.0533402073,
          "estimated_diameter_max" : 187.9489824394
        },
        "miles" : {
          "estimated_diameter_min" : 0.0522283081,
          "estimated_diameter_max" : 0.1167860472
        },
        "feet" : {
          "estimated_diameter_min" : 275.7655606856,
          "estimated_diameter_max" : 616.6305395464
        }
      },
      "is_potentially_hazardous_asteroid" : false,
      "close_approach_data" : [ {
        "close_approach_date" : "2006-06-22",
        "epoch_date_close_approach" : 1150959600000,
        "relative_velocity" : {
          "kilometers_per_second" : "26.2198213173",
          "kilometers_per_hour" : "94391.3567423682",
          "miles_per_hour" : "58651.1183047232"
        },
        "miss_distance" : {
          "astronomical" : "0.2016322075",
          "lunar" : "78.434928894",
          "kilometers" : "30163748",
          "miles" : "18742884"
        },
        "orbiting_body" : "Earth"
      } ],
      "orbital_data" : {
        "orbit_id" : "11",
        "orbit_determination_date" : "2017-04-06 08:45:36",
        "orbit_uncertainty" : "6",
        "minimum_orbit_intersection" : ".0144601",
        "jupiter_tisserand_invariant" : "3.813",
        "epoch_osculation" : "2458000.5",
        "eccentricity" : ".6187902549344241",
        "semi_major_axis" : "1.749747136781495",
        "inclination" : "22.9279703320747",
        "ascending_node_longitude" : "262.9095077623851",
        "orbital_period" : "845.398288277456",
        "perihelion_distance" : ".6670206599416949",
        "perihelion_argument" : "273.4100296820076",
        "aphelion_distance" : "2.832473613621294",
        "perihelion_time" : "2458088.107517002638",
        "mean_anomaly" : "322.6936716595304",
        "mean_motion" : ".4258347869777678",
        "equinox" : "J2000"
      }
    }, {
      "links" : {
        "self" : "https://api.nasa.gov/neo/rest/v1/neo/3745992?api_key=t0TVs3DtDT2H8Oy2Zy8m2eVrNsAVKAexjcZXUckd"
      },
      "neo_reference_id" : "3745992",
      "name" : "(2016 EL84)",
      "nasa_jpl_url" : "http://ssd.jpl.nasa.gov/sbdb.cgi?sstr=3745992",
      "absolute_magnitude_h" : 19.4,
      "estimated_diameter" : {
        "kilometers" : {
          "estimated_diameter_min" : 0.3503926411,
          "estimated_diameter_max" : 0.7835017643
        },
        "meters" : {
          "estimated_diameter_min" : 350.3926411083,
          "estimated_diameter_max" : 783.5017643338
        },
        "miles" : {
          "estimated_diameter_min" : 0.2177238258,
          "estimated_diameter_max" : 0.4868452748
        },
        "feet" : {
          "estimated_diameter_min" : 1149.5821926537,
          "estimated_diameter_max" : 2570.543928497
        }
      },
      "is_potentially_hazardous_asteroid" : false,
      "close_approach_data" : [ {
        "close_approach_date" : "2006-06-22",
        "epoch_date_close_approach" : 1150959600000,
        "relative_velocity" : {
          "kilometers_per_second" : "20.179285943",
          "kilometers_per_hour" : "72645.4293946308",
          "miles_per_hour" : "45139.0447257916"
        },
        "miss_distance" : {
          "astronomical" : "0.3413253782",
          "lunar" : "132.7755737305",
          "kilometers" : "51061548",
          "miles" : "31728176"
        },
        "orbiting_body" : "Earth"
      } ],
      "orbital_data" : {
        "orbit_id" : "8",
        "orbit_determination_date" : "2017-04-06 08:27:40",
        "orbit_uncertainty" : "5",
        "minimum_orbit_intersection" : ".0619262",
        "jupiter_tisserand_invariant" : "4.479",
        "epoch_osculation" : "2458000.5",
        "eccentricity" : ".4476438729955491",
        "semi_major_axis" : "1.460007877251299",
        "inclination" : "15.00802502141819",
        "ascending_node_longitude" : "50.01638584622225",
        "orbital_period" : "644.3639354637862",
        "perihelion_distance" : ".8064442964745173",
        "perihelion_argument" : "312.2687533530439",
        "aphelion_distance" : "2.113571458028081",
        "perihelion_time" : "2457832.041451738747",
        "mean_anomaly" : "94.11618812961837",
        "mean_motion" : ".5586904855885316",
        "equinox" : "J2000"
      }
    }, {
      "links" : {
        "self" : "https://api.nasa.gov/neo/rest/v1/neo/3748472?api_key=t0TVs3DtDT2H8Oy2Zy8m2eVrNsAVKAexjcZXUckd"
      },
      "neo_reference_id" : "3748472",
      "name" : "(2016 FU12)",
      "nasa_jpl_url" : "http://ssd.jpl.nasa.gov/sbdb.cgi?sstr=3748472",
      "absolute_magnitude_h" : 26.9,
      "estimated_diameter" : {
        "kilometers" : {
          "estimated_diameter_min" : 0.0110803882,
          "estimated_diameter_max" : 0.0247765013
        },
        "meters" : {
          "estimated_diameter_min" : 11.0803882126,
          "estimated_diameter_max" : 24.7765012606
        },
        "miles" : {
          "estimated_diameter_min" : 0.0068850319,
          "estimated_diameter_max" : 0.0153953994
        },
        "feet" : {
          "estimated_diameter_min" : 36.3529808636,
          "estimated_diameter_max" : 81.2877363957
        }
      },
      "is_potentially_hazardous_asteroid" : false,
      "close_approach_data" : [ {
        "close_approach_date" : "2006-06-22",
        "epoch_date_close_approach" : 1150959600000,
        "relative_velocity" : {
          "kilometers_per_second" : "3.9640903657",
          "kilometers_per_hour" : "14270.7253166533",
          "miles_per_hour" : "8867.2737391171"
        },
        "miss_distance" : {
          "astronomical" : "0.142287796",
          "lunar" : "55.3499488831",
          "kilometers" : "21285950",
          "miles" : "13226477"
        },
        "orbiting_body" : "Earth"
      } ],
      "orbital_data" : {
        "orbit_id" : "4",
        "orbit_determination_date" : "2017-04-06 08:27:11",
        "orbit_uncertainty" : "7",
        "minimum_orbit_intersection" : ".0336951",
        "jupiter_tisserand_invariant" : "6.057",
        "epoch_osculation" : "2458000.5",
        "eccentricity" : ".1659032170444373",
        "semi_major_axis" : "1.002189261805455",
        "inclination" : "2.07974763007612",
        "ascending_node_longitude" : "227.003991790028",
        "orbital_period" : "366.4570190374504",
        "perihelion_distance" : ".8359228391845402",
        "perihelion_argument" : "194.9107288518438",
        "aphelion_distance" : "1.16845568442637",
        "perihelion_time" : "2458097.775755561877",
        "mean_anomaly" : "264.4382555578862",
        "mean_motion" : ".9823798734858167",
        "equinox" : "J2000"
      }
    }, {
      "links" : {
        "self" : "https://api.nasa.gov/neo/rest/v1/neo/3754386?api_key=t0TVs3DtDT2H8Oy2Zy8m2eVrNsAVKAexjcZXUckd"
      },
      "neo_reference_id" : "3754386",
      "name" : "(2016 NV)",
      "nasa_jpl_url" : "http://ssd.jpl.nasa.gov/sbdb.cgi?sstr=3754386",
      "absolute_magnitude_h" : 19.8,
      "estimated_diameter" : {
        "kilometers" : {
          "estimated_diameter_min" : 0.2914439045,
          "estimated_diameter_max" : 0.6516883822
        },
        "meters" : {
          "estimated_diameter_min" : 291.4439045349,
          "estimated_diameter_max" : 651.6883821679
        },
        "miles" : {
          "estimated_diameter_min" : 0.1810947904,
          "estimated_diameter_max" : 0.4049402617
        },
        "feet" : {
          "estimated_diameter_min" : 956.1808197541,
          "estimated_diameter_max" : 2138.0853117517
        }
      },
      "is_potentially_hazardous_asteroid" : true,
      "close_approach_data" : [ {
        "close_approach_date" : "2006-06-22",
        "epoch_date_close_approach" : 1150959600000,
        "relative_velocity" : {
          "kilometers_per_second" : "9.8525151299",
          "kilometers_per_hour" : "35469.0544675794",
          "miles_per_hour" : "22039.0910940357"
        },
        "miss_distance" : {
          "astronomical" : "0.4315256889",
          "lunar" : "167.863494873",
          "kilometers" : "64555324",
          "miles" : "40112820"
        },
        "orbiting_body" : "Earth"
      } ],
      "orbital_data" : {
        "orbit_id" : "45",
        "orbit_determination_date" : "2017-04-06 08:25:12",
        "orbit_uncertainty" : "3",
        "minimum_orbit_intersection" : ".0151958",
        "jupiter_tisserand_invariant" : "5.030",
        "epoch_osculation" : "2458000.5",
        "eccentricity" : ".2367037197621155",
        "semi_major_axis" : "1.265951056342518",
        "inclination" : "16.29168889742051",
        "ascending_node_longitude" : "255.1733794564921",
        "orbital_period" : "520.2640293096432",
        "perihelion_distance" : ".9662957322694647",
        "perihelion_argument" : "145.1144463428979",
        "aphelion_distance" : "1.565606380415572",
        "perihelion_time" : "2458231.824740987834",
        "mean_anomaly" : "199.9333760088636",
        "mean_motion" : ".6919563523884148",
        "equinox" : "J2000"
      }
    }, {
      "links" : {
        "self" : "https://api.nasa.gov/neo/rest/v1/neo/2470310?api_key=t0TVs3DtDT2H8Oy2Zy8m2eVrNsAVKAexjcZXUckd"
      },
      "neo_reference_id" : "2470310",
      "name" : "470310 (2007 LB15)",
      "nasa_jpl_url" : "http://ssd.jpl.nasa.gov/sbdb.cgi?sstr=2470310",
      "absolute_magnitude_h" : 19.4,
      "estimated_diameter" : {
        "kilometers" : {
          "estimated_diameter_min" : 0.3503926411,
          "estimated_diameter_max" : 0.7835017643
        },
        "meters" : {
          "estimated_diameter_min" : 350.3926411083,
          "estimated_diameter_max" : 783.5017643338
        },
        "miles" : {
          "estimated_diameter_min" : 0.2177238258,
          "estimated_diameter_max" : 0.4868452748
        },
        "feet" : {
          "estimated_diameter_min" : 1149.5821926537,
          "estimated_diameter_max" : 2570.543928497
        }
      },
      "is_potentially_hazardous_asteroid" : true,
      "close_approach_data" : [ {
        "close_approach_date" : "2006-06-22",
        "epoch_date_close_approach" : 1150959600000,
        "relative_velocity" : {
          "kilometers_per_second" : "21.6881456527",
          "kilometers_per_hour" : "78077.324349792",
          "miles_per_hour" : "48514.2130105694"
        },
        "miss_distance" : {
          "astronomical" : "0.2179107641",
          "lunar" : "84.767288208",
          "kilometers" : "32598986",
          "miles" : "20256072"
        },
        "orbiting_body" : "Earth"
      } ],
      "orbital_data" : {
        "orbit_id" : "48",
        "orbit_determination_date" : "2017-09-01 06:21:57",
        "orbit_uncertainty" : "0",
        "minimum_orbit_intersection" : ".00624191",
        "jupiter_tisserand_invariant" : "6.251",
        "epoch_osculation" : "2458000.5",
        "eccentricity" : ".39522633699663",
        "semi_major_axis" : ".9384403581427148",
        "inclination" : "25.19224259060089",
        "ascending_node_longitude" : "262.8094814846262",
        "orbital_period" : "332.0537901399789",
        "perihelion_distance" : ".567544012904164",
        "perihelion_argument" : "237.354074977114",
        "aphelion_distance" : "1.309336703381266",
        "perihelion_time" : "2458157.998546059799",
        "mean_anomaly" : "189.2461093197407",
        "mean_motion" : "1.084161695152584",
        "equinox" : "J2000"
      }
    }, {
      "links" : {
        "self" : "https://api.nasa.gov/neo/rest/v1/neo/3775208?api_key=t0TVs3DtDT2H8Oy2Zy8m2eVrNsAVKAexjcZXUckd"
      },
      "neo_reference_id" : "3775208",
      "name" : "(2017 LE1)",
      "nasa_jpl_url" : "http://ssd.jpl.nasa.gov/sbdb.cgi?sstr=3775208",
      "absolute_magnitude_h" : 25.712,
      "estimated_diameter" : {
        "kilometers" : {
          "estimated_diameter_min" : 0.0191493914,
          "estimated_diameter_max" : 0.042819341
        },
        "meters" : {
          "estimated_diameter_min" : 19.1493914306,
          "estimated_diameter_max" : 42.8193409667
        },
        "miles" : {
          "estimated_diameter_min" : 0.0118988765,
          "estimated_diameter_max" : 0.0266066967
        },
        "feet" : {
          "estimated_diameter_min" : 62.8260893813,
          "estimated_diameter_max" : 140.4834066171
        }
      },
      "is_potentially_hazardous_asteroid" : false,
      "close_approach_data" : [ {
        "close_approach_date" : "2006-06-22",
        "epoch_date_close_approach" : 1150959600000,
        "relative_velocity" : {
          "kilometers_per_second" : "6.6169245925",
          "kilometers_per_hour" : "23820.9285331764",
          "miles_per_hour" : "14801.3986210728"
        },
        "miss_distance" : {
          "astronomical" : "0.0396049061",
          "lunar" : "15.4063081741",
          "kilometers" : "5924809.5",
          "miles" : "3681506"
        },
        "orbiting_body" : "Earth"
      } ],
      "orbital_data" : {
        "orbit_id" : "4",
        "orbit_determination_date" : "2017-06-21 06:18:35",
        "orbit_uncertainty" : "6",
        "minimum_orbit_intersection" : ".0396656",
        "jupiter_tisserand_invariant" : "6.610",
        "epoch_osculation" : "2458000.5",
        "eccentricity" : ".1883490653693323",
        "semi_major_axis" : ".8954423476719018",
        "inclination" : "11.37876115819551",
        "ascending_node_longitude" : "85.73758395716025",
        "orbital_period" : "309.4958791962998",
        "perihelion_distance" : ".7267866183957784",
        "perihelion_argument" : "346.5430676571976",
        "aphelion_distance" : "1.064098076948025",
        "perihelion_time" : "2458061.603637733107",
        "mean_anomaly" : "288.9253555134851",
        "mean_motion" : "1.163181884472419",
        "equinox" : "J2000"
      }
    } ]
  }
}