{
  "links" : {
    "next" : "https://api.nasa.gov/neo/rest/v1/feed?start_date=2005-06-09&end_date=2005-06-09&detailed=true&api_key=t0TVs3DtDT2H8Oy2Zy8m2eVrNsAVKAexjcZXUckd",
    "prev" : "https://api.nasa.gov/neo/rest/v1/feed?start_date=2005-06-07&end_date=2005-06-07&detailed=true&api_key=t0TVs3DtDT2H8Oy2Zy8m2eVrNsAVKAexjcZXUckd",
    "self" : "https://api.nasa.gov/neo/rest/v1/feed?start_date=2005-06-08&end_date=2005-06-08&detailed=true&api_key=t0TVs3DtDT2H8Oy2Zy8m2eVrNsAVKAexjcZXUckd"
  },
  "element_count" : 9,
  "near_earth_objects" : {
    "2005-06-08" : [ {
      "links" : {
        "self" : "https://api.nasa.gov/neo/rest/v1/neo/3335046?api_key=t0TVs3DtDT2H8Oy2Zy8m2eVrNsAVKAexjcZXUckd"
      },
      "neo_reference_id" : "3335046",
      "name" : "(2006 KK89)",
      "nasa_jpl_url" : "http://ssd.jpl.nasa.gov/sbdb.cgi?sstr=3335046",
      "absolute_magnitude_h" : 22.5,
      "estimated_diameter" : {
        "kilometers" : {
          "estimated_diameter_min" : 0.0840533402,
          "estimated_diameter_max" : 0.1879489824
        },
        "meters" : {
          "estimated_diameter_min" : 84.0533402073,
          "estimated_diameter_max" : 187.9489824394
        },
        "miles" : {
          "estimated_diameter_min" : 0.0522283081,
          "estimated_diameter_max" : 0.1167860472
        },
        "feet" : {
          "estimated_diameter_min" : 275.7655606856,
          "estimated_diameter_max" : 616.6305395464
        }
      },
      "is_potentially_hazardous_asteroid" : false,
      "close_approach_data" : [ {
        "close_approach_date" : "2005-06-08",
        "epoch_date_close_approach" : 1118214000000,
        "relative_velocity" : {
          "kilometers_per_second" : "10.9829438987",
          "kilometers_per_hour" : "39538.5980354341",
          "miles_per_hour" : "24567.7472070729"
        },
        "miss_distance" : {
          "astronomical" : "0.1517951798",
          "lunar" : "59.048324585",
          "kilometers" : "22708236",
          "miles" : "14110243"
        },
        "orbiting_body" : "Earth"
      } ],
      "orbital_data" : {
        "orbit_id" : "6",
        "orbit_determination_date" : "2017-04-06 09:08:33",
        "orbit_uncertainty" : "9",
        "minimum_orbit_intersection" : ".100393",
        "jupiter_tisserand_invariant" : "5.876",
        "epoch_osculation" : "2453885.5",
        "eccentricity" : ".1800801903930824",
        "semi_major_axis" : "1.032607739137507",
        "inclination" : "17.27373806590541",
        "ascending_node_longitude" : "62.05649768231429",
        "orbital_period" : "383.2670556375896",
        "perihelion_distance" : ".8466555408722541",
        "perihelion_argument" : "318.2986120652008",
        "aphelion_distance" : "1.218559937402759",
        "perihelion_time" : "2454018.019107415556",
        "mean_anomaly" : "235.5257516453203",
        "mean_motion" : ".9392928369518132",
        "equinox" : "J2000"
      }
    }, {
      "links" : {
        "self" : "https://api.nasa.gov/neo/rest/v1/neo/2001566?api_key=t0TVs3DtDT2H8Oy2Zy8m2eVrNsAVKAexjcZXUckd"
      },
      "neo_reference_id" : "2001566",
      "name" : "1566 Icarus (1949 MA)",
      "nasa_jpl_url" : "http://ssd.jpl.nasa.gov/sbdb.cgi?sstr=2001566",
      "absolute_magnitude_h" : 16.9,
      "estimated_diameter" : {
        "kilometers" : {
          "estimated_diameter_min" : 1.1080388213,
          "estimated_diameter_max" : 2.4776501261
        },
        "meters" : {
          "estimated_diameter_min" : 1108.0388212642,
          "estimated_diameter_max" : 2477.6501260554
        },
        "miles" : {
          "estimated_diameter_min" : 0.6885031904,
          "estimated_diameter_max" : 1.5395399365
        },
        "feet" : {
          "estimated_diameter_min" : 3635.2980863563,
          "estimated_diameter_max" : 8128.7736395675
        }
      },
      "is_potentially_hazardous_asteroid" : true,
      "close_approach_data" : [ {
        "close_approach_date" : "2005-06-08",
        "epoch_date_close_approach" : 1118214000000,
        "relative_velocity" : {
          "kilometers_per_second" : "21.3246194099",
          "kilometers_per_hour" : "76768.6298756285",
          "miles_per_hour" : "47701.0411579982"
        },
        "miss_distance" : {
          "astronomical" : "0.3468147707",
          "lunar" : "134.910949707",
          "kilometers" : "51882752",
          "miles" : "32238448"
        },
        "orbiting_body" : "Earth"
      } ],
      "orbital_data" : {
        "orbit_id" : "102",
        "orbit_determination_date" : "2017-06-13 16:47:31",
        "orbit_uncertainty" : "0",
        "minimum_orbit_intersection" : ".035204",
        "jupiter_tisserand_invariant" : "5.299",
        "epoch_osculation" : "2453452.5",
        "eccentricity" : ".8268092968061863",
        "semi_major_axis" : "1.07794588779501",
        "inclination" : "22.85205337360073",
        "ascending_node_longitude" : "88.08223830715552",
        "orbital_period" : "408.7839793256358",
        "perihelion_distance" : ".1866902063120976",
        "perihelion_argument" : "31.2972641409464",
        "aphelion_distance" : "1.969201569277923",
        "perihelion_time" : "2453468.000762037850",
        "mean_anomaly" : "346.3490874988993",
        "mean_motion" : ".8806607357604526",
        "equinox" : "J2000"
      }
    }, {
      "links" : {
        "self" : "https://api.nasa.gov/neo/rest/v1/neo/2066391?api_key=t0TVs3DtDT2H8Oy2Zy8m2eVrNsAVKAexjcZXUckd"
      },
      "neo_reference_id" : "2066391",
      "name" : "66391 (1999 KW4)",
      "nasa_jpl_url" : "http://ssd.jpl.nasa.gov/sbdb.cgi?sstr=2066391",
      "absolute_magnitude_h" : 16.5,
      "estimated_diameter" : {
        "kilometers" : {
          "estimated_diameter_min" : 1.332155667,
          "estimated_diameter_max" : 2.978790628
        },
        "meters" : {
          "estimated_diameter_min" : 1332.1556669813,
          "estimated_diameter_max" : 2978.7906279817
        },
        "miles" : {
          "estimated_diameter_min" : 0.8277628989,
          "estimated_diameter_max" : 1.8509341113
        },
        "feet" : {
          "estimated_diameter_min" : 4370.5895984589,
          "estimated_diameter_max" : 9772.9354439076
        }
      },
      "is_potentially_hazardous_asteroid" : true,
      "close_approach_data" : [ {
        "close_approach_date" : "2005-06-08",
        "epoch_date_close_approach" : 1118214000000,
        "relative_velocity" : {
          "kilometers_per_second" : "35.6978255758",
          "kilometers_per_hour" : "128512.1720727428",
          "miles_per_hour" : "79852.4660304218"
        },
        "miss_distance" : {
          "astronomical" : "0.495282194",
          "lunar" : "192.6647796631",
          "kilometers" : "74093160",
          "miles" : "46039356"
        },
        "orbiting_body" : "Earth"
      } ],
      "orbital_data" : {
        "orbit_id" : "212",
        "orbit_determination_date" : "2017-08-15 06:21:26",
        "orbit_uncertainty" : "0",
        "minimum_orbit_intersection" : ".0137915",
        "jupiter_tisserand_invariant" : "8.499",
        "epoch_osculation" : "2458000.5",
        "eccentricity" : ".6885812527978447",
        "semi_major_axis" : ".6422280695089236",
        "inclination" : "38.88383939170367",
        "ascending_node_longitude" : "244.9135253244094",
        "orbital_period" : "187.988962717694",
        "perihelion_distance" : ".2000018608245277",
        "perihelion_argument" : "192.6176703993719",
        "aphelion_distance" : "1.08445427819332",
        "perihelion_time" : "2458001.008485648125",
        "mean_anomaly" : "359.0262469100393",
        "mean_motion" : "1.915006045012428",
        "equinox" : "J2000"
      }
    }, {
      "links" : {
        "self" : "https://api.nasa.gov/neo/rest/v1/neo/3141525?api_key=t0TVs3DtDT2H8Oy2Zy8m2eVrNsAVKAexjcZXUckd"
      },
      "neo_reference_id" : "3141525",
      "name" : "(2002 UQ12)",
      "nasa_jpl_url" : "http://ssd.jpl.nasa.gov/sbdb.cgi?sstr=3141525",
      "absolute_magnitude_h" : 22.4,
      "estimated_diameter" : {
        "kilometers" : {
          "estimated_diameter_min" : 0.0880146521,
          "estimated_diameter_max" : 0.1968067451
        },
        "meters" : {
          "estimated_diameter_min" : 88.0146520901,
          "estimated_diameter_max" : 196.8067450894
        },
        "miles" : {
          "estimated_diameter_min" : 0.0546897524,
          "estimated_diameter_max" : 0.122290004
        },
        "feet" : {
          "estimated_diameter_min" : 288.7619911632,
          "estimated_diameter_max" : 645.6914415591
        }
      },
      "is_potentially_hazardous_asteroid" : false,
      "close_approach_data" : [ {
        "close_approach_date" : "2005-06-08",
        "epoch_date_close_approach" : 1118214000000,
        "relative_velocity" : {
          "kilometers_per_second" : "32.842942636",
          "kilometers_per_hour" : "118234.593489578",
          "miles_per_hour" : "73466.3783824548"
        },
        "miss_distance" : {
          "astronomical" : "0.3894814963",
          "lunar" : "151.5083007812",
          "kilometers" : "58265600",
          "miles" : "36204568"
        },
        "orbiting_body" : "Earth"
      } ],
      "orbital_data" : {
        "orbit_id" : "22",
        "orbit_determination_date" : "2017-04-06 09:14:41",
        "orbit_uncertainty" : "0",
        "minimum_orbit_intersection" : ".0265204",
        "jupiter_tisserand_invariant" : "3.788",
        "epoch_osculation" : "2458000.5",
        "eccentricity" : ".6981120519799623",
        "semi_major_axis" : "1.760333124792345",
        "inclination" : "2.853320402327223",
        "ascending_node_longitude" : "190.343849456858",
        "orbital_period" : "853.0818829169374",
        "perihelion_distance" : ".5314233548752619",
        "perihelion_argument" : "309.9001337406511",
        "aphelion_distance" : "2.989242894709427",
        "perihelion_time" : "2457747.535922125226",
        "mean_anomaly" : "106.7506764104913",
        "mean_motion" : ".4219993498971685",
        "equinox" : "J2000"
      }
    }, {
      "links" : {
        "self" : "https://api.nasa.gov/neo/rest/v1/neo/3279492?api_key=t0TVs3DtDT2H8Oy2Zy8m2eVrNsAVKAexjcZXUckd"
      },
      "neo_reference_id" : "3279492",
      "name" : "(2005 LH8)",
      "nasa_jpl_url" : "http://ssd.jpl.nasa.gov/sbdb.cgi?sstr=3279492",
      "absolute_magnitude_h" : 18.6,
      "estimated_diameter" : {
        "kilometers" : {
          "estimated_diameter_min" : 0.5064714588,
          "estimated_diameter_max" : 1.1325046106
        },
        "meters" : {
          "estimated_diameter_min" : 506.4714588346,
          "estimated_diameter_max" : 1132.5046106177
        },
        "miles" : {
          "estimated_diameter_min" : 0.3147066768,
          "estimated_diameter_max" : 0.7037055224
        },
        "feet" : {
          "estimated_diameter_min" : 1661.651821003,
          "estimated_diameter_max" : 3715.566426699
        }
      },
      "is_potentially_hazardous_asteroid" : false,
      "close_approach_data" : [ {
        "close_approach_date" : "2005-06-08",
        "epoch_date_close_approach" : 1118214000000,
        "relative_velocity" : {
          "kilometers_per_second" : "13.0771720854",
          "kilometers_per_hour" : "47077.8195073021",
          "miles_per_hour" : "29252.3262377456"
        },
        "miss_distance" : {
          "astronomical" : "0.4185048197",
          "lunar" : "162.7983856201",
          "kilometers" : "62607432",
          "miles" : "38902456"
        },
        "orbiting_body" : "Earth"
      } ],
      "orbital_data" : {
        "orbit_id" : "15",
        "orbit_determination_date" : "2017-04-06 09:10:53",
        "orbit_uncertainty" : "0",
        "minimum_orbit_intersection" : ".182139",
        "jupiter_tisserand_invariant" : "3.107",
        "epoch_osculation" : "2458000.5",
        "eccentricity" : ".5494005980501454",
        "semi_major_axis" : "2.658069041757219",
        "inclination" : "15.73339053942817",
        "ascending_node_longitude" : "86.67323087531675",
        "orbital_period" : "1582.879347874493",
        "perihelion_distance" : "1.197724320557226",
        "perihelion_argument" : "180.3768973462676",
        "aphelion_distance" : "4.118413762957212",
        "perihelion_time" : "2458274.482652251586",
        "mean_anomaly" : "297.6871301384926",
        "mean_motion" : ".2274336325654964",
        "equinox" : "J2000"
      }
    }, {
      "links" : {
        "self" : "https://api.nasa.gov/neo/rest/v1/neo/3520755?api_key=t0TVs3DtDT2H8Oy2Zy8m2eVrNsAVKAexjcZXUckd"
      },
      "neo_reference_id" : "3520755",
      "name" : "(2010 JU39)",
      "nasa_jpl_url" : "http://ssd.jpl.nasa.gov/sbdb.cgi?sstr=3520755",
      "absolute_magnitude_h" : 19.6,
      "estimated_diameter" : {
        "kilometers" : {
          "estimated_diameter_min" : 0.3195618867,
          "estimated_diameter_max" : 0.7145621017
        },
        "meters" : {
          "estimated_diameter_min" : 319.5618867213,
          "estimated_diameter_max" : 714.5621017269
        },
        "miles" : {
          "estimated_diameter_min" : 0.1985664891,
          "estimated_diameter_max" : 0.4440081677
        },
        "feet" : {
          "estimated_diameter_min" : 1048.4314204307,
          "estimated_diameter_max" : 2344.3639258298
        }
      },
      "is_potentially_hazardous_asteroid" : true,
      "close_approach_data" : [ {
        "close_approach_date" : "2005-06-08",
        "epoch_date_close_approach" : 1118214000000,
        "relative_velocity" : {
          "kilometers_per_second" : "35.2560803271",
          "kilometers_per_hour" : "126921.8891776255",
          "miles_per_hour" : "78864.3260837307"
        },
        "miss_distance" : {
          "astronomical" : "0.4601207893",
          "lunar" : "178.9869842529",
          "kilometers" : "68833096",
          "miles" : "42770900"
        },
        "orbiting_body" : "Earth"
      } ],
      "orbital_data" : {
        "orbit_id" : "23",
        "orbit_determination_date" : "2017-06-03 06:17:10",
        "orbit_uncertainty" : "1",
        "minimum_orbit_intersection" : ".00475891",
        "jupiter_tisserand_invariant" : "6.230",
        "epoch_osculation" : "2458000.5",
        "eccentricity" : ".5462468937452578",
        "semi_major_axis" : ".918931835465034",
        "inclination" : "36.21048131637093",
        "ascending_node_longitude" : "95.18686687497835",
        "orbital_period" : "321.7535691076534",
        "perihelion_distance" : ".4169681747786309",
        "perihelion_argument" : "311.38281010839",
        "aphelion_distance" : "1.420895496151437",
        "perihelion_time" : "2458084.658071564250",
        "mean_anomaly" : "265.8381672434749",
        "mean_motion" : "1.118868707496917",
        "equinox" : "J2000"
      }
    }, {
      "links" : {
        "self" : "https://api.nasa.gov/neo/rest/v1/neo/3556126?api_key=t0TVs3DtDT2H8Oy2Zy8m2eVrNsAVKAexjcZXUckd"
      },
      "neo_reference_id" : "3556126",
      "name" : "(2011 BM45)",
      "nasa_jpl_url" : "http://ssd.jpl.nasa.gov/sbdb.cgi?sstr=3556126",
      "absolute_magnitude_h" : 21.4,
      "estimated_diameter" : {
        "kilometers" : {
          "estimated_diameter_min" : 0.1394938229,
          "estimated_diameter_max" : 0.3119176705
        },
        "meters" : {
          "estimated_diameter_min" : 139.4938229344,
          "estimated_diameter_max" : 311.9176705226
        },
        "miles" : {
          "estimated_diameter_min" : 0.0866774163,
          "estimated_diameter_max" : 0.1938165949
        },
        "feet" : {
          "estimated_diameter_min" : 457.6569140361,
          "estimated_diameter_max" : 1023.3519701574
        }
      },
      "is_potentially_hazardous_asteroid" : true,
      "close_approach_data" : [ {
        "close_approach_date" : "2005-06-08",
        "epoch_date_close_approach" : 1118214000000,
        "relative_velocity" : {
          "kilometers_per_second" : "23.4288925802",
          "kilometers_per_hour" : "84344.0132888597",
          "miles_per_hour" : "52408.0898127362"
        },
        "miss_distance" : {
          "astronomical" : "0.1532905756",
          "lunar" : "59.6300315857",
          "kilometers" : "22931944",
          "miles" : "14249249"
        },
        "orbiting_body" : "Earth"
      } ],
      "orbital_data" : {
        "orbit_id" : "12",
        "orbit_determination_date" : "2017-04-06 08:54:43",
        "orbit_uncertainty" : "7",
        "minimum_orbit_intersection" : ".00730241",
        "jupiter_tisserand_invariant" : "3.431",
        "epoch_osculation" : "2458000.5",
        "eccentricity" : ".803361690242676",
        "semi_major_axis" : "1.919843476082415",
        "inclination" : "5.32707807174349",
        "ascending_node_longitude" : "302.5295930509469",
        "orbital_period" : "971.6215985940203",
        "perihelion_distance" : ".3775147761354716",
        "perihelion_argument" : "62.92841621001688",
        "aphelion_distance" : "3.462172176029359",
        "perihelion_time" : "2458431.706233621272",
        "mean_anomaly" : "200.231789486474",
        "mean_motion" : ".3705146123973942",
        "equinox" : "J2000"
      }
    }, {
      "links" : {
        "self" : "https://api.nasa.gov/neo/rest/v1/neo/3774574?api_key=t0TVs3DtDT2H8Oy2Zy8m2eVrNsAVKAexjcZXUckd"
      },
      "neo_reference_id" : "3774574",
      "name" : "(2017 JJ2)",
      "nasa_jpl_url" : "http://ssd.jpl.nasa.gov/sbdb.cgi?sstr=3774574",
      "absolute_magnitude_h" : 25.132,
      "estimated_diameter" : {
        "kilometers" : {
          "estimated_diameter_min" : 0.0250123776,
          "estimated_diameter_max" : 0.0559293766
        },
        "meters" : {
          "estimated_diameter_min" : 25.0123776121,
          "estimated_diameter_max" : 55.9293766196
        },
        "miles" : {
          "estimated_diameter_min" : 0.0155419661,
          "estimated_diameter_max" : 0.0347528927
        },
        "feet" : {
          "estimated_diameter_min" : 82.061608965,
          "estimated_diameter_max" : 183.4953359888
        }
      },
      "is_potentially_hazardous_asteroid" : false,
      "close_approach_data" : [ {
        "close_approach_date" : "2005-06-08",
        "epoch_date_close_approach" : 1118214000000,
        "relative_velocity" : {
          "kilometers_per_second" : "14.4637977059",
          "kilometers_per_hour" : "52069.6717413044",
          "miles_per_hour" : "32354.0690883678"
        },
        "miss_distance" : {
          "astronomical" : "0.1500725515",
          "lunar" : "58.3782196045",
          "kilometers" : "22450534",
          "miles" : "13950115"
        },
        "orbiting_body" : "Earth"
      } ],
      "orbital_data" : {
        "orbit_id" : "1",
        "orbit_determination_date" : "2017-05-10 05:14:59",
        "orbit_uncertainty" : "8",
        "minimum_orbit_intersection" : ".0126979",
        "jupiter_tisserand_invariant" : "8.080",
        "epoch_osculation" : "2457878.5",
        "eccentricity" : ".6264483432533141",
        "semi_major_axis" : ".6915479746919987",
        "inclination" : "12.15369338061769",
        "ascending_node_longitude" : "216.4315955637605",
        "orbital_period" : "210.0544553288373",
        "perihelion_distance" : ".2583288916660113",
        "perihelion_argument" : "205.1834154911257",
        "aphelion_distance" : "1.124767057717986",
        "perihelion_time" : "2457806.708254393546",
        "mean_anomaly" : "123.0396583488954",
        "mean_motion" : "1.713841296231613",
        "equinox" : "J2000"
      }
    }, {
      "links" : {
        "self" : "https://api.nasa.gov/neo/rest/v1/neo/2494999?api_key=t0TVs3DtDT2H8Oy2Zy8m2eVrNsAVKAexjcZXUckd"
      },
      "neo_reference_id" : "2494999",
      "name" : "494999 (2010 JU39)",
      "nasa_jpl_url" : "http://ssd.jpl.nasa.gov/sbdb.cgi?sstr=2494999",
      "absolute_magnitude_h" : 19.6,
      "estimated_diameter" : {
        "kilometers" : {
          "estimated_diameter_min" : 0.3195618867,
          "estimated_diameter_max" : 0.7145621017
        },
        "meters" : {
          "estimated_diameter_min" : 319.5618867213,
          "estimated_diameter_max" : 714.5621017269
        },
        "miles" : {
          "estimated_diameter_min" : 0.1985664891,
          "estimated_diameter_max" : 0.4440081677
        },
        "feet" : {
          "estimated_diameter_min" : 1048.4314204307,
          "estimated_diameter_max" : 2344.3639258298
        }
      },
      "is_potentially_hazardous_asteroid" : true,
      "close_approach_data" : [ {
        "close_approach_date" : "2005-06-08",
        "epoch_date_close_approach" : 1118214000000,
        "relative_velocity" : {
          "kilometers_per_second" : "35.256080276",
          "kilometers_per_hour" : "126921.8889935449",
          "miles_per_hour" : "78864.3259693502"
        },
        "miss_distance" : {
          "astronomical" : "0.4601207891",
          "lunar" : "178.9869842529",
          "kilometers" : "68833096",
          "miles" : "42770900"
        },
        "orbiting_body" : "Earth"
      } ],
      "orbital_data" : {
        "orbit_id" : "24",
        "orbit_determination_date" : "2017-06-12 13:24:10",
        "orbit_uncertainty" : "1",
        "minimum_orbit_intersection" : ".00475891",
        "jupiter_tisserand_invariant" : "6.230",
        "epoch_osculation" : "2458000.5",
        "eccentricity" : ".5462468937485256",
        "semi_major_axis" : ".9189318354555723",
        "inclination" : "36.21048131653544",
        "ascending_node_longitude" : "95.18686687484823",
        "orbital_period" : "321.753569102684",
        "perihelion_distance" : ".4169681747713347",
        "perihelion_argument" : "311.3828101091518",
        "aphelion_distance" : "1.42089549613981",
        "perihelion_time" : "2458084.658071551425",
        "mean_anomaly" : "265.8381672563696",
        "mean_motion" : "1.118868707514197",
        "equinox" : "J2000"
      }
    } ]
  }
}