{
  "links" : {
    "next" : "https://api.nasa.gov/neo/rest/v1/feed?start_date=2000-03-16&end_date=2000-03-16&detailed=true&api_key=t0TVs3DtDT2H8Oy2Zy8m2eVrNsAVKAexjcZXUckd",
    "prev" : "https://api.nasa.gov/neo/rest/v1/feed?start_date=2000-03-14&end_date=2000-03-14&detailed=true&api_key=t0TVs3DtDT2H8Oy2Zy8m2eVrNsAVKAexjcZXUckd",
    "self" : "https://api.nasa.gov/neo/rest/v1/feed?start_date=2000-03-15&end_date=2000-03-15&detailed=true&api_key=t0TVs3DtDT2H8Oy2Zy8m2eVrNsAVKAexjcZXUckd"
  },
  "element_count" : 5,
  "near_earth_objects" : {
    "2000-03-15" : [ {
      "links" : {
        "self" : "https://api.nasa.gov/neo/rest/v1/neo/2337119?api_key=t0TVs3DtDT2H8Oy2Zy8m2eVrNsAVKAexjcZXUckd"
      },
      "neo_reference_id" : "2337119",
      "name" : "337119 (1999 TK12)",
      "nasa_jpl_url" : "http://ssd.jpl.nasa.gov/sbdb.cgi?sstr=2337119",
      "absolute_magnitude_h" : 18.6,
      "estimated_diameter" : {
        "kilometers" : {
          "estimated_diameter_min" : 0.5064714588,
          "estimated_diameter_max" : 1.1325046106
        },
        "meters" : {
          "estimated_diameter_min" : 506.4714588346,
          "estimated_diameter_max" : 1132.5046106177
        },
        "miles" : {
          "estimated_diameter_min" : 0.3147066768,
          "estimated_diameter_max" : 0.7037055224
        },
        "feet" : {
          "estimated_diameter_min" : 1661.651821003,
          "estimated_diameter_max" : 3715.566426699
        }
      },
      "is_potentially_hazardous_asteroid" : false,
      "close_approach_data" : [ {
        "close_approach_date" : "2000-03-15",
        "epoch_date_close_approach" : 953107200000,
        "relative_velocity" : {
          "kilometers_per_second" : "21.5707610547",
          "kilometers_per_hour" : "77654.7397967627",
          "miles_per_hour" : "48251.6354031607"
        },
        "miss_distance" : {
          "astronomical" : "0.4262428248",
          "lunar" : "165.8084564209",
          "kilometers" : "63765020",
          "miles" : "39621748"
        },
        "orbiting_body" : "Earth"
      } ],
      "orbital_data" : {
        "orbit_id" : "55",
        "orbit_determination_date" : "2017-04-06 09:23:23",
        "orbit_uncertainty" : "0",
        "minimum_orbit_intersection" : ".196623",
        "jupiter_tisserand_invariant" : "4.044",
        "epoch_osculation" : "2458000.5",
        "eccentricity" : ".3928560529299522",
        "semi_major_axis" : "1.682914191267769",
        "inclination" : "24.48893178766861",
        "ascending_node_longitude" : "359.1268709230584",
        "orbital_period" : "797.4278254281044",
        "perihelion_distance" : "1.02177116466651",
        "perihelion_argument" : "112.1322933954438",
        "aphelion_distance" : "2.344057217869027",
        "perihelion_time" : "2457960.077351834910",
        "mean_anomaly" : "18.24886575988229",
        "mean_motion" : ".4514515151345912",
        "equinox" : "J2000"
      }
    }, {
      "links" : {
        "self" : "https://api.nasa.gov/neo/rest/v1/neo/3151641?api_key=t0TVs3DtDT2H8Oy2Zy8m2eVrNsAVKAexjcZXUckd"
      },
      "neo_reference_id" : "3151641",
      "name" : "(2003 FK1)",
      "nasa_jpl_url" : "http://ssd.jpl.nasa.gov/sbdb.cgi?sstr=3151641",
      "absolute_magnitude_h" : 23.0,
      "estimated_diameter" : {
        "kilometers" : {
          "estimated_diameter_min" : 0.0667659413,
          "estimated_diameter_max" : 0.1492931834
        },
        "meters" : {
          "estimated_diameter_min" : 66.7659413495,
          "estimated_diameter_max" : 149.2931834393
        },
        "miles" : {
          "estimated_diameter_min" : 0.0414864197,
          "estimated_diameter_max" : 0.0927664547
        },
        "feet" : {
          "estimated_diameter_min" : 219.0483710172,
          "estimated_diameter_max" : 489.807047955
        }
      },
      "is_potentially_hazardous_asteroid" : false,
      "close_approach_data" : [ {
        "close_approach_date" : "2000-03-15",
        "epoch_date_close_approach" : 953107200000,
        "relative_velocity" : {
          "kilometers_per_second" : "15.1514742125",
          "kilometers_per_hour" : "54545.3071649204",
          "miles_per_hour" : "33892.3326658918"
        },
        "miss_distance" : {
          "astronomical" : "0.049919154",
          "lunar" : "19.4185504913",
          "kilometers" : "7467799.5",
          "miles" : "4640275.5"
        },
        "orbiting_body" : "Earth"
      } ],
      "orbital_data" : {
        "orbit_id" : "9",
        "orbit_determination_date" : "2017-04-06 09:14:15",
        "orbit_uncertainty" : "8",
        "minimum_orbit_intersection" : ".0138584",
        "jupiter_tisserand_invariant" : "7.947",
        "epoch_osculation" : "2452725.5",
        "eccentricity" : ".4857520762948369",
        "semi_major_axis" : ".7074817755482756",
        "inclination" : "23.35558472401959",
        "ascending_node_longitude" : "177.5900557122874",
        "orbital_period" : "217.3558395116767",
        "perihelion_distance" : ".363821034134943",
        "perihelion_argument" : "196.5137725131134",
        "aphelion_distance" : "1.051142516961608",
        "perihelion_time" : "2452628.768383002353",
        "mean_anomaly" : "160.2136947292927",
        "mean_motion" : "1.656270201015971",
        "equinox" : "J2000"
      }
    }, {
      "links" : {
        "self" : "https://api.nasa.gov/neo/rest/v1/neo/3344169?api_key=t0TVs3DtDT2H8Oy2Zy8m2eVrNsAVKAexjcZXUckd"
      },
      "neo_reference_id" : "3344169",
      "name" : "(2006 SF77)",
      "nasa_jpl_url" : "http://ssd.jpl.nasa.gov/sbdb.cgi?sstr=3344169",
      "absolute_magnitude_h" : 21.6,
      "estimated_diameter" : {
        "kilometers" : {
          "estimated_diameter_min" : 0.1272198785,
          "estimated_diameter_max" : 0.2844722965
        },
        "meters" : {
          "estimated_diameter_min" : 127.2198785394,
          "estimated_diameter_max" : 284.4722965033
        },
        "miles" : {
          "estimated_diameter_min" : 0.0790507431,
          "estimated_diameter_max" : 0.1767628354
        },
        "feet" : {
          "estimated_diameter_min" : 417.3880663071,
          "estimated_diameter_max" : 933.3080892598
        }
      },
      "is_potentially_hazardous_asteroid" : false,
      "close_approach_data" : [ {
        "close_approach_date" : "2000-03-15",
        "epoch_date_close_approach" : 953107200000,
        "relative_velocity" : {
          "kilometers_per_second" : "22.3707550655",
          "kilometers_per_hour" : "80534.7182356715",
          "miles_per_hour" : "50041.1420059371"
        },
        "miss_distance" : {
          "astronomical" : "0.3173818619",
          "lunar" : "123.4615402222",
          "kilometers" : "47479652",
          "miles" : "29502488"
        },
        "orbiting_body" : "Earth"
      } ],
      "orbital_data" : {
        "orbit_id" : "14",
        "orbit_determination_date" : "2017-04-06 09:08:05",
        "orbit_uncertainty" : "7",
        "minimum_orbit_intersection" : ".0610647",
        "jupiter_tisserand_invariant" : "6.317",
        "epoch_osculation" : "2458000.5",
        "eccentricity" : ".3288999266802514",
        "semi_major_axis" : ".9215667357300913",
        "inclination" : "32.42774240656069",
        "ascending_node_longitude" : "1.250465713183419",
        "orbital_period" : "323.1384313496838",
        "perihelion_distance" : ".6184635039175056",
        "perihelion_argument" : "224.3270705758061",
        "aphelion_distance" : "1.224669967542677",
        "perihelion_time" : "2458108.453591146122",
        "mean_anomaly" : "239.7317525795997",
        "mean_motion" : "1.11407361388849",
        "equinox" : "J2000"
      }
    }, {
      "links" : {
        "self" : "https://api.nasa.gov/neo/rest/v1/neo/3735598?api_key=t0TVs3DtDT2H8Oy2Zy8m2eVrNsAVKAexjcZXUckd"
      },
      "neo_reference_id" : "3735598",
      "name" : "(2015 WZ12)",
      "nasa_jpl_url" : "http://ssd.jpl.nasa.gov/sbdb.cgi?sstr=3735598",
      "absolute_magnitude_h" : 26.3,
      "estimated_diameter" : {
        "kilometers" : {
          "estimated_diameter_min" : 0.0146067964,
          "estimated_diameter_max" : 0.0326617897
        },
        "meters" : {
          "estimated_diameter_min" : 14.6067964271,
          "estimated_diameter_max" : 32.6617897446
        },
        "miles" : {
          "estimated_diameter_min" : 0.0090762397,
          "estimated_diameter_max" : 0.020295089
        },
        "feet" : {
          "estimated_diameter_min" : 47.92256199,
          "estimated_diameter_max" : 107.1581062656
        }
      },
      "is_potentially_hazardous_asteroid" : false,
      "close_approach_data" : [ {
        "close_approach_date" : "2000-03-15",
        "epoch_date_close_approach" : 953107200000,
        "relative_velocity" : {
          "kilometers_per_second" : "15.248416436",
          "kilometers_per_hour" : "54894.2991696616",
          "miles_per_hour" : "34109.1827257267"
        },
        "miss_distance" : {
          "astronomical" : "0.4871295888",
          "lunar" : "189.4934082031",
          "kilometers" : "72873552",
          "miles" : "45281524"
        },
        "orbiting_body" : "Earth"
      } ],
      "orbital_data" : {
        "orbit_id" : "12",
        "orbit_determination_date" : "2017-04-06 08:30:24",
        "orbit_uncertainty" : "6",
        "minimum_orbit_intersection" : ".00432186",
        "jupiter_tisserand_invariant" : "7.886",
        "epoch_osculation" : "2458000.5",
        "eccentricity" : ".412497153577093",
        "semi_major_axis" : ".7218263391666696",
        "inclination" : "3.626064613278898",
        "ascending_node_longitude" : "251.7612825756624",
        "orbital_period" : "223.9997402608574",
        "perihelion_distance" : ".4240750288834451",
        "perihelion_argument" : "345.7200029380307",
        "aphelion_distance" : "1.019577649449894",
        "perihelion_time" : "2457903.278360738455",
        "mean_anomaly" : "156.2492442776831",
        "mean_motion" : "1.607144720707106",
        "equinox" : "J2000"
      }
    }, {
      "links" : {
        "self" : "https://api.nasa.gov/neo/rest/v1/neo/3772982?api_key=t0TVs3DtDT2H8Oy2Zy8m2eVrNsAVKAexjcZXUckd"
      },
      "neo_reference_id" : "3772982",
      "name" : "(2017 FP101)",
      "nasa_jpl_url" : "http://ssd.jpl.nasa.gov/sbdb.cgi?sstr=3772982",
      "absolute_magnitude_h" : 24.821,
      "estimated_diameter" : {
        "kilometers" : {
          "estimated_diameter_min" : 0.0288638977,
          "estimated_diameter_max" : 0.0645416373
        },
        "meters" : {
          "estimated_diameter_min" : 28.8638976985,
          "estimated_diameter_max" : 64.5416373494
        },
        "miles" : {
          "estimated_diameter_min" : 0.017935189,
          "estimated_diameter_max" : 0.0401043017
        },
        "feet" : {
          "estimated_diameter_min" : 94.6978301251,
          "estimated_diameter_max" : 211.7507854815
        }
      },
      "is_potentially_hazardous_asteroid" : false,
      "close_approach_data" : [ {
        "close_approach_date" : "2000-03-15",
        "epoch_date_close_approach" : 953107200000,
        "relative_velocity" : {
          "kilometers_per_second" : "5.4751599333",
          "kilometers_per_hour" : "19710.5757599365",
          "miles_per_hour" : "12247.3852548339"
        },
        "miss_distance" : {
          "astronomical" : "0.0776734604",
          "lunar" : "30.2149753571",
          "kilometers" : "11619784",
          "miles" : "7220199"
        },
        "orbiting_body" : "Earth"
      } ],
      "orbital_data" : {
        "orbit_id" : "9",
        "orbit_determination_date" : "2017-05-05 06:19:12",
        "orbit_uncertainty" : "6",
        "minimum_orbit_intersection" : ".03864",
        "jupiter_tisserand_invariant" : "5.690",
        "epoch_osculation" : "2458000.5",
        "eccentricity" : ".1277041003277917",
        "semi_major_axis" : "1.086417218515508",
        "inclination" : "6.61689040094888",
        "ascending_node_longitude" : "17.74718252413387",
        "orbital_period" : "413.6122444432071",
        "perihelion_distance" : ".9476772850443632",
        "perihelion_argument" : "82.37875738472366",
        "aphelion_distance" : "1.225157151986653",
        "perihelion_time" : "2458168.032315455000",
        "mean_anomaly" : "214.1831525200857",
        "mean_motion" : ".870380422331601",
        "equinox" : "J2000"
      }
    } ]
  }
}