{
  "links" : {
    "next" : "https://api.nasa.gov/neo/rest/v1/feed?start_date=1998-10-16&end_date=1998-10-16&detailed=true&api_key=t0TVs3DtDT2H8Oy2Zy8m2eVrNsAVKAexjcZXUckd",
    "prev" : "https://api.nasa.gov/neo/rest/v1/feed?start_date=1998-10-14&end_date=1998-10-14&detailed=true&api_key=t0TVs3DtDT2H8Oy2Zy8m2eVrNsAVKAexjcZXUckd",
    "self" : "https://api.nasa.gov/neo/rest/v1/feed?start_date=1998-10-15&end_date=1998-10-15&detailed=true&api_key=t0TVs3DtDT2H8Oy2Zy8m2eVrNsAVKAexjcZXUckd"
  },
  "element_count" : 10,
  "near_earth_objects" : {
    "1998-10-15" : [ {
      "links" : {
        "self" : "https://api.nasa.gov/neo/rest/v1/neo/2006047?api_key=t0TVs3DtDT2H8Oy2Zy8m2eVrNsAVKAexjcZXUckd"
      },
      "neo_reference_id" : "2006047",
      "name" : "6047 (1991 TB1)",
      "nasa_jpl_url" : "http://ssd.jpl.nasa.gov/sbdb.cgi?sstr=2006047",
      "absolute_magnitude_h" : 17.8,
      "estimated_diameter" : {
        "kilometers" : {
          "estimated_diameter_min" : 0.7320739893,
          "estimated_diameter_max" : 1.6369672047
        },
        "meters" : {
          "estimated_diameter_min" : 732.0739893473,
          "estimated_diameter_max" : 1636.96720474
        },
        "miles" : {
          "estimated_diameter_min" : 0.4548895468,
          "estimated_diameter_max" : 1.017163949
        },
        "feet" : {
          "estimated_diameter_min" : 2401.8176272101,
          "estimated_diameter_max" : 5370.6274839991
        }
      },
      "is_potentially_hazardous_asteroid" : false,
      "close_approach_data" : [ {
        "close_approach_date" : "1998-10-15",
        "epoch_date_close_approach" : 908434800000,
        "relative_velocity" : {
          "kilometers_per_second" : "12.2868141303",
          "kilometers_per_hour" : "44232.5308691056",
          "miles_per_hour" : "27484.374528084"
        },
        "miss_distance" : {
          "astronomical" : "0.3748248083",
          "lunar" : "145.806854248",
          "kilometers" : "56072996",
          "miles" : "34842144"
        },
        "orbiting_body" : "Earth"
      } ],
      "orbital_data" : {
        "orbit_id" : "97",
        "orbit_determination_date" : "2017-04-06 09:30:17",
        "orbit_uncertainty" : "0",
        "minimum_orbit_intersection" : ".141566",
        "jupiter_tisserand_invariant" : "4.485",
        "epoch_osculation" : "2458000.5",
        "eccentricity" : ".3521120707749145",
        "semi_major_axis" : "1.454390152322255",
        "inclination" : "23.47360121892155",
        "ascending_node_longitude" : "6.124609079060788",
        "orbital_period" : "640.6485017001149",
        "perihelion_distance" : ".9422818240734228",
        "perihelion_argument" : "103.7484791094854",
        "aphelion_distance" : "1.966498480571088",
        "perihelion_time" : "2458246.835750847249",
        "mean_anomaly" : "221.5764025519866",
        "mean_motion" : ".5619306047616648",
        "equinox" : "J2000"
      }
    }, {
      "links" : {
        "self" : "https://api.nasa.gov/neo/rest/v1/neo/2162120?api_key=t0TVs3DtDT2H8Oy2Zy8m2eVrNsAVKAexjcZXUckd"
      },
      "neo_reference_id" : "2162120",
      "name" : "162120 (1998 SH36)",
      "nasa_jpl_url" : "http://ssd.jpl.nasa.gov/sbdb.cgi?sstr=2162120",
      "absolute_magnitude_h" : 20.6,
      "estimated_diameter" : {
        "kilometers" : {
          "estimated_diameter_min" : 0.2016299194,
          "estimated_diameter_max" : 0.4508582062
        },
        "meters" : {
          "estimated_diameter_min" : 201.6299194428,
          "estimated_diameter_max" : 450.8582061718
        },
        "miles" : {
          "estimated_diameter_min" : 0.1252869847,
          "estimated_diameter_max" : 0.2801502144
        },
        "feet" : {
          "estimated_diameter_min" : 661.5155049046,
          "estimated_diameter_max" : 1479.1936371367
        }
      },
      "is_potentially_hazardous_asteroid" : true,
      "close_approach_data" : [ {
        "close_approach_date" : "1998-10-15",
        "epoch_date_close_approach" : 908434800000,
        "relative_velocity" : {
          "kilometers_per_second" : "15.3670938881",
          "kilometers_per_hour" : "55321.5379970448",
          "miles_per_hour" : "34374.6523182193"
        },
        "miss_distance" : {
          "astronomical" : "0.0792963307",
          "lunar" : "30.8462715149",
          "kilometers" : "11862562",
          "miles" : "7371054.5"
        },
        "orbiting_body" : "Earth"
      } ],
      "orbital_data" : {
        "orbit_id" : "49",
        "orbit_determination_date" : "2017-08-13 06:21:30",
        "orbit_uncertainty" : "0",
        "minimum_orbit_intersection" : ".01201",
        "jupiter_tisserand_invariant" : "5.533",
        "epoch_osculation" : "2458000.5",
        "eccentricity" : ".5708737431152491",
        "semi_major_axis" : "1.087977707490191",
        "inclination" : "2.131566790345682",
        "ascending_node_longitude" : "217.939866136988",
        "orbital_period" : "414.5037100578339",
        "perihelion_distance" : ".4668798011893181",
        "perihelion_argument" : "278.7177760446532",
        "aphelion_distance" : "1.709075613791064",
        "perihelion_time" : "2458206.421882388428",
        "mean_anomaly" : "181.1550925575777",
        "mean_motion" : ".8685085109365385",
        "equinox" : "J2000"
      }
    }, {
      "links" : {
        "self" : "https://api.nasa.gov/neo/rest/v1/neo/2256004?api_key=t0TVs3DtDT2H8Oy2Zy8m2eVrNsAVKAexjcZXUckd"
      },
      "neo_reference_id" : "2256004",
      "name" : "256004 (2006 UP)",
      "nasa_jpl_url" : "http://ssd.jpl.nasa.gov/sbdb.cgi?sstr=2256004",
      "absolute_magnitude_h" : 23.0,
      "estimated_diameter" : {
        "kilometers" : {
          "estimated_diameter_min" : 0.0667659413,
          "estimated_diameter_max" : 0.1492931834
        },
        "meters" : {
          "estimated_diameter_min" : 66.7659413495,
          "estimated_diameter_max" : 149.2931834393
        },
        "miles" : {
          "estimated_diameter_min" : 0.0414864197,
          "estimated_diameter_max" : 0.0927664547
        },
        "feet" : {
          "estimated_diameter_min" : 219.0483710172,
          "estimated_diameter_max" : 489.807047955
        }
      },
      "is_potentially_hazardous_asteroid" : false,
      "close_approach_data" : [ {
        "close_approach_date" : "1998-10-15",
        "epoch_date_close_approach" : 908434800000,
        "relative_velocity" : {
          "kilometers_per_second" : "4.4755559327",
          "kilometers_per_hour" : "16112.0013575973",
          "miles_per_hour" : "10011.3710657804"
        },
        "miss_distance" : {
          "astronomical" : "0.211541323",
          "lunar" : "82.2895736694",
          "kilometers" : "31646132",
          "miles" : "19663994"
        },
        "orbiting_body" : "Earth"
      } ],
      "orbital_data" : {
        "orbit_id" : "57",
        "orbit_determination_date" : "2017-04-06 09:24:44",
        "orbit_uncertainty" : "0",
        "minimum_orbit_intersection" : ".112573",
        "jupiter_tisserand_invariant" : "4.331",
        "epoch_osculation" : "2455959.5",
        "eccentricity" : ".3016910826145785",
        "semi_major_axis" : "1.586873636864196",
        "inclination" : "2.283971364071621",
        "ascending_node_longitude" : "48.01820371204126",
        "orbital_period" : "730.1497563191807",
        "perihelion_distance" : "1.108128011386103",
        "perihelion_argument" : "334.8370623566142",
        "aphelion_distance" : "2.065619262342288",
        "perihelion_time" : "2456212.069620814852",
        "mean_anomaly" : "235.4706651526987",
        "mean_motion" : ".4930495379671511",
        "equinox" : "J2000"
      }
    }, {
      "links" : {
        "self" : "https://api.nasa.gov/neo/rest/v1/neo/2275545?api_key=t0TVs3DtDT2H8Oy2Zy8m2eVrNsAVKAexjcZXUckd"
      },
      "neo_reference_id" : "2275545",
      "name" : "275545 (1998 UN1)",
      "nasa_jpl_url" : "http://ssd.jpl.nasa.gov/sbdb.cgi?sstr=2275545",
      "absolute_magnitude_h" : 18.1,
      "estimated_diameter" : {
        "kilometers" : {
          "estimated_diameter_min" : 0.6376097899,
          "estimated_diameter_max" : 1.4257388333
        },
        "meters" : {
          "estimated_diameter_min" : 637.6097898754,
          "estimated_diameter_max" : 1425.7388332807
        },
        "miles" : {
          "estimated_diameter_min" : 0.3961922327,
          "estimated_diameter_max" : 0.8859127646
        },
        "feet" : {
          "estimated_diameter_min" : 2091.8957030147,
          "estimated_diameter_max" : 4677.6209937807
        }
      },
      "is_potentially_hazardous_asteroid" : false,
      "close_approach_data" : [ {
        "close_approach_date" : "1998-10-15",
        "epoch_date_close_approach" : 908434800000,
        "relative_velocity" : {
          "kilometers_per_second" : "16.8118318117",
          "kilometers_per_hour" : "60522.5945221769",
          "miles_per_hour" : "37606.3865796271"
        },
        "miss_distance" : {
          "astronomical" : "0.4138277037",
          "lunar" : "160.9789886475",
          "kilometers" : "61907744",
          "miles" : "38467688"
        },
        "orbiting_body" : "Earth"
      } ],
      "orbital_data" : {
        "orbit_id" : "62",
        "orbit_determination_date" : "2017-04-06 09:24:33",
        "orbit_uncertainty" : "0",
        "minimum_orbit_intersection" : ".378575",
        "jupiter_tisserand_invariant" : "4.326",
        "epoch_osculation" : "2458000.5",
        "eccentricity" : ".2207794580666342",
        "semi_major_axis" : "1.513551635335818",
        "inclination" : "32.42774163994066",
        "ascending_node_longitude" : "217.8821042285543",
        "orbital_period" : "680.1336922870155",
        "perihelion_distance" : "1.179390525530508",
        "perihelion_argument" : "87.70146231507299",
        "aphelion_distance" : "1.847712745141128",
        "perihelion_time" : "2457810.382067866749",
        "mean_anomaly" : "100.6308852864294",
        "mean_motion" : ".5293076994751797",
        "equinox" : "J2000"
      }
    }, {
      "links" : {
        "self" : "https://api.nasa.gov/neo/rest/v1/neo/2339714?api_key=t0TVs3DtDT2H8Oy2Zy8m2eVrNsAVKAexjcZXUckd"
      },
      "neo_reference_id" : "2339714",
      "name" : "339714 (2005 ST1)",
      "nasa_jpl_url" : "http://ssd.jpl.nasa.gov/sbdb.cgi?sstr=2339714",
      "absolute_magnitude_h" : 20.4,
      "estimated_diameter" : {
        "kilometers" : {
          "estimated_diameter_min" : 0.2210828104,
          "estimated_diameter_max" : 0.4943561926
        },
        "meters" : {
          "estimated_diameter_min" : 221.0828103591,
          "estimated_diameter_max" : 494.3561926196
        },
        "miles" : {
          "estimated_diameter_min" : 0.137374447,
          "estimated_diameter_max" : 0.3071786018
        },
        "feet" : {
          "estimated_diameter_min" : 725.3373275385,
          "estimated_diameter_max" : 1621.9035709942
        }
      },
      "is_potentially_hazardous_asteroid" : false,
      "close_approach_data" : [ {
        "close_approach_date" : "1998-10-15",
        "epoch_date_close_approach" : 908434800000,
        "relative_velocity" : {
          "kilometers_per_second" : "11.929089442",
          "kilometers_per_hour" : "42944.7219913649",
          "miles_per_hour" : "26684.1801729123"
        },
        "miss_distance" : {
          "astronomical" : "0.1596862287",
          "lunar" : "62.1179389954",
          "kilometers" : "23888720",
          "miles" : "14843762"
        },
        "orbiting_body" : "Earth"
      } ],
      "orbital_data" : {
        "orbit_id" : "49",
        "orbit_determination_date" : "2017-04-06 09:23:19",
        "orbit_uncertainty" : "0",
        "minimum_orbit_intersection" : ".128112",
        "jupiter_tisserand_invariant" : "4.505",
        "epoch_osculation" : "2458000.5",
        "eccentricity" : ".3709893787030948",
        "semi_major_axis" : "1.451385289657166",
        "inclination" : "20.23443921276045",
        "ascending_node_longitude" : "7.615882943344214",
        "orbital_period" : "638.6640966620855",
        "perihelion_distance" : ".9129367627884425",
        "perihelion_argument" : "80.59708003555934",
        "aphelion_distance" : "1.989833816525889",
        "perihelion_time" : "2458189.397930738898",
        "mean_anomaly" : "253.5226585909315",
        "mean_motion" : ".5636765897464789",
        "equinox" : "J2000"
      }
    }, {
      "links" : {
        "self" : "https://api.nasa.gov/neo/rest/v1/neo/3586027?api_key=t0TVs3DtDT2H8Oy2Zy8m2eVrNsAVKAexjcZXUckd"
      },
      "neo_reference_id" : "3586027",
      "name" : "(2011 VU5)",
      "nasa_jpl_url" : "http://ssd.jpl.nasa.gov/sbdb.cgi?sstr=3586027",
      "absolute_magnitude_h" : 20.3,
      "estimated_diameter" : {
        "kilometers" : {
          "estimated_diameter_min" : 0.2315021222,
          "estimated_diameter_max" : 0.5176544822
        },
        "meters" : {
          "estimated_diameter_min" : 231.5021222103,
          "estimated_diameter_max" : 517.6544821978
        },
        "miles" : {
          "estimated_diameter_min" : 0.1438487052,
          "estimated_diameter_max" : 0.3216554833
        },
        "feet" : {
          "estimated_diameter_min" : 759.5214226325,
          "estimated_diameter_max" : 1698.3415313737
        }
      },
      "is_potentially_hazardous_asteroid" : true,
      "close_approach_data" : [ {
        "close_approach_date" : "1998-10-15",
        "epoch_date_close_approach" : 908434800000,
        "relative_velocity" : {
          "kilometers_per_second" : "25.1005278321",
          "kilometers_per_hour" : "90361.9001956644",
          "miles_per_hour" : "56147.3707076894"
        },
        "miss_distance" : {
          "astronomical" : "0.3921087446",
          "lunar" : "152.5303039551",
          "kilometers" : "58658632",
          "miles" : "36448784"
        },
        "orbiting_body" : "Earth"
      } ],
      "orbital_data" : {
        "orbit_id" : "12",
        "orbit_determination_date" : "2017-04-06 08:52:04",
        "orbit_uncertainty" : "5",
        "minimum_orbit_intersection" : ".0143447",
        "jupiter_tisserand_invariant" : "3.298",
        "epoch_osculation" : "2458000.5",
        "eccentricity" : ".5574474737428428",
        "semi_major_axis" : "2.196550158139871",
        "inclination" : "30.53818907042862",
        "ascending_node_longitude" : "44.122815967186",
        "orbital_period" : "1189.077370550795",
        "perihelion_distance" : ".9720888215353582",
        "perihelion_argument" : "24.87021671495195",
        "aphelion_distance" : "3.421011494744384",
        "perihelion_time" : "2458264.976650454937",
        "mean_anomaly" : "279.9281758093888",
        "mean_motion" : ".3027557406405301",
        "equinox" : "J2000"
      }
    }, {
      "links" : {
        "self" : "https://api.nasa.gov/neo/rest/v1/neo/3673268?api_key=t0TVs3DtDT2H8Oy2Zy8m2eVrNsAVKAexjcZXUckd"
      },
      "neo_reference_id" : "3673268",
      "name" : "(2014 KD91)",
      "nasa_jpl_url" : "http://ssd.jpl.nasa.gov/sbdb.cgi?sstr=3673268",
      "absolute_magnitude_h" : 17.2,
      "estimated_diameter" : {
        "kilometers" : {
          "estimated_diameter_min" : 0.9650614696,
          "estimated_diameter_max" : 2.1579430484
        },
        "meters" : {
          "estimated_diameter_min" : 965.0614695789,
          "estimated_diameter_max" : 2157.9430484443
        },
        "miles" : {
          "estimated_diameter_min" : 0.5996612104,
          "estimated_diameter_max" : 1.34088323
        },
        "feet" : {
          "estimated_diameter_min" : 3166.2122718533,
          "estimated_diameter_max" : 7079.8658710581
        }
      },
      "is_potentially_hazardous_asteroid" : false,
      "close_approach_data" : [ {
        "close_approach_date" : "1998-10-15",
        "epoch_date_close_approach" : 908434800000,
        "relative_velocity" : {
          "kilometers_per_second" : "24.6843441918",
          "kilometers_per_hour" : "88863.6390905218",
          "miles_per_hour" : "55216.4095226634"
        },
        "miss_distance" : {
          "astronomical" : "0.4190676576",
          "lunar" : "163.0173187256",
          "kilometers" : "62691628",
          "miles" : "38954772"
        },
        "orbiting_body" : "Earth"
      } ],
      "orbital_data" : {
        "orbit_id" : "46",
        "orbit_determination_date" : "2016-11-07 06:20:20",
        "orbit_uncertainty" : "0",
        "minimum_orbit_intersection" : ".222453",
        "jupiter_tisserand_invariant" : "3.164",
        "epoch_osculation" : "2457600.5",
        "eccentricity" : ".5435012619618946",
        "semi_major_axis" : "2.355029150727269",
        "inclination" : "32.29296644498856",
        "ascending_node_longitude" : "202.9789554540624",
        "orbital_period" : "1320.057526708397",
        "perihelion_distance" : "1.075067835349949",
        "perihelion_argument" : "234.1068327980142",
        "aphelion_distance" : "3.634990466104589",
        "perihelion_time" : "2457730.992697512135",
        "mean_anomaly" : "324.4126334240084",
        "mean_motion" : ".2727153875616852",
        "equinox" : "J2000"
      }
    }, {
      "links" : {
        "self" : "https://api.nasa.gov/neo/rest/v1/neo/3699951?api_key=t0TVs3DtDT2H8Oy2Zy8m2eVrNsAVKAexjcZXUckd"
      },
      "neo_reference_id" : "3699951",
      "name" : "(2014 WO371)",
      "nasa_jpl_url" : "http://ssd.jpl.nasa.gov/sbdb.cgi?sstr=3699951",
      "absolute_magnitude_h" : 22.4,
      "estimated_diameter" : {
        "kilometers" : {
          "estimated_diameter_min" : 0.0880146521,
          "estimated_diameter_max" : 0.1968067451
        },
        "meters" : {
          "estimated_diameter_min" : 88.0146520901,
          "estimated_diameter_max" : 196.8067450894
        },
        "miles" : {
          "estimated_diameter_min" : 0.0546897524,
          "estimated_diameter_max" : 0.122290004
        },
        "feet" : {
          "estimated_diameter_min" : 288.7619911632,
          "estimated_diameter_max" : 645.6914415591
        }
      },
      "is_potentially_hazardous_asteroid" : false,
      "close_approach_data" : [ {
        "close_approach_date" : "1998-10-15",
        "epoch_date_close_approach" : 908434800000,
        "relative_velocity" : {
          "kilometers_per_second" : "10.0030837986",
          "kilometers_per_hour" : "36011.1016748002",
          "miles_per_hour" : "22375.898148989"
        },
        "miss_distance" : {
          "astronomical" : "0.4383463457",
          "lunar" : "170.5167388916",
          "kilometers" : "65575684",
          "miles" : "40746840"
        },
        "orbiting_body" : "Earth"
      } ],
      "orbital_data" : {
        "orbit_id" : "6",
        "orbit_determination_date" : "2017-04-06 08:37:00",
        "orbit_uncertainty" : "4",
        "minimum_orbit_intersection" : ".00261913",
        "jupiter_tisserand_invariant" : "5.830",
        "epoch_osculation" : "2458000.5",
        "eccentricity" : ".3678397626935557",
        "semi_major_axis" : "1.04011179574261",
        "inclination" : "6.030738835216408",
        "ascending_node_longitude" : "271.0060535507515",
        "orbital_period" : "387.45249276609",
        "perihelion_distance" : ".6575173196218801",
        "perihelion_argument" : "284.7881414814172",
        "aphelion_distance" : "1.422706271863339",
        "perihelion_time" : "2457870.134595457193",
        "mean_anomaly" : "121.1285164288354",
        "mean_motion" : ".92914617074702",
        "equinox" : "J2000"
      }
    }, {
      "links" : {
        "self" : "https://api.nasa.gov/neo/rest/v1/neo/2480004?api_key=t0TVs3DtDT2H8Oy2Zy8m2eVrNsAVKAexjcZXUckd"
      },
      "neo_reference_id" : "2480004",
      "name" : "480004 (2014 KD91)",
      "nasa_jpl_url" : "http://ssd.jpl.nasa.gov/sbdb.cgi?sstr=2480004",
      "absolute_magnitude_h" : 17.2,
      "estimated_diameter" : {
        "kilometers" : {
          "estimated_diameter_min" : 0.9650614696,
          "estimated_diameter_max" : 2.1579430484
        },
        "meters" : {
          "estimated_diameter_min" : 965.0614695789,
          "estimated_diameter_max" : 2157.9430484443
        },
        "miles" : {
          "estimated_diameter_min" : 0.5996612104,
          "estimated_diameter_max" : 1.34088323
        },
        "feet" : {
          "estimated_diameter_min" : 3166.2122718533,
          "estimated_diameter_max" : 7079.8658710581
        }
      },
      "is_potentially_hazardous_asteroid" : false,
      "close_approach_data" : [ {
        "close_approach_date" : "1998-10-15",
        "epoch_date_close_approach" : 908434800000,
        "relative_velocity" : {
          "kilometers_per_second" : "24.684322677",
          "kilometers_per_hour" : "88863.5616371467",
          "miles_per_hour" : "55216.3613961482"
        },
        "miss_distance" : {
          "astronomical" : "0.4190668836",
          "lunar" : "163.0170135498",
          "kilometers" : "62691512",
          "miles" : "38954700"
        },
        "orbiting_body" : "Earth"
      } ],
      "orbital_data" : {
        "orbit_id" : "59",
        "orbit_determination_date" : "2017-05-10 06:43:23",
        "orbit_uncertainty" : "0",
        "minimum_orbit_intersection" : ".223812",
        "jupiter_tisserand_invariant" : "3.163",
        "epoch_osculation" : "2458000.5",
        "eccentricity" : ".54364377605183",
        "semi_major_axis" : "2.355886449522823",
        "inclination" : "32.29290732563948",
        "ascending_node_longitude" : "202.9766676135337",
        "orbital_period" : "1320.778401041855",
        "perihelion_distance" : "1.075123444154896",
        "perihelion_argument" : "234.1372010783982",
        "aphelion_distance" : "3.636649454890749",
        "perihelion_time" : "2457731.049473283776",
        "mean_anomaly" : "73.44319799697175",
        "mean_motion" : ".2725665408489608",
        "equinox" : "J2000"
      }
    }, {
      "links" : {
        "self" : "https://api.nasa.gov/neo/rest/v1/neo/3768606?api_key=t0TVs3DtDT2H8Oy2Zy8m2eVrNsAVKAexjcZXUckd"
      },
      "neo_reference_id" : "3768606",
      "name" : "(2017 BK123)",
      "nasa_jpl_url" : "http://ssd.jpl.nasa.gov/sbdb.cgi?sstr=3768606",
      "absolute_magnitude_h" : 20.1,
      "estimated_diameter" : {
        "kilometers" : {
          "estimated_diameter_min" : 0.2538370294,
          "estimated_diameter_max" : 0.5675968529
        },
        "meters" : {
          "estimated_diameter_min" : 253.8370293645,
          "estimated_diameter_max" : 567.5968528656
        },
        "miles" : {
          "estimated_diameter_min" : 0.1577269688,
          "estimated_diameter_max" : 0.3526882241
        },
        "feet" : {
          "estimated_diameter_min" : 832.7986794202,
          "estimated_diameter_max" : 1862.1944587557
        }
      },
      "is_potentially_hazardous_asteroid" : false,
      "close_approach_data" : [ {
        "close_approach_date" : "1998-10-15",
        "epoch_date_close_approach" : 908434800000,
        "relative_velocity" : {
          "kilometers_per_second" : "18.1145891295",
          "kilometers_per_hour" : "65212.5208661388",
          "miles_per_hour" : "40520.5244237405"
        },
        "miss_distance" : {
          "astronomical" : "0.2648227026",
          "lunar" : "103.0160293579",
          "kilometers" : "39616912",
          "miles" : "24616808"
        },
        "orbiting_body" : "Earth"
      } ],
      "orbital_data" : {
        "orbit_id" : "8",
        "orbit_determination_date" : "2017-04-06 08:20:23",
        "orbit_uncertainty" : "5",
        "minimum_orbit_intersection" : ".172999",
        "jupiter_tisserand_invariant" : "4.164",
        "epoch_osculation" : "2458000.5",
        "eccentricity" : ".7141098692874673",
        "semi_major_axis" : "1.520026279231925",
        "inclination" : "11.67987329626518",
        "ascending_node_longitude" : "88.78950811795104",
        "orbital_period" : "684.5025517028715",
        "perihelion_distance" : ".4345605116560998",
        "perihelion_argument" : "190.4941797441889",
        "aphelion_distance" : "2.605492046807751",
        "perihelion_time" : "2457894.760976547540",
        "mean_anomaly" : "55.6112586405804",
        "mean_motion" : ".5259293761643544",
        "equinox" : "J2000"
      }
    } ]
  }
}