{
  "links" : {
    "next" : "https://api.nasa.gov/neo/rest/v1/feed?start_date=2006-11-16&end_date=2006-11-16&detailed=true&api_key=t0TVs3DtDT2H8Oy2Zy8m2eVrNsAVKAexjcZXUckd",
    "prev" : "https://api.nasa.gov/neo/rest/v1/feed?start_date=2006-11-14&end_date=2006-11-14&detailed=true&api_key=t0TVs3DtDT2H8Oy2Zy8m2eVrNsAVKAexjcZXUckd",
    "self" : "https://api.nasa.gov/neo/rest/v1/feed?start_date=2006-11-15&end_date=2006-11-15&detailed=true&api_key=t0TVs3DtDT2H8Oy2Zy8m2eVrNsAVKAexjcZXUckd"
  },
  "element_count" : 10,
  "near_earth_objects" : {
    "2006-11-15" : [ {
      "links" : {
        "self" : "https://api.nasa.gov/neo/rest/v1/neo/3358116?api_key=t0TVs3DtDT2H8Oy2Zy8m2eVrNsAVKAexjcZXUckd"
      },
      "neo_reference_id" : "3358116",
      "name" : "(2006 VC2)",
      "nasa_jpl_url" : "http://ssd.jpl.nasa.gov/sbdb.cgi?sstr=3358116",
      "absolute_magnitude_h" : 21.1,
      "estimated_diameter" : {
        "kilometers" : {
          "estimated_diameter_min" : 0.160160338,
          "estimated_diameter_max" : 0.358129403
        },
        "meters" : {
          "estimated_diameter_min" : 160.1603379786,
          "estimated_diameter_max" : 358.1294030194
        },
        "miles" : {
          "estimated_diameter_min" : 0.0995189894,
          "estimated_diameter_max" : 0.2225312253
        },
        "feet" : {
          "estimated_diameter_min" : 525.4604432536,
          "estimated_diameter_max" : 1174.9652706022
        }
      },
      "is_potentially_hazardous_asteroid" : false,
      "close_approach_data" : [ {
        "close_approach_date" : "2006-11-15",
        "epoch_date_close_approach" : 1163577600000,
        "relative_velocity" : {
          "kilometers_per_second" : "14.9598067507",
          "kilometers_per_hour" : "53855.3043025063",
          "miles_per_hour" : "33463.5917206323"
        },
        "miss_distance" : {
          "astronomical" : "0.2680242839",
          "lunar" : "104.2614517212",
          "kilometers" : "40095864",
          "miles" : "24914414"
        },
        "orbiting_body" : "Earth"
      } ],
      "orbital_data" : {
        "orbit_id" : "9",
        "orbit_determination_date" : "2017-04-06 09:07:41",
        "orbit_uncertainty" : "8",
        "minimum_orbit_intersection" : ".265944",
        "jupiter_tisserand_invariant" : "3.496",
        "epoch_osculation" : "2454052.5",
        "eccentricity" : ".4223711030467768",
        "semi_major_axis" : "2.101471172109099",
        "inclination" : "27.75756898021135",
        "ascending_node_longitude" : "226.2053357102836",
        "orbital_period" : "1112.714076052646",
        "perihelion_distance" : "1.213870475124376",
        "perihelion_argument" : "211.7134467723236",
        "aphelion_distance" : "2.989071869093822",
        "perihelion_time" : "2454084.695990471108",
        "mean_anomaly" : "349.5835266048612",
        "mean_motion" : ".3235332487902914",
        "equinox" : "J2000"
      }
    }, {
      "links" : {
        "self" : "https://api.nasa.gov/neo/rest/v1/neo/3358521?api_key=t0TVs3DtDT2H8Oy2Zy8m2eVrNsAVKAexjcZXUckd"
      },
      "neo_reference_id" : "3358521",
      "name" : "(2006 VF13)",
      "nasa_jpl_url" : "http://ssd.jpl.nasa.gov/sbdb.cgi?sstr=3358521",
      "absolute_magnitude_h" : 23.2,
      "estimated_diameter" : {
        "kilometers" : {
          "estimated_diameter_min" : 0.0608912622,
          "estimated_diameter_max" : 0.1361570015
        },
        "meters" : {
          "estimated_diameter_min" : 60.8912622106,
          "estimated_diameter_max" : 136.1570015386
        },
        "miles" : {
          "estimated_diameter_min" : 0.0378360645,
          "estimated_diameter_max" : 0.0846040122
        },
        "feet" : {
          "estimated_diameter_min" : 199.7744887109,
          "estimated_diameter_max" : 446.7093369279
        }
      },
      "is_potentially_hazardous_asteroid" : false,
      "close_approach_data" : [ {
        "close_approach_date" : "2006-11-15",
        "epoch_date_close_approach" : 1163577600000,
        "relative_velocity" : {
          "kilometers_per_second" : "13.7457571172",
          "kilometers_per_hour" : "49484.7256217735",
          "miles_per_hour" : "30747.8840953736"
        },
        "miss_distance" : {
          "astronomical" : "0.0406454628",
          "lunar" : "15.8110847473",
          "kilometers" : "6080474.5",
          "miles" : "3778231.75"
        },
        "orbiting_body" : "Earth"
      } ],
      "orbital_data" : {
        "orbit_id" : "7",
        "orbit_determination_date" : "2017-04-06 09:07:39",
        "orbit_uncertainty" : "9",
        "minimum_orbit_intersection" : ".0122803",
        "jupiter_tisserand_invariant" : "4.828",
        "epoch_osculation" : "2454054.5",
        "eccentricity" : ".2501001236161604",
        "semi_major_axis" : "1.320728027401148",
        "inclination" : "24.40450087620045",
        "ascending_node_longitude" : "235.5742674088252",
        "orbital_period" : "554.3939958069166",
        "perihelion_distance" : ".9904137844847931",
        "perihelion_argument" : "161.2399009799623",
        "aphelion_distance" : "1.651042270317503",
        "perihelion_time" : "2454038.547872783880",
        "mean_anomaly" : "10.35863635111099",
        "mean_motion" : ".649357681942465",
        "equinox" : "J2000"
      }
    }, {
      "links" : {
        "self" : "https://api.nasa.gov/neo/rest/v1/neo/2417655?api_key=t0TVs3DtDT2H8Oy2Zy8m2eVrNsAVKAexjcZXUckd"
      },
      "neo_reference_id" : "2417655",
      "name" : "417655 (2006 YF13)",
      "nasa_jpl_url" : "http://ssd.jpl.nasa.gov/sbdb.cgi?sstr=2417655",
      "absolute_magnitude_h" : 19.9,
      "estimated_diameter" : {
        "kilometers" : {
          "estimated_diameter_min" : 0.2783267681,
          "estimated_diameter_max" : 0.6223575734
        },
        "meters" : {
          "estimated_diameter_min" : 278.3267680719,
          "estimated_diameter_max" : 622.3575733667
        },
        "miles" : {
          "estimated_diameter_min" : 0.1729441822,
          "estimated_diameter_max" : 0.3867149477
        },
        "feet" : {
          "estimated_diameter_min" : 913.1455937611,
          "estimated_diameter_max" : 2041.8556210042
        }
      },
      "is_potentially_hazardous_asteroid" : false,
      "close_approach_data" : [ {
        "close_approach_date" : "2006-11-15",
        "epoch_date_close_approach" : 1163577600000,
        "relative_velocity" : {
          "kilometers_per_second" : "9.6257924503",
          "kilometers_per_hour" : "34652.8528211087",
          "miles_per_hour" : "21531.9351320939"
        },
        "miss_distance" : {
          "astronomical" : "0.1744822596",
          "lunar" : "67.8735961914",
          "kilometers" : "26102174",
          "miles" : "16219139"
        },
        "orbiting_body" : "Earth"
      } ],
      "orbital_data" : {
        "orbit_id" : "31",
        "orbit_determination_date" : "2017-04-06 09:21:16",
        "orbit_uncertainty" : "0",
        "minimum_orbit_intersection" : ".0807597",
        "jupiter_tisserand_invariant" : "6.419",
        "epoch_osculation" : "2458000.5",
        "eccentricity" : ".4034355461548302",
        "semi_major_axis" : ".9188845107918439",
        "inclination" : "10.53351561859993",
        "ascending_node_longitude" : "205.297250983349",
        "orbital_period" : "321.7287141305948",
        "perihelion_distance" : ".5481738363273223",
        "perihelion_argument" : "95.41295794635703",
        "aphelion_distance" : "1.289595185256365",
        "perihelion_time" : "2457849.117317436306",
        "mean_anomaly" : "169.3904315323507",
        "mean_motion" : "1.118955145091185",
        "equinox" : "J2000"
      }
    }, {
      "links" : {
        "self" : "https://api.nasa.gov/neo/rest/v1/neo/2451370?api_key=t0TVs3DtDT2H8Oy2Zy8m2eVrNsAVKAexjcZXUckd"
      },
      "neo_reference_id" : "2451370",
      "name" : "451370 (2011 AK5)",
      "nasa_jpl_url" : "http://ssd.jpl.nasa.gov/sbdb.cgi?sstr=2451370",
      "absolute_magnitude_h" : 21.5,
      "estimated_diameter" : {
        "kilometers" : {
          "estimated_diameter_min" : 0.1332155667,
          "estimated_diameter_max" : 0.2978790628
        },
        "meters" : {
          "estimated_diameter_min" : 133.2155666981,
          "estimated_diameter_max" : 297.8790627982
        },
        "miles" : {
          "estimated_diameter_min" : 0.0827762899,
          "estimated_diameter_max" : 0.1850934111
        },
        "feet" : {
          "estimated_diameter_min" : 437.0589598459,
          "estimated_diameter_max" : 977.2935443908
        }
      },
      "is_potentially_hazardous_asteroid" : true,
      "close_approach_data" : [ {
        "close_approach_date" : "2006-11-15",
        "epoch_date_close_approach" : 1163577600000,
        "relative_velocity" : {
          "kilometers_per_second" : "6.834607252",
          "kilometers_per_hour" : "24604.5861070875",
          "miles_per_hour" : "15288.3329619289"
        },
        "miss_distance" : {
          "astronomical" : "0.3935344245",
          "lunar" : "153.0848846436",
          "kilometers" : "58871912",
          "miles" : "36581312"
        },
        "orbiting_body" : "Earth"
      } ],
      "orbital_data" : {
        "orbit_id" : "43",
        "orbit_determination_date" : "2017-04-06 09:20:08",
        "orbit_uncertainty" : "0",
        "minimum_orbit_intersection" : ".0377422",
        "jupiter_tisserand_invariant" : "5.306",
        "epoch_osculation" : "2458000.5",
        "eccentricity" : ".2307270181901738",
        "semi_major_axis" : "1.187732895267396",
        "inclination" : "5.522757022073951",
        "ascending_node_longitude" : "316.8114742797704",
        "orbital_period" : "472.7990595970923",
        "perihelion_distance" : ".9136908259359675",
        "perihelion_argument" : "325.6664650692824",
        "aphelion_distance" : "1.461774964598824",
        "perihelion_time" : "2458160.517145218718",
        "mean_anomaly" : "238.1592917552988",
        "mean_motion" : ".7614228342729428",
        "equinox" : "J2000"
      }
    }, {
      "links" : {
        "self" : "https://api.nasa.gov/neo/rest/v1/neo/3351222?api_key=t0TVs3DtDT2H8Oy2Zy8m2eVrNsAVKAexjcZXUckd"
      },
      "neo_reference_id" : "3351222",
      "name" : "(2006 UO)",
      "nasa_jpl_url" : "http://ssd.jpl.nasa.gov/sbdb.cgi?sstr=3351222",
      "absolute_magnitude_h" : 21.0,
      "estimated_diameter" : {
        "kilometers" : {
          "estimated_diameter_min" : 0.1677084622,
          "estimated_diameter_max" : 0.3750075218
        },
        "meters" : {
          "estimated_diameter_min" : 167.7084621628,
          "estimated_diameter_max" : 375.0075217981
        },
        "miles" : {
          "estimated_diameter_min" : 0.1042091748,
          "estimated_diameter_max" : 0.2330187988
        },
        "feet" : {
          "estimated_diameter_min" : 550.2246310023,
          "estimated_diameter_max" : 1230.3396778159
        }
      },
      "is_potentially_hazardous_asteroid" : true,
      "close_approach_data" : [ {
        "close_approach_date" : "2006-11-15",
        "epoch_date_close_approach" : 1163577600000,
        "relative_velocity" : {
          "kilometers_per_second" : "15.8014535902",
          "kilometers_per_hour" : "56885.2329248503",
          "miles_per_hour" : "35346.2715359994"
        },
        "miss_distance" : {
          "astronomical" : "0.1475907316",
          "lunar" : "57.4127922058",
          "kilometers" : "22079258",
          "miles" : "13719415"
        },
        "orbiting_body" : "Earth"
      } ],
      "orbital_data" : {
        "orbit_id" : "19",
        "orbit_determination_date" : "2017-04-06 09:07:51",
        "orbit_uncertainty" : "5",
        "minimum_orbit_intersection" : ".0310038",
        "jupiter_tisserand_invariant" : "2.940",
        "epoch_osculation" : "2458000.5",
        "eccentricity" : ".665377670784587",
        "semi_major_axis" : "2.82797489566926",
        "inclination" : "2.29173850679814",
        "ascending_node_longitude" : "25.98580083271234",
        "orbital_period" : "1737.047728550775",
        "perihelion_distance" : ".9463035465515625",
        "perihelion_argument" : "77.77071564615412",
        "aphelion_distance" : "4.709646244786958",
        "perihelion_time" : "2457558.807263576458",
        "mean_anomaly" : "91.54002074838615",
        "mean_motion" : ".2072481913322838",
        "equinox" : "J2000"
      }
    }, {
      "links" : {
        "self" : "https://api.nasa.gov/neo/rest/v1/neo/3358690?api_key=t0TVs3DtDT2H8Oy2Zy8m2eVrNsAVKAexjcZXUckd"
      },
      "neo_reference_id" : "3358690",
      "name" : "(2006 VB45)",
      "nasa_jpl_url" : "http://ssd.jpl.nasa.gov/sbdb.cgi?sstr=3358690",
      "absolute_magnitude_h" : 24.7,
      "estimated_diameter" : {
        "kilometers" : {
          "estimated_diameter_min" : 0.0305179233,
          "estimated_diameter_max" : 0.0682401509
        },
        "meters" : {
          "estimated_diameter_min" : 30.5179232594,
          "estimated_diameter_max" : 68.2401509401
        },
        "miles" : {
          "estimated_diameter_min" : 0.0189629525,
          "estimated_diameter_max" : 0.0424024508
        },
        "feet" : {
          "estimated_diameter_min" : 100.1244233463,
          "estimated_diameter_max" : 223.8850168104
        }
      },
      "is_potentially_hazardous_asteroid" : false,
      "close_approach_data" : [ {
        "close_approach_date" : "2006-11-15",
        "epoch_date_close_approach" : 1163577600000,
        "relative_velocity" : {
          "kilometers_per_second" : "6.9725104199",
          "kilometers_per_hour" : "25101.037511722",
          "miles_per_hour" : "15596.8085583253"
        },
        "miss_distance" : {
          "astronomical" : "0.0345448208",
          "lunar" : "13.4379358292",
          "kilometers" : "5167832",
          "miles" : "3211141.75"
        },
        "orbiting_body" : "Earth"
      } ],
      "orbital_data" : {
        "orbit_id" : "9",
        "orbit_determination_date" : "2017-04-06 09:07:38",
        "orbit_uncertainty" : "7",
        "minimum_orbit_intersection" : ".0343587",
        "jupiter_tisserand_invariant" : "5.189",
        "epoch_osculation" : "2458000.5",
        "eccentricity" : ".1649399800501297",
        "semi_major_axis" : "1.222794120589534",
        "inclination" : "12.48262706206284",
        "ascending_node_longitude" : "234.4963107283649",
        "orbital_period" : "493.8879607404812",
        "perihelion_distance" : "1.02110648273408",
        "perihelion_argument" : "171.2115235354259",
        "aphelion_distance" : "1.424481758444987",
        "perihelion_time" : "2457998.055041193335",
        "mean_anomaly" : "1.782155550177452",
        "mean_motion" : ".728910256205184",
        "equinox" : "J2000"
      }
    }, {
      "links" : {
        "self" : "https://api.nasa.gov/neo/rest/v1/neo/3519490?api_key=t0TVs3DtDT2H8Oy2Zy8m2eVrNsAVKAexjcZXUckd"
      },
      "neo_reference_id" : "3519490",
      "name" : "(2010 JG)",
      "nasa_jpl_url" : "http://ssd.jpl.nasa.gov/sbdb.cgi?sstr=3519490",
      "absolute_magnitude_h" : 20.9,
      "estimated_diameter" : {
        "kilometers" : {
          "estimated_diameter_min" : 0.1756123185,
          "estimated_diameter_max" : 0.3926810818
        },
        "meters" : {
          "estimated_diameter_min" : 175.6123184804,
          "estimated_diameter_max" : 392.6810818086
        },
        "miles" : {
          "estimated_diameter_min" : 0.1091204019,
          "estimated_diameter_max" : 0.2440006365
        },
        "feet" : {
          "estimated_diameter_min" : 576.1559189633,
          "estimated_diameter_max" : 1288.3238004408
        }
      },
      "is_potentially_hazardous_asteroid" : true,
      "close_approach_data" : [ {
        "close_approach_date" : "2006-11-15",
        "epoch_date_close_approach" : 1163577600000,
        "relative_velocity" : {
          "kilometers_per_second" : "15.7194563368",
          "kilometers_per_hour" : "56590.0428123335",
          "miles_per_hour" : "35162.8518796969"
        },
        "miss_distance" : {
          "astronomical" : "0.0305566892",
          "lunar" : "11.8865528107",
          "kilometers" : "4571216",
          "miles" : "2840421.75"
        },
        "orbiting_body" : "Earth"
      } ],
      "orbital_data" : {
        "orbit_id" : "27",
        "orbit_determination_date" : "2017-04-06 08:57:40",
        "orbit_uncertainty" : "1",
        "minimum_orbit_intersection" : ".0287327",
        "jupiter_tisserand_invariant" : "5.203",
        "epoch_osculation" : "2458000.5",
        "eccentricity" : ".3198292493628673",
        "semi_major_axis" : "1.190598312793419",
        "inclination" : "23.30995717448816",
        "ascending_node_longitude" : "49.75422713904511",
        "orbital_period" : "474.5110398148883",
        "perihelion_distance" : ".8098101481200036",
        "perihelion_argument" : "292.0808495992504",
        "aphelion_distance" : "1.571386477466835",
        "perihelion_time" : "2457799.710671111606",
        "mean_anomaly" : "152.33398664027",
        "mean_motion" : ".7586757099275072",
        "equinox" : "J2000"
      }
    }, {
      "links" : {
        "self" : "https://api.nasa.gov/neo/rest/v1/neo/3613391?api_key=t0TVs3DtDT2H8Oy2Zy8m2eVrNsAVKAexjcZXUckd"
      },
      "neo_reference_id" : "3613391",
      "name" : "(2012 UW68)",
      "nasa_jpl_url" : "http://ssd.jpl.nasa.gov/sbdb.cgi?sstr=3613391",
      "absolute_magnitude_h" : 24.8,
      "estimated_diameter" : {
        "kilometers" : {
          "estimated_diameter_min" : 0.0291443905,
          "estimated_diameter_max" : 0.0651688382
        },
        "meters" : {
          "estimated_diameter_min" : 29.1443904535,
          "estimated_diameter_max" : 65.1688382168
        },
        "miles" : {
          "estimated_diameter_min" : 0.018109479,
          "estimated_diameter_max" : 0.0404940262
        },
        "feet" : {
          "estimated_diameter_min" : 95.6180819754,
          "estimated_diameter_max" : 213.8085311752
        }
      },
      "is_potentially_hazardous_asteroid" : false,
      "close_approach_data" : [ {
        "close_approach_date" : "2006-11-15",
        "epoch_date_close_approach" : 1163577600000,
        "relative_velocity" : {
          "kilometers_per_second" : "12.296012641",
          "kilometers_per_hour" : "44265.6455076212",
          "miles_per_hour" : "27504.9506766661"
        },
        "miss_distance" : {
          "astronomical" : "0.3069319557",
          "lunar" : "119.396522522",
          "kilometers" : "45916364",
          "miles" : "28531106"
        },
        "orbiting_body" : "Earth"
      } ],
      "orbital_data" : {
        "orbit_id" : "16",
        "orbit_determination_date" : "2017-04-06 08:48:22",
        "orbit_uncertainty" : "4",
        "minimum_orbit_intersection" : ".0248379",
        "jupiter_tisserand_invariant" : "5.503",
        "epoch_osculation" : "2458000.5",
        "eccentricity" : ".1551877075385778",
        "semi_major_axis" : "1.135946759642179",
        "inclination" : "2.4723345834316",
        "ascending_node_longitude" : "15.39358391881324",
        "orbital_period" : "442.2169576560004",
        "perihelion_distance" : ".959661786127433",
        "perihelion_argument" : "102.3995267673413",
        "aphelion_distance" : "1.312231733156924",
        "perihelion_time" : "2458078.910776980292",
        "mean_anomaly" : "296.1673512871855",
        "mean_motion" : ".8140800432172555",
        "equinox" : "J2000"
      }
    }, {
      "links" : {
        "self" : "https://api.nasa.gov/neo/rest/v1/neo/3719376?api_key=t0TVs3DtDT2H8Oy2Zy8m2eVrNsAVKAexjcZXUckd"
      },
      "neo_reference_id" : "3719376",
      "name" : "(2015 KQ18)",
      "nasa_jpl_url" : "http://ssd.jpl.nasa.gov/sbdb.cgi?sstr=3719376",
      "absolute_magnitude_h" : 25.4,
      "estimated_diameter" : {
        "kilometers" : {
          "estimated_diameter_min" : 0.022108281,
          "estimated_diameter_max" : 0.0494356193
        },
        "meters" : {
          "estimated_diameter_min" : 22.1082810359,
          "estimated_diameter_max" : 49.435619262
        },
        "miles" : {
          "estimated_diameter_min" : 0.0137374447,
          "estimated_diameter_max" : 0.0307178602
        },
        "feet" : {
          "estimated_diameter_min" : 72.5337327539,
          "estimated_diameter_max" : 162.1903570994
        }
      },
      "is_potentially_hazardous_asteroid" : false,
      "close_approach_data" : [ {
        "close_approach_date" : "2006-11-15",
        "epoch_date_close_approach" : 1163577600000,
        "relative_velocity" : {
          "kilometers_per_second" : "18.9708948553",
          "kilometers_per_hour" : "68295.2214791347",
          "miles_per_hour" : "42435.9947018546"
        },
        "miss_distance" : {
          "astronomical" : "0.4783882073",
          "lunar" : "186.0930175781",
          "kilometers" : "71565856",
          "miles" : "44468964"
        },
        "orbiting_body" : "Earth"
      } ],
      "orbital_data" : {
        "orbit_id" : "5",
        "orbit_determination_date" : "2017-04-06 08:33:42",
        "orbit_uncertainty" : "5",
        "minimum_orbit_intersection" : ".0180205",
        "jupiter_tisserand_invariant" : "6.776",
        "epoch_osculation" : "2458000.5",
        "eccentricity" : ".4366432089518958",
        "semi_major_axis" : ".8603633815647342",
        "inclination" : "5.737833579301376",
        "ascending_node_longitude" : "54.03580708122653",
        "orbital_period" : "291.4884183047832",
        "perihelion_distance" : ".4846915537736043",
        "perihelion_argument" : "326.0980792946021",
        "aphelion_distance" : "1.236035209355864",
        "perihelion_time" : "2458119.170644658923",
        "mean_anomaly" : "213.4369484534975",
        "mean_motion" : "1.235040493525134",
        "equinox" : "J2000"
      }
    }, {
      "links" : {
        "self" : "https://api.nasa.gov/neo/rest/v1/neo/3351834?api_key=t0TVs3DtDT2H8Oy2Zy8m2eVrNsAVKAexjcZXUckd"
      },
      "neo_reference_id" : "3351834",
      "name" : "(2006 UE17)",
      "nasa_jpl_url" : "http://ssd.jpl.nasa.gov/sbdb.cgi?sstr=3351834",
      "absolute_magnitude_h" : 21.8,
      "estimated_diameter" : {
        "kilometers" : {
          "estimated_diameter_min" : 0.1160259082,
          "estimated_diameter_max" : 0.2594418179
        },
        "meters" : {
          "estimated_diameter_min" : 116.0259082094,
          "estimated_diameter_max" : 259.4418179074
        },
        "miles" : {
          "estimated_diameter_min" : 0.0720951346,
          "estimated_diameter_max" : 0.1612096218
        },
        "feet" : {
          "estimated_diameter_min" : 380.6624406898,
          "estimated_diameter_max" : 851.1870938635
        }
      },
      "is_potentially_hazardous_asteroid" : false,
      "close_approach_data" : [ {
        "close_approach_date" : "2006-11-15",
        "epoch_date_close_approach" : 1163577600000,
        "relative_velocity" : {
          "kilometers_per_second" : "11.5254222438",
          "kilometers_per_hour" : "41491.5200775436",
          "miles_per_hour" : "25781.2170170714"
        },
        "miss_distance" : {
          "astronomical" : "0.1099600115",
          "lunar" : "42.7744445801",
          "kilometers" : "16449784",
          "miles" : "10221422"
        },
        "orbiting_body" : "Earth"
      } ],
      "orbital_data" : {
        "orbit_id" : "11",
        "orbit_determination_date" : "2017-04-06 09:07:50",
        "orbit_uncertainty" : "7",
        "minimum_orbit_intersection" : ".0552759",
        "jupiter_tisserand_invariant" : "5.301",
        "epoch_osculation" : "2458000.5",
        "eccentricity" : ".3325527729329043",
        "semi_major_axis" : "1.17607739080653",
        "inclination" : "12.13615522764768",
        "ascending_node_longitude" : "27.72136944039609",
        "orbital_period" : "465.856627636561",
        "perihelion_distance" : ".7849695933101236",
        "perihelion_argument" : "115.2996026765416",
        "aphelion_distance" : "1.567185188302937",
        "perihelion_time" : "2457847.899941918562",
        "mean_anomaly" : "117.9247383213707",
        "mean_motion" : ".7727699438910951",
        "equinox" : "J2000"
      }
    } ]
  }
}