{
  "links" : {
    "next" : "https://api.nasa.gov/neo/rest/v1/feed?start_date=1997-06-16&end_date=1997-06-16&detailed=true&api_key=t0TVs3DtDT2H8Oy2Zy8m2eVrNsAVKAexjcZXUckd",
    "prev" : "https://api.nasa.gov/neo/rest/v1/feed?start_date=1997-06-14&end_date=1997-06-14&detailed=true&api_key=t0TVs3DtDT2H8Oy2Zy8m2eVrNsAVKAexjcZXUckd",
    "self" : "https://api.nasa.gov/neo/rest/v1/feed?start_date=1997-06-15&end_date=1997-06-15&detailed=true&api_key=t0TVs3DtDT2H8Oy2Zy8m2eVrNsAVKAexjcZXUckd"
  },
  "element_count" : 6,
  "near_earth_objects" : {
    "1997-06-15" : [ {
      "links" : {
        "self" : "https://api.nasa.gov/neo/rest/v1/neo/3141531?api_key=t0TVs3DtDT2H8Oy2Zy8m2eVrNsAVKAexjcZXUckd"
      },
      "neo_reference_id" : "3141531",
      "name" : "(2002 VS14)",
      "nasa_jpl_url" : "http://ssd.jpl.nasa.gov/sbdb.cgi?sstr=3141531",
      "absolute_magnitude_h" : 21.8,
      "estimated_diameter" : {
        "kilometers" : {
          "estimated_diameter_min" : 0.1160259082,
          "estimated_diameter_max" : 0.2594418179
        },
        "meters" : {
          "estimated_diameter_min" : 116.0259082094,
          "estimated_diameter_max" : 259.4418179074
        },
        "miles" : {
          "estimated_diameter_min" : 0.0720951346,
          "estimated_diameter_max" : 0.1612096218
        },
        "feet" : {
          "estimated_diameter_min" : 380.6624406898,
          "estimated_diameter_max" : 851.1870938635
        }
      },
      "is_potentially_hazardous_asteroid" : false,
      "close_approach_data" : [ {
        "close_approach_date" : "1997-06-15",
        "epoch_date_close_approach" : 866358000000,
        "relative_velocity" : {
          "kilometers_per_second" : "15.8631114154",
          "kilometers_per_hour" : "57107.201095562",
          "miles_per_hour" : "35484.1939251841"
        },
        "miss_distance" : {
          "astronomical" : "0.394777574",
          "lunar" : "153.5684661865",
          "kilometers" : "59057884",
          "miles" : "36696868"
        },
        "orbiting_body" : "Earth"
      } ],
      "orbital_data" : {
        "orbit_id" : "17",
        "orbit_determination_date" : "2017-04-06 09:14:41",
        "orbit_uncertainty" : "2",
        "minimum_orbit_intersection" : ".126227",
        "jupiter_tisserand_invariant" : "5.926",
        "epoch_osculation" : "2458000.5",
        "eccentricity" : ".302112493337494",
        "semi_major_axis" : "1.009052138390967",
        "inclination" : "23.54363717936871",
        "ascending_node_longitude" : "42.41680159179611",
        "orbital_period" : "370.2276390354846",
        "perihelion_distance" : ".7042048809541418",
        "perihelion_argument" : "226.9568772601552",
        "aphelion_distance" : "1.313899395827792",
        "perihelion_time" : "2458026.531111315081",
        "mean_anomaly" : "334.6880052017645",
        "mean_motion" : ".9723747285261317",
        "equinox" : "J2000"
      }
    }, {
      "links" : {
        "self" : "https://api.nasa.gov/neo/rest/v1/neo/3183847?api_key=t0TVs3DtDT2H8Oy2Zy8m2eVrNsAVKAexjcZXUckd"
      },
      "neo_reference_id" : "3183847",
      "name" : "(2004 LO2)",
      "nasa_jpl_url" : "http://ssd.jpl.nasa.gov/sbdb.cgi?sstr=3183847",
      "absolute_magnitude_h" : 25.0,
      "estimated_diameter" : {
        "kilometers" : {
          "estimated_diameter_min" : 0.02658,
          "estimated_diameter_max" : 0.0594346868
        },
        "meters" : {
          "estimated_diameter_min" : 26.58,
          "estimated_diameter_max" : 59.4346868419
        },
        "miles" : {
          "estimated_diameter_min" : 0.0165160412,
          "estimated_diameter_max" : 0.0369309908
        },
        "feet" : {
          "estimated_diameter_min" : 87.2047272,
          "estimated_diameter_max" : 194.9956979785
        }
      },
      "is_potentially_hazardous_asteroid" : false,
      "close_approach_data" : [ {
        "close_approach_date" : "1997-06-15",
        "epoch_date_close_approach" : 866358000000,
        "relative_velocity" : {
          "kilometers_per_second" : "14.832297151",
          "kilometers_per_hour" : "53396.2697434736",
          "miles_per_hour" : "33178.3654969934"
        },
        "miss_distance" : {
          "astronomical" : "0.0499718184",
          "lunar" : "19.439037323",
          "kilometers" : "7475678",
          "miles" : "4645171"
        },
        "orbiting_body" : "Earth"
      } ],
      "orbital_data" : {
        "orbit_id" : "9",
        "orbit_determination_date" : "2017-04-06 09:12:40",
        "orbit_uncertainty" : "7",
        "minimum_orbit_intersection" : ".0137801",
        "jupiter_tisserand_invariant" : "6.393",
        "epoch_osculation" : "2458000.5",
        "eccentricity" : ".3513090023355662",
        "semi_major_axis" : ".9154446324792729",
        "inclination" : "25.44541410484241",
        "ascending_node_longitude" : "82.62024372465116",
        "orbital_period" : "319.9238008647841",
        "perihelion_distance" : ".5938406919495304",
        "perihelion_argument" : "309.4540550035179",
        "aphelion_distance" : "1.237048573009015",
        "perihelion_time" : "2458049.693271706018",
        "mean_anomaly" : "304.6443879251997",
        "mean_motion" : "1.125267951389944",
        "equinox" : "J2000"
      }
    }, {
      "links" : {
        "self" : "https://api.nasa.gov/neo/rest/v1/neo/3553283?api_key=t0TVs3DtDT2H8Oy2Zy8m2eVrNsAVKAexjcZXUckd"
      },
      "neo_reference_id" : "3553283",
      "name" : "(2010 XC25)",
      "nasa_jpl_url" : "http://ssd.jpl.nasa.gov/sbdb.cgi?sstr=3553283",
      "absolute_magnitude_h" : 20.9,
      "estimated_diameter" : {
        "kilometers" : {
          "estimated_diameter_min" : 0.1756123185,
          "estimated_diameter_max" : 0.3926810818
        },
        "meters" : {
          "estimated_diameter_min" : 175.6123184804,
          "estimated_diameter_max" : 392.6810818086
        },
        "miles" : {
          "estimated_diameter_min" : 0.1091204019,
          "estimated_diameter_max" : 0.2440006365
        },
        "feet" : {
          "estimated_diameter_min" : 576.1559189633,
          "estimated_diameter_max" : 1288.3238004408
        }
      },
      "is_potentially_hazardous_asteroid" : true,
      "close_approach_data" : [ {
        "close_approach_date" : "1997-06-15",
        "epoch_date_close_approach" : 866358000000,
        "relative_velocity" : {
          "kilometers_per_second" : "22.3867957528",
          "kilometers_per_hour" : "80592.4647099436",
          "miles_per_hour" : "50077.0234193535"
        },
        "miss_distance" : {
          "astronomical" : "0.3331945987",
          "lunar" : "129.612701416",
          "kilometers" : "49845204",
          "miles" : "30972374"
        },
        "orbiting_body" : "Earth"
      } ],
      "orbital_data" : {
        "orbit_id" : "31",
        "orbit_determination_date" : "2017-04-06 08:55:17",
        "orbit_uncertainty" : "2",
        "minimum_orbit_intersection" : ".000867375",
        "jupiter_tisserand_invariant" : "3.967",
        "epoch_osculation" : "2458000.5",
        "eccentricity" : ".5281969210979273",
        "semi_major_axis" : "1.743108004050793",
        "inclination" : "2.97675503354987",
        "ascending_node_longitude" : "304.0252313577493",
        "orbital_period" : "840.5912646010421",
        "perihelion_distance" : ".8224037231700106",
        "perihelion_argument" : "237.1733062697085",
        "aphelion_distance" : "2.663812284931574",
        "perihelion_time" : "2458137.768523775089",
        "mean_anomaly" : "301.2120127342913",
        "mean_motion" : ".4282699751476262",
        "equinox" : "J2000"
      }
    }, {
      "links" : {
        "self" : "https://api.nasa.gov/neo/rest/v1/neo/3713991?api_key=t0TVs3DtDT2H8Oy2Zy8m2eVrNsAVKAexjcZXUckd"
      },
      "neo_reference_id" : "3713991",
      "name" : "(2015 FF35)",
      "nasa_jpl_url" : "http://ssd.jpl.nasa.gov/sbdb.cgi?sstr=3713991",
      "absolute_magnitude_h" : 19.9,
      "estimated_diameter" : {
        "kilometers" : {
          "estimated_diameter_min" : 0.2783267681,
          "estimated_diameter_max" : 0.6223575734
        },
        "meters" : {
          "estimated_diameter_min" : 278.3267680719,
          "estimated_diameter_max" : 622.3575733667
        },
        "miles" : {
          "estimated_diameter_min" : 0.1729441822,
          "estimated_diameter_max" : 0.3867149477
        },
        "feet" : {
          "estimated_diameter_min" : 913.1455937611,
          "estimated_diameter_max" : 2041.8556210042
        }
      },
      "is_potentially_hazardous_asteroid" : true,
      "close_approach_data" : [ {
        "close_approach_date" : "1997-06-15",
        "epoch_date_close_approach" : 866358000000,
        "relative_velocity" : {
          "kilometers_per_second" : "10.3145291228",
          "kilometers_per_hour" : "37132.304842206",
          "miles_per_hour" : "23072.5701948696"
        },
        "miss_distance" : {
          "astronomical" : "0.1359461503",
          "lunar" : "52.8830528259",
          "kilometers" : "20337256",
          "miles" : "12636985"
        },
        "orbiting_body" : "Earth"
      } ],
      "orbital_data" : {
        "orbit_id" : "25",
        "orbit_determination_date" : "2017-04-06 08:34:56",
        "orbit_uncertainty" : "3",
        "minimum_orbit_intersection" : ".0248668",
        "jupiter_tisserand_invariant" : "3.778",
        "epoch_osculation" : "2458000.5",
        "eccentricity" : ".5206780982063723",
        "semi_major_axis" : "1.882979361818189",
        "inclination" : "8.817636527532116",
        "ascending_node_longitude" : "235.1781471261468",
        "orbital_period" : "943.7713011498346",
        "perihelion_distance" : ".9025532487448457",
        "perihelion_argument" : "35.34522045143274",
        "aphelion_distance" : "2.863405474891532",
        "perihelion_time" : "2458169.885058145756",
        "mean_anomaly" : "295.3883500608894",
        "mean_motion" : ".3814483440653445",
        "equinox" : "J2000"
      }
    }, {
      "links" : {
        "self" : "https://api.nasa.gov/neo/rest/v1/neo/3771017?api_key=t0TVs3DtDT2H8Oy2Zy8m2eVrNsAVKAexjcZXUckd"
      },
      "neo_reference_id" : "3771017",
      "name" : "(2017 EV2)",
      "nasa_jpl_url" : "http://ssd.jpl.nasa.gov/sbdb.cgi?sstr=3771017",
      "absolute_magnitude_h" : 20.7,
      "estimated_diameter" : {
        "kilometers" : {
          "estimated_diameter_min" : 0.1925550782,
          "estimated_diameter_max" : 0.4305662442
        },
        "meters" : {
          "estimated_diameter_min" : 192.5550781879,
          "estimated_diameter_max" : 430.566244241
        },
        "miles" : {
          "estimated_diameter_min" : 0.1196481415,
          "estimated_diameter_max" : 0.2675413778
        },
        "feet" : {
          "estimated_diameter_min" : 631.7424027221,
          "estimated_diameter_max" : 1412.6189567557
        }
      },
      "is_potentially_hazardous_asteroid" : false,
      "close_approach_data" : [ {
        "close_approach_date" : "1997-06-15",
        "epoch_date_close_approach" : 866358000000,
        "relative_velocity" : {
          "kilometers_per_second" : "24.0353485456",
          "kilometers_per_hour" : "86527.2547641654",
          "miles_per_hour" : "53764.671161656"
        },
        "miss_distance" : {
          "astronomical" : "0.3594492333",
          "lunar" : "139.8257598877",
          "kilometers" : "53772840",
          "miles" : "33412894"
        },
        "orbiting_body" : "Earth"
      } ],
      "orbital_data" : {
        "orbit_id" : "7",
        "orbit_determination_date" : "2017-04-24 06:22:36",
        "orbit_uncertainty" : "4",
        "minimum_orbit_intersection" : ".115952",
        "jupiter_tisserand_invariant" : "5.852",
        "epoch_osculation" : "2458000.5",
        "eccentricity" : ".5577268380892703",
        "semi_major_axis" : "1.010317012892565",
        "inclination" : "16.48988169605545",
        "ascending_node_longitude" : "3.184838900422558",
        "orbital_period" : "370.9239928798369",
        "perihelion_distance" : ".4468360998241981",
        "perihelion_argument" : "32.18991652975657",
        "aphelion_distance" : "1.573797925960931",
        "perihelion_time" : "2458087.168283030514",
        "mean_anomaly" : "275.8841636294669",
        "mean_motion" : ".970549241651845",
        "equinox" : "J2000"
      }
    }, {
      "links" : {
        "self" : "https://api.nasa.gov/neo/rest/v1/neo/3774559?api_key=t0TVs3DtDT2H8Oy2Zy8m2eVrNsAVKAexjcZXUckd"
      },
      "neo_reference_id" : "3774559",
      "name" : "(2017 JU1)",
      "nasa_jpl_url" : "http://ssd.jpl.nasa.gov/sbdb.cgi?sstr=3774559",
      "absolute_magnitude_h" : 24.875,
      "estimated_diameter" : {
        "kilometers" : {
          "estimated_diameter_min" : 0.028154964,
          "estimated_diameter_max" : 0.0629564134
        },
        "meters" : {
          "estimated_diameter_min" : 28.1549640152,
          "estimated_diameter_max" : 62.9564134421
        },
        "miles" : {
          "estimated_diameter_min" : 0.0174946781,
          "estimated_diameter_max" : 0.0391192896
        },
        "feet" : {
          "estimated_diameter_min" : 92.3719321397,
          "estimated_diameter_max" : 206.5499194773
        }
      },
      "is_potentially_hazardous_asteroid" : false,
      "close_approach_data" : [ {
        "close_approach_date" : "1997-06-15",
        "epoch_date_close_approach" : 866358000000,
        "relative_velocity" : {
          "kilometers_per_second" : "5.358362849",
          "kilometers_per_hour" : "19290.1062565548",
          "miles_per_hour" : "11986.1218570243"
        },
        "miss_distance" : {
          "astronomical" : "0.0911616996",
          "lunar" : "35.4618988037",
          "kilometers" : "13637596",
          "miles" : "8474009"
        },
        "orbiting_body" : "Earth"
      } ],
      "orbital_data" : {
        "orbit_id" : "17",
        "orbit_determination_date" : "2017-09-18 06:53:59",
        "orbit_uncertainty" : "6",
        "minimum_orbit_intersection" : ".0522855",
        "jupiter_tisserand_invariant" : "4.519",
        "epoch_osculation" : "2458000.5",
        "eccentricity" : ".2875239448666252",
        "semi_major_axis" : "1.488746378989922",
        "inclination" : "2.568665098687804",
        "ascending_node_longitude" : "93.42828468411757",
        "orbital_period" : "663.4825484690828",
        "perihelion_distance" : "1.060696147196836",
        "perihelion_argument" : "150.1630522200347",
        "aphelion_distance" : "1.916796610783008",
        "perihelion_time" : "2457898.432122939011",
        "mean_anomaly" : "55.381163870459",
        "mean_motion" : ".5425915132668715",
        "equinox" : "J2000"
      }
    } ]
  }
}