{
  "links" : {
    "next" : "https://api.nasa.gov/neo/rest/v1/feed?start_date=1997-04-23&end_date=1997-04-23&detailed=true&api_key=t0TVs3DtDT2H8Oy2Zy8m2eVrNsAVKAexjcZXUckd",
    "prev" : "https://api.nasa.gov/neo/rest/v1/feed?start_date=1997-04-21&end_date=1997-04-21&detailed=true&api_key=t0TVs3DtDT2H8Oy2Zy8m2eVrNsAVKAexjcZXUckd",
    "self" : "https://api.nasa.gov/neo/rest/v1/feed?start_date=1997-04-22&end_date=1997-04-22&detailed=true&api_key=t0TVs3DtDT2H8Oy2Zy8m2eVrNsAVKAexjcZXUckd"
  },
  "element_count" : 5,
  "near_earth_objects" : {
    "1997-04-22" : [ {
      "links" : {
        "self" : "https://api.nasa.gov/neo/rest/v1/neo/2429736?api_key=t0TVs3DtDT2H8Oy2Zy8m2eVrNsAVKAexjcZXUckd"
      },
      "neo_reference_id" : "2429736",
      "name" : "429736 (2011 MB2)",
      "nasa_jpl_url" : "http://ssd.jpl.nasa.gov/sbdb.cgi?sstr=2429736",
      "absolute_magnitude_h" : 20.3,
      "estimated_diameter" : {
        "kilometers" : {
          "estimated_diameter_min" : 0.2315021222,
          "estimated_diameter_max" : 0.5176544822
        },
        "meters" : {
          "estimated_diameter_min" : 231.5021222103,
          "estimated_diameter_max" : 517.6544821978
        },
        "miles" : {
          "estimated_diameter_min" : 0.1438487052,
          "estimated_diameter_max" : 0.3216554833
        },
        "feet" : {
          "estimated_diameter_min" : 759.5214226325,
          "estimated_diameter_max" : 1698.3415313737
        }
      },
      "is_potentially_hazardous_asteroid" : false,
      "close_approach_data" : [ {
        "close_approach_date" : "1997-04-22",
        "epoch_date_close_approach" : 861692400000,
        "relative_velocity" : {
          "kilometers_per_second" : "11.6781697237",
          "kilometers_per_hour" : "42041.4110051839",
          "miles_per_hour" : "26122.89785486"
        },
        "miss_distance" : {
          "astronomical" : "0.498736287",
          "lunar" : "194.0084228516",
          "kilometers" : "74609888",
          "miles" : "46360436"
        },
        "orbiting_body" : "Earth"
      } ],
      "orbital_data" : {
        "orbit_id" : "32",
        "orbit_determination_date" : "2017-04-06 09:20:56",
        "orbit_uncertainty" : "0",
        "minimum_orbit_intersection" : ".10431",
        "jupiter_tisserand_invariant" : "5.779",
        "epoch_osculation" : "2458000.5",
        "eccentricity" : ".4156099429834553",
        "semi_major_axis" : "1.044158573940587",
        "inclination" : "12.61015126277415",
        "ascending_node_longitude" : "64.76404948629143",
        "orbital_period" : "389.7158913963528",
        "perihelion_distance" : ".6101958885594539",
        "perihelion_argument" : "321.1555306499532",
        "aphelion_distance" : "1.478121259321721",
        "perihelion_time" : "2458152.248435633129",
        "mean_anomaly" : "219.822403874297",
        "mean_motion" : ".9237498596993806",
        "equinox" : "J2000"
      }
    }, {
      "links" : {
        "self" : "https://api.nasa.gov/neo/rest/v1/neo/3573153?api_key=t0TVs3DtDT2H8Oy2Zy8m2eVrNsAVKAexjcZXUckd"
      },
      "neo_reference_id" : "3573153",
      "name" : "(2011 OK5)",
      "nasa_jpl_url" : "http://ssd.jpl.nasa.gov/sbdb.cgi?sstr=3573153",
      "absolute_magnitude_h" : 20.9,
      "estimated_diameter" : {
        "kilometers" : {
          "estimated_diameter_min" : 0.1756123185,
          "estimated_diameter_max" : 0.3926810818
        },
        "meters" : {
          "estimated_diameter_min" : 175.6123184804,
          "estimated_diameter_max" : 392.6810818086
        },
        "miles" : {
          "estimated_diameter_min" : 0.1091204019,
          "estimated_diameter_max" : 0.2440006365
        },
        "feet" : {
          "estimated_diameter_min" : 576.1559189633,
          "estimated_diameter_max" : 1288.3238004408
        }
      },
      "is_potentially_hazardous_asteroid" : false,
      "close_approach_data" : [ {
        "close_approach_date" : "1997-04-22",
        "epoch_date_close_approach" : 861692400000,
        "relative_velocity" : {
          "kilometers_per_second" : "4.1717873076",
          "kilometers_per_hour" : "15018.4343073758",
          "miles_per_hour" : "9331.8710283802"
        },
        "miss_distance" : {
          "astronomical" : "0.4346158318",
          "lunar" : "169.0655517578",
          "kilometers" : "65017600",
          "miles" : "40400064"
        },
        "orbiting_body" : "Earth"
      } ],
      "orbital_data" : {
        "orbit_id" : "12",
        "orbit_determination_date" : "2017-04-06 08:53:09",
        "orbit_uncertainty" : "2",
        "minimum_orbit_intersection" : ".135246",
        "jupiter_tisserand_invariant" : "4.889",
        "epoch_osculation" : "2458000.5",
        "eccentricity" : ".1592858825316266",
        "semi_major_axis" : "1.328660821402217",
        "inclination" : "12.83435516231425",
        "ascending_node_longitude" : "305.1040546479937",
        "orbital_period" : "559.3963398146553",
        "perihelion_distance" : "1.117023909879969",
        "perihelion_argument" : "172.0325743778836",
        "aphelion_distance" : "1.540297732924465",
        "perihelion_time" : "2458263.533115072883",
        "mean_anomaly" : "190.7248105026715",
        "mean_motion" : ".6435508679218006",
        "equinox" : "J2000"
      }
    }, {
      "links" : {
        "self" : "https://api.nasa.gov/neo/rest/v1/neo/3645308?api_key=t0TVs3DtDT2H8Oy2Zy8m2eVrNsAVKAexjcZXUckd"
      },
      "neo_reference_id" : "3645308",
      "name" : "(2013 PJ10)",
      "nasa_jpl_url" : "http://ssd.jpl.nasa.gov/sbdb.cgi?sstr=3645308",
      "absolute_magnitude_h" : 24.6,
      "estimated_diameter" : {
        "kilometers" : {
          "estimated_diameter_min" : 0.0319561887,
          "estimated_diameter_max" : 0.0714562102
        },
        "meters" : {
          "estimated_diameter_min" : 31.9561886721,
          "estimated_diameter_max" : 71.4562101727
        },
        "miles" : {
          "estimated_diameter_min" : 0.0198566489,
          "estimated_diameter_max" : 0.0444008168
        },
        "feet" : {
          "estimated_diameter_min" : 104.8431420431,
          "estimated_diameter_max" : 234.436392583
        }
      },
      "is_potentially_hazardous_asteroid" : false,
      "close_approach_data" : [ {
        "close_approach_date" : "1997-04-22",
        "epoch_date_close_approach" : 861692400000,
        "relative_velocity" : {
          "kilometers_per_second" : "12.5531454112",
          "kilometers_per_hour" : "45191.3234803808",
          "miles_per_hour" : "28080.1309703511"
        },
        "miss_distance" : {
          "astronomical" : "0.2785562291",
          "lunar" : "108.3583755493",
          "kilometers" : "41671420",
          "miles" : "25893420"
        },
        "orbiting_body" : "Earth"
      } ],
      "orbital_data" : {
        "orbit_id" : "17",
        "orbit_determination_date" : "2017-04-06 08:45:13",
        "orbit_uncertainty" : "6",
        "minimum_orbit_intersection" : ".00263218",
        "jupiter_tisserand_invariant" : "5.004",
        "epoch_osculation" : "2458000.5",
        "eccentricity" : ".2415985059402471",
        "semi_major_axis" : "1.284760415437065",
        "inclination" : "8.264819892269852",
        "ascending_node_longitude" : "312.3425484453203",
        "orbital_period" : "531.9020297565894",
        "perihelion_distance" : ".9743642185762992",
        "perihelion_argument" : "321.2259192491099",
        "aphelion_distance" : "1.595156612297832",
        "perihelion_time" : "2458070.113069826284",
        "mean_anomaly" : "312.8847349032854",
        "mean_motion" : ".6768163681660404",
        "equinox" : "J2000"
      }
    }, {
      "links" : {
        "self" : "https://api.nasa.gov/neo/rest/v1/neo/3774009?api_key=t0TVs3DtDT2H8Oy2Zy8m2eVrNsAVKAexjcZXUckd"
      },
      "neo_reference_id" : "3774009",
      "name" : "(2017 HA1)",
      "nasa_jpl_url" : "http://ssd.jpl.nasa.gov/sbdb.cgi?sstr=3774009",
      "absolute_magnitude_h" : 23.174,
      "estimated_diameter" : {
        "kilometers" : {
          "estimated_diameter_min" : 0.0616247225,
          "estimated_diameter_max" : 0.1377970686
        },
        "meters" : {
          "estimated_diameter_min" : 61.6247224961,
          "estimated_diameter_max" : 137.7970685958
        },
        "miles" : {
          "estimated_diameter_min" : 0.0382918154,
          "estimated_diameter_max" : 0.0856231023
        },
        "feet" : {
          "estimated_diameter_min" : 202.180854554,
          "estimated_diameter_max" : 452.0901345318
        }
      },
      "is_potentially_hazardous_asteroid" : false,
      "close_approach_data" : [ {
        "close_approach_date" : "1997-04-22",
        "epoch_date_close_approach" : 861692400000,
        "relative_velocity" : {
          "kilometers_per_second" : "10.1287175972",
          "kilometers_per_hour" : "36463.3833498955",
          "miles_per_hour" : "22656.9283931615"
        },
        "miss_distance" : {
          "astronomical" : "0.1784087129",
          "lunar" : "69.4009857178",
          "kilometers" : "26689564",
          "miles" : "16584126"
        },
        "orbiting_body" : "Earth"
      } ],
      "orbital_data" : {
        "orbit_id" : "14",
        "orbit_determination_date" : "2017-06-24 06:19:51",
        "orbit_uncertainty" : "6",
        "minimum_orbit_intersection" : ".0952113",
        "jupiter_tisserand_invariant" : "4.662",
        "epoch_osculation" : "2458000.5",
        "eccentricity" : ".2231245053696101",
        "semi_major_axis" : "1.406027092132615",
        "inclination" : "18.49508982871804",
        "ascending_node_longitude" : "207.6823375302296",
        "orbital_period" : "608.9602716877233",
        "perihelion_distance" : "1.092307992664254",
        "perihelion_argument" : "15.72824993900821",
        "aphelion_distance" : "1.719746191600976",
        "perihelion_time" : "2457882.400086695763",
        "mean_anomaly" : "69.81731118795805",
        "mean_motion" : ".5911715701949914",
        "equinox" : "J2000"
      }
    }, {
      "links" : {
        "self" : "https://api.nasa.gov/neo/rest/v1/neo/3717054?api_key=t0TVs3DtDT2H8Oy2Zy8m2eVrNsAVKAexjcZXUckd"
      },
      "neo_reference_id" : "3717054",
      "name" : "(2015 HW10)",
      "nasa_jpl_url" : "http://ssd.jpl.nasa.gov/sbdb.cgi?sstr=3717054",
      "absolute_magnitude_h" : 25.7,
      "estimated_diameter" : {
        "kilometers" : {
          "estimated_diameter_min" : 0.0192555078,
          "estimated_diameter_max" : 0.0430566244
        },
        "meters" : {
          "estimated_diameter_min" : 19.2555078188,
          "estimated_diameter_max" : 43.0566244241
        },
        "miles" : {
          "estimated_diameter_min" : 0.0119648141,
          "estimated_diameter_max" : 0.0267541378
        },
        "feet" : {
          "estimated_diameter_min" : 63.1742402722,
          "estimated_diameter_max" : 141.2618956756
        }
      },
      "is_potentially_hazardous_asteroid" : false,
      "close_approach_data" : [ {
        "close_approach_date" : "1997-04-22",
        "epoch_date_close_approach" : 861692400000,
        "relative_velocity" : {
          "kilometers_per_second" : "11.9578079631",
          "kilometers_per_hour" : "43048.1086672864",
          "miles_per_hour" : "26748.4206327369"
        },
        "miss_distance" : {
          "astronomical" : "0.2135114162",
          "lunar" : "83.0559463501",
          "kilometers" : "31940854",
          "miles" : "19847126"
        },
        "orbiting_body" : "Earth"
      } ],
      "orbital_data" : {
        "orbit_id" : "5",
        "orbit_determination_date" : "2017-04-06 08:34:09",
        "orbit_uncertainty" : "5",
        "minimum_orbit_intersection" : ".0130673",
        "jupiter_tisserand_invariant" : "6.378",
        "epoch_osculation" : "2458000.5",
        "eccentricity" : ".1058400345108555",
        "semi_major_axis" : ".9343803819397701",
        "inclination" : "16.10752297279969",
        "ascending_node_longitude" : "32.59949558269044",
        "orbital_period" : "329.9012750923198",
        "perihelion_distance" : ".8354855300689986",
        "perihelion_argument" : "330.5789839703661",
        "aphelion_distance" : "1.033275233810542",
        "perihelion_time" : "2457929.042721933380",
        "mean_anomaly" : "77.97672226875825",
        "mean_motion" : "1.091235551906422",
        "equinox" : "J2000"
      }
    } ]
  }
}