{
  "links" : {
    "next" : "https://api.nasa.gov/neo/rest/v1/feed?start_date=1995-09-09&end_date=1995-09-09&detailed=true&api_key=t0TVs3DtDT2H8Oy2Zy8m2eVrNsAVKAexjcZXUckd",
    "prev" : "https://api.nasa.gov/neo/rest/v1/feed?start_date=1995-09-07&end_date=1995-09-07&detailed=true&api_key=t0TVs3DtDT2H8Oy2Zy8m2eVrNsAVKAexjcZXUckd",
    "self" : "https://api.nasa.gov/neo/rest/v1/feed?start_date=1995-09-08&end_date=1995-09-08&detailed=true&api_key=t0TVs3DtDT2H8Oy2Zy8m2eVrNsAVKAexjcZXUckd"
  },
  "element_count" : 7,
  "near_earth_objects" : {
    "1995-09-08" : [ {
      "links" : {
        "self" : "https://api.nasa.gov/neo/rest/v1/neo/3150188?api_key=t0TVs3DtDT2H8Oy2Zy8m2eVrNsAVKAexjcZXUckd"
      },
      "neo_reference_id" : "3150188",
      "name" : "(2003 DF6)",
      "nasa_jpl_url" : "http://ssd.jpl.nasa.gov/sbdb.cgi?sstr=3150188",
      "absolute_magnitude_h" : 21.2,
      "estimated_diameter" : {
        "kilometers" : {
          "estimated_diameter_min" : 0.1529519353,
          "estimated_diameter_max" : 0.3420109247
        },
        "meters" : {
          "estimated_diameter_min" : 152.9519353442,
          "estimated_diameter_max" : 342.0109247198
        },
        "miles" : {
          "estimated_diameter_min" : 0.095039897,
          "estimated_diameter_max" : 0.2125156703
        },
        "feet" : {
          "estimated_diameter_min" : 501.8108275547,
          "estimated_diameter_max" : 1122.0831222578
        }
      },
      "is_potentially_hazardous_asteroid" : false,
      "close_approach_data" : [ {
        "close_approach_date" : "1995-09-08",
        "epoch_date_close_approach" : 810543600000,
        "relative_velocity" : {
          "kilometers_per_second" : "12.8466218044",
          "kilometers_per_hour" : "46247.8384959228",
          "miles_per_hour" : "28736.6083143138"
        },
        "miss_distance" : {
          "astronomical" : "0.4207401538",
          "lunar" : "163.6679229736",
          "kilometers" : "62941832",
          "miles" : "39110240"
        },
        "orbiting_body" : "Earth"
      } ],
      "orbital_data" : {
        "orbit_id" : "23",
        "orbit_determination_date" : "2017-04-06 09:14:20",
        "orbit_uncertainty" : "1",
        "minimum_orbit_intersection" : ".138005",
        "jupiter_tisserand_invariant" : "5.122",
        "epoch_osculation" : "2458000.5",
        "eccentricity" : ".1727505558584062",
        "semi_major_axis" : "1.220779402862681",
        "inclination" : "25.78403060537174",
        "ascending_node_longitude" : "157.224245276986",
        "orbital_period" : "492.667843429631",
        "perihelion_distance" : "1.00988908243766",
        "perihelion_argument" : "76.36357280906761",
        "aphelion_distance" : "1.431669723287702",
        "perihelion_time" : "2458195.525236124033",
        "mean_anomaly" : "217.4920487687966",
        "mean_motion" : ".7307154400293628",
        "equinox" : "J2000"
      }
    }, {
      "links" : {
        "self" : "https://api.nasa.gov/neo/rest/v1/neo/3508168?api_key=t0TVs3DtDT2H8Oy2Zy8m2eVrNsAVKAexjcZXUckd"
      },
      "neo_reference_id" : "3508168",
      "name" : "(2010 DJ56)",
      "nasa_jpl_url" : "http://ssd.jpl.nasa.gov/sbdb.cgi?sstr=3508168",
      "absolute_magnitude_h" : 19.3,
      "estimated_diameter" : {
        "kilometers" : {
          "estimated_diameter_min" : 0.3669061375,
          "estimated_diameter_max" : 0.8204270649
        },
        "meters" : {
          "estimated_diameter_min" : 366.9061375314,
          "estimated_diameter_max" : 820.4270648822
        },
        "miles" : {
          "estimated_diameter_min" : 0.2279848336,
          "estimated_diameter_max" : 0.5097895857
        },
        "feet" : {
          "estimated_diameter_min" : 1203.7603322587,
          "estimated_diameter_max" : 2691.6899315481
        }
      },
      "is_potentially_hazardous_asteroid" : true,
      "close_approach_data" : [ {
        "close_approach_date" : "1995-09-08",
        "epoch_date_close_approach" : 810543600000,
        "relative_velocity" : {
          "kilometers_per_second" : "20.9869210498",
          "kilometers_per_hour" : "75552.9157793455",
          "miles_per_hour" : "46945.6436963383"
        },
        "miss_distance" : {
          "astronomical" : "0.4807633153",
          "lunar" : "187.0169372559",
          "kilometers" : "71921168",
          "miles" : "44689744"
        },
        "orbiting_body" : "Earth"
      } ],
      "orbital_data" : {
        "orbit_id" : "42",
        "orbit_determination_date" : "2016-08-30 06:18:24",
        "orbit_uncertainty" : "1",
        "minimum_orbit_intersection" : ".0261387",
        "jupiter_tisserand_invariant" : "4.943",
        "epoch_osculation" : "2457600.5",
        "eccentricity" : ".2453492870265468",
        "semi_major_axis" : "1.249949556315622",
        "inclination" : "34.84177629327663",
        "ascending_node_longitude" : "149.9465216640271",
        "orbital_period" : "510.4311345016312",
        "perihelion_distance" : ".9432753238544359",
        "perihelion_argument" : "309.2586559908565",
        "aphelion_distance" : "1.556623788776809",
        "perihelion_time" : "2457720.011322902487",
        "mean_anomaly" : "275.7103214581483",
        "mean_motion" : ".705286131010587",
        "equinox" : "J2000"
      }
    }, {
      "links" : {
        "self" : "https://api.nasa.gov/neo/rest/v1/neo/3682429?api_key=t0TVs3DtDT2H8Oy2Zy8m2eVrNsAVKAexjcZXUckd"
      },
      "neo_reference_id" : "3682429",
      "name" : "(2014 PF68)",
      "nasa_jpl_url" : "http://ssd.jpl.nasa.gov/sbdb.cgi?sstr=3682429",
      "absolute_magnitude_h" : 18.2,
      "estimated_diameter" : {
        "kilometers" : {
          "estimated_diameter_min" : 0.6089126221,
          "estimated_diameter_max" : 1.3615700154
        },
        "meters" : {
          "estimated_diameter_min" : 608.9126221057,
          "estimated_diameter_max" : 1361.5700153859
        },
        "miles" : {
          "estimated_diameter_min" : 0.3783606449,
          "estimated_diameter_max" : 0.846040122
        },
        "feet" : {
          "estimated_diameter_min" : 1997.7448871092,
          "estimated_diameter_max" : 4467.0933692788
        }
      },
      "is_potentially_hazardous_asteroid" : false,
      "close_approach_data" : [ {
        "close_approach_date" : "1995-09-08",
        "epoch_date_close_approach" : 810543600000,
        "relative_velocity" : {
          "kilometers_per_second" : "13.640816033",
          "kilometers_per_hour" : "49106.9377187212",
          "miles_per_hour" : "30513.1413841687"
        },
        "miss_distance" : {
          "astronomical" : "0.1758123327",
          "lunar" : "68.3909988403",
          "kilometers" : "26301152",
          "miles" : "16342778"
        },
        "orbiting_body" : "Earth"
      } ],
      "orbital_data" : {
        "orbit_id" : "15",
        "orbit_determination_date" : "2017-04-06 08:39:18",
        "orbit_uncertainty" : "4",
        "minimum_orbit_intersection" : ".183099",
        "jupiter_tisserand_invariant" : "2.929",
        "epoch_osculation" : "2458000.5",
        "eccentricity" : ".5866239297757432",
        "semi_major_axis" : "2.857746915166375",
        "inclination" : "22.63213585239608",
        "ascending_node_longitude" : "342.2124259372509",
        "orbital_period" : "1764.550425924801",
        "perihelion_distance" : "1.181324189486969",
        "perihelion_argument" : "14.0525696730914",
        "aphelion_distance" : "4.534169640845781",
        "perihelion_time" : "2458761.988161779440",
        "mean_anomaly" : "204.6427292680379",
        "mean_motion" : ".2040179723463125",
        "equinox" : "J2000"
      }
    }, {
      "links" : {
        "self" : "https://api.nasa.gov/neo/rest/v1/neo/3691712?api_key=t0TVs3DtDT2H8Oy2Zy8m2eVrNsAVKAexjcZXUckd"
      },
      "neo_reference_id" : "3691712",
      "name" : "(2014 SD304)",
      "nasa_jpl_url" : "http://ssd.jpl.nasa.gov/sbdb.cgi?sstr=3691712",
      "absolute_magnitude_h" : 25.0,
      "estimated_diameter" : {
        "kilometers" : {
          "estimated_diameter_min" : 0.02658,
          "estimated_diameter_max" : 0.0594346868
        },
        "meters" : {
          "estimated_diameter_min" : 26.58,
          "estimated_diameter_max" : 59.4346868419
        },
        "miles" : {
          "estimated_diameter_min" : 0.0165160412,
          "estimated_diameter_max" : 0.0369309908
        },
        "feet" : {
          "estimated_diameter_min" : 87.2047272,
          "estimated_diameter_max" : 194.9956979785
        }
      },
      "is_potentially_hazardous_asteroid" : false,
      "close_approach_data" : [ {
        "close_approach_date" : "1995-09-08",
        "epoch_date_close_approach" : 810543600000,
        "relative_velocity" : {
          "kilometers_per_second" : "1.4444125634",
          "kilometers_per_hour" : "5199.8852281028",
          "miles_per_hour" : "3231.0064629842"
        },
        "miss_distance" : {
          "astronomical" : "0.1119722051",
          "lunar" : "43.5571861267",
          "kilometers" : "16750804",
          "miles" : "10408467"
        },
        "orbiting_body" : "Earth"
      } ],
      "orbital_data" : {
        "orbit_id" : "16",
        "orbit_determination_date" : "2017-04-06 08:38:19",
        "orbit_uncertainty" : "4",
        "minimum_orbit_intersection" : ".0448509",
        "jupiter_tisserand_invariant" : "5.397",
        "epoch_osculation" : "2458000.5",
        "eccentricity" : ".1084151637830949",
        "semi_major_axis" : "1.167829548918546",
        "inclination" : "2.294234819308754",
        "ascending_node_longitude" : "7.6341397453128",
        "orbital_period" : "460.9646442514971",
        "perihelion_distance" : "1.041219117101804",
        "perihelion_argument" : "19.27899904590315",
        "aphelion_distance" : "1.294439980735288",
        "perihelion_time" : "2457870.113749996034",
        "mean_anomaly" : "101.827874625062",
        "mean_motion" : ".7809709583791595",
        "equinox" : "J2000"
      }
    }, {
      "links" : {
        "self" : "https://api.nasa.gov/neo/rest/v1/neo/2477519?api_key=t0TVs3DtDT2H8Oy2Zy8m2eVrNsAVKAexjcZXUckd"
      },
      "neo_reference_id" : "2477519",
      "name" : "477519 (2010 DJ56)",
      "nasa_jpl_url" : "http://ssd.jpl.nasa.gov/sbdb.cgi?sstr=2477519",
      "absolute_magnitude_h" : 19.3,
      "estimated_diameter" : {
        "kilometers" : {
          "estimated_diameter_min" : 0.3669061375,
          "estimated_diameter_max" : 0.8204270649
        },
        "meters" : {
          "estimated_diameter_min" : 366.9061375314,
          "estimated_diameter_max" : 820.4270648822
        },
        "miles" : {
          "estimated_diameter_min" : 0.2279848336,
          "estimated_diameter_max" : 0.5097895857
        },
        "feet" : {
          "estimated_diameter_min" : 1203.7603322587,
          "estimated_diameter_max" : 2691.6899315481
        }
      },
      "is_potentially_hazardous_asteroid" : true,
      "close_approach_data" : [ {
        "close_approach_date" : "1995-09-08",
        "epoch_date_close_approach" : 810543600000,
        "relative_velocity" : {
          "kilometers_per_second" : "20.9868479851",
          "kilometers_per_hour" : "75552.6527462239",
          "miles_per_hour" : "46945.4802577856"
        },
        "miss_distance" : {
          "astronomical" : "0.4807602648",
          "lunar" : "187.0157470703",
          "kilometers" : "71920712",
          "miles" : "44689460"
        },
        "orbiting_body" : "Earth"
      } ],
      "orbital_data" : {
        "orbit_id" : "51",
        "orbit_determination_date" : "2017-09-23 06:51:37",
        "orbit_uncertainty" : "0",
        "minimum_orbit_intersection" : ".0287566",
        "jupiter_tisserand_invariant" : "4.943",
        "epoch_osculation" : "2458000.5",
        "eccentricity" : ".2453827326983622",
        "semi_major_axis" : "1.249866955593947",
        "inclination" : "34.8408230892633",
        "ascending_node_longitude" : "149.9422270457515",
        "orbital_period" : "510.380538919628",
        "perihelion_distance" : ".943171186520922",
        "perihelion_argument" : "309.2546882817978",
        "aphelion_distance" : "1.556562724666972",
        "perihelion_time" : "2458230.387511671778",
        "mean_anomaly" : "197.8474532414083",
        "mean_motion" : ".7053560481793584",
        "equinox" : "J2000"
      }
    }, {
      "links" : {
        "self" : "https://api.nasa.gov/neo/rest/v1/neo/3766334?api_key=t0TVs3DtDT2H8Oy2Zy8m2eVrNsAVKAexjcZXUckd"
      },
      "neo_reference_id" : "3766334",
      "name" : "(2017 AL4)",
      "nasa_jpl_url" : "http://ssd.jpl.nasa.gov/sbdb.cgi?sstr=3766334",
      "absolute_magnitude_h" : 23.0,
      "estimated_diameter" : {
        "kilometers" : {
          "estimated_diameter_min" : 0.0667659413,
          "estimated_diameter_max" : 0.1492931834
        },
        "meters" : {
          "estimated_diameter_min" : 66.7659413495,
          "estimated_diameter_max" : 149.2931834393
        },
        "miles" : {
          "estimated_diameter_min" : 0.0414864197,
          "estimated_diameter_max" : 0.0927664547
        },
        "feet" : {
          "estimated_diameter_min" : 219.0483710172,
          "estimated_diameter_max" : 489.807047955
        }
      },
      "is_potentially_hazardous_asteroid" : false,
      "close_approach_data" : [ {
        "close_approach_date" : "1995-09-08",
        "epoch_date_close_approach" : 810543600000,
        "relative_velocity" : {
          "kilometers_per_second" : "12.1994444643",
          "kilometers_per_hour" : "43918.0000713562",
          "miles_per_hour" : "27288.9373221157"
        },
        "miss_distance" : {
          "astronomical" : "0.3438678419",
          "lunar" : "133.7645874023",
          "kilometers" : "51441896",
          "miles" : "31964512"
        },
        "orbiting_body" : "Earth"
      } ],
      "orbital_data" : {
        "orbit_id" : "5",
        "orbit_determination_date" : "2017-04-06 08:21:11",
        "orbit_uncertainty" : "6",
        "minimum_orbit_intersection" : ".0896811",
        "jupiter_tisserand_invariant" : "4.560",
        "epoch_osculation" : "2458000.5",
        "eccentricity" : ".311335293033921",
        "semi_major_axis" : "1.452642086480584",
        "inclination" : "13.21059097460447",
        "ascending_node_longitude" : "270.8048442942994",
        "orbital_period" : "639.4938330035889",
        "perihelion_distance" : "1.000383336812745",
        "perihelion_argument" : "127.8868226456739",
        "aphelion_distance" : "1.904900836148423",
        "perihelion_time" : "2457684.267927580688",
        "mean_anomaly" : "178.021335305533",
        "mean_motion" : ".5629452254592417",
        "equinox" : "J2000"
      }
    }, {
      "links" : {
        "self" : "https://api.nasa.gov/neo/rest/v1/neo/3625128?api_key=t0TVs3DtDT2H8Oy2Zy8m2eVrNsAVKAexjcZXUckd"
      },
      "neo_reference_id" : "3625128",
      "name" : "(2013 BR45)",
      "nasa_jpl_url" : "http://ssd.jpl.nasa.gov/sbdb.cgi?sstr=3625128",
      "absolute_magnitude_h" : 19.9,
      "estimated_diameter" : {
        "kilometers" : {
          "estimated_diameter_min" : 0.2783267681,
          "estimated_diameter_max" : 0.6223575734
        },
        "meters" : {
          "estimated_diameter_min" : 278.3267680719,
          "estimated_diameter_max" : 622.3575733667
        },
        "miles" : {
          "estimated_diameter_min" : 0.1729441822,
          "estimated_diameter_max" : 0.3867149477
        },
        "feet" : {
          "estimated_diameter_min" : 913.1455937611,
          "estimated_diameter_max" : 2041.8556210042
        }
      },
      "is_potentially_hazardous_asteroid" : false,
      "close_approach_data" : [ {
        "close_approach_date" : "1995-09-08",
        "epoch_date_close_approach" : 810543600000,
        "relative_velocity" : {
          "kilometers_per_second" : "21.8235957809",
          "kilometers_per_hour" : "78564.9448113509",
          "miles_per_hour" : "48817.2014023641"
        },
        "miss_distance" : {
          "astronomical" : "0.4392163425",
          "lunar" : "170.8551635742",
          "kilometers" : "65705832",
          "miles" : "40827712"
        },
        "orbiting_body" : "Earth"
      } ],
      "orbital_data" : {
        "orbit_id" : "20",
        "orbit_determination_date" : "2017-06-20 06:19:26",
        "orbit_uncertainty" : "2",
        "minimum_orbit_intersection" : ".0703769",
        "jupiter_tisserand_invariant" : "3.725",
        "epoch_osculation" : "2458000.5",
        "eccentricity" : ".6904175453451732",
        "semi_major_axis" : "1.810032265391183",
        "inclination" : "4.629447663932813",
        "ascending_node_longitude" : "153.6329593635456",
        "orbital_period" : "889.4630303796989",
        "perihelion_distance" : ".5603542317242395",
        "perihelion_argument" : "204.50578533573",
        "aphelion_distance" : "3.059710299058127",
        "perihelion_time" : "2457982.891146359049",
        "mean_anomaly" : "7.126982341285601",
        "mean_motion" : ".4047385756396432",
        "equinox" : "J2000"
      }
    } ]
  }
}