{
  "links" : {
    "next" : "https://api.nasa.gov/neo/rest/v1/feed?start_date=2005-10-23&end_date=2005-10-23&detailed=true&api_key=t0TVs3DtDT2H8Oy2Zy8m2eVrNsAVKAexjcZXUckd",
    "prev" : "https://api.nasa.gov/neo/rest/v1/feed?start_date=2005-10-21&end_date=2005-10-21&detailed=true&api_key=t0TVs3DtDT2H8Oy2Zy8m2eVrNsAVKAexjcZXUckd",
    "self" : "https://api.nasa.gov/neo/rest/v1/feed?start_date=2005-10-22&end_date=2005-10-22&detailed=true&api_key=t0TVs3DtDT2H8Oy2Zy8m2eVrNsAVKAexjcZXUckd"
  },
  "element_count" : 11,
  "near_earth_objects" : {
    "2005-10-22" : [ {
      "links" : {
        "self" : "https://api.nasa.gov/neo/rest/v1/neo/3299814?api_key=t0TVs3DtDT2H8Oy2Zy8m2eVrNsAVKAexjcZXUckd"
      },
      "neo_reference_id" : "3299814",
      "name" : "(2005 VD7)",
      "nasa_jpl_url" : "http://ssd.jpl.nasa.gov/sbdb.cgi?sstr=3299814",
      "absolute_magnitude_h" : 22.4,
      "estimated_diameter" : {
        "kilometers" : {
          "estimated_diameter_min" : 0.0880146521,
          "estimated_diameter_max" : 0.1968067451
        },
        "meters" : {
          "estimated_diameter_min" : 88.0146520901,
          "estimated_diameter_max" : 196.8067450894
        },
        "miles" : {
          "estimated_diameter_min" : 0.0546897524,
          "estimated_diameter_max" : 0.122290004
        },
        "feet" : {
          "estimated_diameter_min" : 288.7619911632,
          "estimated_diameter_max" : 645.6914415591
        }
      },
      "is_potentially_hazardous_asteroid" : false,
      "close_approach_data" : [ {
        "close_approach_date" : "2005-10-22",
        "epoch_date_close_approach" : 1129964400000,
        "relative_velocity" : {
          "kilometers_per_second" : "7.8633289473",
          "kilometers_per_hour" : "28307.9842103619",
          "miles_per_hour" : "17589.4805222663"
        },
        "miss_distance" : {
          "astronomical" : "0.0233924501",
          "lunar" : "9.0996627808",
          "kilometers" : "3499460.75",
          "miles" : "2174464"
        },
        "orbiting_body" : "Earth"
      } ],
      "orbital_data" : {
        "orbit_id" : "10",
        "orbit_determination_date" : "2017-04-06 09:09:53",
        "orbit_uncertainty" : "7",
        "minimum_orbit_intersection" : ".0239069",
        "jupiter_tisserand_invariant" : "3.345",
        "epoch_osculation" : "2458000.5",
        "eccentricity" : ".5605925785662602",
        "semi_major_axis" : "2.319485123299053",
        "inclination" : "5.193070844332689",
        "ascending_node_longitude" : "27.90114233675139",
        "orbital_period" : "1290.285491608256",
        "perihelion_distance" : "1.019198977082757",
        "perihelion_argument" : "355.0307396743582",
        "aphelion_distance" : "3.61977126951535",
        "perihelion_time" : "2457525.920161922130",
        "mean_anomaly" : "132.411580862683",
        "mean_motion" : ".2790080198075263",
        "equinox" : "J2000"
      }
    }, {
      "links" : {
        "self" : "https://api.nasa.gov/neo/rest/v1/neo/3303320?api_key=t0TVs3DtDT2H8Oy2Zy8m2eVrNsAVKAexjcZXUckd"
      },
      "neo_reference_id" : "3303320",
      "name" : "(2005 VO118)",
      "nasa_jpl_url" : "http://ssd.jpl.nasa.gov/sbdb.cgi?sstr=3303320",
      "absolute_magnitude_h" : 24.6,
      "estimated_diameter" : {
        "kilometers" : {
          "estimated_diameter_min" : 0.0319561887,
          "estimated_diameter_max" : 0.0714562102
        },
        "meters" : {
          "estimated_diameter_min" : 31.9561886721,
          "estimated_diameter_max" : 71.4562101727
        },
        "miles" : {
          "estimated_diameter_min" : 0.0198566489,
          "estimated_diameter_max" : 0.0444008168
        },
        "feet" : {
          "estimated_diameter_min" : 104.8431420431,
          "estimated_diameter_max" : 234.436392583
        }
      },
      "is_potentially_hazardous_asteroid" : false,
      "close_approach_data" : [ {
        "close_approach_date" : "2005-10-22",
        "epoch_date_close_approach" : 1129964400000,
        "relative_velocity" : {
          "kilometers_per_second" : "6.5683162886",
          "kilometers_per_hour" : "23645.9386389719",
          "miles_per_hour" : "14692.6667059767"
        },
        "miss_distance" : {
          "astronomical" : "0.0894175604",
          "lunar" : "34.7834320068",
          "kilometers" : "13376677",
          "miles" : "8311881.5"
        },
        "orbiting_body" : "Earth"
      } ],
      "orbital_data" : {
        "orbit_id" : "6",
        "orbit_determination_date" : "2017-04-06 09:09:52",
        "orbit_uncertainty" : "9",
        "minimum_orbit_intersection" : ".0870121",
        "jupiter_tisserand_invariant" : "3.182",
        "epoch_osculation" : "2453678.5",
        "eccentricity" : ".5768551439488587",
        "semi_major_axis" : "2.547144345139403",
        "inclination" : "4.45529555445567",
        "ascending_node_longitude" : "50.00607901729683",
        "orbital_period" : "1484.836935619528",
        "perihelion_distance" : "1.077811027265491",
        "perihelion_argument" : "342.3264717575414",
        "aphelion_distance" : "4.016477663013315",
        "perihelion_time" : "2453668.032141739893",
        "mean_anomaly" : "2.537941293914671",
        "mean_motion" : ".2424508653873126",
        "equinox" : "J2000"
      }
    }, {
      "links" : {
        "self" : "https://api.nasa.gov/neo/rest/v1/neo/2141432?api_key=t0TVs3DtDT2H8Oy2Zy8m2eVrNsAVKAexjcZXUckd"
      },
      "neo_reference_id" : "2141432",
      "name" : "141432 (2002 CQ11)",
      "nasa_jpl_url" : "http://ssd.jpl.nasa.gov/sbdb.cgi?sstr=2141432",
      "absolute_magnitude_h" : 20.0,
      "estimated_diameter" : {
        "kilometers" : {
          "estimated_diameter_min" : 0.2658,
          "estimated_diameter_max" : 0.5943468684
        },
        "meters" : {
          "estimated_diameter_min" : 265.8,
          "estimated_diameter_max" : 594.3468684194
        },
        "miles" : {
          "estimated_diameter_min" : 0.1651604118,
          "estimated_diameter_max" : 0.369309908
        },
        "feet" : {
          "estimated_diameter_min" : 872.047272,
          "estimated_diameter_max" : 1949.9569797852
        }
      },
      "is_potentially_hazardous_asteroid" : true,
      "close_approach_data" : [ {
        "close_approach_date" : "2005-10-22",
        "epoch_date_close_approach" : 1129964400000,
        "relative_velocity" : {
          "kilometers_per_second" : "15.1691738057",
          "kilometers_per_hour" : "54609.0257005002",
          "miles_per_hour" : "33931.924885958"
        },
        "miss_distance" : {
          "astronomical" : "0.4044387084",
          "lunar" : "157.3266601562",
          "kilometers" : "60503168",
          "miles" : "37594928"
        },
        "orbiting_body" : "Earth"
      } ],
      "orbital_data" : {
        "orbit_id" : "102",
        "orbit_determination_date" : "2017-04-06 09:27:34",
        "orbit_uncertainty" : "0",
        "minimum_orbit_intersection" : ".0192505",
        "jupiter_tisserand_invariant" : "6.101",
        "epoch_osculation" : "2458000.5",
        "eccentricity" : ".4283132812519154",
        "semi_major_axis" : ".9784568368921948",
        "inclination" : "2.463299292783884",
        "ascending_node_longitude" : "81.35597636609009",
        "orbital_period" : "353.5175145093002",
        "perihelion_distance" : ".5593707785195287",
        "perihelion_argument" : "272.7859806053464",
        "aphelion_distance" : "1.397542895264861",
        "perihelion_time" : "2457893.450959568429",
        "mean_anomaly" : "109.0120092320113",
        "mean_motion" : "1.018337098516032",
        "equinox" : "J2000"
      }
    }, {
      "links" : {
        "self" : "https://api.nasa.gov/neo/rest/v1/neo/2162015?api_key=t0TVs3DtDT2H8Oy2Zy8m2eVrNsAVKAexjcZXUckd"
      },
      "neo_reference_id" : "2162015",
      "name" : "162015 (1994 TF2)",
      "nasa_jpl_url" : "http://ssd.jpl.nasa.gov/sbdb.cgi?sstr=2162015",
      "absolute_magnitude_h" : 19.2,
      "estimated_diameter" : {
        "kilometers" : {
          "estimated_diameter_min" : 0.3841978911,
          "estimated_diameter_max" : 0.8590926012
        },
        "meters" : {
          "estimated_diameter_min" : 384.1978910643,
          "estimated_diameter_max" : 859.0926012318
        },
        "miles" : {
          "estimated_diameter_min" : 0.2387294278,
          "estimated_diameter_max" : 0.5338152287
        },
        "feet" : {
          "estimated_diameter_min" : 1260.4918089193,
          "estimated_diameter_max" : 2818.5453698252
        }
      },
      "is_potentially_hazardous_asteroid" : false,
      "close_approach_data" : [ {
        "close_approach_date" : "2005-10-22",
        "epoch_date_close_approach" : 1129964400000,
        "relative_velocity" : {
          "kilometers_per_second" : "20.447543013",
          "kilometers_per_hour" : "73611.154846863",
          "miles_per_hour" : "45739.1089658189"
        },
        "miss_distance" : {
          "astronomical" : "0.4976711064",
          "lunar" : "193.5940551758",
          "kilometers" : "74450536",
          "miles" : "46261420"
        },
        "orbiting_body" : "Earth"
      } ],
      "orbital_data" : {
        "orbit_id" : "17",
        "orbit_determination_date" : "2017-04-06 09:26:40",
        "orbit_uncertainty" : "1",
        "minimum_orbit_intersection" : ".254796",
        "jupiter_tisserand_invariant" : "6.006",
        "epoch_osculation" : "2458000.5",
        "eccentricity" : ".2839999908687965",
        "semi_major_axis" : ".9931395616890283",
        "inclination" : "23.75271164772924",
        "ascending_node_longitude" : "175.2474080536218",
        "orbital_period" : "361.5046187285948",
        "perihelion_distance" : ".7110879352379037",
        "perihelion_argument" : "349.7534831072251",
        "aphelion_distance" : "1.275191188140153",
        "perihelion_time" : "2458084.182992026030",
        "mean_anomaly" : "276.6653050372549",
        "mean_motion" : ".9958378990180361",
        "equinox" : "J2000"
      }
    }, {
      "links" : {
        "self" : "https://api.nasa.gov/neo/rest/v1/neo/3144144?api_key=t0TVs3DtDT2H8Oy2Zy8m2eVrNsAVKAexjcZXUckd"
      },
      "neo_reference_id" : "3144144",
      "name" : "(2002 XU4)",
      "nasa_jpl_url" : "http://ssd.jpl.nasa.gov/sbdb.cgi?sstr=3144144",
      "absolute_magnitude_h" : 22.1,
      "estimated_diameter" : {
        "kilometers" : {
          "estimated_diameter_min" : 0.1010543415,
          "estimated_diameter_max" : 0.2259643771
        },
        "meters" : {
          "estimated_diameter_min" : 101.054341542,
          "estimated_diameter_max" : 225.9643771094
        },
        "miles" : {
          "estimated_diameter_min" : 0.0627922373,
          "estimated_diameter_max" : 0.140407711
        },
        "feet" : {
          "estimated_diameter_min" : 331.5431259047,
          "estimated_diameter_max" : 741.3529669956
        }
      },
      "is_potentially_hazardous_asteroid" : false,
      "close_approach_data" : [ {
        "close_approach_date" : "2005-10-22",
        "epoch_date_close_approach" : 1129964400000,
        "relative_velocity" : {
          "kilometers_per_second" : "6.1907407637",
          "kilometers_per_hour" : "22286.6667493126",
          "miles_per_hour" : "13848.0680143159"
        },
        "miss_distance" : {
          "astronomical" : "0.4032320745",
          "lunar" : "156.8572692871",
          "kilometers" : "60322660",
          "miles" : "37482764"
        },
        "orbiting_body" : "Earth"
      } ],
      "orbital_data" : {
        "orbit_id" : "12",
        "orbit_determination_date" : "2017-06-19 06:16:52",
        "orbit_uncertainty" : "1",
        "minimum_orbit_intersection" : ".206733",
        "jupiter_tisserand_invariant" : "4.896",
        "epoch_osculation" : "2458000.5",
        "eccentricity" : ".1412827861789855",
        "semi_major_axis" : "1.330034108413092",
        "inclination" : "10.72815572753269",
        "ascending_node_longitude" : "244.6365892982903",
        "orbital_period" : "560.2638413443752",
        "perihelion_distance" : "1.142123183863408",
        "perihelion_argument" : "242.0212078489279",
        "aphelion_distance" : "1.517945032962777",
        "perihelion_time" : "2457725.303737409712",
        "mean_anomaly" : "176.828571151013",
        "mean_motion" : ".6425544063956827",
        "equinox" : "J2000"
      }
    }, {
      "links" : {
        "self" : "https://api.nasa.gov/neo/rest/v1/neo/3292347?api_key=t0TVs3DtDT2H8Oy2Zy8m2eVrNsAVKAexjcZXUckd"
      },
      "neo_reference_id" : "3292347",
      "name" : "(2005 TF15)",
      "nasa_jpl_url" : "http://ssd.jpl.nasa.gov/sbdb.cgi?sstr=3292347",
      "absolute_magnitude_h" : 19.5,
      "estimated_diameter" : {
        "kilometers" : {
          "estimated_diameter_min" : 0.3346223745,
          "estimated_diameter_max" : 0.7482383761
        },
        "meters" : {
          "estimated_diameter_min" : 334.6223744549,
          "estimated_diameter_max" : 748.2383760735
        },
        "miles" : {
          "estimated_diameter_min" : 0.2079246394,
          "estimated_diameter_max" : 0.464933628
        },
        "feet" : {
          "estimated_diameter_min" : 1097.8424710066,
          "estimated_diameter_max" : 2454.8503937571
        }
      },
      "is_potentially_hazardous_asteroid" : false,
      "close_approach_data" : [ {
        "close_approach_date" : "2005-10-22",
        "epoch_date_close_approach" : 1129964400000,
        "relative_velocity" : {
          "kilometers_per_second" : "17.992012251",
          "kilometers_per_hour" : "64771.2441034232",
          "miles_per_hour" : "40246.3322041521"
        },
        "miss_distance" : {
          "astronomical" : "0.2149886999",
          "lunar" : "83.6305999756",
          "kilometers" : "32161852",
          "miles" : "19984448"
        },
        "orbiting_body" : "Earth"
      } ],
      "orbital_data" : {
        "orbit_id" : "18",
        "orbit_determination_date" : "2017-04-06 09:10:19",
        "orbit_uncertainty" : "0",
        "minimum_orbit_intersection" : ".182551",
        "jupiter_tisserand_invariant" : "3.234",
        "epoch_osculation" : "2458000.5",
        "eccentricity" : ".6555293975864768",
        "semi_major_axis" : "2.291588319117212",
        "inclination" : "15.9816458369281",
        "ascending_node_longitude" : "76.24556172186624",
        "orbital_period" : "1267.077930672503",
        "perihelion_distance" : ".789384808770099",
        "perihelion_argument" : "7.055257827497152",
        "aphelion_distance" : "3.793791829464324",
        "perihelion_time" : "2457506.881902689987",
        "mean_anomaly" : "140.2459238930071",
        "mean_motion" : ".2841182781937726",
        "equinox" : "J2000"
      }
    }, {
      "links" : {
        "self" : "https://api.nasa.gov/neo/rest/v1/neo/3437789?api_key=t0TVs3DtDT2H8Oy2Zy8m2eVrNsAVKAexjcZXUckd"
      },
      "neo_reference_id" : "3437789",
      "name" : "(2008 VY3)",
      "nasa_jpl_url" : "http://ssd.jpl.nasa.gov/sbdb.cgi?sstr=3437789",
      "absolute_magnitude_h" : 24.8,
      "estimated_diameter" : {
        "kilometers" : {
          "estimated_diameter_min" : 0.0291443905,
          "estimated_diameter_max" : 0.0651688382
        },
        "meters" : {
          "estimated_diameter_min" : 29.1443904535,
          "estimated_diameter_max" : 65.1688382168
        },
        "miles" : {
          "estimated_diameter_min" : 0.018109479,
          "estimated_diameter_max" : 0.0404940262
        },
        "feet" : {
          "estimated_diameter_min" : 95.6180819754,
          "estimated_diameter_max" : 213.8085311752
        }
      },
      "is_potentially_hazardous_asteroid" : false,
      "close_approach_data" : [ {
        "close_approach_date" : "2005-10-22",
        "epoch_date_close_approach" : 1129964400000,
        "relative_velocity" : {
          "kilometers_per_second" : "8.808428696",
          "kilometers_per_hour" : "31710.3433055926",
          "miles_per_hour" : "19703.5741500778"
        },
        "miss_distance" : {
          "astronomical" : "0.2526334384",
          "lunar" : "98.2744140625",
          "kilometers" : "37793428",
          "miles" : "23483746"
        },
        "orbiting_body" : "Earth"
      } ],
      "orbital_data" : {
        "orbit_id" : "8",
        "orbit_determination_date" : "2017-04-06 09:02:16",
        "orbit_uncertainty" : "8",
        "minimum_orbit_intersection" : ".0354197",
        "jupiter_tisserand_invariant" : "6.056",
        "epoch_osculation" : "2454775.5",
        "eccentricity" : ".3479200511247572",
        "semi_major_axis" : ".9896649279274938",
        "inclination" : "12.38283450399265",
        "ascending_node_longitude" : "220.3080554103107",
        "orbital_period" : "359.6091194891068",
        "perihelion_distance" : ".645340655606581",
        "perihelion_argument" : "301.4048607754086",
        "aphelion_distance" : "1.333989200248407",
        "perihelion_time" : "2454853.676857127850",
        "mean_anomaly" : "281.738167802837",
        "mean_motion" : "1.001086959394824",
        "equinox" : "J2000"
      }
    }, {
      "links" : {
        "self" : "https://api.nasa.gov/neo/rest/v1/neo/3715507?api_key=t0TVs3DtDT2H8Oy2Zy8m2eVrNsAVKAexjcZXUckd"
      },
      "neo_reference_id" : "3715507",
      "name" : "(2015 GY)",
      "nasa_jpl_url" : "http://ssd.jpl.nasa.gov/sbdb.cgi?sstr=3715507",
      "absolute_magnitude_h" : 21.7,
      "estimated_diameter" : {
        "kilometers" : {
          "estimated_diameter_min" : 0.1214940408,
          "estimated_diameter_max" : 0.2716689341
        },
        "meters" : {
          "estimated_diameter_min" : 121.4940407996,
          "estimated_diameter_max" : 271.6689340891
        },
        "miles" : {
          "estimated_diameter_min" : 0.0754928736,
          "estimated_diameter_max" : 0.1688071972
        },
        "feet" : {
          "estimated_diameter_min" : 398.6025088171,
          "estimated_diameter_max" : 891.3023057169
        }
      },
      "is_potentially_hazardous_asteroid" : true,
      "close_approach_data" : [ {
        "close_approach_date" : "2005-10-22",
        "epoch_date_close_approach" : 1129964400000,
        "relative_velocity" : {
          "kilometers_per_second" : "7.9824855652",
          "kilometers_per_hour" : "28736.9480347321",
          "miles_per_hour" : "17856.0219608034"
        },
        "miss_distance" : {
          "astronomical" : "0.0496605246",
          "lunar" : "19.3179454803",
          "kilometers" : "7429109",
          "miles" : "4616234.5"
        },
        "orbiting_body" : "Earth"
      } ],
      "orbital_data" : {
        "orbit_id" : "40",
        "orbit_determination_date" : "2017-04-06 08:34:32",
        "orbit_uncertainty" : "2",
        "minimum_orbit_intersection" : ".0227346",
        "jupiter_tisserand_invariant" : "5.741",
        "epoch_osculation" : "2458000.5",
        "eccentricity" : ".2000324558650823",
        "semi_major_axis" : "1.068023019396425",
        "inclination" : "11.80647795920217",
        "ascending_node_longitude" : "207.7817899674178",
        "orbital_period" : "403.1524902576374",
        "perihelion_distance" : ".8543837519061177",
        "perihelion_argument" : "108.6530258254932",
        "aphelion_distance" : "1.281662286886732",
        "perihelion_time" : "2458038.101681348035",
        "mean_anomaly" : "326.4231138033103",
        "mean_motion" : ".8929623621323522",
        "equinox" : "J2000"
      }
    }, {
      "links" : {
        "self" : "https://api.nasa.gov/neo/rest/v1/neo/3733861?api_key=t0TVs3DtDT2H8Oy2Zy8m2eVrNsAVKAexjcZXUckd"
      },
      "neo_reference_id" : "3733861",
      "name" : "(2015 VT64)",
      "nasa_jpl_url" : "http://ssd.jpl.nasa.gov/sbdb.cgi?sstr=3733861",
      "absolute_magnitude_h" : 26.0,
      "estimated_diameter" : {
        "kilometers" : {
          "estimated_diameter_min" : 0.0167708462,
          "estimated_diameter_max" : 0.0375007522
        },
        "meters" : {
          "estimated_diameter_min" : 16.7708462163,
          "estimated_diameter_max" : 37.5007521798
        },
        "miles" : {
          "estimated_diameter_min" : 0.0104209175,
          "estimated_diameter_max" : 0.0233018799
        },
        "feet" : {
          "estimated_diameter_min" : 55.0224631002,
          "estimated_diameter_max" : 123.0339677816
        }
      },
      "is_potentially_hazardous_asteroid" : false,
      "close_approach_data" : [ {
        "close_approach_date" : "2005-10-22",
        "epoch_date_close_approach" : 1129964400000,
        "relative_velocity" : {
          "kilometers_per_second" : "17.5610654517",
          "kilometers_per_hour" : "63219.8356260847",
          "miles_per_hour" : "39282.3473088858"
        },
        "miss_distance" : {
          "astronomical" : "0.3930253986",
          "lunar" : "152.8868865967",
          "kilometers" : "58795764",
          "miles" : "36533992"
        },
        "orbiting_body" : "Earth"
      } ],
      "orbital_data" : {
        "orbit_id" : "12",
        "orbit_determination_date" : "2017-04-06 08:30:50",
        "orbit_uncertainty" : "7",
        "minimum_orbit_intersection" : ".0240747",
        "jupiter_tisserand_invariant" : "5.351",
        "epoch_osculation" : "2458000.5",
        "eccentricity" : ".1707322962289648",
        "semi_major_axis" : "1.16576394185452",
        "inclination" : "17.98445467520723",
        "ascending_node_longitude" : "45.23033620275035",
        "orbital_period" : "459.7421833257268",
        "perihelion_distance" : ".966730387200768",
        "perihelion_argument" : "47.9229185966099",
        "aphelion_distance" : "1.364797496508271",
        "perihelion_time" : "2457839.028465173529",
        "mean_anomaly" : "126.4398931527779",
        "mean_motion" : ".7830475711317105",
        "equinox" : "J2000"
      }
    }, {
      "links" : {
        "self" : "https://api.nasa.gov/neo/rest/v1/neo/3762170?api_key=t0TVs3DtDT2H8Oy2Zy8m2eVrNsAVKAexjcZXUckd"
      },
      "neo_reference_id" : "3762170",
      "name" : "(2016 UH57)",
      "nasa_jpl_url" : "http://ssd.jpl.nasa.gov/sbdb.cgi?sstr=3762170",
      "absolute_magnitude_h" : 26.0,
      "estimated_diameter" : {
        "kilometers" : {
          "estimated_diameter_min" : 0.0167708462,
          "estimated_diameter_max" : 0.0375007522
        },
        "meters" : {
          "estimated_diameter_min" : 16.7708462163,
          "estimated_diameter_max" : 37.5007521798
        },
        "miles" : {
          "estimated_diameter_min" : 0.0104209175,
          "estimated_diameter_max" : 0.0233018799
        },
        "feet" : {
          "estimated_diameter_min" : 55.0224631002,
          "estimated_diameter_max" : 123.0339677816
        }
      },
      "is_potentially_hazardous_asteroid" : false,
      "close_approach_data" : [ {
        "close_approach_date" : "2005-10-22",
        "epoch_date_close_approach" : 1129964400000,
        "relative_velocity" : {
          "kilometers_per_second" : "9.4569253241",
          "kilometers_per_hour" : "34044.9311667845",
          "miles_per_hour" : "21154.1962574945"
        },
        "miss_distance" : {
          "astronomical" : "0.1087750442",
          "lunar" : "42.3134918213",
          "kilometers" : "16272515",
          "miles" : "10111272"
        },
        "orbiting_body" : "Earth"
      } ],
      "orbital_data" : {
        "orbit_id" : "6",
        "orbit_determination_date" : "2017-04-06 08:22:38",
        "orbit_uncertainty" : "7",
        "minimum_orbit_intersection" : ".0180765",
        "jupiter_tisserand_invariant" : "4.807",
        "epoch_osculation" : "2458000.5",
        "eccentricity" : ".2629363374501958",
        "semi_major_axis" : "1.352299757602908",
        "inclination" : "12.9330592740861",
        "ascending_node_longitude" : "38.46072367906677",
        "orbital_period" : "574.391338216891",
        "perihelion_distance" : ".9967310122040121",
        "perihelion_argument" : "21.04268232884072",
        "aphelion_distance" : "1.707868503001805",
        "perihelion_time" : "2458286.634847900186",
        "mean_anomaly" : "180.6648701147878",
        "mean_motion" : ".6267503982869316",
        "equinox" : "J2000"
      }
    }, {
      "links" : {
        "self" : "https://api.nasa.gov/neo/rest/v1/neo/3297375?api_key=t0TVs3DtDT2H8Oy2Zy8m2eVrNsAVKAexjcZXUckd"
      },
      "neo_reference_id" : "3297375",
      "name" : "(2005 UQ64)",
      "nasa_jpl_url" : "http://ssd.jpl.nasa.gov/sbdb.cgi?sstr=3297375",
      "absolute_magnitude_h" : 24.4,
      "estimated_diameter" : {
        "kilometers" : {
          "estimated_diameter_min" : 0.0350392641,
          "estimated_diameter_max" : 0.0783501764
        },
        "meters" : {
          "estimated_diameter_min" : 35.0392641108,
          "estimated_diameter_max" : 78.3501764334
        },
        "miles" : {
          "estimated_diameter_min" : 0.0217723826,
          "estimated_diameter_max" : 0.0486845275
        },
        "feet" : {
          "estimated_diameter_min" : 114.9582192654,
          "estimated_diameter_max" : 257.0543928497
        }
      },
      "is_potentially_hazardous_asteroid" : false,
      "close_approach_data" : [ {
        "close_approach_date" : "2005-10-22",
        "epoch_date_close_approach" : 1129964400000,
        "relative_velocity" : {
          "kilometers_per_second" : "6.2123446412",
          "kilometers_per_hour" : "22364.4407083667",
          "miles_per_hour" : "13896.3937279293"
        },
        "miss_distance" : {
          "astronomical" : "0.0374911244",
          "lunar" : "14.5840473175",
          "kilometers" : "5608592.5",
          "miles" : "3485017.75"
        },
        "orbiting_body" : "Earth"
      } ],
      "orbital_data" : {
        "orbit_id" : "8",
        "orbit_determination_date" : "2017-04-06 09:10:02",
        "orbit_uncertainty" : "7",
        "minimum_orbit_intersection" : ".0193042",
        "jupiter_tisserand_invariant" : "4.265",
        "epoch_osculation" : "2458000.5",
        "eccentricity" : ".3683755076197148",
        "semi_major_axis" : "1.607932936356339",
        "inclination" : "5.18732657437753",
        "ascending_node_longitude" : "202.4080752118086",
        "orbital_period" : "744.7325290466931",
        "perihelion_distance" : "1.015609824707614",
        "perihelion_argument" : "172.6748863450303",
        "aphelion_distance" : "2.200256048005063",
        "perihelion_time" : "2458123.040089833755",
        "mean_anomaly" : "300.7647301285185",
        "mean_motion" : ".4833950256756259",
        "equinox" : "J2000"
      }
    } ]
  }
}