{
  "links" : {
    "next" : "https://api.nasa.gov/neo/rest/v1/feed?start_date=2000-04-23&end_date=2000-04-23&detailed=true&api_key=t0TVs3DtDT2H8Oy2Zy8m2eVrNsAVKAexjcZXUckd",
    "prev" : "https://api.nasa.gov/neo/rest/v1/feed?start_date=2000-04-21&end_date=2000-04-21&detailed=true&api_key=t0TVs3DtDT2H8Oy2Zy8m2eVrNsAVKAexjcZXUckd",
    "self" : "https://api.nasa.gov/neo/rest/v1/feed?start_date=2000-04-22&end_date=2000-04-22&detailed=true&api_key=t0TVs3DtDT2H8Oy2Zy8m2eVrNsAVKAexjcZXUckd"
  },
  "element_count" : 7,
  "near_earth_objects" : {
    "2000-04-22" : [ {
      "links" : {
        "self" : "https://api.nasa.gov/neo/rest/v1/neo/3092258?api_key=t0TVs3DtDT2H8Oy2Zy8m2eVrNsAVKAexjcZXUckd"
      },
      "neo_reference_id" : "3092258",
      "name" : "(2000 GT127)",
      "nasa_jpl_url" : "http://ssd.jpl.nasa.gov/sbdb.cgi?sstr=3092258",
      "absolute_magnitude_h" : 22.514,
      "estimated_diameter" : {
        "kilometers" : {
          "estimated_diameter_min" : 0.0835131715,
          "estimated_diameter_max" : 0.1867411284
        },
        "meters" : {
          "estimated_diameter_min" : 83.5131714658,
          "estimated_diameter_max" : 186.741128414
        },
        "miles" : {
          "estimated_diameter_min" : 0.0518926629,
          "estimated_diameter_max" : 0.1160355217
        },
        "feet" : {
          "estimated_diameter_min" : 273.9933534717,
          "estimated_diameter_max" : 612.6677637459
        }
      },
      "is_potentially_hazardous_asteroid" : false,
      "close_approach_data" : [ {
        "close_approach_date" : "2000-04-22",
        "epoch_date_close_approach" : 956386800000,
        "relative_velocity" : {
          "kilometers_per_second" : "7.8827739845",
          "kilometers_per_hour" : "28377.9863443248",
          "miles_per_hour" : "17632.9771260056"
        },
        "miss_distance" : {
          "astronomical" : "0.3124148197",
          "lunar" : "121.5293655396",
          "kilometers" : "46736592",
          "miles" : "29040772"
        },
        "orbiting_body" : "Earth"
      } ],
      "orbital_data" : {
        "orbit_id" : "12",
        "orbit_determination_date" : "2017-04-06 09:17:02",
        "orbit_uncertainty" : "9",
        "minimum_orbit_intersection" : ".297082",
        "jupiter_tisserand_invariant" : "3.281",
        "epoch_osculation" : "2451643.5",
        "eccentricity" : ".4787394003556109",
        "semi_major_axis" : "2.463825702773474",
        "inclination" : "14.6391931511905",
        "ascending_node_longitude" : "17.08528724881171",
        "orbital_period" : "1412.581125746829",
        "perihelion_distance" : "1.284295263246959",
        "perihelion_argument" : "206.9070061884133",
        "aphelion_distance" : "3.643356142299988",
        "perihelion_time" : "2451675.854678038772",
        "mean_anomaly" : "351.7543255522405",
        "mean_motion" : ".2548526193918021",
        "equinox" : "J2000"
      }
    }, {
      "links" : {
        "self" : "https://api.nasa.gov/neo/rest/v1/neo/2153002?api_key=t0TVs3DtDT2H8Oy2Zy8m2eVrNsAVKAexjcZXUckd"
      },
      "neo_reference_id" : "2153002",
      "name" : "153002 (2000 JG5)",
      "nasa_jpl_url" : "http://ssd.jpl.nasa.gov/sbdb.cgi?sstr=2153002",
      "absolute_magnitude_h" : 18.2,
      "estimated_diameter" : {
        "kilometers" : {
          "estimated_diameter_min" : 0.6089126221,
          "estimated_diameter_max" : 1.3615700154
        },
        "meters" : {
          "estimated_diameter_min" : 608.9126221057,
          "estimated_diameter_max" : 1361.5700153859
        },
        "miles" : {
          "estimated_diameter_min" : 0.3783606449,
          "estimated_diameter_max" : 0.846040122
        },
        "feet" : {
          "estimated_diameter_min" : 1997.7448871092,
          "estimated_diameter_max" : 4467.0933692788
        }
      },
      "is_potentially_hazardous_asteroid" : true,
      "close_approach_data" : [ {
        "close_approach_date" : "2000-04-22",
        "epoch_date_close_approach" : 956386800000,
        "relative_velocity" : {
          "kilometers_per_second" : "28.4318467033",
          "kilometers_per_hour" : "102354.648132046",
          "miles_per_hour" : "63599.1978907149"
        },
        "miss_distance" : {
          "astronomical" : "0.0718289162",
          "lunar" : "27.9414482117",
          "kilometers" : "10745453",
          "miles" : "6676915"
        },
        "orbiting_body" : "Earth"
      } ],
      "orbital_data" : {
        "orbit_id" : "68",
        "orbit_determination_date" : "2017-05-18 06:21:13",
        "orbit_uncertainty" : "0",
        "minimum_orbit_intersection" : ".0275536",
        "jupiter_tisserand_invariant" : "4.406",
        "epoch_osculation" : "2458000.5",
        "eccentricity" : ".7957346160239452",
        "semi_major_axis" : "1.340600426925048",
        "inclination" : "31.46243669280093",
        "ascending_node_longitude" : "213.1523927556377",
        "orbital_period" : "566.9535211800933",
        "perihelion_distance" : ".2738382609643079",
        "perihelion_argument" : "233.3528983472794",
        "aphelion_distance" : "2.407362592885788",
        "perihelion_time" : "2457848.303488870062",
        "mean_anomaly" : "96.64062742344868",
        "mean_motion" : ".6349726856809584",
        "equinox" : "J2000"
      }
    }, {
      "links" : {
        "self" : "https://api.nasa.gov/neo/rest/v1/neo/2224926?api_key=t0TVs3DtDT2H8Oy2Zy8m2eVrNsAVKAexjcZXUckd"
      },
      "neo_reference_id" : "2224926",
      "name" : "224926 (2007 DA41)",
      "nasa_jpl_url" : "http://ssd.jpl.nasa.gov/sbdb.cgi?sstr=2224926",
      "absolute_magnitude_h" : 17.5,
      "estimated_diameter" : {
        "kilometers" : {
          "estimated_diameter_min" : 0.8405334021,
          "estimated_diameter_max" : 1.8794898244
        },
        "meters" : {
          "estimated_diameter_min" : 840.5334020728,
          "estimated_diameter_max" : 1879.4898243938
        },
        "miles" : {
          "estimated_diameter_min" : 0.5222830806,
          "estimated_diameter_max" : 1.1678604717
        },
        "feet" : {
          "estimated_diameter_min" : 2757.6556068564,
          "estimated_diameter_max" : 6166.3053954643
        }
      },
      "is_potentially_hazardous_asteroid" : false,
      "close_approach_data" : [ {
        "close_approach_date" : "2000-04-22",
        "epoch_date_close_approach" : 956386800000,
        "relative_velocity" : {
          "kilometers_per_second" : "20.9243176401",
          "kilometers_per_hour" : "75327.5435043942",
          "miles_per_hour" : "46805.6061291609"
        },
        "miss_distance" : {
          "astronomical" : "0.1871830526",
          "lunar" : "72.8142089844",
          "kilometers" : "28002186",
          "miles" : "17399752"
        },
        "orbiting_body" : "Earth"
      } ],
      "orbital_data" : {
        "orbit_id" : "84",
        "orbit_determination_date" : "2017-04-06 09:25:13",
        "orbit_uncertainty" : "0",
        "minimum_orbit_intersection" : ".168521",
        "jupiter_tisserand_invariant" : "4.384",
        "epoch_osculation" : "2458000.5",
        "eccentricity" : ".4398372056272534",
        "semi_major_axis" : "1.461168039706349",
        "inclination" : "30.22453466128864",
        "ascending_node_longitude" : "225.9298406289472",
        "orbital_period" : "645.1321320056683",
        "perihelion_distance" : ".8184919721700565",
        "perihelion_argument" : "20.23159517942574",
        "aphelion_distance" : "2.103844107242641",
        "perihelion_time" : "2458128.142043886402",
        "mean_anomaly" : "288.77252035758",
        "mean_motion" : ".5580252201681329",
        "equinox" : "J2000"
      }
    }, {
      "links" : {
        "self" : "https://api.nasa.gov/neo/rest/v1/neo/3120886?api_key=t0TVs3DtDT2H8Oy2Zy8m2eVrNsAVKAexjcZXUckd"
      },
      "neo_reference_id" : "3120886",
      "name" : "(2002 GN5)",
      "nasa_jpl_url" : "http://ssd.jpl.nasa.gov/sbdb.cgi?sstr=3120886",
      "absolute_magnitude_h" : 22.2,
      "estimated_diameter" : {
        "kilometers" : {
          "estimated_diameter_min" : 0.096506147,
          "estimated_diameter_max" : 0.2157943048
        },
        "meters" : {
          "estimated_diameter_min" : 96.5061469579,
          "estimated_diameter_max" : 215.7943048444
        },
        "miles" : {
          "estimated_diameter_min" : 0.059966121,
          "estimated_diameter_max" : 0.134088323
        },
        "feet" : {
          "estimated_diameter_min" : 316.6212271853,
          "estimated_diameter_max" : 707.9865871058
        }
      },
      "is_potentially_hazardous_asteroid" : false,
      "close_approach_data" : [ {
        "close_approach_date" : "2000-04-22",
        "epoch_date_close_approach" : 956386800000,
        "relative_velocity" : {
          "kilometers_per_second" : "4.076827892",
          "kilometers_per_hour" : "14676.5804113047",
          "miles_per_hour" : "9119.4563116799"
        },
        "miss_distance" : {
          "astronomical" : "0.2179111248",
          "lunar" : "84.7674255371",
          "kilometers" : "32599040",
          "miles" : "20256104"
        },
        "orbiting_body" : "Earth"
      } ],
      "orbital_data" : {
        "orbit_id" : "17",
        "orbit_determination_date" : "2017-04-06 09:15:15",
        "orbit_uncertainty" : "1",
        "minimum_orbit_intersection" : ".140543",
        "jupiter_tisserand_invariant" : "4.300",
        "epoch_osculation" : "2458000.5",
        "eccentricity" : ".2901368618506238",
        "semi_major_axis" : "1.604067130338789",
        "inclination" : "6.120113174434349",
        "ascending_node_longitude" : "33.07687534659176",
        "orbital_period" : "742.0484055587909",
        "perihelion_distance" : "1.138668126944558",
        "perihelion_argument" : "162.9866560999573",
        "aphelion_distance" : "2.069466133733021",
        "perihelion_time" : "2458306.495562040016",
        "mean_anomaly" : "211.548225817624",
        "mean_motion" : ".4851435530393818",
        "equinox" : "J2000"
      }
    }, {
      "links" : {
        "self" : "https://api.nasa.gov/neo/rest/v1/neo/3177195?api_key=t0TVs3DtDT2H8Oy2Zy8m2eVrNsAVKAexjcZXUckd"
      },
      "neo_reference_id" : "3177195",
      "name" : "(2004 EO20)",
      "nasa_jpl_url" : "http://ssd.jpl.nasa.gov/sbdb.cgi?sstr=3177195",
      "absolute_magnitude_h" : 22.5,
      "estimated_diameter" : {
        "kilometers" : {
          "estimated_diameter_min" : 0.0840533402,
          "estimated_diameter_max" : 0.1879489824
        },
        "meters" : {
          "estimated_diameter_min" : 84.0533402073,
          "estimated_diameter_max" : 187.9489824394
        },
        "miles" : {
          "estimated_diameter_min" : 0.0522283081,
          "estimated_diameter_max" : 0.1167860472
        },
        "feet" : {
          "estimated_diameter_min" : 275.7655606856,
          "estimated_diameter_max" : 616.6305395464
        }
      },
      "is_potentially_hazardous_asteroid" : false,
      "close_approach_data" : [ {
        "close_approach_date" : "2000-04-22",
        "epoch_date_close_approach" : 956386800000,
        "relative_velocity" : {
          "kilometers_per_second" : "2.6808361687",
          "kilometers_per_hour" : "9651.0102073008",
          "miles_per_hour" : "5996.7624257531"
        },
        "miss_distance" : {
          "astronomical" : "0.1797694465",
          "lunar" : "69.9303131104",
          "kilometers" : "26893126",
          "miles" : "16710614"
        },
        "orbiting_body" : "Earth"
      } ],
      "orbital_data" : {
        "orbit_id" : "22",
        "orbit_determination_date" : "2017-04-06 09:13:07",
        "orbit_uncertainty" : "1",
        "minimum_orbit_intersection" : ".161227",
        "jupiter_tisserand_invariant" : "5.231",
        "epoch_osculation" : "2458000.5",
        "eccentricity" : ".0552089905233945",
        "semi_major_axis" : "1.219449886818394",
        "inclination" : "4.542101438943983",
        "ascending_node_longitude" : "179.8325241800753",
        "orbital_period" : "491.8632368435038",
        "perihelion_distance" : "1.152125289573283",
        "perihelion_argument" : "84.13737530957532",
        "aphelion_distance" : "1.286774484063506",
        "perihelion_time" : "2458116.398634258620",
        "mean_anomaly" : "275.1725414550987",
        "mean_motion" : ".7319107691606992",
        "equinox" : "J2000"
      }
    }, {
      "links" : {
        "self" : "https://api.nasa.gov/neo/rest/v1/neo/3515661?api_key=t0TVs3DtDT2H8Oy2Zy8m2eVrNsAVKAexjcZXUckd"
      },
      "neo_reference_id" : "3515661",
      "name" : "(2010 GR33)",
      "nasa_jpl_url" : "http://ssd.jpl.nasa.gov/sbdb.cgi?sstr=3515661",
      "absolute_magnitude_h" : 22.6,
      "estimated_diameter" : {
        "kilometers" : {
          "estimated_diameter_min" : 0.0802703167,
          "estimated_diameter_max" : 0.1794898848
        },
        "meters" : {
          "estimated_diameter_min" : 80.2703167283,
          "estimated_diameter_max" : 179.4898847799
        },
        "miles" : {
          "estimated_diameter_min" : 0.049877647,
          "estimated_diameter_max" : 0.1115298092
        },
        "feet" : {
          "estimated_diameter_min" : 263.3540659348,
          "estimated_diameter_max" : 588.8775935812
        }
      },
      "is_potentially_hazardous_asteroid" : false,
      "close_approach_data" : [ {
        "close_approach_date" : "2000-04-22",
        "epoch_date_close_approach" : 956386800000,
        "relative_velocity" : {
          "kilometers_per_second" : "18.9890891591",
          "kilometers_per_hour" : "68360.7209727632",
          "miles_per_hour" : "42476.6935399928"
        },
        "miss_distance" : {
          "astronomical" : "0.319745328",
          "lunar" : "124.3809356689",
          "kilometers" : "47833220",
          "miles" : "29722186"
        },
        "orbiting_body" : "Earth"
      } ],
      "orbital_data" : {
        "orbit_id" : "13",
        "orbit_determination_date" : "2017-04-06 08:57:49",
        "orbit_uncertainty" : "6",
        "minimum_orbit_intersection" : ".0607223",
        "jupiter_tisserand_invariant" : "4.272",
        "epoch_osculation" : "2458000.5",
        "eccentricity" : ".4440138976647813",
        "semi_major_axis" : "1.580380617057574",
        "inclination" : "7.132401822928489",
        "ascending_node_longitude" : "158.31762941",
        "orbital_period" : "725.6730067161936",
        "perihelion_distance" : ".8786696594839684",
        "perihelion_argument" : "340.6878485973671",
        "aphelion_distance" : "2.28209157463118",
        "perihelion_time" : "2458143.771132319833",
        "mean_anomaly" : "288.9244506027056",
        "mean_motion" : ".4960912100466124",
        "equinox" : "J2000"
      }
    }, {
      "links" : {
        "self" : "https://api.nasa.gov/neo/rest/v1/neo/3751815?api_key=t0TVs3DtDT2H8Oy2Zy8m2eVrNsAVKAexjcZXUckd"
      },
      "neo_reference_id" : "3751815",
      "name" : "(2016 GS220)",
      "nasa_jpl_url" : "http://ssd.jpl.nasa.gov/sbdb.cgi?sstr=3751815",
      "absolute_magnitude_h" : 22.8,
      "estimated_diameter" : {
        "kilometers" : {
          "estimated_diameter_min" : 0.0732073989,
          "estimated_diameter_max" : 0.1636967205
        },
        "meters" : {
          "estimated_diameter_min" : 73.2073989347,
          "estimated_diameter_max" : 163.696720474
        },
        "miles" : {
          "estimated_diameter_min" : 0.0454889547,
          "estimated_diameter_max" : 0.1017163949
        },
        "feet" : {
          "estimated_diameter_min" : 240.181762721,
          "estimated_diameter_max" : 537.0627483999
        }
      },
      "is_potentially_hazardous_asteroid" : false,
      "close_approach_data" : [ {
        "close_approach_date" : "2000-04-22",
        "epoch_date_close_approach" : 956386800000,
        "relative_velocity" : {
          "kilometers_per_second" : "24.9614952305",
          "kilometers_per_hour" : "89861.3828299595",
          "miles_per_hour" : "55836.3686812045"
        },
        "miss_distance" : {
          "astronomical" : "0.3073942715",
          "lunar" : "119.5763702393",
          "kilometers" : "45985528",
          "miles" : "28574082"
        },
        "orbiting_body" : "Earth"
      } ],
      "orbital_data" : {
        "orbit_id" : "7",
        "orbit_determination_date" : "2017-04-06 08:26:34",
        "orbit_uncertainty" : "6",
        "minimum_orbit_intersection" : ".0452308",
        "jupiter_tisserand_invariant" : "6.708",
        "epoch_osculation" : "2458000.5",
        "eccentricity" : ".513906570440738",
        "semi_major_axis" : ".8653553647152513",
        "inclination" : "6.812692898480357",
        "ascending_node_longitude" : "64.12627502627186",
        "orbital_period" : "294.0289970235248",
        "perihelion_distance" : ".4206435570219426",
        "perihelion_argument" : "292.8831880645742",
        "aphelion_distance" : "1.31006717240856",
        "perihelion_time" : "2457885.993670271702",
        "mean_anomaly" : "140.1980046848551",
        "mean_motion" : "1.224369037218451",
        "equinox" : "J2000"
      }
    } ]
  }
}