{
  "links" : {
    "next" : "https://api.nasa.gov/neo/rest/v1/feed?start_date=2003-07-16&end_date=2003-07-16&detailed=true&api_key=t0TVs3DtDT2H8Oy2Zy8m2eVrNsAVKAexjcZXUckd",
    "prev" : "https://api.nasa.gov/neo/rest/v1/feed?start_date=2003-07-14&end_date=2003-07-14&detailed=true&api_key=t0TVs3DtDT2H8Oy2Zy8m2eVrNsAVKAexjcZXUckd",
    "self" : "https://api.nasa.gov/neo/rest/v1/feed?start_date=2003-07-15&end_date=2003-07-15&detailed=true&api_key=t0TVs3DtDT2H8Oy2Zy8m2eVrNsAVKAexjcZXUckd"
  },
  "element_count" : 5,
  "near_earth_objects" : {
    "2003-07-15" : [ {
      "links" : {
        "self" : "https://api.nasa.gov/neo/rest/v1/neo/2009202?api_key=t0TVs3DtDT2H8Oy2Zy8m2eVrNsAVKAexjcZXUckd"
      },
      "neo_reference_id" : "2009202",
      "name" : "9202 (1993 PB)",
      "nasa_jpl_url" : "http://ssd.jpl.nasa.gov/sbdb.cgi?sstr=2009202",
      "absolute_magnitude_h" : 15.9,
      "estimated_diameter" : {
        "kilometers" : {
          "estimated_diameter_min" : 1.7561231848,
          "estimated_diameter_max" : 3.9268108181
        },
        "meters" : {
          "estimated_diameter_min" : 1756.1231848042,
          "estimated_diameter_max" : 3926.8108180856
        },
        "miles" : {
          "estimated_diameter_min" : 1.0912040195,
          "estimated_diameter_max" : 2.4400063648
        },
        "feet" : {
          "estimated_diameter_min" : 5761.559189633,
          "estimated_diameter_max" : 12883.2380044079
        }
      },
      "is_potentially_hazardous_asteroid" : false,
      "close_approach_data" : [ {
        "close_approach_date" : "2003-07-15",
        "epoch_date_close_approach" : 1058252400000,
        "relative_velocity" : {
          "kilometers_per_second" : "26.2627802463",
          "kilometers_per_hour" : "94546.0088867167",
          "miles_per_hour" : "58747.2131329713"
        },
        "miss_distance" : {
          "astronomical" : "0.4510753118",
          "lunar" : "175.4682922363",
          "kilometers" : "67479904",
          "miles" : "41930072"
        },
        "orbiting_body" : "Earth"
      } ],
      "orbital_data" : {
        "orbit_id" : "104",
        "orbit_determination_date" : "2017-09-27 06:51:27",
        "orbit_uncertainty" : "0",
        "minimum_orbit_intersection" : ".37175",
        "jupiter_tisserand_invariant" : "4.283",
        "epoch_osculation" : "2458000.5",
        "eccentricity" : ".6075085239284794",
        "semi_major_axis" : "1.423836662382107",
        "inclination" : "40.82097230405776",
        "ascending_node_longitude" : "315.93380053",
        "orbital_period" : "620.5670095125492",
        "perihelion_distance" : ".5588437533031005",
        "perihelion_argument" : "212.3241205753182",
        "aphelion_distance" : "2.288829571461114",
        "perihelion_time" : "2457730.379039528959",
        "mean_anomaly" : "156.7011205541828",
        "mean_motion" : ".5801146282055459",
        "equinox" : "J2000"
      }
    }, {
      "links" : {
        "self" : "https://api.nasa.gov/neo/rest/v1/neo/2066251?api_key=t0TVs3DtDT2H8Oy2Zy8m2eVrNsAVKAexjcZXUckd"
      },
      "neo_reference_id" : "2066251",
      "name" : "66251 (1999 GJ2)",
      "nasa_jpl_url" : "http://ssd.jpl.nasa.gov/sbdb.cgi?sstr=2066251",
      "absolute_magnitude_h" : 16.9,
      "estimated_diameter" : {
        "kilometers" : {
          "estimated_diameter_min" : 1.1080388213,
          "estimated_diameter_max" : 2.4776501261
        },
        "meters" : {
          "estimated_diameter_min" : 1108.0388212642,
          "estimated_diameter_max" : 2477.6501260554
        },
        "miles" : {
          "estimated_diameter_min" : 0.6885031904,
          "estimated_diameter_max" : 1.5395399365
        },
        "feet" : {
          "estimated_diameter_min" : 3635.2980863563,
          "estimated_diameter_max" : 8128.7736395675
        }
      },
      "is_potentially_hazardous_asteroid" : false,
      "close_approach_data" : [ {
        "close_approach_date" : "2003-07-15",
        "epoch_date_close_approach" : 1058252400000,
        "relative_velocity" : {
          "kilometers_per_second" : "1.7622493275",
          "kilometers_per_hour" : "6344.0975788446",
          "miles_per_hour" : "3941.9755205882"
        },
        "miss_distance" : {
          "astronomical" : "0.4048997228",
          "lunar" : "157.5059967041",
          "kilometers" : "60572136",
          "miles" : "37637780"
        },
        "orbiting_body" : "Earth"
      } ],
      "orbital_data" : {
        "orbit_id" : "213",
        "orbit_determination_date" : "2017-04-06 09:28:53",
        "orbit_uncertainty" : "0",
        "minimum_orbit_intersection" : ".247756",
        "jupiter_tisserand_invariant" : "4.433",
        "epoch_osculation" : "2458000.5",
        "eccentricity" : ".1980767209024653",
        "semi_major_axis" : "1.535474308536395",
        "inclination" : "11.2793295882721",
        "ascending_node_longitude" : "196.2207800660008",
        "orbital_period" : "694.9639200979374",
        "perihelion_distance" : "1.231332592471525",
        "perihelion_argument" : "142.4902778666574",
        "aphelion_distance" : "1.839616024601264",
        "perihelion_time" : "2457771.783486978089",
        "mean_anomaly" : "118.4780134719579",
        "mean_motion" : ".5180125033674657",
        "equinox" : "J2000"
      }
    }, {
      "links" : {
        "self" : "https://api.nasa.gov/neo/rest/v1/neo/3542555?api_key=t0TVs3DtDT2H8Oy2Zy8m2eVrNsAVKAexjcZXUckd"
      },
      "neo_reference_id" : "3542555",
      "name" : "(2010 PQ10)",
      "nasa_jpl_url" : "http://ssd.jpl.nasa.gov/sbdb.cgi?sstr=3542555",
      "absolute_magnitude_h" : 21.5,
      "estimated_diameter" : {
        "kilometers" : {
          "estimated_diameter_min" : 0.1332155667,
          "estimated_diameter_max" : 0.2978790628
        },
        "meters" : {
          "estimated_diameter_min" : 133.2155666981,
          "estimated_diameter_max" : 297.8790627982
        },
        "miles" : {
          "estimated_diameter_min" : 0.0827762899,
          "estimated_diameter_max" : 0.1850934111
        },
        "feet" : {
          "estimated_diameter_min" : 437.0589598459,
          "estimated_diameter_max" : 977.2935443908
        }
      },
      "is_potentially_hazardous_asteroid" : false,
      "close_approach_data" : [ {
        "close_approach_date" : "2003-07-15",
        "epoch_date_close_approach" : 1058252400000,
        "relative_velocity" : {
          "kilometers_per_second" : "12.8169281627",
          "kilometers_per_hour" : "46140.9413856365",
          "miles_per_hour" : "28670.1866070917"
        },
        "miss_distance" : {
          "astronomical" : "0.1382006076",
          "lunar" : "53.7600364685",
          "kilometers" : "20674518",
          "miles" : "12846549"
        },
        "orbiting_body" : "Earth"
      } ],
      "orbital_data" : {
        "orbit_id" : "9",
        "orbit_determination_date" : "2017-04-06 08:57:00",
        "orbit_uncertainty" : "7",
        "minimum_orbit_intersection" : ".133761",
        "jupiter_tisserand_invariant" : "6.864",
        "epoch_osculation" : "2458000.5",
        "eccentricity" : ".3764308604156466",
        "semi_major_axis" : ".8428907103741584",
        "inclination" : "22.23603423530212",
        "ascending_node_longitude" : "123.041218293506",
        "orbital_period" : "282.6541251134604",
        "perihelion_distance" : ".5256006350316584",
        "perihelion_argument" : "6.808596179807916",
        "aphelion_distance" : "1.160180785716658",
        "perihelion_time" : "2458095.494965010456",
        "mean_anomaly" : "239.0104783008687",
        "mean_motion" : "1.27364141547728",
        "equinox" : "J2000"
      }
    }, {
      "links" : {
        "self" : "https://api.nasa.gov/neo/rest/v1/neo/3773058?api_key=t0TVs3DtDT2H8Oy2Zy8m2eVrNsAVKAexjcZXUckd"
      },
      "neo_reference_id" : "3773058",
      "name" : "(2017 FU102)",
      "nasa_jpl_url" : "http://ssd.jpl.nasa.gov/sbdb.cgi?sstr=3773058",
      "absolute_magnitude_h" : 28.665,
      "estimated_diameter" : {
        "kilometers" : {
          "estimated_diameter_min" : 0.004915356,
          "estimated_diameter_max" : 0.0109910701
        },
        "meters" : {
          "estimated_diameter_min" : 4.9153559892,
          "estimated_diameter_max" : 10.9910701256
        },
        "miles" : {
          "estimated_diameter_min" : 0.0030542597,
          "estimated_diameter_max" : 0.0068295322
        },
        "feet" : {
          "estimated_diameter_min" : 16.1264965438,
          "estimated_diameter_max" : 36.0599425107
        }
      },
      "is_potentially_hazardous_asteroid" : false,
      "close_approach_data" : [ {
        "close_approach_date" : "2003-07-15",
        "epoch_date_close_approach" : 1058252400000,
        "relative_velocity" : {
          "kilometers_per_second" : "7.7517163245",
          "kilometers_per_hour" : "27906.1787682607",
          "miles_per_hour" : "17339.8142463118"
        },
        "miss_distance" : {
          "astronomical" : "0.0601482967",
          "lunar" : "23.3976860046",
          "kilometers" : "8998057",
          "miles" : "5591133.5"
        },
        "orbiting_body" : "Earth"
      } ],
      "orbital_data" : {
        "orbit_id" : "5",
        "orbit_determination_date" : "2017-07-19 16:35:34",
        "orbit_uncertainty" : "4",
        "minimum_orbit_intersection" : ".000802905",
        "jupiter_tisserand_invariant" : "4.992",
        "epoch_osculation" : "2458000.5",
        "eccentricity" : ".2870215746772456",
        "semi_major_axis" : "1.287930827658888",
        "inclination" : "3.005537548195311",
        "ascending_node_longitude" : "12.69635245594941",
        "orbital_period" : "533.8721114174923",
        "perihelion_distance" : ".9182668934288655",
        "perihelion_argument" : "231.1643097788973",
        "aphelion_distance" : "1.65759476188891",
        "perihelion_time" : "2457888.692980322947",
        "mean_anomaly" : "75.39357502093405",
        "mean_motion" : ".6743187971444291",
        "equinox" : "J2000"
      }
    }, {
      "links" : {
        "self" : "https://api.nasa.gov/neo/rest/v1/neo/3776278?api_key=t0TVs3DtDT2H8Oy2Zy8m2eVrNsAVKAexjcZXUckd"
      },
      "neo_reference_id" : "3776278",
      "name" : "(2017 MU8)",
      "nasa_jpl_url" : "http://ssd.jpl.nasa.gov/sbdb.cgi?sstr=3776278",
      "absolute_magnitude_h" : 21.457,
      "estimated_diameter" : {
        "kilometers" : {
          "estimated_diameter_min" : 0.1358798243,
          "estimated_diameter_max" : 0.3038365239
        },
        "meters" : {
          "estimated_diameter_min" : 135.8798242921,
          "estimated_diameter_max" : 303.8365238879
        },
        "miles" : {
          "estimated_diameter_min" : 0.0844317823,
          "estimated_diameter_max" : 0.1887952047
        },
        "feet" : {
          "estimated_diameter_min" : 445.7999627305,
          "estimated_diameter_max" : 996.8390210322
        }
      },
      "is_potentially_hazardous_asteroid" : true,
      "close_approach_data" : [ {
        "close_approach_date" : "2003-07-15",
        "epoch_date_close_approach" : 1058252400000,
        "relative_velocity" : {
          "kilometers_per_second" : "9.6793104881",
          "kilometers_per_hour" : "34845.5177570235",
          "miles_per_hour" : "21651.6496307461"
        },
        "miss_distance" : {
          "astronomical" : "0.2682872969",
          "lunar" : "104.3637619019",
          "kilometers" : "40135208",
          "miles" : "24938862"
        },
        "orbiting_body" : "Earth"
      } ],
      "orbital_data" : {
        "orbit_id" : "9",
        "orbit_determination_date" : "2017-09-13 06:18:33",
        "orbit_uncertainty" : "4",
        "minimum_orbit_intersection" : ".0484508",
        "jupiter_tisserand_invariant" : "6.228",
        "epoch_osculation" : "2458000.5",
        "eccentricity" : ".2544857497043958",
        "semi_major_axis" : ".9560184510476546",
        "inclination" : "18.60926331792147",
        "ascending_node_longitude" : "276.2023923868696",
        "orbital_period" : "341.4269811889229",
        "perihelion_distance" : ".7127253788015571",
        "perihelion_argument" : "228.197237199855",
        "aphelion_distance" : "1.199311523293752",
        "perihelion_time" : "2458161.731277452941",
        "mean_anomaly" : "189.9980286240424",
        "mean_motion" : "1.054398216410437",
        "equinox" : "J2000"
      }
    } ]
  }
}