{
  "links" : {
    "next" : "https://api.nasa.gov/neo/rest/v1/feed?start_date=2007-03-23&end_date=2007-03-23&detailed=true&api_key=t0TVs3DtDT2H8Oy2Zy8m2eVrNsAVKAexjcZXUckd",
    "prev" : "https://api.nasa.gov/neo/rest/v1/feed?start_date=2007-03-21&end_date=2007-03-21&detailed=true&api_key=t0TVs3DtDT2H8Oy2Zy8m2eVrNsAVKAexjcZXUckd",
    "self" : "https://api.nasa.gov/neo/rest/v1/feed?start_date=2007-03-22&end_date=2007-03-22&detailed=true&api_key=t0TVs3DtDT2H8Oy2Zy8m2eVrNsAVKAexjcZXUckd"
  },
  "element_count" : 5,
  "near_earth_objects" : {
    "2007-03-22" : [ {
      "links" : {
        "self" : "https://api.nasa.gov/neo/rest/v1/neo/2163191?api_key=t0TVs3DtDT2H8Oy2Zy8m2eVrNsAVKAexjcZXUckd"
      },
      "neo_reference_id" : "2163191",
      "name" : "163191 (2002 EQ9)",
      "nasa_jpl_url" : "http://ssd.jpl.nasa.gov/sbdb.cgi?sstr=2163191",
      "absolute_magnitude_h" : 19.4,
      "estimated_diameter" : {
        "kilometers" : {
          "estimated_diameter_min" : 0.3503926411,
          "estimated_diameter_max" : 0.7835017643
        },
        "meters" : {
          "estimated_diameter_min" : 350.3926411083,
          "estimated_diameter_max" : 783.5017643338
        },
        "miles" : {
          "estimated_diameter_min" : 0.2177238258,
          "estimated_diameter_max" : 0.4868452748
        },
        "feet" : {
          "estimated_diameter_min" : 1149.5821926537,
          "estimated_diameter_max" : 2570.543928497
        }
      },
      "is_potentially_hazardous_asteroid" : false,
      "close_approach_data" : [ {
        "close_approach_date" : "2007-03-22",
        "epoch_date_close_approach" : 1174546800000,
        "relative_velocity" : {
          "kilometers_per_second" : "13.9651273302",
          "kilometers_per_hour" : "50274.4583887441",
          "miles_per_hour" : "31238.5933249394"
        },
        "miss_distance" : {
          "astronomical" : "0.1028278212",
          "lunar" : "40.0000228882",
          "kilometers" : "15382824",
          "miles" : "9558444"
        },
        "orbiting_body" : "Earth"
      } ],
      "orbital_data" : {
        "orbit_id" : "67",
        "orbit_determination_date" : "2017-09-13 06:19:54",
        "orbit_uncertainty" : "0",
        "minimum_orbit_intersection" : ".0639475",
        "jupiter_tisserand_invariant" : "3.845",
        "epoch_osculation" : "2458000.5",
        "eccentricity" : ".4646086000958341",
        "semi_major_axis" : "1.835192392867548",
        "inclination" : "16.30360395250057",
        "ascending_node_longitude" : "179.18169538848",
        "orbital_period" : "908.0731349260627",
        "perihelion_distance" : ".9825462243108328",
        "perihelion_argument" : "44.16718424257104",
        "aphelion_distance" : "2.687838561424264",
        "perihelion_time" : "2457848.110518117999",
        "mean_anomaly" : "60.41387127038736",
        "mean_motion" : ".3964438393272278",
        "equinox" : "J2000"
      }
    }, {
      "links" : {
        "self" : "https://api.nasa.gov/neo/rest/v1/neo/3332535?api_key=t0TVs3DtDT2H8Oy2Zy8m2eVrNsAVKAexjcZXUckd"
      },
      "neo_reference_id" : "3332535",
      "name" : "(2006 JY26)",
      "nasa_jpl_url" : "http://ssd.jpl.nasa.gov/sbdb.cgi?sstr=3332535",
      "absolute_magnitude_h" : 28.4,
      "estimated_diameter" : {
        "kilometers" : {
          "estimated_diameter_min" : 0.0055533491,
          "estimated_diameter_max" : 0.0124176661
        },
        "meters" : {
          "estimated_diameter_min" : 5.5533491158,
          "estimated_diameter_max" : 12.4176661257
        },
        "miles" : {
          "estimated_diameter_min" : 0.0034506901,
          "estimated_diameter_max" : 0.0077159776
        },
        "feet" : {
          "estimated_diameter_min" : 18.2196499131,
          "estimated_diameter_max" : 40.740375732
        }
      },
      "is_potentially_hazardous_asteroid" : false,
      "close_approach_data" : [ {
        "close_approach_date" : "2007-03-22",
        "epoch_date_close_approach" : 1174546800000,
        "relative_velocity" : {
          "kilometers_per_second" : "2.3820985306",
          "kilometers_per_hour" : "8575.5547102494",
          "miles_per_hour" : "5328.5162031547"
        },
        "miss_distance" : {
          "astronomical" : "0.0899655907",
          "lunar" : "34.9966125488",
          "kilometers" : "13458661",
          "miles" : "8362824"
        },
        "orbiting_body" : "Earth"
      } ],
      "orbital_data" : {
        "orbit_id" : "9",
        "orbit_determination_date" : "2017-04-06 09:08:40",
        "orbit_uncertainty" : "3",
        "minimum_orbit_intersection" : ".000330436",
        "jupiter_tisserand_invariant" : "6.029",
        "epoch_osculation" : "2458000.5",
        "eccentricity" : ".08300439041661013",
        "semi_major_axis" : "1.010232593169178",
        "inclination" : "1.439038907726933",
        "ascending_node_longitude" : "43.46608958120395",
        "orbital_period" : "370.8775035408209",
        "perihelion_distance" : ".9263788525941795",
        "perihelion_argument" : "273.6429888422383",
        "aphelion_distance" : "1.094086333744178",
        "perihelion_time" : "2458024.134950738917",
        "mean_anomaly" : "337.058241104469",
        "mean_motion" : ".9706708995909114",
        "equinox" : "J2000"
      }
    }, {
      "links" : {
        "self" : "https://api.nasa.gov/neo/rest/v1/neo/3345304?api_key=t0TVs3DtDT2H8Oy2Zy8m2eVrNsAVKAexjcZXUckd"
      },
      "neo_reference_id" : "3345304",
      "name" : "(2006 ST131)",
      "nasa_jpl_url" : "http://ssd.jpl.nasa.gov/sbdb.cgi?sstr=3345304",
      "absolute_magnitude_h" : 21.5,
      "estimated_diameter" : {
        "kilometers" : {
          "estimated_diameter_min" : 0.1332155667,
          "estimated_diameter_max" : 0.2978790628
        },
        "meters" : {
          "estimated_diameter_min" : 133.2155666981,
          "estimated_diameter_max" : 297.8790627982
        },
        "miles" : {
          "estimated_diameter_min" : 0.0827762899,
          "estimated_diameter_max" : 0.1850934111
        },
        "feet" : {
          "estimated_diameter_min" : 437.0589598459,
          "estimated_diameter_max" : 977.2935443908
        }
      },
      "is_potentially_hazardous_asteroid" : false,
      "close_approach_data" : [ {
        "close_approach_date" : "2007-03-22",
        "epoch_date_close_approach" : 1174546800000,
        "relative_velocity" : {
          "kilometers_per_second" : "18.0780928488",
          "kilometers_per_hour" : "65081.1342555184",
          "miles_per_hour" : "40438.8858933803"
        },
        "miss_distance" : {
          "astronomical" : "0.3005477721",
          "lunar" : "116.9130859375",
          "kilometers" : "44961308",
          "miles" : "27937662"
        },
        "orbiting_body" : "Earth"
      } ],
      "orbital_data" : {
        "orbit_id" : "19",
        "orbit_determination_date" : "2017-04-06 09:08:03",
        "orbit_uncertainty" : "0",
        "minimum_orbit_intersection" : ".251787",
        "jupiter_tisserand_invariant" : "4.387",
        "epoch_osculation" : "2458000.5",
        "eccentricity" : ".3164500283218231",
        "semi_major_axis" : "1.469773092009",
        "inclination" : "32.88126191122794",
        "ascending_node_longitude" : "194.4662687873081",
        "orbital_period" : "650.8394437385122",
        "perihelion_distance" : "1.004663355416098",
        "perihelion_argument" : "265.7424545500685",
        "aphelion_distance" : "1.934882828601901",
        "perihelion_time" : "2458008.044127383019",
        "mean_anomaly" : "355.8271031603642",
        "mean_motion" : ".5531318107152664",
        "equinox" : "J2000"
      }
    }, {
      "links" : {
        "self" : "https://api.nasa.gov/neo/rest/v1/neo/3375232?api_key=t0TVs3DtDT2H8Oy2Zy8m2eVrNsAVKAexjcZXUckd"
      },
      "neo_reference_id" : "3375232",
      "name" : "(2007 HG44)",
      "nasa_jpl_url" : "http://ssd.jpl.nasa.gov/sbdb.cgi?sstr=3375232",
      "absolute_magnitude_h" : 19.3,
      "estimated_diameter" : {
        "kilometers" : {
          "estimated_diameter_min" : 0.3669061375,
          "estimated_diameter_max" : 0.8204270649
        },
        "meters" : {
          "estimated_diameter_min" : 366.9061375314,
          "estimated_diameter_max" : 820.4270648822
        },
        "miles" : {
          "estimated_diameter_min" : 0.2279848336,
          "estimated_diameter_max" : 0.5097895857
        },
        "feet" : {
          "estimated_diameter_min" : 1203.7603322587,
          "estimated_diameter_max" : 2691.6899315481
        }
      },
      "is_potentially_hazardous_asteroid" : false,
      "close_approach_data" : [ {
        "close_approach_date" : "2007-03-22",
        "epoch_date_close_approach" : 1174546800000,
        "relative_velocity" : {
          "kilometers_per_second" : "23.0108976315",
          "kilometers_per_hour" : "82839.2314734176",
          "miles_per_hour" : "51473.0769119133"
        },
        "miss_distance" : {
          "astronomical" : "0.1954961918",
          "lunar" : "76.0480194092",
          "kilometers" : "29245814",
          "miles" : "18172506"
        },
        "orbiting_body" : "Earth"
      } ],
      "orbital_data" : {
        "orbit_id" : "17",
        "orbit_determination_date" : "2017-04-10 11:57:27",
        "orbit_uncertainty" : "0",
        "minimum_orbit_intersection" : ".0909677",
        "jupiter_tisserand_invariant" : "3.056",
        "epoch_osculation" : "2458000.5",
        "eccentricity" : ".7176480953650038",
        "semi_major_axis" : "2.470338576775716",
        "inclination" : "8.373427433230569",
        "ascending_node_longitude" : "64.48216723998289",
        "orbital_period" : "1418.18584851383",
        "perihelion_distance" : ".6975048022459289",
        "perihelion_argument" : "33.26394417529276",
        "aphelion_distance" : "4.243172351305502",
        "perihelion_time" : "2458391.157309437703",
        "mean_anomaly" : "260.8334263489151",
        "mean_motion" : ".253845432442622",
        "equinox" : "J2000"
      }
    }, {
      "links" : {
        "self" : "https://api.nasa.gov/neo/rest/v1/neo/3559842?api_key=t0TVs3DtDT2H8Oy2Zy8m2eVrNsAVKAexjcZXUckd"
      },
      "neo_reference_id" : "3559842",
      "name" : "(2011 EO51)",
      "nasa_jpl_url" : "http://ssd.jpl.nasa.gov/sbdb.cgi?sstr=3559842",
      "absolute_magnitude_h" : 21.1,
      "estimated_diameter" : {
        "kilometers" : {
          "estimated_diameter_min" : 0.160160338,
          "estimated_diameter_max" : 0.358129403
        },
        "meters" : {
          "estimated_diameter_min" : 160.1603379786,
          "estimated_diameter_max" : 358.1294030194
        },
        "miles" : {
          "estimated_diameter_min" : 0.0995189894,
          "estimated_diameter_max" : 0.2225312253
        },
        "feet" : {
          "estimated_diameter_min" : 525.4604432536,
          "estimated_diameter_max" : 1174.9652706022
        }
      },
      "is_potentially_hazardous_asteroid" : true,
      "close_approach_data" : [ {
        "close_approach_date" : "2007-03-22",
        "epoch_date_close_approach" : 1174546800000,
        "relative_velocity" : {
          "kilometers_per_second" : "39.3301751831",
          "kilometers_per_hour" : "141588.6306590556",
          "miles_per_hour" : "87977.6688670115"
        },
        "miss_distance" : {
          "astronomical" : "0.4056353159",
          "lunar" : "157.7921447754",
          "kilometers" : "60682180",
          "miles" : "37706160"
        },
        "orbiting_body" : "Earth"
      } ],
      "orbital_data" : {
        "orbit_id" : "13",
        "orbit_determination_date" : "2017-04-06 08:54:08",
        "orbit_uncertainty" : "1",
        "minimum_orbit_intersection" : ".0251441",
        "jupiter_tisserand_invariant" : "3.997",
        "epoch_osculation" : "2458000.5",
        "eccentricity" : ".7860699080133662",
        "semi_major_axis" : "1.565468741150809",
        "inclination" : "6.759681515130592",
        "ascending_node_longitude" : "175.2342224205059",
        "orbital_period" : "715.4265072084556",
        "perihelion_distance" : ".3349008717965924",
        "perihelion_argument" : "227.2554115934944",
        "aphelion_distance" : "2.796036610505025",
        "perihelion_time" : "2457720.392389765005",
        "mean_anomaly" : "140.9491242895988",
        "mean_motion" : ".5031963400471349",
        "equinox" : "J2000"
      }
    } ]
  }
}