{
  "links" : {
    "next" : "https://api.nasa.gov/neo/rest/v1/feed?start_date=1995-10-09&end_date=1995-10-09&detailed=true&api_key=t0TVs3DtDT2H8Oy2Zy8m2eVrNsAVKAexjcZXUckd",
    "prev" : "https://api.nasa.gov/neo/rest/v1/feed?start_date=1995-10-07&end_date=1995-10-07&detailed=true&api_key=t0TVs3DtDT2H8Oy2Zy8m2eVrNsAVKAexjcZXUckd",
    "self" : "https://api.nasa.gov/neo/rest/v1/feed?start_date=1995-10-08&end_date=1995-10-08&detailed=true&api_key=t0TVs3DtDT2H8Oy2Zy8m2eVrNsAVKAexjcZXUckd"
  },
  "element_count" : 6,
  "near_earth_objects" : {
    "1995-10-08" : [ {
      "links" : {
        "self" : "https://api.nasa.gov/neo/rest/v1/neo/2162694?api_key=t0TVs3DtDT2H8Oy2Zy8m2eVrNsAVKAexjcZXUckd"
      },
      "neo_reference_id" : "2162694",
      "name" : "162694 (2000 UH11)",
      "nasa_jpl_url" : "http://ssd.jpl.nasa.gov/sbdb.cgi?sstr=2162694",
      "absolute_magnitude_h" : 19.6,
      "estimated_diameter" : {
        "kilometers" : {
          "estimated_diameter_min" : 0.3195618867,
          "estimated_diameter_max" : 0.7145621017
        },
        "meters" : {
          "estimated_diameter_min" : 319.5618867213,
          "estimated_diameter_max" : 714.5621017269
        },
        "miles" : {
          "estimated_diameter_min" : 0.1985664891,
          "estimated_diameter_max" : 0.4440081677
        },
        "feet" : {
          "estimated_diameter_min" : 1048.4314204307,
          "estimated_diameter_max" : 2344.3639258298
        }
      },
      "is_potentially_hazardous_asteroid" : false,
      "close_approach_data" : [ {
        "close_approach_date" : "1995-10-08",
        "epoch_date_close_approach" : 813135600000,
        "relative_velocity" : {
          "kilometers_per_second" : "24.4364336236",
          "kilometers_per_hour" : "87971.1610448466",
          "miles_per_hour" : "54661.8583725604"
        },
        "miss_distance" : {
          "astronomical" : "0.4367768964",
          "lunar" : "169.9062194824",
          "kilometers" : "65340896",
          "miles" : "40600952"
        },
        "orbiting_body" : "Earth"
      } ],
      "orbital_data" : {
        "orbit_id" : "32",
        "orbit_determination_date" : "2017-09-24 06:23:56",
        "orbit_uncertainty" : "0",
        "minimum_orbit_intersection" : ".22486",
        "jupiter_tisserand_invariant" : "6.606",
        "epoch_osculation" : "2458000.5",
        "eccentricity" : ".4224555943413243",
        "semi_major_axis" : ".8702809086347039",
        "inclination" : "32.22691479429755",
        "ascending_node_longitude" : "29.79498678119862",
        "orbital_period" : "296.5429554833809",
        "perihelion_distance" : ".5026258701335222",
        "perihelion_argument" : "187.3922816371673",
        "aphelion_distance" : "1.237935947135886",
        "perihelion_time" : "2457928.629332034878",
        "mean_anomaly" : "87.25022796535129",
        "mean_motion" : "1.213989384482868",
        "equinox" : "J2000"
      }
    }, {
      "links" : {
        "self" : "https://api.nasa.gov/neo/rest/v1/neo/3429684?api_key=t0TVs3DtDT2H8Oy2Zy8m2eVrNsAVKAexjcZXUckd"
      },
      "neo_reference_id" : "3429684",
      "name" : "(2008 TZ)",
      "nasa_jpl_url" : "http://ssd.jpl.nasa.gov/sbdb.cgi?sstr=3429684",
      "absolute_magnitude_h" : 25.4,
      "estimated_diameter" : {
        "kilometers" : {
          "estimated_diameter_min" : 0.022108281,
          "estimated_diameter_max" : 0.0494356193
        },
        "meters" : {
          "estimated_diameter_min" : 22.1082810359,
          "estimated_diameter_max" : 49.435619262
        },
        "miles" : {
          "estimated_diameter_min" : 0.0137374447,
          "estimated_diameter_max" : 0.0307178602
        },
        "feet" : {
          "estimated_diameter_min" : 72.5337327539,
          "estimated_diameter_max" : 162.1903570994
        }
      },
      "is_potentially_hazardous_asteroid" : false,
      "close_approach_data" : [ {
        "close_approach_date" : "1995-10-08",
        "epoch_date_close_approach" : 813135600000,
        "relative_velocity" : {
          "kilometers_per_second" : "8.178060535",
          "kilometers_per_hour" : "29441.0179258586",
          "miles_per_hour" : "18293.5036106537"
        },
        "miss_distance" : {
          "astronomical" : "0.1240226634",
          "lunar" : "48.2448158264",
          "kilometers" : "18553526",
          "miles" : "11528627"
        },
        "orbiting_body" : "Earth"
      } ],
      "orbital_data" : {
        "orbit_id" : "15",
        "orbit_determination_date" : "2017-04-06 09:02:44",
        "orbit_uncertainty" : "6",
        "minimum_orbit_intersection" : ".00361704",
        "jupiter_tisserand_invariant" : "6.246",
        "epoch_osculation" : "2458000.5",
        "eccentricity" : ".3968356454760085",
        "semi_major_axis" : ".952890381194718",
        "inclination" : "1.504765649482926",
        "ascending_node_longitude" : "9.750383077646701",
        "orbital_period" : "339.7526410992528",
        "perihelion_distance" : ".5747495117054323",
        "perihelion_argument" : "127.4900299636265",
        "aphelion_distance" : "1.331031250684004",
        "perihelion_time" : "2457879.217925290642",
        "mean_anomaly" : "128.5098086481505",
        "mean_motion" : "1.059594412085327",
        "equinox" : "J2000"
      }
    }, {
      "links" : {
        "self" : "https://api.nasa.gov/neo/rest/v1/neo/3581238?api_key=t0TVs3DtDT2H8Oy2Zy8m2eVrNsAVKAexjcZXUckd"
      },
      "neo_reference_id" : "3581238",
      "name" : "(2011 TG2)",
      "nasa_jpl_url" : "http://ssd.jpl.nasa.gov/sbdb.cgi?sstr=3581238",
      "absolute_magnitude_h" : 20.4,
      "estimated_diameter" : {
        "kilometers" : {
          "estimated_diameter_min" : 0.2210828104,
          "estimated_diameter_max" : 0.4943561926
        },
        "meters" : {
          "estimated_diameter_min" : 221.0828103591,
          "estimated_diameter_max" : 494.3561926196
        },
        "miles" : {
          "estimated_diameter_min" : 0.137374447,
          "estimated_diameter_max" : 0.3071786018
        },
        "feet" : {
          "estimated_diameter_min" : 725.3373275385,
          "estimated_diameter_max" : 1621.9035709942
        }
      },
      "is_potentially_hazardous_asteroid" : false,
      "close_approach_data" : [ {
        "close_approach_date" : "1995-10-08",
        "epoch_date_close_approach" : 813135600000,
        "relative_velocity" : {
          "kilometers_per_second" : "13.9990858768",
          "kilometers_per_hour" : "50396.7091564228",
          "miles_per_hour" : "31314.5551977784"
        },
        "miss_distance" : {
          "astronomical" : "0.2735199581",
          "lunar" : "106.399269104",
          "kilometers" : "40918004",
          "miles" : "25425270"
        },
        "orbiting_body" : "Earth"
      } ],
      "orbital_data" : {
        "orbit_id" : "24",
        "orbit_determination_date" : "2017-04-06 08:52:33",
        "orbit_uncertainty" : "1",
        "minimum_orbit_intersection" : ".0511177",
        "jupiter_tisserand_invariant" : "6.484",
        "epoch_osculation" : "2458000.5",
        "eccentricity" : ".5147876322815463",
        "semi_major_axis" : ".8938575799171852",
        "inclination" : "21.09358036965412",
        "ascending_node_longitude" : "12.96137180959469",
        "orbital_period" : "308.6746169245088",
        "perihelion_distance" : ".4337107527547043",
        "perihelion_argument" : "218.6192689166658",
        "aphelion_distance" : "1.354004407079666",
        "perihelion_time" : "2457927.519776900601",
        "mean_anomaly" : "85.1151305460568",
        "mean_motion" : "1.166276655939104",
        "equinox" : "J2000"
      }
    }, {
      "links" : {
        "self" : "https://api.nasa.gov/neo/rest/v1/neo/3601472?api_key=t0TVs3DtDT2H8Oy2Zy8m2eVrNsAVKAexjcZXUckd"
      },
      "neo_reference_id" : "3601472",
      "name" : "(2012 FR1)",
      "nasa_jpl_url" : "http://ssd.jpl.nasa.gov/sbdb.cgi?sstr=3601472",
      "absolute_magnitude_h" : 19.1,
      "estimated_diameter" : {
        "kilometers" : {
          "estimated_diameter_min" : 0.4023045798,
          "estimated_diameter_max" : 0.8995803882
        },
        "meters" : {
          "estimated_diameter_min" : 402.3045798343,
          "estimated_diameter_max" : 899.5803881691
        },
        "miles" : {
          "estimated_diameter_min" : 0.2499803991,
          "estimated_diameter_max" : 0.5589731654
        },
        "feet" : {
          "estimated_diameter_min" : 1319.8969577037,
          "estimated_diameter_max" : 2951.3793207207
        }
      },
      "is_potentially_hazardous_asteroid" : true,
      "close_approach_data" : [ {
        "close_approach_date" : "1995-10-08",
        "epoch_date_close_approach" : 813135600000,
        "relative_velocity" : {
          "kilometers_per_second" : "15.4776155215",
          "kilometers_per_hour" : "55719.4158773802",
          "miles_per_hour" : "34621.878160031"
        },
        "miss_distance" : {
          "astronomical" : "0.2088703977",
          "lunar" : "81.2505874634",
          "kilometers" : "31246566",
          "miles" : "19415716"
        },
        "orbiting_body" : "Earth"
      } ],
      "orbital_data" : {
        "orbit_id" : "20",
        "orbit_determination_date" : "2017-04-06 08:50:26",
        "orbit_uncertainty" : "1",
        "minimum_orbit_intersection" : ".00672532",
        "jupiter_tisserand_invariant" : "3.275",
        "epoch_osculation" : "2458000.5",
        "eccentricity" : ".7119507498168253",
        "semi_major_axis" : "2.176240135386807",
        "inclination" : "13.30368650062958",
        "ascending_node_longitude" : "355.4787924280728",
        "orbital_period" : "1172.623653188909",
        "perihelion_distance" : ".6268643392167003",
        "perihelion_argument" : "86.23064422521149",
        "aphelion_distance" : "3.725615931556913",
        "perihelion_time" : "2458259.957124394224",
        "mean_anomaly" : "280.3456586195321",
        "mean_motion" : ".3070038703560113",
        "equinox" : "J2000"
      }
    }, {
      "links" : {
        "self" : "https://api.nasa.gov/neo/rest/v1/neo/3666677?api_key=t0TVs3DtDT2H8Oy2Zy8m2eVrNsAVKAexjcZXUckd"
      },
      "neo_reference_id" : "3666677",
      "name" : "(2014 FR37)",
      "nasa_jpl_url" : "http://ssd.jpl.nasa.gov/sbdb.cgi?sstr=3666677",
      "absolute_magnitude_h" : 22.8,
      "estimated_diameter" : {
        "kilometers" : {
          "estimated_diameter_min" : 0.0732073989,
          "estimated_diameter_max" : 0.1636967205
        },
        "meters" : {
          "estimated_diameter_min" : 73.2073989347,
          "estimated_diameter_max" : 163.696720474
        },
        "miles" : {
          "estimated_diameter_min" : 0.0454889547,
          "estimated_diameter_max" : 0.1017163949
        },
        "feet" : {
          "estimated_diameter_min" : 240.181762721,
          "estimated_diameter_max" : 537.0627483999
        }
      },
      "is_potentially_hazardous_asteroid" : false,
      "close_approach_data" : [ {
        "close_approach_date" : "1995-10-08",
        "epoch_date_close_approach" : 813135600000,
        "relative_velocity" : {
          "kilometers_per_second" : "10.3538812075",
          "kilometers_per_hour" : "37273.9723469384",
          "miles_per_hour" : "23160.5968730185"
        },
        "miss_distance" : {
          "astronomical" : "0.1029365356",
          "lunar" : "40.0423126221",
          "kilometers" : "15399087",
          "miles" : "9568549"
        },
        "orbiting_body" : "Earth"
      } ],
      "orbital_data" : {
        "orbit_id" : "13",
        "orbit_determination_date" : "2017-04-06 08:41:54",
        "orbit_uncertainty" : "6",
        "minimum_orbit_intersection" : ".0224851",
        "jupiter_tisserand_invariant" : "5.303",
        "epoch_osculation" : "2458000.5",
        "eccentricity" : ".2706344259804053",
        "semi_major_axis" : "1.185402267868303",
        "inclination" : "6.072461617563961",
        "ascending_node_longitude" : "10.38189097684688",
        "orbital_period" : "471.4081184471361",
        "perihelion_distance" : ".8645916055478944",
        "perihelion_argument" : "81.31956727808232",
        "aphelion_distance" : "1.506212930188712",
        "perihelion_time" : "2458069.779860798994",
        "mean_anomaly" : "307.093083653724",
        "mean_motion" : ".7636694955230614",
        "equinox" : "J2000"
      }
    }, {
      "links" : {
        "self" : "https://api.nasa.gov/neo/rest/v1/neo/3730802?api_key=t0TVs3DtDT2H8Oy2Zy8m2eVrNsAVKAexjcZXUckd"
      },
      "neo_reference_id" : "3730802",
      "name" : "(2015 TT238)",
      "nasa_jpl_url" : "http://ssd.jpl.nasa.gov/sbdb.cgi?sstr=3730802",
      "absolute_magnitude_h" : 24.5,
      "estimated_diameter" : {
        "kilometers" : {
          "estimated_diameter_min" : 0.0334622374,
          "estimated_diameter_max" : 0.0748238376
        },
        "meters" : {
          "estimated_diameter_min" : 33.4622374455,
          "estimated_diameter_max" : 74.8238376074
        },
        "miles" : {
          "estimated_diameter_min" : 0.0207924639,
          "estimated_diameter_max" : 0.0464933628
        },
        "feet" : {
          "estimated_diameter_min" : 109.7842471007,
          "estimated_diameter_max" : 245.4850393757
        }
      },
      "is_potentially_hazardous_asteroid" : false,
      "close_approach_data" : [ {
        "close_approach_date" : "1995-10-08",
        "epoch_date_close_approach" : 813135600000,
        "relative_velocity" : {
          "kilometers_per_second" : "7.0350792638",
          "kilometers_per_hour" : "25326.2853496968",
          "miles_per_hour" : "15736.7688052047"
        },
        "miss_distance" : {
          "astronomical" : "0.1168503547",
          "lunar" : "45.454788208",
          "kilometers" : "17480564",
          "miles" : "10861919"
        },
        "orbiting_body" : "Earth"
      } ],
      "orbital_data" : {
        "orbit_id" : "9",
        "orbit_determination_date" : "2017-04-06 08:31:14",
        "orbit_uncertainty" : "6",
        "minimum_orbit_intersection" : ".025176",
        "jupiter_tisserand_invariant" : "6.661",
        "epoch_osculation" : "2458000.5",
        "eccentricity" : ".2499222400619662",
        "semi_major_axis" : ".8855456744457496",
        "inclination" : "10.80071330359576",
        "ascending_node_longitude" : "4.523783599081487",
        "orbital_period" : "304.3791331885978",
        "perihelion_distance" : ".6642281158110832",
        "perihelion_argument" : "216.088514827759",
        "aphelion_distance" : "1.106863233080416",
        "perihelion_time" : "2458096.540595714589",
        "mean_anomaly" : "246.4093799891688",
        "mean_motion" : "1.182735479363294",
        "equinox" : "J2000"
      }
    } ]
  }
}