{
  "links" : {
    "next" : "https://api.nasa.gov/neo/rest/v1/feed?start_date=2002-08-16&end_date=2002-08-16&detailed=true&api_key=t0TVs3DtDT2H8Oy2Zy8m2eVrNsAVKAexjcZXUckd",
    "prev" : "https://api.nasa.gov/neo/rest/v1/feed?start_date=2002-08-14&end_date=2002-08-14&detailed=true&api_key=t0TVs3DtDT2H8Oy2Zy8m2eVrNsAVKAexjcZXUckd",
    "self" : "https://api.nasa.gov/neo/rest/v1/feed?start_date=2002-08-15&end_date=2002-08-15&detailed=true&api_key=t0TVs3DtDT2H8Oy2Zy8m2eVrNsAVKAexjcZXUckd"
  },
  "element_count" : 8,
  "near_earth_objects" : {
    "2002-08-15" : [ {
      "links" : {
        "self" : "https://api.nasa.gov/neo/rest/v1/neo/2141761?api_key=t0TVs3DtDT2H8Oy2Zy8m2eVrNsAVKAexjcZXUckd"
      },
      "neo_reference_id" : "2141761",
      "name" : "141761 (2002 MC)",
      "nasa_jpl_url" : "http://ssd.jpl.nasa.gov/sbdb.cgi?sstr=2141761",
      "absolute_magnitude_h" : 17.2,
      "estimated_diameter" : {
        "kilometers" : {
          "estimated_diameter_min" : 0.9650614696,
          "estimated_diameter_max" : 2.1579430484
        },
        "meters" : {
          "estimated_diameter_min" : 965.0614695789,
          "estimated_diameter_max" : 2157.9430484443
        },
        "miles" : {
          "estimated_diameter_min" : 0.5996612104,
          "estimated_diameter_max" : 1.34088323
        },
        "feet" : {
          "estimated_diameter_min" : 3166.2122718533,
          "estimated_diameter_max" : 7079.8658710581
        }
      },
      "is_potentially_hazardous_asteroid" : false,
      "close_approach_data" : [ {
        "close_approach_date" : "2002-08-15",
        "epoch_date_close_approach" : 1029394800000,
        "relative_velocity" : {
          "kilometers_per_second" : "10.5164933113",
          "kilometers_per_hour" : "37859.3759205446",
          "miles_per_hour" : "23524.3438879629"
        },
        "miss_distance" : {
          "astronomical" : "0.373183308",
          "lunar" : "145.1683044434",
          "kilometers" : "55827428",
          "miles" : "34689556"
        },
        "orbiting_body" : "Earth"
      } ],
      "orbital_data" : {
        "orbit_id" : "78",
        "orbit_determination_date" : "2017-04-06 09:27:29",
        "orbit_uncertainty" : "0",
        "minimum_orbit_intersection" : ".268042",
        "jupiter_tisserand_invariant" : "3.166",
        "epoch_osculation" : "2458000.5",
        "eccentricity" : ".5084846829646404",
        "semi_major_axis" : "2.57652583240013",
        "inclination" : "18.90345061022195",
        "ascending_node_longitude" : "151.5825048819117",
        "orbital_period" : "1510.602428298179",
        "perihelion_distance" : "1.266401911361944",
        "perihelion_argument" : "159.8369067456698",
        "aphelion_distance" : "3.886649753438316",
        "perihelion_time" : "2458517.312844880305",
        "mean_anomaly" : "236.8354792289632",
        "mean_motion" : ".2383155178729392",
        "equinox" : "J2000"
      }
    }, {
      "links" : {
        "self" : "https://api.nasa.gov/neo/rest/v1/neo/2367943?api_key=t0TVs3DtDT2H8Oy2Zy8m2eVrNsAVKAexjcZXUckd"
      },
      "neo_reference_id" : "2367943",
      "name" : "367943 Duende (2012 DA14)",
      "nasa_jpl_url" : "http://ssd.jpl.nasa.gov/sbdb.cgi?sstr=2367943",
      "absolute_magnitude_h" : 24.0,
      "estimated_diameter" : {
        "kilometers" : {
          "estimated_diameter_min" : 0.0421264611,
          "estimated_diameter_max" : 0.0941976306
        },
        "meters" : {
          "estimated_diameter_min" : 42.1264610556,
          "estimated_diameter_max" : 94.1976305719
        },
        "miles" : {
          "estimated_diameter_min" : 0.0261761612,
          "estimated_diameter_max" : 0.0585316759
        },
        "feet" : {
          "estimated_diameter_min" : 138.2101784897,
          "estimated_diameter_max" : 309.0473542854
        }
      },
      "is_potentially_hazardous_asteroid" : false,
      "close_approach_data" : [ {
        "close_approach_date" : "2002-08-15",
        "epoch_date_close_approach" : 1029394800000,
        "relative_velocity" : {
          "kilometers_per_second" : "7.7500244088",
          "kilometers_per_hour" : "27900.0878715207",
          "miles_per_hour" : "17336.0295999457"
        },
        "miss_distance" : {
          "astronomical" : "0.0923040302",
          "lunar" : "35.9062652588",
          "kilometers" : "13808486",
          "miles" : "8580196"
        },
        "orbiting_body" : "Earth"
      } ],
      "orbital_data" : {
        "orbit_id" : "80",
        "orbit_determination_date" : "2017-04-06 09:22:36",
        "orbit_uncertainty" : "0",
        "minimum_orbit_intersection" : ".00172365",
        "jupiter_tisserand_invariant" : "6.532",
        "epoch_osculation" : "2458000.5",
        "eccentricity" : ".08934798500351414",
        "semi_major_axis" : ".910284163483397",
        "inclination" : "11.60915288087941",
        "ascending_node_longitude" : "146.9612496093153",
        "orbital_period" : "317.2224446928078",
        "perihelion_distance" : ".8289521076955461",
        "perihelion_argument" : "195.5895845340659",
        "aphelion_distance" : ".991616219271248",
        "perihelion_time" : "2458100.272452815114",
        "mean_anomaly" : "246.7731977533194",
        "mean_motion" : "1.134850342473772",
        "equinox" : "J2000"
      }
    }, {
      "links" : {
        "self" : "https://api.nasa.gov/neo/rest/v1/neo/3014792?api_key=t0TVs3DtDT2H8Oy2Zy8m2eVrNsAVKAexjcZXUckd"
      },
      "neo_reference_id" : "3014792",
      "name" : "(1998 SB15)",
      "nasa_jpl_url" : "http://ssd.jpl.nasa.gov/sbdb.cgi?sstr=3014792",
      "absolute_magnitude_h" : 20.9,
      "estimated_diameter" : {
        "kilometers" : {
          "estimated_diameter_min" : 0.1756123185,
          "estimated_diameter_max" : 0.3926810818
        },
        "meters" : {
          "estimated_diameter_min" : 175.6123184804,
          "estimated_diameter_max" : 392.6810818086
        },
        "miles" : {
          "estimated_diameter_min" : 0.1091204019,
          "estimated_diameter_max" : 0.2440006365
        },
        "feet" : {
          "estimated_diameter_min" : 576.1559189633,
          "estimated_diameter_max" : 1288.3238004408
        }
      },
      "is_potentially_hazardous_asteroid" : false,
      "close_approach_data" : [ {
        "close_approach_date" : "2002-08-15",
        "epoch_date_close_approach" : 1029394800000,
        "relative_velocity" : {
          "kilometers_per_second" : "6.8259844757",
          "kilometers_per_hour" : "24573.5441123833",
          "miles_per_hour" : "15269.0446736084"
        },
        "miss_distance" : {
          "astronomical" : "0.4298779572",
          "lunar" : "167.2225341797",
          "kilometers" : "64308828",
          "miles" : "39959652"
        },
        "orbiting_body" : "Earth"
      } ],
      "orbital_data" : {
        "orbit_id" : "29",
        "orbit_determination_date" : "2017-09-20 06:18:03",
        "orbit_uncertainty" : "0",
        "minimum_orbit_intersection" : ".112016",
        "jupiter_tisserand_invariant" : "5.167",
        "epoch_osculation" : "2458000.5",
        "eccentricity" : ".1613032917807446",
        "semi_major_axis" : "1.226094158769174",
        "inclination" : "15.6285748814065",
        "ascending_node_longitude" : "6.791330809571434",
        "orbital_period" : "495.8886429301609",
        "perihelion_distance" : "1.028321134926564",
        "perihelion_argument" : "67.62399607592471",
        "aphelion_distance" : "1.423867182611785",
        "perihelion_time" : "2458103.224295914807",
        "mean_anomaly" : "285.4253005053419",
        "mean_motion" : ".7259694391724576",
        "equinox" : "J2000"
      }
    }, {
      "links" : {
        "self" : "https://api.nasa.gov/neo/rest/v1/neo/3117446?api_key=t0TVs3DtDT2H8Oy2Zy8m2eVrNsAVKAexjcZXUckd"
      },
      "neo_reference_id" : "3117446",
      "name" : "(2002 FW1)",
      "nasa_jpl_url" : "http://ssd.jpl.nasa.gov/sbdb.cgi?sstr=3117446",
      "absolute_magnitude_h" : 24.0,
      "estimated_diameter" : {
        "kilometers" : {
          "estimated_diameter_min" : 0.0421264611,
          "estimated_diameter_max" : 0.0941976306
        },
        "meters" : {
          "estimated_diameter_min" : 42.1264610556,
          "estimated_diameter_max" : 94.1976305719
        },
        "miles" : {
          "estimated_diameter_min" : 0.0261761612,
          "estimated_diameter_max" : 0.0585316759
        },
        "feet" : {
          "estimated_diameter_min" : 138.2101784897,
          "estimated_diameter_max" : 309.0473542854
        }
      },
      "is_potentially_hazardous_asteroid" : false,
      "close_approach_data" : [ {
        "close_approach_date" : "2002-08-15",
        "epoch_date_close_approach" : 1029394800000,
        "relative_velocity" : {
          "kilometers_per_second" : "11.2627314924",
          "kilometers_per_hour" : "40545.8333727577",
          "miles_per_hour" : "25193.6040754227"
        },
        "miss_distance" : {
          "astronomical" : "0.3760480004",
          "lunar" : "146.2826690674",
          "kilometers" : "56255980",
          "miles" : "34955844"
        },
        "orbiting_body" : "Earth"
      } ],
      "orbital_data" : {
        "orbit_id" : "8",
        "orbit_determination_date" : "2017-04-06 09:15:19",
        "orbit_uncertainty" : "8",
        "minimum_orbit_intersection" : ".00849026",
        "jupiter_tisserand_invariant" : "7.057",
        "epoch_osculation" : "2452358.5",
        "eccentricity" : ".3420395941822435",
        "semi_major_axis" : ".8240252786422374",
        "inclination" : "6.628118117921677",
        "ascending_node_longitude" : "164.2963041743963",
        "orbital_period" : "273.2179503692442",
        "perihelion_distance" : ".5421760067395364",
        "perihelion_argument" : "223.2220307604914",
        "aphelion_distance" : "1.105874550544939",
        "perihelion_time" : "2452259.501451589731",
        "mean_anomaly" : "130.4433964881567",
        "mean_motion" : "1.317629385307492",
        "equinox" : "J2000"
      }
    }, {
      "links" : {
        "self" : "https://api.nasa.gov/neo/rest/v1/neo/3131064?api_key=t0TVs3DtDT2H8Oy2Zy8m2eVrNsAVKAexjcZXUckd"
      },
      "neo_reference_id" : "3131064",
      "name" : "(2002 OS4)",
      "nasa_jpl_url" : "http://ssd.jpl.nasa.gov/sbdb.cgi?sstr=3131064",
      "absolute_magnitude_h" : 18.3,
      "estimated_diameter" : {
        "kilometers" : {
          "estimated_diameter_min" : 0.5815070396,
          "estimated_diameter_max" : 1.30028927
        },
        "meters" : {
          "estimated_diameter_min" : 581.5070396458,
          "estimated_diameter_max" : 1300.2892700427
        },
        "miles" : {
          "estimated_diameter_min" : 0.3613316107,
          "estimated_diameter_max" : 0.807962044
        },
        "feet" : {
          "estimated_diameter_min" : 1907.8315559515,
          "estimated_diameter_max" : 4266.0410487267
        }
      },
      "is_potentially_hazardous_asteroid" : false,
      "close_approach_data" : [ {
        "close_approach_date" : "2002-08-15",
        "epoch_date_close_approach" : 1029394800000,
        "relative_velocity" : {
          "kilometers_per_second" : "13.7205349129",
          "kilometers_per_hour" : "49393.9256865728",
          "miles_per_hour" : "30691.4645467486"
        },
        "miss_distance" : {
          "astronomical" : "0.422826498",
          "lunar" : "164.4795074463",
          "kilometers" : "63253944",
          "miles" : "39304180"
        },
        "orbiting_body" : "Earth"
      } ],
      "orbital_data" : {
        "orbit_id" : "93",
        "orbit_determination_date" : "2017-04-06 09:15:01",
        "orbit_uncertainty" : "0",
        "minimum_orbit_intersection" : ".29933",
        "jupiter_tisserand_invariant" : "3.672",
        "epoch_osculation" : "2458000.5",
        "eccentricity" : ".4536534560142245",
        "semi_major_axis" : "1.923948703035512",
        "inclination" : "26.79932092203626",
        "ascending_node_longitude" : "289.4766843406335",
        "orbital_period" : "974.7397111529248",
        "perihelion_distance" : "1.051142724709367",
        "perihelion_argument" : "102.1647913124261",
        "aphelion_distance" : "2.796754681361657",
        "perihelion_time" : "2458423.909034585769",
        "mean_anomaly" : "203.6226094958361",
        "mean_motion" : ".3693293664769141",
        "equinox" : "J2000"
      }
    }, {
      "links" : {
        "self" : "https://api.nasa.gov/neo/rest/v1/neo/3133157?api_key=t0TVs3DtDT2H8Oy2Zy8m2eVrNsAVKAexjcZXUckd"
      },
      "neo_reference_id" : "3133157",
      "name" : "(2002 QZ6)",
      "nasa_jpl_url" : "http://ssd.jpl.nasa.gov/sbdb.cgi?sstr=3133157",
      "absolute_magnitude_h" : 19.7,
      "estimated_diameter" : {
        "kilometers" : {
          "estimated_diameter_min" : 0.3051792326,
          "estimated_diameter_max" : 0.6824015094
        },
        "meters" : {
          "estimated_diameter_min" : 305.1792325939,
          "estimated_diameter_max" : 682.4015094011
        },
        "miles" : {
          "estimated_diameter_min" : 0.1896295249,
          "estimated_diameter_max" : 0.4240245083
        },
        "feet" : {
          "estimated_diameter_min" : 1001.2442334633,
          "estimated_diameter_max" : 2238.8501681036
        }
      },
      "is_potentially_hazardous_asteroid" : false,
      "close_approach_data" : [ {
        "close_approach_date" : "2002-08-15",
        "epoch_date_close_approach" : 1029394800000,
        "relative_velocity" : {
          "kilometers_per_second" : "13.1376534137",
          "kilometers_per_hour" : "47295.5522891868",
          "miles_per_hour" : "29387.6169210228"
        },
        "miss_distance" : {
          "astronomical" : "0.0845085411",
          "lunar" : "32.8738212585",
          "kilometers" : "12642297",
          "miles" : "7855559.5"
        },
        "orbiting_body" : "Earth"
      } ],
      "orbital_data" : {
        "orbit_id" : "33",
        "orbit_determination_date" : "2017-04-06 09:14:56",
        "orbit_uncertainty" : "0",
        "minimum_orbit_intersection" : ".0828791",
        "jupiter_tisserand_invariant" : "3.667",
        "epoch_osculation" : "2458000.5",
        "eccentricity" : ".4428655018631513",
        "semi_major_axis" : "1.966255678197105",
        "inclination" : "22.22711640610206",
        "ascending_node_longitude" : "323.4066214267624",
        "orbital_period" : "1007.067107857391",
        "perihelion_distance" : "1.095468870481073",
        "perihelion_argument" : "359.8998377967513",
        "aphelion_distance" : "2.837042485913137",
        "perihelion_time" : "2457538.518799360223",
        "mean_anomaly" : "165.1461267404149",
        "mean_motion" : ".3574736948423689",
        "equinox" : "J2000"
      }
    }, {
      "links" : {
        "self" : "https://api.nasa.gov/neo/rest/v1/neo/3552523?api_key=t0TVs3DtDT2H8Oy2Zy8m2eVrNsAVKAexjcZXUckd"
      },
      "neo_reference_id" : "3552523",
      "name" : "(2010 WS)",
      "nasa_jpl_url" : "http://ssd.jpl.nasa.gov/sbdb.cgi?sstr=3552523",
      "absolute_magnitude_h" : 24.9,
      "estimated_diameter" : {
        "kilometers" : {
          "estimated_diameter_min" : 0.0278326768,
          "estimated_diameter_max" : 0.0622357573
        },
        "meters" : {
          "estimated_diameter_min" : 27.8326768072,
          "estimated_diameter_max" : 62.2357573367
        },
        "miles" : {
          "estimated_diameter_min" : 0.0172944182,
          "estimated_diameter_max" : 0.0386714948
        },
        "feet" : {
          "estimated_diameter_min" : 91.3145593761,
          "estimated_diameter_max" : 204.1855621004
        }
      },
      "is_potentially_hazardous_asteroid" : false,
      "close_approach_data" : [ {
        "close_approach_date" : "2002-08-15",
        "epoch_date_close_approach" : 1029394800000,
        "relative_velocity" : {
          "kilometers_per_second" : "12.1408968001",
          "kilometers_per_hour" : "43707.2284804882",
          "miles_per_hour" : "27157.9720522233"
        },
        "miss_distance" : {
          "astronomical" : "0.3610798151",
          "lunar" : "140.4600524902",
          "kilometers" : "54016772",
          "miles" : "33564464"
        },
        "orbiting_body" : "Earth"
      } ],
      "orbital_data" : {
        "orbit_id" : "11",
        "orbit_determination_date" : "2017-04-06 08:55:37",
        "orbit_uncertainty" : "6",
        "minimum_orbit_intersection" : ".0111526",
        "jupiter_tisserand_invariant" : "6.398",
        "epoch_osculation" : "2458000.5",
        "eccentricity" : ".3134835458907075",
        "semi_major_axis" : ".9295269607892243",
        "inclination" : "4.560152092259355",
        "ascending_node_longitude" : "60.95250989389755",
        "orbital_period" : "327.3342228720157",
        "perihelion_distance" : ".6381355531200056",
        "perihelion_argument" : "232.6149310136973",
        "aphelion_distance" : "1.220918368458443",
        "perihelion_time" : "2458056.959742072419",
        "mean_anomaly" : "297.9059513920184",
        "mean_motion" : "1.099793345289033",
        "equinox" : "J2000"
      }
    }, {
      "links" : {
        "self" : "https://api.nasa.gov/neo/rest/v1/neo/3630638?api_key=t0TVs3DtDT2H8Oy2Zy8m2eVrNsAVKAexjcZXUckd"
      },
      "neo_reference_id" : "3630638",
      "name" : "(2013 EU9)",
      "nasa_jpl_url" : "http://ssd.jpl.nasa.gov/sbdb.cgi?sstr=3630638",
      "absolute_magnitude_h" : 21.6,
      "estimated_diameter" : {
        "kilometers" : {
          "estimated_diameter_min" : 0.1272198785,
          "estimated_diameter_max" : 0.2844722965
        },
        "meters" : {
          "estimated_diameter_min" : 127.2198785394,
          "estimated_diameter_max" : 284.4722965033
        },
        "miles" : {
          "estimated_diameter_min" : 0.0790507431,
          "estimated_diameter_max" : 0.1767628354
        },
        "feet" : {
          "estimated_diameter_min" : 417.3880663071,
          "estimated_diameter_max" : 933.3080892598
        }
      },
      "is_potentially_hazardous_asteroid" : false,
      "close_approach_data" : [ {
        "close_approach_date" : "2002-08-15",
        "epoch_date_close_approach" : 1029394800000,
        "relative_velocity" : {
          "kilometers_per_second" : "5.5629465078",
          "kilometers_per_hour" : "20026.6074279859",
          "miles_per_hour" : "12443.7550432393"
        },
        "miss_distance" : {
          "astronomical" : "0.4445144049",
          "lunar" : "172.9160919189",
          "kilometers" : "66498408",
          "miles" : "41320196"
        },
        "orbiting_body" : "Earth"
      } ],
      "orbital_data" : {
        "orbit_id" : "46",
        "orbit_determination_date" : "2017-04-06 08:46:35",
        "orbit_uncertainty" : "1",
        "minimum_orbit_intersection" : ".0937173",
        "jupiter_tisserand_invariant" : "4.825",
        "epoch_osculation" : "2458000.5",
        "eccentricity" : ".1932314176783313",
        "semi_major_axis" : "1.36071820387192",
        "inclination" : "3.872223248079328",
        "ascending_node_longitude" : "233.3261002681084",
        "orbital_period" : "579.7632984950272",
        "perihelion_distance" : "1.097784696277036",
        "perihelion_argument" : "340.6088718177492",
        "aphelion_distance" : "1.623651711466804",
        "perihelion_time" : "2458146.971035681702",
        "mean_anomaly" : "269.0498260543736",
        "mean_motion" : ".6209430657899567",
        "equinox" : "J2000"
      }
    } ]
  }
}