{
  "links" : {
    "next" : "https://api.nasa.gov/neo/rest/v1/feed?start_date=2001-08-09&end_date=2001-08-09&detailed=true&api_key=t0TVs3DtDT2H8Oy2Zy8m2eVrNsAVKAexjcZXUckd",
    "prev" : "https://api.nasa.gov/neo/rest/v1/feed?start_date=2001-08-07&end_date=2001-08-07&detailed=true&api_key=t0TVs3DtDT2H8Oy2Zy8m2eVrNsAVKAexjcZXUckd",
    "self" : "https://api.nasa.gov/neo/rest/v1/feed?start_date=2001-08-08&end_date=2001-08-08&detailed=true&api_key=t0TVs3DtDT2H8Oy2Zy8m2eVrNsAVKAexjcZXUckd"
  },
  "element_count" : 6,
  "near_earth_objects" : {
    "2001-08-08" : [ {
      "links" : {
        "self" : "https://api.nasa.gov/neo/rest/v1/neo/2424392?api_key=t0TVs3DtDT2H8Oy2Zy8m2eVrNsAVKAexjcZXUckd"
      },
      "neo_reference_id" : "2424392",
      "name" : "424392 (2007 YJ)",
      "nasa_jpl_url" : "http://ssd.jpl.nasa.gov/sbdb.cgi?sstr=2424392",
      "absolute_magnitude_h" : 21.9,
      "estimated_diameter" : {
        "kilometers" : {
          "estimated_diameter_min" : 0.1108038821,
          "estimated_diameter_max" : 0.2477650126
        },
        "meters" : {
          "estimated_diameter_min" : 110.8038821264,
          "estimated_diameter_max" : 247.7650126055
        },
        "miles" : {
          "estimated_diameter_min" : 0.068850319,
          "estimated_diameter_max" : 0.1539539936
        },
        "feet" : {
          "estimated_diameter_min" : 363.5298086356,
          "estimated_diameter_max" : 812.8773639568
        }
      },
      "is_potentially_hazardous_asteroid" : false,
      "close_approach_data" : [ {
        "close_approach_date" : "2001-08-08",
        "epoch_date_close_approach" : 997254000000,
        "relative_velocity" : {
          "kilometers_per_second" : "7.6086045805",
          "kilometers_per_hour" : "27390.9764896217",
          "miles_per_hour" : "17019.6875860097"
        },
        "miss_distance" : {
          "astronomical" : "0.0643819518",
          "lunar" : "25.0445785522",
          "kilometers" : "9631403",
          "miles" : "5984676"
        },
        "orbiting_body" : "Earth"
      } ],
      "orbital_data" : {
        "orbit_id" : "28",
        "orbit_determination_date" : "2017-04-06 09:21:03",
        "orbit_uncertainty" : "0",
        "minimum_orbit_intersection" : ".0509947",
        "jupiter_tisserand_invariant" : "5.597",
        "epoch_osculation" : "2458000.5",
        "eccentricity" : ".2800234762387954",
        "semi_major_axis" : "1.103868110287068",
        "inclination" : "3.305783412411644",
        "ascending_node_longitude" : "29.13247159447186",
        "orbital_period" : "423.6178069981287",
        "perihelion_distance" : ".7947591247353334",
        "perihelion_argument" : "198.9835159477174",
        "aphelion_distance" : "1.412977095838803",
        "perihelion_time" : "2457989.666407130059",
        "mean_anomaly" : "9.206632414288329",
        "mean_motion" : ".8498226326958682",
        "equinox" : "J2000"
      }
    }, {
      "links" : {
        "self" : "https://api.nasa.gov/neo/rest/v1/neo/3102734?api_key=t0TVs3DtDT2H8Oy2Zy8m2eVrNsAVKAexjcZXUckd"
      },
      "neo_reference_id" : "3102734",
      "name" : "(2001 YM4)",
      "nasa_jpl_url" : "http://ssd.jpl.nasa.gov/sbdb.cgi?sstr=3102734",
      "absolute_magnitude_h" : 19.9,
      "estimated_diameter" : {
        "kilometers" : {
          "estimated_diameter_min" : 0.2783267681,
          "estimated_diameter_max" : 0.6223575734
        },
        "meters" : {
          "estimated_diameter_min" : 278.3267680719,
          "estimated_diameter_max" : 622.3575733667
        },
        "miles" : {
          "estimated_diameter_min" : 0.1729441822,
          "estimated_diameter_max" : 0.3867149477
        },
        "feet" : {
          "estimated_diameter_min" : 913.1455937611,
          "estimated_diameter_max" : 2041.8556210042
        }
      },
      "is_potentially_hazardous_asteroid" : false,
      "close_approach_data" : [ {
        "close_approach_date" : "2001-08-08",
        "epoch_date_close_approach" : 997254000000,
        "relative_velocity" : {
          "kilometers_per_second" : "18.8515741792",
          "kilometers_per_hour" : "67865.6670451981",
          "miles_per_hour" : "42169.086281501"
        },
        "miss_distance" : {
          "astronomical" : "0.4514427504",
          "lunar" : "175.6112365723",
          "kilometers" : "67534872",
          "miles" : "41964224"
        },
        "orbiting_body" : "Earth"
      } ],
      "orbital_data" : {
        "orbit_id" : "17",
        "orbit_determination_date" : "2017-04-06 09:15:38",
        "orbit_uncertainty" : "0",
        "minimum_orbit_intersection" : ".308928",
        "jupiter_tisserand_invariant" : "3.974",
        "epoch_osculation" : "2458000.5",
        "eccentricity" : ".3894881202826616",
        "semi_major_axis" : "1.720906335018899",
        "inclination" : "26.21190007257594",
        "ascending_node_longitude" : "290.7058736828654",
        "orbital_period" : "824.5828099715636",
        "perihelion_distance" : "1.050633761409864",
        "perihelion_argument" : "96.28732514497443",
        "aphelion_distance" : "2.391178908627935",
        "perihelion_time" : "2457957.399983022266",
        "mean_anomaly" : "18.81679550477106",
        "mean_motion" : ".4365844105001593",
        "equinox" : "J2000"
      }
    }, {
      "links" : {
        "self" : "https://api.nasa.gov/neo/rest/v1/neo/3144515?api_key=t0TVs3DtDT2H8Oy2Zy8m2eVrNsAVKAexjcZXUckd"
      },
      "neo_reference_id" : "3144515",
      "name" : "(2002 XQ40)",
      "nasa_jpl_url" : "http://ssd.jpl.nasa.gov/sbdb.cgi?sstr=3144515",
      "absolute_magnitude_h" : 22.4,
      "estimated_diameter" : {
        "kilometers" : {
          "estimated_diameter_min" : 0.0880146521,
          "estimated_diameter_max" : 0.1968067451
        },
        "meters" : {
          "estimated_diameter_min" : 88.0146520901,
          "estimated_diameter_max" : 196.8067450894
        },
        "miles" : {
          "estimated_diameter_min" : 0.0546897524,
          "estimated_diameter_max" : 0.122290004
        },
        "feet" : {
          "estimated_diameter_min" : 288.7619911632,
          "estimated_diameter_max" : 645.6914415591
        }
      },
      "is_potentially_hazardous_asteroid" : false,
      "close_approach_data" : [ {
        "close_approach_date" : "2001-08-08",
        "epoch_date_close_approach" : 997254000000,
        "relative_velocity" : {
          "kilometers_per_second" : "11.002255964",
          "kilometers_per_hour" : "39608.1214703309",
          "miles_per_hour" : "24610.9463658287"
        },
        "miss_distance" : {
          "astronomical" : "0.2963749063",
          "lunar" : "115.2898406982",
          "kilometers" : "44337056",
          "miles" : "27549770"
        },
        "orbiting_body" : "Earth"
      } ],
      "orbital_data" : {
        "orbit_id" : "21",
        "orbit_determination_date" : "2017-04-06 09:14:31",
        "orbit_uncertainty" : "0",
        "minimum_orbit_intersection" : ".00654039",
        "jupiter_tisserand_invariant" : "5.694",
        "epoch_osculation" : "2458000.5",
        "eccentricity" : ".3510900933150837",
        "semi_major_axis" : "1.074304110711596",
        "inclination" : "2.183009675121736",
        "ascending_node_longitude" : "270.4980323315892",
        "orbital_period" : "406.7141508708423",
        "perihelion_distance" : ".6971265802330835",
        "perihelion_argument" : "72.98363797430697",
        "aphelion_distance" : "1.451481641190108",
        "perihelion_time" : "2457844.059944525513",
        "mean_anomaly" : "138.4717493852337",
        "mean_motion" : ".8851425484684524",
        "equinox" : "J2000"
      }
    }, {
      "links" : {
        "self" : "https://api.nasa.gov/neo/rest/v1/neo/3354955?api_key=t0TVs3DtDT2H8Oy2Zy8m2eVrNsAVKAexjcZXUckd"
      },
      "neo_reference_id" : "3354955",
      "name" : "(2006 UZ215)",
      "nasa_jpl_url" : "http://ssd.jpl.nasa.gov/sbdb.cgi?sstr=3354955",
      "absolute_magnitude_h" : 25.5,
      "estimated_diameter" : {
        "kilometers" : {
          "estimated_diameter_min" : 0.0211132445,
          "estimated_diameter_max" : 0.0472106499
        },
        "meters" : {
          "estimated_diameter_min" : 21.113244479,
          "estimated_diameter_max" : 47.2106498806
        },
        "miles" : {
          "estimated_diameter_min" : 0.0131191578,
          "estimated_diameter_max" : 0.0293353287
        },
        "feet" : {
          "estimated_diameter_min" : 69.2691770164,
          "estimated_diameter_max" : 154.8905885541
        }
      },
      "is_potentially_hazardous_asteroid" : false,
      "close_approach_data" : [ {
        "close_approach_date" : "2001-08-08",
        "epoch_date_close_approach" : 997254000000,
        "relative_velocity" : {
          "kilometers_per_second" : "6.418779561",
          "kilometers_per_hour" : "23107.6064197408",
          "miles_per_hour" : "14358.1680000884"
        },
        "miss_distance" : {
          "astronomical" : "0.3347074028",
          "lunar" : "130.2011871338",
          "kilometers" : "50071516",
          "miles" : "31112998"
        },
        "orbiting_body" : "Earth"
      } ],
      "orbital_data" : {
        "orbit_id" : "9",
        "orbit_determination_date" : "2017-04-06 09:07:45",
        "orbit_uncertainty" : "6",
        "minimum_orbit_intersection" : ".00997283",
        "jupiter_tisserand_invariant" : "6.633",
        "epoch_osculation" : "2458000.5",
        "eccentricity" : ".2066134559265337",
        "semi_major_axis" : ".8896818715220629",
        "inclination" : "14.26871364677129",
        "ascending_node_longitude" : "35.18007778138499",
        "orbital_period" : "306.5141575125883",
        "perihelion_distance" : ".7058616253717032",
        "perihelion_argument" : "222.287547803667",
        "aphelion_distance" : "1.073502117672423",
        "perihelion_time" : "2457920.309995282684",
        "mean_anomaly" : "94.18293083916737",
        "mean_motion" : "1.174497135536766",
        "equinox" : "J2000"
      }
    }, {
      "links" : {
        "self" : "https://api.nasa.gov/neo/rest/v1/neo/3626029?api_key=t0TVs3DtDT2H8Oy2Zy8m2eVrNsAVKAexjcZXUckd"
      },
      "neo_reference_id" : "3626029",
      "name" : "(2013 CW32)",
      "nasa_jpl_url" : "http://ssd.jpl.nasa.gov/sbdb.cgi?sstr=3626029",
      "absolute_magnitude_h" : 21.9,
      "estimated_diameter" : {
        "kilometers" : {
          "estimated_diameter_min" : 0.1108038821,
          "estimated_diameter_max" : 0.2477650126
        },
        "meters" : {
          "estimated_diameter_min" : 110.8038821264,
          "estimated_diameter_max" : 247.7650126055
        },
        "miles" : {
          "estimated_diameter_min" : 0.068850319,
          "estimated_diameter_max" : 0.1539539936
        },
        "feet" : {
          "estimated_diameter_min" : 363.5298086356,
          "estimated_diameter_max" : 812.8773639568
        }
      },
      "is_potentially_hazardous_asteroid" : true,
      "close_approach_data" : [ {
        "close_approach_date" : "2001-08-08",
        "epoch_date_close_approach" : 997254000000,
        "relative_velocity" : {
          "kilometers_per_second" : "20.7512422578",
          "kilometers_per_hour" : "74704.4721280717",
          "miles_per_hour" : "46418.4538064677"
        },
        "miss_distance" : {
          "astronomical" : "0.3988590961",
          "lunar" : "155.1561889648",
          "kilometers" : "59668472",
          "miles" : "37076268"
        },
        "orbiting_body" : "Earth"
      } ],
      "orbital_data" : {
        "orbit_id" : "13",
        "orbit_determination_date" : "2017-04-06 08:46:55",
        "orbit_uncertainty" : "2",
        "minimum_orbit_intersection" : ".0360908",
        "jupiter_tisserand_invariant" : "6.446",
        "epoch_osculation" : "2458000.5",
        "eccentricity" : ".3785403047141448",
        "semi_major_axis" : ".9045699059334557",
        "inclination" : "26.05279691410814",
        "ascending_node_longitude" : "132.1133404656312",
        "orbital_period" : "314.2401182838985",
        "perihelion_distance" : ".56215373810616",
        "perihelion_argument" : "228.8546758918408",
        "aphelion_distance" : "1.246986073760751",
        "perihelion_time" : "2458122.294438636488",
        "mean_anomaly" : "220.4697638589765",
        "mean_motion" : "1.145620750036633",
        "equinox" : "J2000"
      }
    }, {
      "links" : {
        "self" : "https://api.nasa.gov/neo/rest/v1/neo/3724110?api_key=t0TVs3DtDT2H8Oy2Zy8m2eVrNsAVKAexjcZXUckd"
      },
      "neo_reference_id" : "3724110",
      "name" : "(2015 NY13)",
      "nasa_jpl_url" : "http://ssd.jpl.nasa.gov/sbdb.cgi?sstr=3724110",
      "absolute_magnitude_h" : 21.1,
      "estimated_diameter" : {
        "kilometers" : {
          "estimated_diameter_min" : 0.160160338,
          "estimated_diameter_max" : 0.358129403
        },
        "meters" : {
          "estimated_diameter_min" : 160.1603379786,
          "estimated_diameter_max" : 358.1294030194
        },
        "miles" : {
          "estimated_diameter_min" : 0.0995189894,
          "estimated_diameter_max" : 0.2225312253
        },
        "feet" : {
          "estimated_diameter_min" : 525.4604432536,
          "estimated_diameter_max" : 1174.9652706022
        }
      },
      "is_potentially_hazardous_asteroid" : false,
      "close_approach_data" : [ {
        "close_approach_date" : "2001-08-08",
        "epoch_date_close_approach" : 997254000000,
        "relative_velocity" : {
          "kilometers_per_second" : "17.6405326361",
          "kilometers_per_hour" : "63505.9174897825",
          "miles_per_hour" : "39460.1074535818"
        },
        "miss_distance" : {
          "astronomical" : "0.4352037895",
          "lunar" : "169.2942810059",
          "kilometers" : "65105560",
          "miles" : "40454720"
        },
        "orbiting_body" : "Earth"
      } ],
      "orbital_data" : {
        "orbit_id" : "15",
        "orbit_determination_date" : "2017-07-26 06:19:35",
        "orbit_uncertainty" : "1",
        "minimum_orbit_intersection" : ".316524",
        "jupiter_tisserand_invariant" : "4.189",
        "epoch_osculation" : "2458000.5",
        "eccentricity" : ".1938734486389059",
        "semi_major_axis" : "1.589584468757383",
        "inclination" : "32.36162590534845",
        "ascending_node_longitude" : "308.4406749638867",
        "orbital_period" : "732.0215105666493",
        "perihelion_distance" : "1.281406245896546",
        "perihelion_argument" : "42.72053405036652",
        "aphelion_distance" : "1.897762691618221",
        "perihelion_time" : "2458014.374666935925",
        "mean_anomaly" : "353.1765938229514",
        "mean_motion" : ".4917888269722132",
        "equinox" : "J2000"
      }
    } ]
  }
}