{
  "links" : {
    "next" : "https://api.nasa.gov/neo/rest/v1/feed?start_date=2008-09-23&end_date=2008-09-23&detailed=true&api_key=t0TVs3DtDT2H8Oy2Zy8m2eVrNsAVKAexjcZXUckd",
    "prev" : "https://api.nasa.gov/neo/rest/v1/feed?start_date=2008-09-21&end_date=2008-09-21&detailed=true&api_key=t0TVs3DtDT2H8Oy2Zy8m2eVrNsAVKAexjcZXUckd",
    "self" : "https://api.nasa.gov/neo/rest/v1/feed?start_date=2008-09-22&end_date=2008-09-22&detailed=true&api_key=t0TVs3DtDT2H8Oy2Zy8m2eVrNsAVKAexjcZXUckd"
  },
  "element_count" : 6,
  "near_earth_objects" : {
    "2008-09-22" : [ {
      "links" : {
        "self" : "https://api.nasa.gov/neo/rest/v1/neo/3426810?api_key=t0TVs3DtDT2H8Oy2Zy8m2eVrNsAVKAexjcZXUckd"
      },
      "neo_reference_id" : "3426810",
      "name" : "(2008 RT24)",
      "nasa_jpl_url" : "http://ssd.jpl.nasa.gov/sbdb.cgi?sstr=3426810",
      "absolute_magnitude_h" : 24.4,
      "estimated_diameter" : {
        "kilometers" : {
          "estimated_diameter_min" : 0.0350392641,
          "estimated_diameter_max" : 0.0783501764
        },
        "meters" : {
          "estimated_diameter_min" : 35.0392641108,
          "estimated_diameter_max" : 78.3501764334
        },
        "miles" : {
          "estimated_diameter_min" : 0.0217723826,
          "estimated_diameter_max" : 0.0486845275
        },
        "feet" : {
          "estimated_diameter_min" : 114.9582192654,
          "estimated_diameter_max" : 257.0543928497
        }
      },
      "is_potentially_hazardous_asteroid" : false,
      "close_approach_data" : [ {
        "close_approach_date" : "2008-09-22",
        "epoch_date_close_approach" : 1222066800000,
        "relative_velocity" : {
          "kilometers_per_second" : "6.133122815",
          "kilometers_per_hour" : "22079.2421340317",
          "miles_per_hour" : "13719.1824248932"
        },
        "miss_distance" : {
          "astronomical" : "0.0740062564",
          "lunar" : "28.7884349823",
          "kilometers" : "11071179",
          "miles" : "6879311.5"
        },
        "orbiting_body" : "Earth"
      } ],
      "orbital_data" : {
        "orbit_id" : "10",
        "orbit_determination_date" : "2017-04-06 09:03:00",
        "orbit_uncertainty" : "8",
        "minimum_orbit_intersection" : ".0738452",
        "jupiter_tisserand_invariant" : "3.927",
        "epoch_osculation" : "2454716.5",
        "eccentricity" : ".4191478665851935",
        "semi_major_axis" : "1.818326815868083",
        "inclination" : "6.93747059248011",
        "ascending_node_longitude" : "162.011920128954",
        "orbital_period" : "895.5840331804251",
        "perihelion_distance" : "1.056179010242328",
        "perihelion_argument" : "212.6670979391973",
        "aphelion_distance" : "2.580474621493838",
        "perihelion_time" : "2454746.070023518089",
        "mean_anomaly" : "348.1136687657232",
        "mean_motion" : ".401972329410069",
        "equinox" : "J2000"
      }
    }, {
      "links" : {
        "self" : "https://api.nasa.gov/neo/rest/v1/neo/3427740?api_key=t0TVs3DtDT2H8Oy2Zy8m2eVrNsAVKAexjcZXUckd"
      },
      "neo_reference_id" : "3427740",
      "name" : "(2008 SF8)",
      "nasa_jpl_url" : "http://ssd.jpl.nasa.gov/sbdb.cgi?sstr=3427740",
      "absolute_magnitude_h" : 23.7,
      "estimated_diameter" : {
        "kilometers" : {
          "estimated_diameter_min" : 0.0483676488,
          "estimated_diameter_max" : 0.1081533507
        },
        "meters" : {
          "estimated_diameter_min" : 48.3676488219,
          "estimated_diameter_max" : 108.1533506775
        },
        "miles" : {
          "estimated_diameter_min" : 0.0300542543,
          "estimated_diameter_max" : 0.0672033557
        },
        "feet" : {
          "estimated_diameter_min" : 158.6865169607,
          "estimated_diameter_max" : 354.8338390368
        }
      },
      "is_potentially_hazardous_asteroid" : false,
      "close_approach_data" : [ {
        "close_approach_date" : "2008-09-22",
        "epoch_date_close_approach" : 1222066800000,
        "relative_velocity" : {
          "kilometers_per_second" : "7.0014396433",
          "kilometers_per_hour" : "25205.1827157179",
          "miles_per_hour" : "15661.520337997"
        },
        "miss_distance" : {
          "astronomical" : "0.1206571135",
          "lunar" : "46.9356193542",
          "kilometers" : "18050048",
          "miles" : "11215780"
        },
        "orbiting_body" : "Earth"
      } ],
      "orbital_data" : {
        "orbit_id" : "12",
        "orbit_determination_date" : "2017-04-06 09:02:52",
        "orbit_uncertainty" : "6",
        "minimum_orbit_intersection" : ".0920719",
        "jupiter_tisserand_invariant" : "3.034",
        "epoch_osculation" : "2458000.5",
        "eccentricity" : ".6043622492769342",
        "semi_major_axis" : "2.771324558174932",
        "inclination" : "5.955656677866814",
        "ascending_node_longitude" : "356.9472898610062",
        "orbital_period" : "1685.114875227761",
        "perihelion_distance" : "1.096440614719924",
        "perihelion_argument" : ".5286501895981682",
        "aphelion_distance" : "4.446208501629939",
        "perihelion_time" : "2458125.222912484275",
        "mean_anomaly" : "333.3547847957427",
        "mean_motion" : ".2136352870016308",
        "equinox" : "J2000"
      }
    }, {
      "links" : {
        "self" : "https://api.nasa.gov/neo/rest/v1/neo/3092291?api_key=t0TVs3DtDT2H8Oy2Zy8m2eVrNsAVKAexjcZXUckd"
      },
      "neo_reference_id" : "3092291",
      "name" : "(2001 DR8)",
      "nasa_jpl_url" : "http://ssd.jpl.nasa.gov/sbdb.cgi?sstr=3092291",
      "absolute_magnitude_h" : 18.9,
      "estimated_diameter" : {
        "kilometers" : {
          "estimated_diameter_min" : 0.4411182,
          "estimated_diameter_max" : 0.9863702813
        },
        "meters" : {
          "estimated_diameter_min" : 441.1181999969,
          "estimated_diameter_max" : 986.3702813054
        },
        "miles" : {
          "estimated_diameter_min" : 0.2740980571,
          "estimated_diameter_max" : 0.6129018881
        },
        "feet" : {
          "estimated_diameter_min" : 1447.2382352778,
          "estimated_diameter_max" : 3236.1230737181
        }
      },
      "is_potentially_hazardous_asteroid" : false,
      "close_approach_data" : [ {
        "close_approach_date" : "2008-09-22",
        "epoch_date_close_approach" : 1222066800000,
        "relative_velocity" : {
          "kilometers_per_second" : "18.3106887283",
          "kilometers_per_hour" : "65918.4794219408",
          "miles_per_hour" : "40959.1796163721"
        },
        "miss_distance" : {
          "astronomical" : "0.3607361995",
          "lunar" : "140.326385498",
          "kilometers" : "53965368",
          "miles" : "33532524"
        },
        "orbiting_body" : "Earth"
      } ],
      "orbital_data" : {
        "orbit_id" : "27",
        "orbit_determination_date" : "2016-08-07 06:15:48",
        "orbit_uncertainty" : "0",
        "minimum_orbit_intersection" : ".0793615",
        "jupiter_tisserand_invariant" : "3.598",
        "epoch_osculation" : "2457600.5",
        "eccentricity" : ".6729720464126334",
        "semi_major_axis" : "1.924331318146186",
        "inclination" : "6.582684339066895",
        "ascending_node_longitude" : "334.7540741408549",
        "orbital_period" : "975.0304949067066",
        "perihelion_distance" : ".629310132997427",
        "perihelion_argument" : "43.32414569134684",
        "aphelion_distance" : "3.219352503294945",
        "perihelion_time" : "2457667.655812187281",
        "mean_anomaly" : "335.2047833234852",
        "mean_motion" : ".3692192212249173",
        "equinox" : "J2000"
      }
    }, {
      "links" : {
        "self" : "https://api.nasa.gov/neo/rest/v1/neo/3454530?api_key=t0TVs3DtDT2H8Oy2Zy8m2eVrNsAVKAexjcZXUckd"
      },
      "neo_reference_id" : "3454530",
      "name" : "(2009 FJ1)",
      "nasa_jpl_url" : "http://ssd.jpl.nasa.gov/sbdb.cgi?sstr=3454530",
      "absolute_magnitude_h" : 23.1,
      "estimated_diameter" : {
        "kilometers" : {
          "estimated_diameter_min" : 0.063760979,
          "estimated_diameter_max" : 0.1425738833
        },
        "meters" : {
          "estimated_diameter_min" : 63.7609789875,
          "estimated_diameter_max" : 142.5738833281
        },
        "miles" : {
          "estimated_diameter_min" : 0.0396192233,
          "estimated_diameter_max" : 0.0885912765
        },
        "feet" : {
          "estimated_diameter_min" : 209.1895703015,
          "estimated_diameter_max" : 467.7620993781
        }
      },
      "is_potentially_hazardous_asteroid" : false,
      "close_approach_data" : [ {
        "close_approach_date" : "2008-09-22",
        "epoch_date_close_approach" : 1222066800000,
        "relative_velocity" : {
          "kilometers_per_second" : "9.6618730167",
          "kilometers_per_hour" : "34782.7428602737",
          "miles_per_hour" : "21612.6437511517"
        },
        "miss_distance" : {
          "astronomical" : "0.3063861667",
          "lunar" : "119.1842193604",
          "kilometers" : "45834720",
          "miles" : "28480374"
        },
        "orbiting_body" : "Earth"
      } ],
      "orbital_data" : {
        "orbit_id" : "12",
        "orbit_determination_date" : "2017-04-06 09:00:59",
        "orbit_uncertainty" : "8",
        "minimum_orbit_intersection" : ".0551248",
        "jupiter_tisserand_invariant" : "5.435",
        "epoch_osculation" : "2454911.5",
        "eccentricity" : ".2196346596913461",
        "semi_major_axis" : "1.1382598332629",
        "inclination" : "18.89662781388802",
        "ascending_node_longitude" : "4.320532390424529",
        "orbital_period" : "443.5683426191887",
        "perihelion_distance" : ".8882585221438744",
        "perihelion_argument" : "86.28322877067059",
        "aphelion_distance" : "1.388261144381925",
        "perihelion_time" : "2454830.326492468186",
        "mean_anomaly" : "65.8804064755835",
        "mean_motion" : ".8115998492459287",
        "equinox" : "J2000"
      }
    }, {
      "links" : {
        "self" : "https://api.nasa.gov/neo/rest/v1/neo/2469356?api_key=t0TVs3DtDT2H8Oy2Zy8m2eVrNsAVKAexjcZXUckd"
      },
      "neo_reference_id" : "2469356",
      "name" : "469356 (2001 DR8)",
      "nasa_jpl_url" : "http://ssd.jpl.nasa.gov/sbdb.cgi?sstr=2469356",
      "absolute_magnitude_h" : 18.8,
      "estimated_diameter" : {
        "kilometers" : {
          "estimated_diameter_min" : 0.4619074603,
          "estimated_diameter_max" : 1.0328564805
        },
        "meters" : {
          "estimated_diameter_min" : 461.9074602816,
          "estimated_diameter_max" : 1032.8564805039
        },
        "miles" : {
          "estimated_diameter_min" : 0.2870159005,
          "estimated_diameter_max" : 0.6417870641
        },
        "feet" : {
          "estimated_diameter_min" : 1515.4444719902,
          "estimated_diameter_max" : 3388.6368554964
        }
      },
      "is_potentially_hazardous_asteroid" : false,
      "close_approach_data" : [ {
        "close_approach_date" : "2008-09-22",
        "epoch_date_close_approach" : 1222066800000,
        "relative_velocity" : {
          "kilometers_per_second" : "18.3107447027",
          "kilometers_per_hour" : "65918.6809295861",
          "miles_per_hour" : "40959.3048253864"
        },
        "miss_distance" : {
          "astronomical" : "0.3607373712",
          "lunar" : "140.3268432617",
          "kilometers" : "53965544",
          "miles" : "33532634"
        },
        "orbiting_body" : "Earth"
      } ],
      "orbital_data" : {
        "orbit_id" : "35",
        "orbit_determination_date" : "2017-04-06 09:19:17",
        "orbit_uncertainty" : "0",
        "minimum_orbit_intersection" : ".0790874",
        "jupiter_tisserand_invariant" : "3.597",
        "epoch_osculation" : "2458000.5",
        "eccentricity" : ".6727785463006467",
        "semi_major_axis" : "1.924915203740678",
        "inclination" : "6.578264580325592",
        "ascending_node_longitude" : "334.741507629982",
        "orbital_period" : "975.4742979860225",
        "perihelion_distance" : ".6298735512160116",
        "perihelion_argument" : "43.35796594067123",
        "aphelion_distance" : "3.219956856265345",
        "perihelion_time" : "2457667.630970074963",
        "mean_anomaly" : "122.8457285039921",
        "mean_motion" : ".3690512407587375",
        "equinox" : "J2000"
      }
    }, {
      "links" : {
        "self" : "https://api.nasa.gov/neo/rest/v1/neo/3430492?api_key=t0TVs3DtDT2H8Oy2Zy8m2eVrNsAVKAexjcZXUckd"
      },
      "neo_reference_id" : "3430492",
      "name" : "(2008 TP26)",
      "nasa_jpl_url" : "http://ssd.jpl.nasa.gov/sbdb.cgi?sstr=3430492",
      "absolute_magnitude_h" : 23.8,
      "estimated_diameter" : {
        "kilometers" : {
          "estimated_diameter_min" : 0.046190746,
          "estimated_diameter_max" : 0.1032856481
        },
        "meters" : {
          "estimated_diameter_min" : 46.1907460282,
          "estimated_diameter_max" : 103.2856480504
        },
        "miles" : {
          "estimated_diameter_min" : 0.0287015901,
          "estimated_diameter_max" : 0.0641787064
        },
        "feet" : {
          "estimated_diameter_min" : 151.544447199,
          "estimated_diameter_max" : 338.8636855496
        }
      },
      "is_potentially_hazardous_asteroid" : false,
      "close_approach_data" : [ {
        "close_approach_date" : "2008-09-22",
        "epoch_date_close_approach" : 1222066800000,
        "relative_velocity" : {
          "kilometers_per_second" : "8.4085085026",
          "kilometers_per_hour" : "30270.6306092131",
          "miles_per_hour" : "18808.9926693747"
        },
        "miss_distance" : {
          "astronomical" : "0.1904686948",
          "lunar" : "74.0923233032",
          "kilometers" : "28493712",
          "miles" : "17705172"
        },
        "orbiting_body" : "Earth"
      } ],
      "orbital_data" : {
        "orbit_id" : "9",
        "orbit_determination_date" : "2017-04-06 09:02:36",
        "orbit_uncertainty" : "2",
        "minimum_orbit_intersection" : ".0777859",
        "jupiter_tisserand_invariant" : "5.610",
        "epoch_osculation" : "2458000.5",
        "eccentricity" : ".2873539293935374",
        "semi_major_axis" : "1.094292144087019",
        "inclination" : "13.32435857537372",
        "ascending_node_longitude" : "12.31799321732722",
        "orbital_period" : "418.1175038696484",
        "perihelion_distance" : ".779842996579135",
        "perihelion_argument" : "241.7015971905415",
        "aphelion_distance" : "1.408741291594903",
        "perihelion_time" : "2457984.536502909446",
        "mean_anomaly" : "13.74460265215551",
        "mean_motion" : ".8610019830985908",
        "equinox" : "J2000"
      }
    } ]
  }
}