{
  "links" : {
    "next" : "https://api.nasa.gov/neo/rest/v1/feed?start_date=2000-10-09&end_date=2000-10-09&detailed=true&api_key=t0TVs3DtDT2H8Oy2Zy8m2eVrNsAVKAexjcZXUckd",
    "prev" : "https://api.nasa.gov/neo/rest/v1/feed?start_date=2000-10-07&end_date=2000-10-07&detailed=true&api_key=t0TVs3DtDT2H8Oy2Zy8m2eVrNsAVKAexjcZXUckd",
    "self" : "https://api.nasa.gov/neo/rest/v1/feed?start_date=2000-10-08&end_date=2000-10-08&detailed=true&api_key=t0TVs3DtDT2H8Oy2Zy8m2eVrNsAVKAexjcZXUckd"
  },
  "element_count" : 7,
  "near_earth_objects" : {
    "2000-10-08" : [ {
      "links" : {
        "self" : "https://api.nasa.gov/neo/rest/v1/neo/2153195?api_key=t0TVs3DtDT2H8Oy2Zy8m2eVrNsAVKAexjcZXUckd"
      },
      "neo_reference_id" : "2153195",
      "name" : "153195 (2000 WB1)",
      "nasa_jpl_url" : "http://ssd.jpl.nasa.gov/sbdb.cgi?sstr=2153195",
      "absolute_magnitude_h" : 17.5,
      "estimated_diameter" : {
        "kilometers" : {
          "estimated_diameter_min" : 0.8405334021,
          "estimated_diameter_max" : 1.8794898244
        },
        "meters" : {
          "estimated_diameter_min" : 840.5334020728,
          "estimated_diameter_max" : 1879.4898243938
        },
        "miles" : {
          "estimated_diameter_min" : 0.5222830806,
          "estimated_diameter_max" : 1.1678604717
        },
        "feet" : {
          "estimated_diameter_min" : 2757.6556068564,
          "estimated_diameter_max" : 6166.3053954643
        }
      },
      "is_potentially_hazardous_asteroid" : false,
      "close_approach_data" : [ {
        "close_approach_date" : "2000-10-08",
        "epoch_date_close_approach" : 970988400000,
        "relative_velocity" : {
          "kilometers_per_second" : "24.5508736183",
          "kilometers_per_hour" : "88383.1450257889",
          "miles_per_hour" : "54917.8491967187"
        },
        "miss_distance" : {
          "astronomical" : "0.2428322238",
          "lunar" : "94.4617385864",
          "kilometers" : "36327184",
          "miles" : "22572666"
        },
        "orbiting_body" : "Earth"
      } ],
      "orbital_data" : {
        "orbit_id" : "37",
        "orbit_determination_date" : "2017-04-06 09:27:08",
        "orbit_uncertainty" : "0",
        "minimum_orbit_intersection" : ".0906461",
        "jupiter_tisserand_invariant" : "4.591",
        "epoch_osculation" : "2458000.5",
        "eccentricity" : ".6189729823262334",
        "semi_major_axis" : "1.301085442304655",
        "inclination" : "41.11194084277044",
        "ascending_node_longitude" : "21.41745303622736",
        "orbital_period" : "542.0722226033105",
        "perihelion_distance" : ".4957487058200963",
        "perihelion_argument" : "262.8853887161922",
        "aphelion_distance" : "2.106422178789215",
        "perihelion_time" : "2457739.606066523000",
        "mean_anomaly" : "173.2643956568348",
        "mean_motion" : ".664118146971439",
        "equinox" : "J2000"
      }
    }, {
      "links" : {
        "self" : "https://api.nasa.gov/neo/rest/v1/neo/3061790?api_key=t0TVs3DtDT2H8Oy2Zy8m2eVrNsAVKAexjcZXUckd"
      },
      "neo_reference_id" : "3061790",
      "name" : "(2000 SR43)",
      "nasa_jpl_url" : "http://ssd.jpl.nasa.gov/sbdb.cgi?sstr=3061790",
      "absolute_magnitude_h" : 19.4,
      "estimated_diameter" : {
        "kilometers" : {
          "estimated_diameter_min" : 0.3503926411,
          "estimated_diameter_max" : 0.7835017643
        },
        "meters" : {
          "estimated_diameter_min" : 350.3926411083,
          "estimated_diameter_max" : 783.5017643338
        },
        "miles" : {
          "estimated_diameter_min" : 0.2177238258,
          "estimated_diameter_max" : 0.4868452748
        },
        "feet" : {
          "estimated_diameter_min" : 1149.5821926537,
          "estimated_diameter_max" : 2570.543928497
        }
      },
      "is_potentially_hazardous_asteroid" : false,
      "close_approach_data" : [ {
        "close_approach_date" : "2000-10-08",
        "epoch_date_close_approach" : 970988400000,
        "relative_velocity" : {
          "kilometers_per_second" : "14.3172028915",
          "kilometers_per_hour" : "51541.930409278",
          "miles_per_hour" : "32026.1511479205"
        },
        "miss_distance" : {
          "astronomical" : "0.390798009",
          "lunar" : "152.0204162598",
          "kilometers" : "58462548",
          "miles" : "36326944"
        },
        "orbiting_body" : "Earth"
      } ],
      "orbital_data" : {
        "orbit_id" : "17",
        "orbit_determination_date" : "2017-04-06 09:16:49",
        "orbit_uncertainty" : "1",
        "minimum_orbit_intersection" : ".394229",
        "jupiter_tisserand_invariant" : "3.095",
        "epoch_osculation" : "2458000.5",
        "eccentricity" : ".549686573476698",
        "semi_major_axis" : "2.545200146512992",
        "inclination" : "25.95635990460787",
        "ascending_node_longitude" : "345.6572290440398",
        "orbital_period" : "1483.137228063042",
        "perihelion_distance" : "1.146137799163876",
        "perihelion_argument" : "78.81495920737746",
        "aphelion_distance" : "3.944262493862109",
        "perihelion_time" : "2457811.152939717738",
        "mean_anomaly" : "45.95996945652631",
        "mean_motion" : ".2427287193580566",
        "equinox" : "J2000"
      }
    }, {
      "links" : {
        "self" : "https://api.nasa.gov/neo/rest/v1/neo/3102756?api_key=t0TVs3DtDT2H8Oy2Zy8m2eVrNsAVKAexjcZXUckd"
      },
      "neo_reference_id" : "3102756",
      "name" : "(2002 AO11)",
      "nasa_jpl_url" : "http://ssd.jpl.nasa.gov/sbdb.cgi?sstr=3102756",
      "absolute_magnitude_h" : 22.7,
      "estimated_diameter" : {
        "kilometers" : {
          "estimated_diameter_min" : 0.0766575574,
          "estimated_diameter_max" : 0.1714115092
        },
        "meters" : {
          "estimated_diameter_min" : 76.6575573531,
          "estimated_diameter_max" : 171.4115092306
        },
        "miles" : {
          "estimated_diameter_min" : 0.0476327831,
          "estimated_diameter_max" : 0.1065101409
        },
        "feet" : {
          "estimated_diameter_min" : 251.5011804664,
          "estimated_diameter_max" : 562.3737359442
        }
      },
      "is_potentially_hazardous_asteroid" : false,
      "close_approach_data" : [ {
        "close_approach_date" : "2000-10-08",
        "epoch_date_close_approach" : 970988400000,
        "relative_velocity" : {
          "kilometers_per_second" : "18.2410028298",
          "kilometers_per_hour" : "65667.610187437",
          "miles_per_hour" : "40803.2992300772"
        },
        "miss_distance" : {
          "astronomical" : "0.4661866007",
          "lunar" : "181.3465881348",
          "kilometers" : "69740528",
          "miles" : "43334752"
        },
        "orbiting_body" : "Earth"
      } ],
      "orbital_data" : {
        "orbit_id" : "10",
        "orbit_determination_date" : "2017-04-06 09:15:34",
        "orbit_uncertainty" : "2",
        "minimum_orbit_intersection" : ".00385218",
        "jupiter_tisserand_invariant" : "6.481",
        "epoch_osculation" : "2458000.5",
        "eccentricity" : ".1621960789499528",
        "semi_major_axis" : ".9171413543662438",
        "inclination" : "13.06024110959747",
        "ascending_node_longitude" : "295.0406370400677",
        "orbital_period" : "320.8136523206951",
        "perihelion_distance" : ".7683846228451898",
        "perihelion_argument" : "305.9033341542667",
        "aphelion_distance" : "1.065898085887298",
        "perihelion_time" : "2458153.676955332129",
        "mean_anomaly" : "188.1129761134878",
        "mean_motion" : "1.122146758393352",
        "equinox" : "J2000"
      }
    }, {
      "links" : {
        "self" : "https://api.nasa.gov/neo/rest/v1/neo/3137846?api_key=t0TVs3DtDT2H8Oy2Zy8m2eVrNsAVKAexjcZXUckd"
      },
      "neo_reference_id" : "3137846",
      "name" : "(2002 TR67)",
      "nasa_jpl_url" : "http://ssd.jpl.nasa.gov/sbdb.cgi?sstr=3137846",
      "absolute_magnitude_h" : 22.7,
      "estimated_diameter" : {
        "kilometers" : {
          "estimated_diameter_min" : 0.0766575574,
          "estimated_diameter_max" : 0.1714115092
        },
        "meters" : {
          "estimated_diameter_min" : 76.6575573531,
          "estimated_diameter_max" : 171.4115092306
        },
        "miles" : {
          "estimated_diameter_min" : 0.0476327831,
          "estimated_diameter_max" : 0.1065101409
        },
        "feet" : {
          "estimated_diameter_min" : 251.5011804664,
          "estimated_diameter_max" : 562.3737359442
        }
      },
      "is_potentially_hazardous_asteroid" : false,
      "close_approach_data" : [ {
        "close_approach_date" : "2000-10-08",
        "epoch_date_close_approach" : 970988400000,
        "relative_velocity" : {
          "kilometers_per_second" : "12.747588946",
          "kilometers_per_hour" : "45891.3202055374",
          "miles_per_hour" : "28515.0817132685"
        },
        "miss_distance" : {
          "astronomical" : "0.2306187997",
          "lunar" : "89.7107162476",
          "kilometers" : "34500084",
          "miles" : "21437358"
        },
        "orbiting_body" : "Earth"
      } ],
      "orbital_data" : {
        "orbit_id" : "10",
        "orbit_determination_date" : "2017-04-06 09:14:45",
        "orbit_uncertainty" : "7",
        "minimum_orbit_intersection" : ".0398058",
        "jupiter_tisserand_invariant" : "4.327",
        "epoch_osculation" : "2458000.5",
        "eccentricity" : ".3416996665845315",
        "semi_major_axis" : "1.568384816047807",
        "inclination" : "11.97149877788956",
        "ascending_node_longitude" : "180.5961565171704",
        "orbital_period" : "717.4264275415784",
        "perihelion_distance" : "1.03246824732803",
        "perihelion_argument" : "161.2000407923363",
        "aphelion_distance" : "2.104301384767585",
        "perihelion_time" : "2458263.629488533807",
        "mean_anomaly" : "227.9633029455405",
        "mean_motion" : ".5017936142018357",
        "equinox" : "J2000"
      }
    }, {
      "links" : {
        "self" : "https://api.nasa.gov/neo/rest/v1/neo/3153509?api_key=t0TVs3DtDT2H8Oy2Zy8m2eVrNsAVKAexjcZXUckd"
      },
      "neo_reference_id" : "3153509",
      "name" : "(2003 HM)",
      "nasa_jpl_url" : "http://ssd.jpl.nasa.gov/sbdb.cgi?sstr=3153509",
      "absolute_magnitude_h" : 22.2,
      "estimated_diameter" : {
        "kilometers" : {
          "estimated_diameter_min" : 0.096506147,
          "estimated_diameter_max" : 0.2157943048
        },
        "meters" : {
          "estimated_diameter_min" : 96.5061469579,
          "estimated_diameter_max" : 215.7943048444
        },
        "miles" : {
          "estimated_diameter_min" : 0.059966121,
          "estimated_diameter_max" : 0.134088323
        },
        "feet" : {
          "estimated_diameter_min" : 316.6212271853,
          "estimated_diameter_max" : 707.9865871058
        }
      },
      "is_potentially_hazardous_asteroid" : true,
      "close_approach_data" : [ {
        "close_approach_date" : "2000-10-08",
        "epoch_date_close_approach" : 970988400000,
        "relative_velocity" : {
          "kilometers_per_second" : "20.4263388173",
          "kilometers_per_hour" : "73534.8197421004",
          "miles_per_hour" : "45691.6773003068"
        },
        "miss_distance" : {
          "astronomical" : "0.3944815293",
          "lunar" : "153.4533233643",
          "kilometers" : "59013600",
          "miles" : "36669352"
        },
        "orbiting_body" : "Earth"
      } ],
      "orbital_data" : {
        "orbit_id" : "40",
        "orbit_determination_date" : "2017-04-06 09:14:09",
        "orbit_uncertainty" : "0",
        "minimum_orbit_intersection" : ".00818766",
        "jupiter_tisserand_invariant" : "7.079",
        "epoch_osculation" : "2458000.5",
        "eccentricity" : ".2699265188790772",
        "semi_major_axis" : ".813463898120423",
        "inclination" : "26.27627097097949",
        "ascending_node_longitude" : "30.46993716420439",
        "orbital_period" : "267.9821407732401",
        "perihelion_distance" : ".5938884198669729",
        "perihelion_argument" : "19.29915166423972",
        "aphelion_distance" : "1.033039376373873",
        "perihelion_time" : "2458001.037078352364",
        "mean_anomaly" : "359.2785033872285",
        "mean_motion" : "1.343373103003245",
        "equinox" : "J2000"
      }
    }, {
      "links" : {
        "self" : "https://api.nasa.gov/neo/rest/v1/neo/3255465?api_key=t0TVs3DtDT2H8Oy2Zy8m2eVrNsAVKAexjcZXUckd"
      },
      "neo_reference_id" : "3255465",
      "name" : "(2004 SC56)",
      "nasa_jpl_url" : "http://ssd.jpl.nasa.gov/sbdb.cgi?sstr=3255465",
      "absolute_magnitude_h" : 22.7,
      "estimated_diameter" : {
        "kilometers" : {
          "estimated_diameter_min" : 0.0766575574,
          "estimated_diameter_max" : 0.1714115092
        },
        "meters" : {
          "estimated_diameter_min" : 76.6575573531,
          "estimated_diameter_max" : 171.4115092306
        },
        "miles" : {
          "estimated_diameter_min" : 0.0476327831,
          "estimated_diameter_max" : 0.1065101409
        },
        "feet" : {
          "estimated_diameter_min" : 251.5011804664,
          "estimated_diameter_max" : 562.3737359442
        }
      },
      "is_potentially_hazardous_asteroid" : false,
      "close_approach_data" : [ {
        "close_approach_date" : "2000-10-08",
        "epoch_date_close_approach" : 970988400000,
        "relative_velocity" : {
          "kilometers_per_second" : "13.9417339766",
          "kilometers_per_hour" : "50190.2423156077",
          "miles_per_hour" : "31186.2647321619"
        },
        "miss_distance" : {
          "astronomical" : "0.1263572741",
          "lunar" : "49.1529808044",
          "kilometers" : "18902780",
          "miles" : "11745642"
        },
        "orbiting_body" : "Earth"
      } ],
      "orbital_data" : {
        "orbit_id" : "26",
        "orbit_determination_date" : "2017-04-06 09:12:05",
        "orbit_uncertainty" : "1",
        "minimum_orbit_intersection" : ".0105801",
        "jupiter_tisserand_invariant" : "7.470",
        "epoch_osculation" : "2458000.5",
        "eccentricity" : ".428453878955348",
        "semi_major_axis" : ".7676388084156176",
        "inclination" : "4.782141855450332",
        "ascending_node_longitude" : "201.8978917992333",
        "orbital_period" : "245.6596398442915",
        "perihelion_distance" : ".438740983313285",
        "perihelion_argument" : "322.8877836093336",
        "aphelion_distance" : "1.09653663351795",
        "perihelion_time" : "2458033.089560492836",
        "mean_anomaly" : "312.2418831809025",
        "mean_motion" : "1.465442187524909",
        "equinox" : "J2000"
      }
    }, {
      "links" : {
        "self" : "https://api.nasa.gov/neo/rest/v1/neo/3655761?api_key=t0TVs3DtDT2H8Oy2Zy8m2eVrNsAVKAexjcZXUckd"
      },
      "neo_reference_id" : "3655761",
      "name" : "(2014 AE29)",
      "nasa_jpl_url" : "http://ssd.jpl.nasa.gov/sbdb.cgi?sstr=3655761",
      "absolute_magnitude_h" : 27.4,
      "estimated_diameter" : {
        "kilometers" : {
          "estimated_diameter_min" : 0.0088014652,
          "estimated_diameter_max" : 0.0196806745
        },
        "meters" : {
          "estimated_diameter_min" : 8.801465209,
          "estimated_diameter_max" : 19.6806745089
        },
        "miles" : {
          "estimated_diameter_min" : 0.0054689752,
          "estimated_diameter_max" : 0.0122290004
        },
        "feet" : {
          "estimated_diameter_min" : 28.8761991163,
          "estimated_diameter_max" : 64.5691441559
        }
      },
      "is_potentially_hazardous_asteroid" : false,
      "close_approach_data" : [ {
        "close_approach_date" : "2000-10-08",
        "epoch_date_close_approach" : 970988400000,
        "relative_velocity" : {
          "kilometers_per_second" : "5.6907593953",
          "kilometers_per_hour" : "20486.7338231332",
          "miles_per_hour" : "12729.6596913796"
        },
        "miss_distance" : {
          "astronomical" : "0.0977609349",
          "lunar" : "38.0290031433",
          "kilometers" : "14624828",
          "miles" : "9087447"
        },
        "orbiting_body" : "Earth"
      } ],
      "orbital_data" : {
        "orbit_id" : "5",
        "orbit_determination_date" : "2017-04-06 08:42:58",
        "orbit_uncertainty" : "6",
        "minimum_orbit_intersection" : ".0110091",
        "jupiter_tisserand_invariant" : "6.558",
        "epoch_osculation" : "2458000.5",
        "eccentricity" : ".1582910382585499",
        "semi_major_axis" : ".9070830748893509",
        "inclination" : "4.856543021520674",
        "ascending_node_longitude" : "103.1268230186044",
        "orbital_period" : "315.5506086907696",
        "perihelion_distance" : ".7634999531783576",
        "perihelion_argument" : "137.8817635727509",
        "aphelion_distance" : "1.050666196600344",
        "perihelion_time" : "2458032.303167889953",
        "mean_anomaly" : "323.7169438909147",
        "mean_motion" : "1.14086295537078",
        "equinox" : "J2000"
      }
    } ]
  }
}