{
  "links" : {
    "next" : "https://api.nasa.gov/neo/rest/v1/feed?start_date=1996-02-09&end_date=1996-02-09&detailed=true&api_key=t0TVs3DtDT2H8Oy2Zy8m2eVrNsAVKAexjcZXUckd",
    "prev" : "https://api.nasa.gov/neo/rest/v1/feed?start_date=1996-02-07&end_date=1996-02-07&detailed=true&api_key=t0TVs3DtDT2H8Oy2Zy8m2eVrNsAVKAexjcZXUckd",
    "self" : "https://api.nasa.gov/neo/rest/v1/feed?start_date=1996-02-08&end_date=1996-02-08&detailed=true&api_key=t0TVs3DtDT2H8Oy2Zy8m2eVrNsAVKAexjcZXUckd"
  },
  "element_count" : 6,
  "near_earth_objects" : {
    "1996-02-08" : [ {
      "links" : {
        "self" : "https://api.nasa.gov/neo/rest/v1/neo/2443103?api_key=t0TVs3DtDT2H8Oy2Zy8m2eVrNsAVKAexjcZXUckd"
      },
      "neo_reference_id" : "2443103",
      "name" : "443103 (2013 WT67)",
      "nasa_jpl_url" : "http://ssd.jpl.nasa.gov/sbdb.cgi?sstr=2443103",
      "absolute_magnitude_h" : 18.0,
      "estimated_diameter" : {
        "kilometers" : {
          "estimated_diameter_min" : 0.6676594135,
          "estimated_diameter_max" : 1.4929318344
        },
        "meters" : {
          "estimated_diameter_min" : 667.6594134952,
          "estimated_diameter_max" : 1492.931834393
        },
        "miles" : {
          "estimated_diameter_min" : 0.4148641974,
          "estimated_diameter_max" : 0.9276645469
        },
        "feet" : {
          "estimated_diameter_min" : 2190.4837101717,
          "estimated_diameter_max" : 4898.07047955
        }
      },
      "is_potentially_hazardous_asteroid" : true,
      "close_approach_data" : [ {
        "close_approach_date" : "1996-02-08",
        "epoch_date_close_approach" : 823766400000,
        "relative_velocity" : {
          "kilometers_per_second" : "11.5254495776",
          "kilometers_per_hour" : "41491.6184793499",
          "miles_per_hour" : "25781.2781601272"
        },
        "miss_distance" : {
          "astronomical" : "0.1081985557",
          "lunar" : "42.0892372131",
          "kilometers" : "16186273",
          "miles" : "10057684"
        },
        "orbiting_body" : "Earth"
      } ],
      "orbital_data" : {
        "orbit_id" : "115",
        "orbit_determination_date" : "2017-04-21 06:22:12",
        "orbit_uncertainty" : "0",
        "minimum_orbit_intersection" : ".0132207",
        "jupiter_tisserand_invariant" : "5.842",
        "epoch_osculation" : "2458000.5",
        "eccentricity" : ".1921846715300752",
        "semi_major_axis" : "1.034906113896623",
        "inclination" : "21.46918685795774",
        "ascending_node_longitude" : "322.780633928786",
        "orbital_period" : "384.5473791565931",
        "perihelion_distance" : ".8360130223329336",
        "perihelion_argument" : "98.98782142962837",
        "aphelion_distance" : "1.233799205460312",
        "perihelion_time" : "2458123.139534391006",
        "mean_anomaly" : "245.1890956126276",
        "mean_motion" : ".9361655273521002",
        "equinox" : "J2000"
      }
    }, {
      "links" : {
        "self" : "https://api.nasa.gov/neo/rest/v1/neo/3367904?api_key=t0TVs3DtDT2H8Oy2Zy8m2eVrNsAVKAexjcZXUckd"
      },
      "neo_reference_id" : "3367904",
      "name" : "(2007 CT26)",
      "nasa_jpl_url" : "http://ssd.jpl.nasa.gov/sbdb.cgi?sstr=3367904",
      "absolute_magnitude_h" : 23.4,
      "estimated_diameter" : {
        "kilometers" : {
          "estimated_diameter_min" : 0.0555334912,
          "estimated_diameter_max" : 0.1241766613
        },
        "meters" : {
          "estimated_diameter_min" : 55.5334911581,
          "estimated_diameter_max" : 124.1766612574
        },
        "miles" : {
          "estimated_diameter_min" : 0.0345069009,
          "estimated_diameter_max" : 0.0771597762
        },
        "feet" : {
          "estimated_diameter_min" : 182.1964991311,
          "estimated_diameter_max" : 407.4037573197
        }
      },
      "is_potentially_hazardous_asteroid" : false,
      "close_approach_data" : [ {
        "close_approach_date" : "1996-02-08",
        "epoch_date_close_approach" : 823766400000,
        "relative_velocity" : {
          "kilometers_per_second" : "10.4465992375",
          "kilometers_per_hour" : "37607.7572550414",
          "miles_per_hour" : "23367.9978343895"
        },
        "miss_distance" : {
          "astronomical" : "0.0086826492",
          "lunar" : "3.377550602",
          "kilometers" : "1298905.875",
          "miles" : "807102.6875"
        },
        "orbiting_body" : "Earth"
      } ],
      "orbital_data" : {
        "orbit_id" : "21",
        "orbit_determination_date" : "2017-04-06 09:07:02",
        "orbit_uncertainty" : "2",
        "minimum_orbit_intersection" : ".00254036",
        "jupiter_tisserand_invariant" : "6.831",
        "epoch_osculation" : "2458000.5",
        "eccentricity" : ".3867949629851297",
        "semi_major_axis" : ".8552311489314504",
        "inclination" : "2.892604278535861",
        "ascending_node_longitude" : "321.6436242761665",
        "orbital_period" : "288.8841352421323",
        "perihelion_distance" : ".52443204833678",
        "perihelion_argument" : "44.51354434991903",
        "aphelion_distance" : "1.186030249526121",
        "perihelion_time" : "2458109.192546315628",
        "mean_anomaly" : "224.5501365423565",
        "mean_motion" : "1.246174351866921",
        "equinox" : "J2000"
      }
    }, {
      "links" : {
        "self" : "https://api.nasa.gov/neo/rest/v1/neo/3548666?api_key=t0TVs3DtDT2H8Oy2Zy8m2eVrNsAVKAexjcZXUckd"
      },
      "neo_reference_id" : "3548666",
      "name" : "(2010 TW54)",
      "nasa_jpl_url" : "http://ssd.jpl.nasa.gov/sbdb.cgi?sstr=3548666",
      "absolute_magnitude_h" : 27.6,
      "estimated_diameter" : {
        "kilometers" : {
          "estimated_diameter_min" : 0.0080270317,
          "estimated_diameter_max" : 0.0179489885
        },
        "meters" : {
          "estimated_diameter_min" : 8.0270316728,
          "estimated_diameter_max" : 17.948988478
        },
        "miles" : {
          "estimated_diameter_min" : 0.0049877647,
          "estimated_diameter_max" : 0.0111529809
        },
        "feet" : {
          "estimated_diameter_min" : 26.3354065935,
          "estimated_diameter_max" : 58.8877593581
        }
      },
      "is_potentially_hazardous_asteroid" : false,
      "close_approach_data" : [ {
        "close_approach_date" : "1996-02-08",
        "epoch_date_close_approach" : 823766400000,
        "relative_velocity" : {
          "kilometers_per_second" : "6.6318196859",
          "kilometers_per_hour" : "23874.5508693649",
          "miles_per_hour" : "14834.7174554673"
        },
        "miss_distance" : {
          "astronomical" : "0.2806580083",
          "lunar" : "109.1759643555",
          "kilometers" : "41985840",
          "miles" : "26088792"
        },
        "orbiting_body" : "Earth"
      } ],
      "orbital_data" : {
        "orbit_id" : "13",
        "orbit_determination_date" : "2017-04-06 08:56:19",
        "orbit_uncertainty" : "6",
        "minimum_orbit_intersection" : ".00109712",
        "jupiter_tisserand_invariant" : "5.857",
        "epoch_osculation" : "2458000.5",
        "eccentricity" : ".2339628579226954",
        "semi_major_axis" : "1.043125768815186",
        "inclination" : "3.845270311721902",
        "ascending_node_longitude" : "196.3089473502822",
        "orbital_period" : "389.1378168116618",
        "perihelion_distance" : ".7990730827703767",
        "perihelion_argument" : "85.90076662731873",
        "aphelion_distance" : "1.287178454859996",
        "perihelion_time" : "2458130.801663492120",
        "mean_anomaly" : "239.455049520755",
        "mean_motion" : ".9251221147037372",
        "equinox" : "J2000"
      }
    }, {
      "links" : {
        "self" : "https://api.nasa.gov/neo/rest/v1/neo/3560922?api_key=t0TVs3DtDT2H8Oy2Zy8m2eVrNsAVKAexjcZXUckd"
      },
      "neo_reference_id" : "3560922",
      "name" : "(2011 GE2)",
      "nasa_jpl_url" : "http://ssd.jpl.nasa.gov/sbdb.cgi?sstr=3560922",
      "absolute_magnitude_h" : 20.0,
      "estimated_diameter" : {
        "kilometers" : {
          "estimated_diameter_min" : 0.2658,
          "estimated_diameter_max" : 0.5943468684
        },
        "meters" : {
          "estimated_diameter_min" : 265.8,
          "estimated_diameter_max" : 594.3468684194
        },
        "miles" : {
          "estimated_diameter_min" : 0.1651604118,
          "estimated_diameter_max" : 0.369309908
        },
        "feet" : {
          "estimated_diameter_min" : 872.047272,
          "estimated_diameter_max" : 1949.9569797852
        }
      },
      "is_potentially_hazardous_asteroid" : false,
      "close_approach_data" : [ {
        "close_approach_date" : "1996-02-08",
        "epoch_date_close_approach" : 823766400000,
        "relative_velocity" : {
          "kilometers_per_second" : "12.9438284636",
          "kilometers_per_hour" : "46597.7824691234",
          "miles_per_hour" : "28954.0498903284"
        },
        "miss_distance" : {
          "astronomical" : "0.2366039814",
          "lunar" : "92.0389480591",
          "kilometers" : "35395452",
          "miles" : "21993714"
        },
        "orbiting_body" : "Earth"
      } ],
      "orbital_data" : {
        "orbit_id" : "17",
        "orbit_determination_date" : "2017-04-06 08:53:53",
        "orbit_uncertainty" : "1",
        "minimum_orbit_intersection" : ".196219",
        "jupiter_tisserand_invariant" : "4.579",
        "epoch_osculation" : "2458000.5",
        "eccentricity" : ".5120982014772705",
        "semi_major_axis" : "1.400040682673373",
        "inclination" : "14.57196829619105",
        "ascending_node_longitude" : "23.62171846827058",
        "orbital_period" : "605.0752799247184",
        "perihelion_distance" : ".6830823670813287",
        "perihelion_argument" : "30.22701971242788",
        "aphelion_distance" : "2.116998998265417",
        "perihelion_time" : "2457929.182373806831",
        "mean_anomaly" : "42.43165483927063",
        "mean_motion" : ".5949672907556066",
        "equinox" : "J2000"
      }
    }, {
      "links" : {
        "self" : "https://api.nasa.gov/neo/rest/v1/neo/3723951?api_key=t0TVs3DtDT2H8Oy2Zy8m2eVrNsAVKAexjcZXUckd"
      },
      "neo_reference_id" : "3723951",
      "name" : "(2015 NJ3)",
      "nasa_jpl_url" : "http://ssd.jpl.nasa.gov/sbdb.cgi?sstr=3723951",
      "absolute_magnitude_h" : 20.5,
      "estimated_diameter" : {
        "kilometers" : {
          "estimated_diameter_min" : 0.2111324448,
          "estimated_diameter_max" : 0.4721064988
        },
        "meters" : {
          "estimated_diameter_min" : 211.1324447897,
          "estimated_diameter_max" : 472.1064988055
        },
        "miles" : {
          "estimated_diameter_min" : 0.1311915784,
          "estimated_diameter_max" : 0.2933532873
        },
        "feet" : {
          "estimated_diameter_min" : 692.6917701639,
          "estimated_diameter_max" : 1548.9058855411
        }
      },
      "is_potentially_hazardous_asteroid" : true,
      "close_approach_data" : [ {
        "close_approach_date" : "1996-02-08",
        "epoch_date_close_approach" : 823766400000,
        "relative_velocity" : {
          "kilometers_per_second" : "32.3499906347",
          "kilometers_per_hour" : "116459.9662847533",
          "miles_per_hour" : "72363.6940506569"
        },
        "miss_distance" : {
          "astronomical" : "0.3711617944",
          "lunar" : "144.381942749",
          "kilometers" : "55525012",
          "miles" : "34501644"
        },
        "orbiting_body" : "Earth"
      } ],
      "orbital_data" : {
        "orbit_id" : "11",
        "orbit_determination_date" : "2017-04-06 08:32:49",
        "orbit_uncertainty" : "4",
        "minimum_orbit_intersection" : ".0484137",
        "jupiter_tisserand_invariant" : "3.908",
        "epoch_osculation" : "2458000.5",
        "eccentricity" : ".6711475607345625",
        "semi_major_axis" : "1.688089846661504",
        "inclination" : "12.27143257831406",
        "ascending_node_longitude" : "134.4972866968478",
        "orbital_period" : "801.1092815969854",
        "perihelion_distance" : ".5551324637738538",
        "perihelion_argument" : "251.3421943530363",
        "aphelion_distance" : "2.821047229549154",
        "perihelion_time" : "2458090.431365018055",
        "mean_anomaly" : "319.5869225956779",
        "mean_motion" : ".449376893102963",
        "equinox" : "J2000"
      }
    }, {
      "links" : {
        "self" : "https://api.nasa.gov/neo/rest/v1/neo/3741556?api_key=t0TVs3DtDT2H8Oy2Zy8m2eVrNsAVKAexjcZXUckd"
      },
      "neo_reference_id" : "3741556",
      "name" : "(2016 BR80)",
      "nasa_jpl_url" : "http://ssd.jpl.nasa.gov/sbdb.cgi?sstr=3741556",
      "absolute_magnitude_h" : 21.3,
      "estimated_diameter" : {
        "kilometers" : {
          "estimated_diameter_min" : 0.1460679643,
          "estimated_diameter_max" : 0.3266178974
        },
        "meters" : {
          "estimated_diameter_min" : 146.0679642714,
          "estimated_diameter_max" : 326.6178974458
        },
        "miles" : {
          "estimated_diameter_min" : 0.090762397,
          "estimated_diameter_max" : 0.2029508896
        },
        "feet" : {
          "estimated_diameter_min" : 479.2256199,
          "estimated_diameter_max" : 1071.581062656
        }
      },
      "is_potentially_hazardous_asteroid" : true,
      "close_approach_data" : [ {
        "close_approach_date" : "1996-02-08",
        "epoch_date_close_approach" : 823766400000,
        "relative_velocity" : {
          "kilometers_per_second" : "11.2691646834",
          "kilometers_per_hour" : "40568.9928601687",
          "miles_per_hour" : "25207.9944802532"
        },
        "miss_distance" : {
          "astronomical" : "0.1788556381",
          "lunar" : "69.5748443604",
          "kilometers" : "26756424",
          "miles" : "16625671"
        },
        "orbiting_body" : "Earth"
      } ],
      "orbital_data" : {
        "orbit_id" : "13",
        "orbit_determination_date" : "2017-08-10 06:19:42",
        "orbit_uncertainty" : "5",
        "minimum_orbit_intersection" : ".0427367",
        "jupiter_tisserand_invariant" : "4.053",
        "epoch_osculation" : "2458000.5",
        "eccentricity" : ".4523207253538421",
        "semi_major_axis" : "1.70299590939779",
        "inclination" : "12.06866944543857",
        "ascending_node_longitude" : "8.788946167322639",
        "orbital_period" : "811.7435267883536",
        "perihelion_distance" : ".9326955643843559",
        "perihelion_argument" : "160.495989428116",
        "aphelion_distance" : "2.473296254411225",
        "perihelion_time" : "2458260.253455029182",
        "mean_anomaly" : "244.801983970872",
        "mean_motion" : ".4434898316027631",
        "equinox" : "J2000"
      }
    } ]
  }
}