{
  "links" : {
    "next" : "https://api.nasa.gov/neo/rest/v1/feed?start_date=1995-02-16&end_date=1995-02-16&detailed=true&api_key=t0TVs3DtDT2H8Oy2Zy8m2eVrNsAVKAexjcZXUckd",
    "prev" : "https://api.nasa.gov/neo/rest/v1/feed?start_date=1995-02-14&end_date=1995-02-14&detailed=true&api_key=t0TVs3DtDT2H8Oy2Zy8m2eVrNsAVKAexjcZXUckd",
    "self" : "https://api.nasa.gov/neo/rest/v1/feed?start_date=1995-02-15&end_date=1995-02-15&detailed=true&api_key=t0TVs3DtDT2H8Oy2Zy8m2eVrNsAVKAexjcZXUckd"
  },
  "element_count" : 6,
  "near_earth_objects" : {
    "1995-02-15" : [ {
      "links" : {
        "self" : "https://api.nasa.gov/neo/rest/v1/neo/3314405?api_key=t0TVs3DtDT2H8Oy2Zy8m2eVrNsAVKAexjcZXUckd"
      },
      "neo_reference_id" : "3314405",
      "name" : "(2006 BX139)",
      "nasa_jpl_url" : "http://ssd.jpl.nasa.gov/sbdb.cgi?sstr=3314405",
      "absolute_magnitude_h" : 20.0,
      "estimated_diameter" : {
        "kilometers" : {
          "estimated_diameter_min" : 0.2658,
          "estimated_diameter_max" : 0.5943468684
        },
        "meters" : {
          "estimated_diameter_min" : 265.8,
          "estimated_diameter_max" : 594.3468684194
        },
        "miles" : {
          "estimated_diameter_min" : 0.1651604118,
          "estimated_diameter_max" : 0.369309908
        },
        "feet" : {
          "estimated_diameter_min" : 872.047272,
          "estimated_diameter_max" : 1949.9569797852
        }
      },
      "is_potentially_hazardous_asteroid" : false,
      "close_approach_data" : [ {
        "close_approach_date" : "1995-02-15",
        "epoch_date_close_approach" : 792835200000,
        "relative_velocity" : {
          "kilometers_per_second" : "3.0890039286",
          "kilometers_per_hour" : "11120.4141428446",
          "miles_per_hour" : "6909.7928878136"
        },
        "miss_distance" : {
          "astronomical" : "0.2388244997",
          "lunar" : "92.9027328491",
          "kilometers" : "35727636",
          "miles" : "22200124"
        },
        "orbiting_body" : "Earth"
      } ],
      "orbital_data" : {
        "orbit_id" : "27",
        "orbit_determination_date" : "2017-05-18 06:19:30",
        "orbit_uncertainty" : "0",
        "minimum_orbit_intersection" : ".240288",
        "jupiter_tisserand_invariant" : "3.788",
        "epoch_osculation" : "2458000.5",
        "eccentricity" : ".3775493600967308",
        "semi_major_axis" : "1.958154259500409",
        "inclination" : "5.660561156228656",
        "ascending_node_longitude" : "112.1644170272148",
        "orbital_period" : "1000.849506520639",
        "perihelion_distance" : "1.218854371855342",
        "perihelion_argument" : "34.30691815167334",
        "aphelion_distance" : "2.697454147145476",
        "perihelion_time" : "2457771.553383359465",
        "mean_anomaly" : "82.35082442826075",
        "mean_motion" : ".3596944372301356",
        "equinox" : "J2000"
      }
    }, {
      "links" : {
        "self" : "https://api.nasa.gov/neo/rest/v1/neo/3426410?api_key=t0TVs3DtDT2H8Oy2Zy8m2eVrNsAVKAexjcZXUckd"
      },
      "neo_reference_id" : "3426410",
      "name" : "(2008 QV11)",
      "nasa_jpl_url" : "http://ssd.jpl.nasa.gov/sbdb.cgi?sstr=3426410",
      "absolute_magnitude_h" : 21.0,
      "estimated_diameter" : {
        "kilometers" : {
          "estimated_diameter_min" : 0.1677084622,
          "estimated_diameter_max" : 0.3750075218
        },
        "meters" : {
          "estimated_diameter_min" : 167.7084621628,
          "estimated_diameter_max" : 375.0075217981
        },
        "miles" : {
          "estimated_diameter_min" : 0.1042091748,
          "estimated_diameter_max" : 0.2330187988
        },
        "feet" : {
          "estimated_diameter_min" : 550.2246310023,
          "estimated_diameter_max" : 1230.3396778159
        }
      },
      "is_potentially_hazardous_asteroid" : false,
      "close_approach_data" : [ {
        "close_approach_date" : "1995-02-15",
        "epoch_date_close_approach" : 792835200000,
        "relative_velocity" : {
          "kilometers_per_second" : "20.0192419349",
          "kilometers_per_hour" : "72069.2709657714",
          "miles_per_hour" : "44781.0422842595"
        },
        "miss_distance" : {
          "astronomical" : "0.4780869949",
          "lunar" : "185.9758453369",
          "kilometers" : "71520800",
          "miles" : "44440964"
        },
        "orbiting_body" : "Earth"
      } ],
      "orbital_data" : {
        "orbit_id" : "16",
        "orbit_determination_date" : "2017-04-06 09:03:02",
        "orbit_uncertainty" : "1",
        "minimum_orbit_intersection" : ".0984179",
        "jupiter_tisserand_invariant" : "6.469",
        "epoch_osculation" : "2458000.5",
        "eccentricity" : ".4527922930841961",
        "semi_major_axis" : ".907864592986423",
        "inclination" : "8.278695740027688",
        "ascending_node_longitude" : "114.3798292883882",
        "orbital_period" : "315.9585012447702",
        "perihelion_distance" : ".4967905021181501",
        "perihelion_argument" : "7.392326563703367",
        "aphelion_distance" : "1.318938683854696",
        "perihelion_time" : "2457968.757085862307",
        "mean_anomaly" : "36.16756328615697",
        "mean_motion" : "1.139390136937988",
        "equinox" : "J2000"
      }
    }, {
      "links" : {
        "self" : "https://api.nasa.gov/neo/rest/v1/neo/3666785?api_key=t0TVs3DtDT2H8Oy2Zy8m2eVrNsAVKAexjcZXUckd"
      },
      "neo_reference_id" : "3666785",
      "name" : "(2014 FP47)",
      "nasa_jpl_url" : "http://ssd.jpl.nasa.gov/sbdb.cgi?sstr=3666785",
      "absolute_magnitude_h" : 22.3,
      "estimated_diameter" : {
        "kilometers" : {
          "estimated_diameter_min" : 0.0921626549,
          "estimated_diameter_max" : 0.2060819612
        },
        "meters" : {
          "estimated_diameter_min" : 92.1626548503,
          "estimated_diameter_max" : 206.0819612321
        },
        "miles" : {
          "estimated_diameter_min" : 0.057267201,
          "estimated_diameter_max" : 0.1280533543
        },
        "feet" : {
          "estimated_diameter_min" : 302.370924539,
          "estimated_diameter_max" : 676.1219416887
        }
      },
      "is_potentially_hazardous_asteroid" : false,
      "close_approach_data" : [ {
        "close_approach_date" : "1995-02-15",
        "epoch_date_close_approach" : 792835200000,
        "relative_velocity" : {
          "kilometers_per_second" : "8.5263208443",
          "kilometers_per_hour" : "30694.755039371",
          "miles_per_hour" : "19072.527096547"
        },
        "miss_distance" : {
          "astronomical" : "0.4612592433",
          "lunar" : "179.4298400879",
          "kilometers" : "69003400",
          "miles" : "42876724"
        },
        "orbiting_body" : "Earth"
      } ],
      "orbital_data" : {
        "orbit_id" : "29",
        "orbit_determination_date" : "2017-04-06 08:41:50",
        "orbit_uncertainty" : "3",
        "minimum_orbit_intersection" : ".0259126",
        "jupiter_tisserand_invariant" : "5.372",
        "epoch_osculation" : "2458000.5",
        "eccentricity" : ".2597323195329087",
        "semi_major_axis" : "1.16651991571092",
        "inclination" : "5.035044225594919",
        "ascending_node_longitude" : "28.8520216092119",
        "orbital_period" : "460.1894557939667",
        "perihelion_distance" : ".8635369922219897",
        "perihelion_argument" : "271.6146744029957",
        "aphelion_distance" : "1.46950283919985",
        "perihelion_time" : "2457770.912607255688",
        "mean_anomaly" : "179.6031185576674",
        "mean_motion" : ".7822865028032653",
        "equinox" : "J2000"
      }
    }, {
      "links" : {
        "self" : "https://api.nasa.gov/neo/rest/v1/neo/3702321?api_key=t0TVs3DtDT2H8Oy2Zy8m2eVrNsAVKAexjcZXUckd"
      },
      "neo_reference_id" : "3702321",
      "name" : "(2014 YF)",
      "nasa_jpl_url" : "http://ssd.jpl.nasa.gov/sbdb.cgi?sstr=3702321",
      "absolute_magnitude_h" : 22.7,
      "estimated_diameter" : {
        "kilometers" : {
          "estimated_diameter_min" : 0.0766575574,
          "estimated_diameter_max" : 0.1714115092
        },
        "meters" : {
          "estimated_diameter_min" : 76.6575573531,
          "estimated_diameter_max" : 171.4115092306
        },
        "miles" : {
          "estimated_diameter_min" : 0.0476327831,
          "estimated_diameter_max" : 0.1065101409
        },
        "feet" : {
          "estimated_diameter_min" : 251.5011804664,
          "estimated_diameter_max" : 562.3737359442
        }
      },
      "is_potentially_hazardous_asteroid" : false,
      "close_approach_data" : [ {
        "close_approach_date" : "1995-02-15",
        "epoch_date_close_approach" : 792835200000,
        "relative_velocity" : {
          "kilometers_per_second" : "7.9195240447",
          "kilometers_per_hour" : "28510.2865608238",
          "miles_per_hour" : "17715.1833355297"
        },
        "miss_distance" : {
          "astronomical" : "0.1072710745",
          "lunar" : "41.7284469604",
          "kilometers" : "16047525",
          "miles" : "9971469"
        },
        "orbiting_body" : "Earth"
      } ],
      "orbital_data" : {
        "orbit_id" : "13",
        "orbit_determination_date" : "2017-04-06 08:36:50",
        "orbit_uncertainty" : "4",
        "minimum_orbit_intersection" : ".0525422",
        "jupiter_tisserand_invariant" : "6.519",
        "epoch_osculation" : "2458000.5",
        "eccentricity" : ".1514158524079464",
        "semi_major_axis" : ".9137303163513598",
        "inclination" : "5.860414922890069",
        "ascending_node_longitude" : "177.8573023304907",
        "orbital_period" : "319.0255591799234",
        "perihelion_distance" : ".7753770616300362",
        "perihelion_argument" : "90.64125634459157",
        "aphelion_distance" : "1.052083571072684",
        "perihelion_time" : "2458138.755972242143",
        "mean_anomaly" : "203.9869515937405",
        "mean_motion" : "1.12843623227369",
        "equinox" : "J2000"
      }
    }, {
      "links" : {
        "self" : "https://api.nasa.gov/neo/rest/v1/neo/3719196?api_key=t0TVs3DtDT2H8Oy2Zy8m2eVrNsAVKAexjcZXUckd"
      },
      "neo_reference_id" : "3719196",
      "name" : "(2015 JR1)",
      "nasa_jpl_url" : "http://ssd.jpl.nasa.gov/sbdb.cgi?sstr=3719196",
      "absolute_magnitude_h" : 26.1,
      "estimated_diameter" : {
        "kilometers" : {
          "estimated_diameter_min" : 0.0160160338,
          "estimated_diameter_max" : 0.0358129403
        },
        "meters" : {
          "estimated_diameter_min" : 16.0160337979,
          "estimated_diameter_max" : 35.8129403019
        },
        "miles" : {
          "estimated_diameter_min" : 0.0099518989,
          "estimated_diameter_max" : 0.0222531225
        },
        "feet" : {
          "estimated_diameter_min" : 52.5460443254,
          "estimated_diameter_max" : 117.4965270602
        }
      },
      "is_potentially_hazardous_asteroid" : false,
      "close_approach_data" : [ {
        "close_approach_date" : "1995-02-15",
        "epoch_date_close_approach" : 792835200000,
        "relative_velocity" : {
          "kilometers_per_second" : "4.6554785934",
          "kilometers_per_hour" : "16759.7229360863",
          "miles_per_hour" : "10413.840065481"
        },
        "miss_distance" : {
          "astronomical" : "0.2554883015",
          "lunar" : "99.3849487305",
          "kilometers" : "38220508",
          "miles" : "23749122"
        },
        "orbiting_body" : "Earth"
      } ],
      "orbital_data" : {
        "orbit_id" : "8",
        "orbit_determination_date" : "2017-04-06 08:33:47",
        "orbit_uncertainty" : "5",
        "minimum_orbit_intersection" : ".018587",
        "jupiter_tisserand_invariant" : "6.360",
        "epoch_osculation" : "2458000.5",
        "eccentricity" : ".1714328826365063",
        "semi_major_axis" : ".9391389588534731",
        "inclination" : "11.94779476707688",
        "ascending_node_longitude" : "229.0663217594457",
        "orbital_period" : "332.4246440437997",
        "perihelion_distance" : ".7781396599409749",
        "perihelion_argument" : "227.5499749797063",
        "aphelion_distance" : "1.100138257765971",
        "perihelion_time" : "2458042.506078219217",
        "mean_anomaly" : "314.5094251287649",
        "mean_motion" : "1.082952201198919",
        "equinox" : "J2000"
      }
    }, {
      "links" : {
        "self" : "https://api.nasa.gov/neo/rest/v1/neo/3447920?api_key=t0TVs3DtDT2H8Oy2Zy8m2eVrNsAVKAexjcZXUckd"
      },
      "neo_reference_id" : "3447920",
      "name" : "(2009 DF1)",
      "nasa_jpl_url" : "http://ssd.jpl.nasa.gov/sbdb.cgi?sstr=3447920",
      "absolute_magnitude_h" : 20.6,
      "estimated_diameter" : {
        "kilometers" : {
          "estimated_diameter_min" : 0.2016299194,
          "estimated_diameter_max" : 0.4508582062
        },
        "meters" : {
          "estimated_diameter_min" : 201.6299194428,
          "estimated_diameter_max" : 450.8582061718
        },
        "miles" : {
          "estimated_diameter_min" : 0.1252869847,
          "estimated_diameter_max" : 0.2801502144
        },
        "feet" : {
          "estimated_diameter_min" : 661.5155049046,
          "estimated_diameter_max" : 1479.1936371367
        }
      },
      "is_potentially_hazardous_asteroid" : false,
      "close_approach_data" : [ {
        "close_approach_date" : "1995-02-15",
        "epoch_date_close_approach" : 792835200000,
        "relative_velocity" : {
          "kilometers_per_second" : "2.1643728488",
          "kilometers_per_hour" : "7791.7422557238",
          "miles_per_hour" : "4841.485625508"
        },
        "miss_distance" : {
          "astronomical" : "0.4228501583",
          "lunar" : "164.4887084961",
          "kilometers" : "63257484",
          "miles" : "39306380"
        },
        "orbiting_body" : "Earth"
      } ],
      "orbital_data" : {
        "orbit_id" : "42",
        "orbit_determination_date" : "2017-04-06 09:01:18",
        "orbit_uncertainty" : "2",
        "minimum_orbit_intersection" : ".183818",
        "jupiter_tisserand_invariant" : "3.753",
        "epoch_osculation" : "2458000.5",
        "eccentricity" : ".4074703521368719",
        "semi_major_axis" : "1.978471308901617",
        "inclination" : "4.06169556322702",
        "ascending_node_longitude" : "142.2597510835389",
        "orbital_period" : "1016.466480875606",
        "perihelion_distance" : "1.172302907970777",
        "perihelion_argument" : "38.66044217724877",
        "aphelion_distance" : "2.784639709832457",
        "perihelion_time" : "2457957.835037078706",
        "mean_anomaly" : "15.11056876015708",
        "mean_motion" : ".3541680977909752",
        "equinox" : "J2000"
      }
    } ]
  }
}