{
  "links" : {
    "next" : "https://api.nasa.gov/neo/rest/v1/feed?start_date=1997-03-23&end_date=1997-03-23&detailed=true&api_key=t0TVs3DtDT2H8Oy2Zy8m2eVrNsAVKAexjcZXUckd",
    "prev" : "https://api.nasa.gov/neo/rest/v1/feed?start_date=1997-03-21&end_date=1997-03-21&detailed=true&api_key=t0TVs3DtDT2H8Oy2Zy8m2eVrNsAVKAexjcZXUckd",
    "self" : "https://api.nasa.gov/neo/rest/v1/feed?start_date=1997-03-22&end_date=1997-03-22&detailed=true&api_key=t0TVs3DtDT2H8Oy2Zy8m2eVrNsAVKAexjcZXUckd"
  },
  "element_count" : 7,
  "near_earth_objects" : {
    "1997-03-22" : [ {
      "links" : {
        "self" : "https://api.nasa.gov/neo/rest/v1/neo/2004341?api_key=t0TVs3DtDT2H8Oy2Zy8m2eVrNsAVKAexjcZXUckd"
      },
      "neo_reference_id" : "2004341",
      "name" : "4341 Poseidon (1987 KF)",
      "nasa_jpl_url" : "http://ssd.jpl.nasa.gov/sbdb.cgi?sstr=2004341",
      "absolute_magnitude_h" : 16.0,
      "estimated_diameter" : {
        "kilometers" : {
          "estimated_diameter_min" : 1.6770846216,
          "estimated_diameter_max" : 3.750075218
        },
        "meters" : {
          "estimated_diameter_min" : 1677.0846216284,
          "estimated_diameter_max" : 3750.0752179805
        },
        "miles" : {
          "estimated_diameter_min" : 1.0420917484,
          "estimated_diameter_max" : 2.3301879883
        },
        "feet" : {
          "estimated_diameter_min" : 5502.2463100232,
          "estimated_diameter_max" : 12303.3967781592
        }
      },
      "is_potentially_hazardous_asteroid" : false,
      "close_approach_data" : [ {
        "close_approach_date" : "1997-03-22",
        "epoch_date_close_approach" : 859017600000,
        "relative_velocity" : {
          "kilometers_per_second" : "15.0545527147",
          "kilometers_per_hour" : "54196.3897727933",
          "miles_per_hour" : "33675.5289674337"
        },
        "miss_distance" : {
          "astronomical" : "0.3230150242",
          "lunar" : "125.65284729",
          "kilometers" : "48322360",
          "miles" : "30026124"
        },
        "orbiting_body" : "Earth"
      } ],
      "orbital_data" : {
        "orbit_id" : "109",
        "orbit_determination_date" : "2017-07-26 06:20:20",
        "orbit_uncertainty" : "0",
        "minimum_orbit_intersection" : ".194106",
        "jupiter_tisserand_invariant" : "3.688",
        "epoch_osculation" : "2458000.5",
        "eccentricity" : ".6795019825131644",
        "semi_major_axis" : "1.834984166892108",
        "inclination" : "11.85163014939953",
        "ascending_node_longitude" : "108.1076150871461",
        "orbital_period" : "907.9185905975647",
        "perihelion_distance" : ".5881087876086534",
        "perihelion_argument" : "15.65158253073509",
        "aphelion_distance" : "3.081859546175563",
        "perihelion_time" : "2457765.471113053033",
        "mean_anomaly" : "93.1916145094243",
        "mean_motion" : ".3965113213102717",
        "equinox" : "J2000"
      }
    }, {
      "links" : {
        "self" : "https://api.nasa.gov/neo/rest/v1/neo/2085953?api_key=t0TVs3DtDT2H8Oy2Zy8m2eVrNsAVKAexjcZXUckd"
      },
      "neo_reference_id" : "2085953",
      "name" : "85953 (1999 FK21)",
      "nasa_jpl_url" : "http://ssd.jpl.nasa.gov/sbdb.cgi?sstr=2085953",
      "absolute_magnitude_h" : 18.1,
      "estimated_diameter" : {
        "kilometers" : {
          "estimated_diameter_min" : 0.6376097899,
          "estimated_diameter_max" : 1.4257388333
        },
        "meters" : {
          "estimated_diameter_min" : 637.6097898754,
          "estimated_diameter_max" : 1425.7388332807
        },
        "miles" : {
          "estimated_diameter_min" : 0.3961922327,
          "estimated_diameter_max" : 0.8859127646
        },
        "feet" : {
          "estimated_diameter_min" : 2091.8957030147,
          "estimated_diameter_max" : 4677.6209937807
        }
      },
      "is_potentially_hazardous_asteroid" : false,
      "close_approach_data" : [ {
        "close_approach_date" : "1997-03-22",
        "epoch_date_close_approach" : 859017600000,
        "relative_velocity" : {
          "kilometers_per_second" : "16.1254206794",
          "kilometers_per_hour" : "58051.5144458371",
          "miles_per_hour" : "36070.9535177481"
        },
        "miss_distance" : {
          "astronomical" : "0.2486899147",
          "lunar" : "96.7403793335",
          "kilometers" : "37203484",
          "miles" : "23117172"
        },
        "orbiting_body" : "Earth"
      } ],
      "orbital_data" : {
        "orbit_id" : "164",
        "orbit_determination_date" : "2017-04-06 09:28:33",
        "orbit_uncertainty" : "0",
        "minimum_orbit_intersection" : ".0708098",
        "jupiter_tisserand_invariant" : "7.566",
        "epoch_osculation" : "2455462.5",
        "eccentricity" : ".7031801310115856",
        "semi_major_axis" : ".7387604452344344",
        "inclination" : "12.60267204938441",
        "ascending_node_longitude" : "180.536574669899",
        "orbital_period" : "231.9283714153592",
        "perihelion_distance" : ".2192787785683075",
        "perihelion_argument" : "172.3365178403673",
        "aphelion_distance" : "1.258242111900561",
        "perihelion_time" : "2455499.460890244319",
        "mean_anomaly" : "302.629181558278",
        "mean_motion" : "1.552203371252403",
        "equinox" : "J2000"
      }
    }, {
      "links" : {
        "self" : "https://api.nasa.gov/neo/rest/v1/neo/3389197?api_key=t0TVs3DtDT2H8Oy2Zy8m2eVrNsAVKAexjcZXUckd"
      },
      "neo_reference_id" : "3389197",
      "name" : "(2007 UY1)",
      "nasa_jpl_url" : "http://ssd.jpl.nasa.gov/sbdb.cgi?sstr=3389197",
      "absolute_magnitude_h" : 22.9,
      "estimated_diameter" : {
        "kilometers" : {
          "estimated_diameter_min" : 0.0699125232,
          "estimated_diameter_max" : 0.1563291544
        },
        "meters" : {
          "estimated_diameter_min" : 69.9125232246,
          "estimated_diameter_max" : 156.3291544087
        },
        "miles" : {
          "estimated_diameter_min" : 0.0434416145,
          "estimated_diameter_max" : 0.097138403
        },
        "feet" : {
          "estimated_diameter_min" : 229.3718026961,
          "estimated_diameter_max" : 512.8909429502
        }
      },
      "is_potentially_hazardous_asteroid" : false,
      "close_approach_data" : [ {
        "close_approach_date" : "1997-03-22",
        "epoch_date_close_approach" : 859017600000,
        "relative_velocity" : {
          "kilometers_per_second" : "3.7902605404",
          "kilometers_per_hour" : "13644.9379454118",
          "miles_per_hour" : "8478.4338028033"
        },
        "miss_distance" : {
          "astronomical" : "0.154850661",
          "lunar" : "60.236907959",
          "kilometers" : "23165330",
          "miles" : "14394268"
        },
        "orbiting_body" : "Earth"
      } ],
      "orbital_data" : {
        "orbit_id" : "32",
        "orbit_determination_date" : "2017-04-06 09:05:35",
        "orbit_uncertainty" : "3",
        "minimum_orbit_intersection" : ".00537336",
        "jupiter_tisserand_invariant" : "6.313",
        "epoch_osculation" : "2458000.5",
        "eccentricity" : ".1752928902028106",
        "semi_major_axis" : ".9511032267794299",
        "inclination" : "1.019412355722657",
        "ascending_node_longitude" : "337.8257861621472",
        "orbital_period" : "338.7972757322603",
        "perihelion_distance" : ".7843815932760445",
        "perihelion_argument" : "273.5486544982722",
        "aphelion_distance" : "1.117824860282815",
        "perihelion_time" : "2458010.033930529125",
        "mean_anomaly" : "349.8694138461806",
        "mean_motion" : "1.06258233399874",
        "equinox" : "J2000"
      }
    }, {
      "links" : {
        "self" : "https://api.nasa.gov/neo/rest/v1/neo/3724242?api_key=t0TVs3DtDT2H8Oy2Zy8m2eVrNsAVKAexjcZXUckd"
      },
      "neo_reference_id" : "3724242",
      "name" : "(2015 OV)",
      "nasa_jpl_url" : "http://ssd.jpl.nasa.gov/sbdb.cgi?sstr=3724242",
      "absolute_magnitude_h" : 23.6,
      "estimated_diameter" : {
        "kilometers" : {
          "estimated_diameter_min" : 0.0506471459,
          "estimated_diameter_max" : 0.1132504611
        },
        "meters" : {
          "estimated_diameter_min" : 50.6471458835,
          "estimated_diameter_max" : 113.2504610618
        },
        "miles" : {
          "estimated_diameter_min" : 0.0314706677,
          "estimated_diameter_max" : 0.0703705522
        },
        "feet" : {
          "estimated_diameter_min" : 166.1651821003,
          "estimated_diameter_max" : 371.5566426699
        }
      },
      "is_potentially_hazardous_asteroid" : false,
      "close_approach_data" : [ {
        "close_approach_date" : "1997-03-22",
        "epoch_date_close_approach" : 859017600000,
        "relative_velocity" : {
          "kilometers_per_second" : "5.5361578359",
          "kilometers_per_hour" : "19930.1682091357",
          "miles_per_hour" : "12383.8314630599"
        },
        "miss_distance" : {
          "astronomical" : "0.290002298",
          "lunar" : "112.8108901978",
          "kilometers" : "43383724",
          "miles" : "26957396"
        },
        "orbiting_body" : "Earth"
      } ],
      "orbital_data" : {
        "orbit_id" : "17",
        "orbit_determination_date" : "2017-04-06 08:32:44",
        "orbit_uncertainty" : "4",
        "minimum_orbit_intersection" : ".050746",
        "jupiter_tisserand_invariant" : "5.545",
        "epoch_osculation" : "2458000.5",
        "eccentricity" : ".1655857446212016",
        "semi_major_axis" : "1.121955510307585",
        "inclination" : "7.647697784535493",
        "ascending_node_longitude" : "135.9880412190454",
        "orbital_period" : "434.0721082382347",
        "perihelion_distance" : ".9361756717014431",
        "perihelion_argument" : "270.4300139948831",
        "aphelion_distance" : "1.307735348913727",
        "perihelion_time" : "2458193.487120718086",
        "mean_anomaly" : "199.9451101788361",
        "mean_motion" : ".8293552918226637",
        "equinox" : "J2000"
      }
    }, {
      "links" : {
        "self" : "https://api.nasa.gov/neo/rest/v1/neo/3747314?api_key=t0TVs3DtDT2H8Oy2Zy8m2eVrNsAVKAexjcZXUckd"
      },
      "neo_reference_id" : "3747314",
      "name" : "(2016 EH157)",
      "nasa_jpl_url" : "http://ssd.jpl.nasa.gov/sbdb.cgi?sstr=3747314",
      "absolute_magnitude_h" : 21.1,
      "estimated_diameter" : {
        "kilometers" : {
          "estimated_diameter_min" : 0.160160338,
          "estimated_diameter_max" : 0.358129403
        },
        "meters" : {
          "estimated_diameter_min" : 160.1603379786,
          "estimated_diameter_max" : 358.1294030194
        },
        "miles" : {
          "estimated_diameter_min" : 0.0995189894,
          "estimated_diameter_max" : 0.2225312253
        },
        "feet" : {
          "estimated_diameter_min" : 525.4604432536,
          "estimated_diameter_max" : 1174.9652706022
        }
      },
      "is_potentially_hazardous_asteroid" : true,
      "close_approach_data" : [ {
        "close_approach_date" : "1997-03-22",
        "epoch_date_close_approach" : 859017600000,
        "relative_velocity" : {
          "kilometers_per_second" : "14.2018842392",
          "kilometers_per_hour" : "51126.7832610635",
          "miles_per_hour" : "31768.1948546314"
        },
        "miss_distance" : {
          "astronomical" : "0.0884954355",
          "lunar" : "34.4247245789",
          "kilometers" : "13238729",
          "miles" : "8226164.5"
        },
        "orbiting_body" : "Earth"
      } ],
      "orbital_data" : {
        "orbit_id" : "22",
        "orbit_determination_date" : "2017-08-10 06:19:44",
        "orbit_uncertainty" : "5",
        "minimum_orbit_intersection" : ".0479888",
        "jupiter_tisserand_invariant" : "3.189",
        "epoch_osculation" : "2458000.5",
        "eccentricity" : ".62435019666558",
        "semi_major_axis" : "2.435483096358703",
        "inclination" : "10.03823223286062",
        "ascending_node_longitude" : "22.87795279130335",
        "orbital_period" : "1388.276928835682",
        "perihelion_distance" : ".914888746171451",
        "perihelion_argument" : "198.2482903300513",
        "aphelion_distance" : "3.956077446545955",
        "perihelion_time" : "2457504.738043776283",
        "mean_anomaly" : "128.5581432158644",
        "mean_motion" : ".2593142567757891",
        "equinox" : "J2000"
      }
    }, {
      "links" : {
        "self" : "https://api.nasa.gov/neo/rest/v1/neo/3772381?api_key=t0TVs3DtDT2H8Oy2Zy8m2eVrNsAVKAexjcZXUckd"
      },
      "neo_reference_id" : "3772381",
      "name" : "(2017 FL64)",
      "nasa_jpl_url" : "http://ssd.jpl.nasa.gov/sbdb.cgi?sstr=3772381",
      "absolute_magnitude_h" : 28.609,
      "estimated_diameter" : {
        "kilometers" : {
          "estimated_diameter_min" : 0.0050437665,
          "estimated_diameter_max" : 0.0112782049
        },
        "meters" : {
          "estimated_diameter_min" : 5.0437665442,
          "estimated_diameter_max" : 11.2782048554
        },
        "miles" : {
          "estimated_diameter_min" : 0.0031340503,
          "estimated_diameter_max" : 0.0070079494
        },
        "feet" : {
          "estimated_diameter_min" : 16.5477910287,
          "estimated_diameter_max" : 37.0019856177
        }
      },
      "is_potentially_hazardous_asteroid" : false,
      "close_approach_data" : [ {
        "close_approach_date" : "1997-03-22",
        "epoch_date_close_approach" : 859017600000,
        "relative_velocity" : {
          "kilometers_per_second" : "6.4489362385",
          "kilometers_per_hour" : "23216.1704585771",
          "miles_per_hour" : "14425.6254718864"
        },
        "miss_distance" : {
          "astronomical" : "0.1360621763",
          "lunar" : "52.9281845093",
          "kilometers" : "20354612",
          "miles" : "12647769"
        },
        "orbiting_body" : "Earth"
      } ],
      "orbital_data" : {
        "orbit_id" : "4",
        "orbit_determination_date" : "2017-04-20 12:26:44",
        "orbit_uncertainty" : "6",
        "minimum_orbit_intersection" : ".00593377",
        "jupiter_tisserand_invariant" : "5.539",
        "epoch_osculation" : "2458000.5",
        "eccentricity" : ".1332809606140649",
        "semi_major_axis" : "1.126907178441467",
        "inclination" : "2.325253628714976",
        "ascending_node_longitude" : "165.3310760862325",
        "orbital_period" : "436.9488945260465",
        "perihelion_distance" : ".9767119071759029",
        "perihelion_argument" : "323.1315806045225",
        "aphelion_distance" : "1.277102449707032",
        "perihelion_time" : "2457784.590188683250",
        "mean_anomaly" : "177.8870093225441",
        "mean_motion" : ".8238949783600847",
        "equinox" : "J2000"
      }
    }, {
      "links" : {
        "self" : "https://api.nasa.gov/neo/rest/v1/neo/3256319?api_key=t0TVs3DtDT2H8Oy2Zy8m2eVrNsAVKAexjcZXUckd"
      },
      "neo_reference_id" : "3256319",
      "name" : "(2004 TB10)",
      "nasa_jpl_url" : "http://ssd.jpl.nasa.gov/sbdb.cgi?sstr=3256319",
      "absolute_magnitude_h" : 21.3,
      "estimated_diameter" : {
        "kilometers" : {
          "estimated_diameter_min" : 0.1460679643,
          "estimated_diameter_max" : 0.3266178974
        },
        "meters" : {
          "estimated_diameter_min" : 146.0679642714,
          "estimated_diameter_max" : 326.6178974458
        },
        "miles" : {
          "estimated_diameter_min" : 0.090762397,
          "estimated_diameter_max" : 0.2029508896
        },
        "feet" : {
          "estimated_diameter_min" : 479.2256199,
          "estimated_diameter_max" : 1071.581062656
        }
      },
      "is_potentially_hazardous_asteroid" : true,
      "close_approach_data" : [ {
        "close_approach_date" : "1997-03-22",
        "epoch_date_close_approach" : 859017600000,
        "relative_velocity" : {
          "kilometers_per_second" : "14.2245577999",
          "kilometers_per_hour" : "51208.4080797415",
          "miles_per_hour" : "31818.9133426594"
        },
        "miss_distance" : {
          "astronomical" : "0.3003429343",
          "lunar" : "116.833404541",
          "kilometers" : "44930664",
          "miles" : "27918622"
        },
        "orbiting_body" : "Earth"
      } ],
      "orbital_data" : {
        "orbit_id" : "16",
        "orbit_determination_date" : "2017-08-27 19:12:02",
        "orbit_uncertainty" : "1",
        "minimum_orbit_intersection" : ".0133879",
        "jupiter_tisserand_invariant" : "5.562",
        "epoch_osculation" : "2458000.5",
        "eccentricity" : ".09383875272676956",
        "semi_major_axis" : "1.103616721443335",
        "inclination" : "22.50375358846119",
        "ascending_node_longitude" : "12.85604695074315",
        "orbital_period" : "423.4731066578753",
        "perihelion_distance" : "1.000054704814685",
        "perihelion_argument" : "149.8947471568081",
        "aphelion_distance" : "1.207178738071984",
        "perihelion_time" : "2458113.336678522938",
        "mean_anomaly" : "264.0760708776826",
        "mean_motion" : ".8501130162460225",
        "equinox" : "J2000"
      }
    } ]
  }
}