{
  "links" : {
    "next" : "https://api.nasa.gov/neo/rest/v1/feed?start_date=1997-07-09&end_date=1997-07-09&detailed=true&api_key=t0TVs3DtDT2H8Oy2Zy8m2eVrNsAVKAexjcZXUckd",
    "prev" : "https://api.nasa.gov/neo/rest/v1/feed?start_date=1997-07-07&end_date=1997-07-07&detailed=true&api_key=t0TVs3DtDT2H8Oy2Zy8m2eVrNsAVKAexjcZXUckd",
    "self" : "https://api.nasa.gov/neo/rest/v1/feed?start_date=1997-07-08&end_date=1997-07-08&detailed=true&api_key=t0TVs3DtDT2H8Oy2Zy8m2eVrNsAVKAexjcZXUckd"
  },
  "element_count" : 7,
  "near_earth_objects" : {
    "1997-07-08" : [ {
      "links" : {
        "self" : "https://api.nasa.gov/neo/rest/v1/neo/2001980?api_key=t0TVs3DtDT2H8Oy2Zy8m2eVrNsAVKAexjcZXUckd"
      },
      "neo_reference_id" : "2001980",
      "name" : "1980 Tezcatlipoca (1950 LA)",
      "nasa_jpl_url" : "http://ssd.jpl.nasa.gov/sbdb.cgi?sstr=2001980",
      "absolute_magnitude_h" : 13.92,
      "estimated_diameter" : {
        "kilometers" : {
          "estimated_diameter_min" : 4.3707400403,
          "estimated_diameter_max" : 9.7732718421
        },
        "meters" : {
          "estimated_diameter_min" : 4370.7400403053,
          "estimated_diameter_max" : 9773.2718421028
        },
        "miles" : {
          "estimated_diameter_min" : 2.7158511096,
          "estimated_diameter_max" : 6.0728276978
        },
        "feet" : {
          "estimated_diameter_min" : 14339.6987538352,
          "estimated_diameter_max" : 32064.5411904446
        }
      },
      "is_potentially_hazardous_asteroid" : false,
      "close_approach_data" : [ {
        "close_approach_date" : "1997-07-08",
        "epoch_date_close_approach" : 868345200000,
        "relative_velocity" : {
          "kilometers_per_second" : "12.8440043126",
          "kilometers_per_hour" : "46238.4155253794",
          "miles_per_hour" : "28730.753246867"
        },
        "miss_distance" : {
          "astronomical" : "0.4838779674",
          "lunar" : "188.2285308838",
          "kilometers" : "72387112",
          "miles" : "44979268"
        },
        "orbiting_body" : "Earth"
      } ],
      "orbital_data" : {
        "orbit_id" : "412",
        "orbit_determination_date" : "2017-09-24 06:23:11",
        "orbit_uncertainty" : "0",
        "minimum_orbit_intersection" : ".245487",
        "jupiter_tisserand_invariant" : "3.996",
        "epoch_osculation" : "2458000.5",
        "eccentricity" : ".3648145150784295",
        "semi_major_axis" : "1.709445696814586",
        "inclination" : "26.86936221652994",
        "ascending_node_longitude" : "246.5743149368765",
        "orbital_period" : "816.3593868969383",
        "perihelion_distance" : "1.085815093878265",
        "perihelion_argument" : "115.4858739826434",
        "aphelion_distance" : "2.333076299750907",
        "perihelion_time" : "2458071.714461014983",
        "mean_anomaly" : "328.5956866829895",
        "mean_motion" : ".440982250927983",
        "equinox" : "J2000"
      }
    }, {
      "links" : {
        "self" : "https://api.nasa.gov/neo/rest/v1/neo/2007753?api_key=t0TVs3DtDT2H8Oy2Zy8m2eVrNsAVKAexjcZXUckd"
      },
      "neo_reference_id" : "2007753",
      "name" : "7753 (1988 XB)",
      "nasa_jpl_url" : "http://ssd.jpl.nasa.gov/sbdb.cgi?sstr=2007753",
      "absolute_magnitude_h" : 18.6,
      "estimated_diameter" : {
        "kilometers" : {
          "estimated_diameter_min" : 0.5064714588,
          "estimated_diameter_max" : 1.1325046106
        },
        "meters" : {
          "estimated_diameter_min" : 506.4714588346,
          "estimated_diameter_max" : 1132.5046106177
        },
        "miles" : {
          "estimated_diameter_min" : 0.3147066768,
          "estimated_diameter_max" : 0.7037055224
        },
        "feet" : {
          "estimated_diameter_min" : 1661.651821003,
          "estimated_diameter_max" : 3715.566426699
        }
      },
      "is_potentially_hazardous_asteroid" : true,
      "close_approach_data" : [ {
        "close_approach_date" : "1997-07-08",
        "epoch_date_close_approach" : 868345200000,
        "relative_velocity" : {
          "kilometers_per_second" : "10.452596342",
          "kilometers_per_hour" : "37629.3468311986",
          "miles_per_hour" : "23381.4127574189"
        },
        "miss_distance" : {
          "astronomical" : "0.1079968705",
          "lunar" : "42.0107841492",
          "kilometers" : "16156102",
          "miles" : "10038937"
        },
        "orbiting_body" : "Earth"
      } ],
      "orbital_data" : {
        "orbit_id" : "138",
        "orbit_determination_date" : "2017-04-06 09:30:08",
        "orbit_uncertainty" : "0",
        "minimum_orbit_intersection" : ".00668663",
        "jupiter_tisserand_invariant" : "4.474",
        "epoch_osculation" : "2458000.5",
        "eccentricity" : ".4818980837557885",
        "semi_major_axis" : "1.467747567020689",
        "inclination" : "3.122921820180161",
        "ascending_node_longitude" : "73.42551547013782",
        "orbital_period" : "649.4945042357621",
        "perihelion_distance" : ".760442827036198",
        "perihelion_argument" : "280.0870764933582",
        "aphelion_distance" : "2.175052307005179",
        "perihelion_time" : "2457830.488828909974",
        "mean_anomaly" : "94.2333171308757",
        "mean_motion" : ".5542772073546637",
        "equinox" : "J2000"
      }
    }, {
      "links" : {
        "self" : "https://api.nasa.gov/neo/rest/v1/neo/3297357?api_key=t0TVs3DtDT2H8Oy2Zy8m2eVrNsAVKAexjcZXUckd"
      },
      "neo_reference_id" : "3297357",
      "name" : "(2005 UM5)",
      "nasa_jpl_url" : "http://ssd.jpl.nasa.gov/sbdb.cgi?sstr=3297357",
      "absolute_magnitude_h" : 20.5,
      "estimated_diameter" : {
        "kilometers" : {
          "estimated_diameter_min" : 0.2111324448,
          "estimated_diameter_max" : 0.4721064988
        },
        "meters" : {
          "estimated_diameter_min" : 211.1324447897,
          "estimated_diameter_max" : 472.1064988055
        },
        "miles" : {
          "estimated_diameter_min" : 0.1311915784,
          "estimated_diameter_max" : 0.2933532873
        },
        "feet" : {
          "estimated_diameter_min" : 692.6917701639,
          "estimated_diameter_max" : 1548.9058855411
        }
      },
      "is_potentially_hazardous_asteroid" : false,
      "close_approach_data" : [ {
        "close_approach_date" : "1997-07-08",
        "epoch_date_close_approach" : 868345200000,
        "relative_velocity" : {
          "kilometers_per_second" : "18.6364619477",
          "kilometers_per_hour" : "67091.2630115969",
          "miles_per_hour" : "41687.9017307336"
        },
        "miss_distance" : {
          "astronomical" : "0.4424472217",
          "lunar" : "172.1119689941",
          "kilometers" : "66189160",
          "miles" : "41128040"
        },
        "orbiting_body" : "Earth"
      } ],
      "orbital_data" : {
        "orbit_id" : "23",
        "orbit_determination_date" : "2017-04-06 09:10:05",
        "orbit_uncertainty" : "1",
        "minimum_orbit_intersection" : ".0503735",
        "jupiter_tisserand_invariant" : "5.099",
        "epoch_osculation" : "2458000.5",
        "eccentricity" : ".5523435816122553",
        "semi_major_axis" : "1.211112022226651",
        "inclination" : "3.223792233848279",
        "ascending_node_longitude" : "84.8937352685426",
        "orbital_period" : "486.8272723811053",
        "perihelion_distance" : ".5421620701363211",
        "perihelion_argument" : "170.584738047195",
        "aphelion_distance" : "1.88006197431698",
        "perihelion_time" : "2457931.170420930344",
        "mean_anomaly" : "51.26797507255868",
        "mean_motion" : ".7394819896576778",
        "equinox" : "J2000"
      }
    }, {
      "links" : {
        "self" : "https://api.nasa.gov/neo/rest/v1/neo/3309092?api_key=t0TVs3DtDT2H8Oy2Zy8m2eVrNsAVKAexjcZXUckd"
      },
      "neo_reference_id" : "3309092",
      "name" : "(2005 YR3)",
      "nasa_jpl_url" : "http://ssd.jpl.nasa.gov/sbdb.cgi?sstr=3309092",
      "absolute_magnitude_h" : 23.1,
      "estimated_diameter" : {
        "kilometers" : {
          "estimated_diameter_min" : 0.063760979,
          "estimated_diameter_max" : 0.1425738833
        },
        "meters" : {
          "estimated_diameter_min" : 63.7609789875,
          "estimated_diameter_max" : 142.5738833281
        },
        "miles" : {
          "estimated_diameter_min" : 0.0396192233,
          "estimated_diameter_max" : 0.0885912765
        },
        "feet" : {
          "estimated_diameter_min" : 209.1895703015,
          "estimated_diameter_max" : 467.7620993781
        }
      },
      "is_potentially_hazardous_asteroid" : false,
      "close_approach_data" : [ {
        "close_approach_date" : "1997-07-08",
        "epoch_date_close_approach" : 868345200000,
        "relative_velocity" : {
          "kilometers_per_second" : "14.2666666027",
          "kilometers_per_hour" : "51359.9997697132",
          "miles_per_hour" : "31913.1065235754"
        },
        "miss_distance" : {
          "astronomical" : "0.4209216968",
          "lunar" : "163.7385406494",
          "kilometers" : "62968988",
          "miles" : "39127116"
        },
        "orbiting_body" : "Earth"
      } ],
      "orbital_data" : {
        "orbit_id" : "25",
        "orbit_determination_date" : "2017-04-06 09:09:36",
        "orbit_uncertainty" : "1",
        "minimum_orbit_intersection" : ".00449776",
        "jupiter_tisserand_invariant" : "7.108",
        "epoch_osculation" : "2458000.5",
        "eccentricity" : ".2734902788074861",
        "semi_major_axis" : ".8199373454771401",
        "inclination" : "3.280906410035641",
        "ascending_node_longitude" : "75.27148580402213",
        "orbital_period" : "271.1873505988839",
        "perihelion_distance" : ".595692452257927",
        "perihelion_argument" : "218.0210032865788",
        "aphelion_distance" : "1.044182238696353",
        "perihelion_time" : "2457947.816354866269",
        "mean_anomaly" : "69.93730425205582",
        "mean_motion" : "1.327495545809878",
        "equinox" : "J2000"
      }
    }, {
      "links" : {
        "self" : "https://api.nasa.gov/neo/rest/v1/neo/3385160?api_key=t0TVs3DtDT2H8Oy2Zy8m2eVrNsAVKAexjcZXUckd"
      },
      "neo_reference_id" : "3385160",
      "name" : "(2007 RM133)",
      "nasa_jpl_url" : "http://ssd.jpl.nasa.gov/sbdb.cgi?sstr=3385160",
      "absolute_magnitude_h" : 18.1,
      "estimated_diameter" : {
        "kilometers" : {
          "estimated_diameter_min" : 0.6376097899,
          "estimated_diameter_max" : 1.4257388333
        },
        "meters" : {
          "estimated_diameter_min" : 637.6097898754,
          "estimated_diameter_max" : 1425.7388332807
        },
        "miles" : {
          "estimated_diameter_min" : 0.3961922327,
          "estimated_diameter_max" : 0.8859127646
        },
        "feet" : {
          "estimated_diameter_min" : 2091.8957030147,
          "estimated_diameter_max" : 4677.6209937807
        }
      },
      "is_potentially_hazardous_asteroid" : false,
      "close_approach_data" : [ {
        "close_approach_date" : "1997-07-08",
        "epoch_date_close_approach" : 868345200000,
        "relative_velocity" : {
          "kilometers_per_second" : "6.4486422375",
          "kilometers_per_hour" : "23215.1120551113",
          "miles_per_hour" : "14424.9678211329"
        },
        "miss_distance" : {
          "astronomical" : "0.2166532364",
          "lunar" : "84.2781143188",
          "kilometers" : "32410864",
          "miles" : "20139178"
        },
        "orbiting_body" : "Earth"
      } ],
      "orbital_data" : {
        "orbit_id" : "25",
        "orbit_determination_date" : "2017-09-28 06:48:13",
        "orbit_uncertainty" : "1",
        "minimum_orbit_intersection" : ".22216",
        "jupiter_tisserand_invariant" : "3.504",
        "epoch_osculation" : "2458000.5",
        "eccentricity" : ".4397336825726461",
        "semi_major_axis" : "2.210686532951117",
        "inclination" : "10.74216185765546",
        "ascending_node_longitude" : "106.1175344694409",
        "orbital_period" : "1200.574667303271",
        "perihelion_distance" : "1.238573202802767",
        "perihelion_argument" : "180.9470004620077",
        "aphelion_distance" : "3.182799863099466",
        "perihelion_time" : "2457840.152079676361",
        "mean_anomaly" : "48.08135044709263",
        "mean_motion" : ".299856401941773",
        "equinox" : "J2000"
      }
    }, {
      "links" : {
        "self" : "https://api.nasa.gov/neo/rest/v1/neo/3644702?api_key=t0TVs3DtDT2H8Oy2Zy8m2eVrNsAVKAexjcZXUckd"
      },
      "neo_reference_id" : "3644702",
      "name" : "(2013 NV)",
      "nasa_jpl_url" : "http://ssd.jpl.nasa.gov/sbdb.cgi?sstr=3644702",
      "absolute_magnitude_h" : 20.2,
      "estimated_diameter" : {
        "kilometers" : {
          "estimated_diameter_min" : 0.2424124811,
          "estimated_diameter_max" : 0.5420507863
        },
        "meters" : {
          "estimated_diameter_min" : 242.4124811008,
          "estimated_diameter_max" : 542.0507863358
        },
        "miles" : {
          "estimated_diameter_min" : 0.1506280858,
          "estimated_diameter_max" : 0.3368146392
        },
        "feet" : {
          "estimated_diameter_min" : 795.3165644948,
          "estimated_diameter_max" : 1778.3819018419
        }
      },
      "is_potentially_hazardous_asteroid" : true,
      "close_approach_data" : [ {
        "close_approach_date" : "1997-07-08",
        "epoch_date_close_approach" : 868345200000,
        "relative_velocity" : {
          "kilometers_per_second" : "30.9735777005",
          "kilometers_per_hour" : "111504.8797219505",
          "miles_per_hour" : "69284.795958342"
        },
        "miss_distance" : {
          "astronomical" : "0.4128711125",
          "lunar" : "160.6068725586",
          "kilometers" : "61764640",
          "miles" : "38378768"
        },
        "orbiting_body" : "Earth"
      } ],
      "orbital_data" : {
        "orbit_id" : "43",
        "orbit_determination_date" : "2017-07-17 06:17:43",
        "orbit_uncertainty" : "0",
        "minimum_orbit_intersection" : ".0393898",
        "jupiter_tisserand_invariant" : "6.072",
        "epoch_osculation" : "2458000.5",
        "eccentricity" : ".5110210928269004",
        "semi_major_axis" : ".9584527139008473",
        "inclination" : "29.29023187104017",
        "ascending_node_longitude" : "275.6201964097665",
        "orbital_period" : "342.7318490825863",
        "perihelion_distance" : ".4686631606203278",
        "perihelion_argument" : "227.7976271399708",
        "aphelion_distance" : "1.448242267181367",
        "perihelion_time" : "2458123.142703618804",
        "mean_anomaly" : "231.178084496809",
        "mean_motion" : "1.05038385245969",
        "equinox" : "J2000"
      }
    }, {
      "links" : {
        "self" : "https://api.nasa.gov/neo/rest/v1/neo/3742338?api_key=t0TVs3DtDT2H8Oy2Zy8m2eVrNsAVKAexjcZXUckd"
      },
      "neo_reference_id" : "3742338",
      "name" : "(2016 CC136)",
      "nasa_jpl_url" : "http://ssd.jpl.nasa.gov/sbdb.cgi?sstr=3742338",
      "absolute_magnitude_h" : 28.8,
      "estimated_diameter" : {
        "kilometers" : {
          "estimated_diameter_min" : 0.0046190746,
          "estimated_diameter_max" : 0.0103285648
        },
        "meters" : {
          "estimated_diameter_min" : 4.6190746028,
          "estimated_diameter_max" : 10.328564805
        },
        "miles" : {
          "estimated_diameter_min" : 0.002870159,
          "estimated_diameter_max" : 0.0064178706
        },
        "feet" : {
          "estimated_diameter_min" : 15.1544447199,
          "estimated_diameter_max" : 33.886368555
        }
      },
      "is_potentially_hazardous_asteroid" : false,
      "close_approach_data" : [ {
        "close_approach_date" : "1997-07-08",
        "epoch_date_close_approach" : 868345200000,
        "relative_velocity" : {
          "kilometers_per_second" : "7.7497806063",
          "kilometers_per_hour" : "27899.210182544",
          "miles_per_hour" : "17335.484238148"
        },
        "miss_distance" : {
          "astronomical" : "0.215848157",
          "lunar" : "83.9649353027",
          "kilometers" : "32290426",
          "miles" : "20064340"
        },
        "orbiting_body" : "Earth"
      } ],
      "orbital_data" : {
        "orbit_id" : "5",
        "orbit_determination_date" : "2017-04-06 08:28:31",
        "orbit_uncertainty" : "5",
        "minimum_orbit_intersection" : ".00637006",
        "jupiter_tisserand_invariant" : "6.543",
        "epoch_osculation" : "2458000.5",
        "eccentricity" : ".09184728336183774",
        "semi_major_axis" : ".9082001905646833",
        "inclination" : "12.05619508288147",
        "ascending_node_longitude" : "319.7823596085856",
        "orbital_period" : "316.1337113595388",
        "perihelion_distance" : ".8247844703126137",
        "perihelion_argument" : "356.2584825716673",
        "aphelion_distance" : ".9916159108167528",
        "perihelion_time" : "2457898.255673052733",
        "mean_anomaly" : "116.4316122526847",
        "mean_motion" : "1.138758655164656",
        "equinox" : "J2000"
      }
    } ]
  }
}