{
  "links" : {
    "next" : "https://api.nasa.gov/neo/rest/v1/feed?start_date=1995-08-09&end_date=1995-08-09&detailed=true&api_key=t0TVs3DtDT2H8Oy2Zy8m2eVrNsAVKAexjcZXUckd",
    "prev" : "https://api.nasa.gov/neo/rest/v1/feed?start_date=1995-08-07&end_date=1995-08-07&detailed=true&api_key=t0TVs3DtDT2H8Oy2Zy8m2eVrNsAVKAexjcZXUckd",
    "self" : "https://api.nasa.gov/neo/rest/v1/feed?start_date=1995-08-08&end_date=1995-08-08&detailed=true&api_key=t0TVs3DtDT2H8Oy2Zy8m2eVrNsAVKAexjcZXUckd"
  },
  "element_count" : 7,
  "near_earth_objects" : {
    "1995-08-08" : [ {
      "links" : {
        "self" : "https://api.nasa.gov/neo/rest/v1/neo/2307070?api_key=t0TVs3DtDT2H8Oy2Zy8m2eVrNsAVKAexjcZXUckd"
      },
      "neo_reference_id" : "2307070",
      "name" : "307070 (2002 AV31)",
      "nasa_jpl_url" : "http://ssd.jpl.nasa.gov/sbdb.cgi?sstr=2307070",
      "absolute_magnitude_h" : 20.7,
      "estimated_diameter" : {
        "kilometers" : {
          "estimated_diameter_min" : 0.1925550782,
          "estimated_diameter_max" : 0.4305662442
        },
        "meters" : {
          "estimated_diameter_min" : 192.5550781879,
          "estimated_diameter_max" : 430.566244241
        },
        "miles" : {
          "estimated_diameter_min" : 0.1196481415,
          "estimated_diameter_max" : 0.2675413778
        },
        "feet" : {
          "estimated_diameter_min" : 631.7424027221,
          "estimated_diameter_max" : 1412.6189567557
        }
      },
      "is_potentially_hazardous_asteroid" : false,
      "close_approach_data" : [ {
        "close_approach_date" : "1995-08-08",
        "epoch_date_close_approach" : 807865200000,
        "relative_velocity" : {
          "kilometers_per_second" : "14.6993080325",
          "kilometers_per_hour" : "52917.5089169024",
          "miles_per_hour" : "32880.8821378386"
        },
        "miss_distance" : {
          "astronomical" : "0.29796017",
          "lunar" : "115.90650177",
          "kilometers" : "44574208",
          "miles" : "27697128"
        },
        "orbiting_body" : "Earth"
      } ],
      "orbital_data" : {
        "orbit_id" : "75",
        "orbit_determination_date" : "2017-04-06 09:23:59",
        "orbit_uncertainty" : "0",
        "minimum_orbit_intersection" : ".143015",
        "jupiter_tisserand_invariant" : "4.911",
        "epoch_osculation" : "2458000.5",
        "eccentricity" : ".249441069304206",
        "semi_major_axis" : "1.310034736062646",
        "inclination" : "14.97551130247512",
        "ascending_node_longitude" : "119.3113637536016",
        "orbital_period" : "547.6746555831121",
        "perihelion_distance" : ".9832582706735261",
        "perihelion_argument" : "267.3785244832686",
        "aphelion_distance" : "1.636811201451766",
        "perihelion_time" : "2458217.784534408203",
        "mean_anomaly" : "217.173539820518",
        "mean_motion" : ".6573245563403077",
        "equinox" : "J2000"
      }
    }, {
      "links" : {
        "self" : "https://api.nasa.gov/neo/rest/v1/neo/2314082?api_key=t0TVs3DtDT2H8Oy2Zy8m2eVrNsAVKAexjcZXUckd"
      },
      "neo_reference_id" : "2314082",
      "name" : "314082 Dryope (2005 CZ36)",
      "nasa_jpl_url" : "http://ssd.jpl.nasa.gov/sbdb.cgi?sstr=2314082",
      "absolute_magnitude_h" : 17.5,
      "estimated_diameter" : {
        "kilometers" : {
          "estimated_diameter_min" : 0.8405334021,
          "estimated_diameter_max" : 1.8794898244
        },
        "meters" : {
          "estimated_diameter_min" : 840.5334020728,
          "estimated_diameter_max" : 1879.4898243938
        },
        "miles" : {
          "estimated_diameter_min" : 0.5222830806,
          "estimated_diameter_max" : 1.1678604717
        },
        "feet" : {
          "estimated_diameter_min" : 2757.6556068564,
          "estimated_diameter_max" : 6166.3053954643
        }
      },
      "is_potentially_hazardous_asteroid" : true,
      "close_approach_data" : [ {
        "close_approach_date" : "1995-08-08",
        "epoch_date_close_approach" : 807865200000,
        "relative_velocity" : {
          "kilometers_per_second" : "21.255850666",
          "kilometers_per_hour" : "76521.0623977573",
          "miles_per_hour" : "47547.2123548732"
        },
        "miss_distance" : {
          "astronomical" : "0.305244776",
          "lunar" : "118.7402191162",
          "kilometers" : "45663968",
          "miles" : "28374274"
        },
        "orbiting_body" : "Earth"
      } ],
      "orbital_data" : {
        "orbit_id" : "55",
        "orbit_determination_date" : "2017-04-06 09:23:50",
        "orbit_uncertainty" : "0",
        "minimum_orbit_intersection" : ".0197173",
        "jupiter_tisserand_invariant" : "3.356",
        "epoch_osculation" : "2458000.5",
        "eccentricity" : ".5749602982938385",
        "semi_major_axis" : "2.237486605660774",
        "inclination" : "16.14284854240449",
        "ascending_node_longitude" : "116.8191316160531",
        "orbital_period" : "1222.472485465145",
        "perihelion_distance" : ".9510206394415869",
        "perihelion_argument" : "139.3276943771838",
        "aphelion_distance" : "3.52395257187996",
        "perihelion_time" : "2458453.144808691085",
        "mean_anomaly" : "226.7028231177015",
        "mean_motion" : ".2944851555190803",
        "equinox" : "J2000"
      }
    }, {
      "links" : {
        "self" : "https://api.nasa.gov/neo/rest/v1/neo/3008362?api_key=t0TVs3DtDT2H8Oy2Zy8m2eVrNsAVKAexjcZXUckd"
      },
      "neo_reference_id" : "3008362",
      "name" : "(1996 AE2)",
      "nasa_jpl_url" : "http://ssd.jpl.nasa.gov/sbdb.cgi?sstr=3008362",
      "absolute_magnitude_h" : 20.3,
      "estimated_diameter" : {
        "kilometers" : {
          "estimated_diameter_min" : 0.2315021222,
          "estimated_diameter_max" : 0.5176544822
        },
        "meters" : {
          "estimated_diameter_min" : 231.5021222103,
          "estimated_diameter_max" : 517.6544821978
        },
        "miles" : {
          "estimated_diameter_min" : 0.1438487052,
          "estimated_diameter_max" : 0.3216554833
        },
        "feet" : {
          "estimated_diameter_min" : 759.5214226325,
          "estimated_diameter_max" : 1698.3415313737
        }
      },
      "is_potentially_hazardous_asteroid" : false,
      "close_approach_data" : [ {
        "close_approach_date" : "1995-08-08",
        "epoch_date_close_approach" : 807865200000,
        "relative_velocity" : {
          "kilometers_per_second" : "19.8486346",
          "kilometers_per_hour" : "71455.0845598909",
          "miles_per_hour" : "44399.4107366722"
        },
        "miss_distance" : {
          "astronomical" : "0.4835802625",
          "lunar" : "188.1127166748",
          "kilometers" : "72342576",
          "miles" : "44951592"
        },
        "orbiting_body" : "Earth"
      } ],
      "orbital_data" : {
        "orbit_id" : "30",
        "orbit_determination_date" : "2017-04-06 09:18:06",
        "orbit_uncertainty" : "0",
        "minimum_orbit_intersection" : ".122189",
        "jupiter_tisserand_invariant" : "4.593",
        "epoch_osculation" : "2458000.5",
        "eccentricity" : ".2568069943428223",
        "semi_major_axis" : "1.367546504692949",
        "inclination" : "37.36069360524818",
        "ascending_node_longitude" : "118.9617953672091",
        "orbital_period" : "584.1327857113762",
        "perihelion_distance" : "1.016350997198721",
        "perihelion_argument" : "305.8884068834909",
        "aphelion_distance" : "1.718742012187178",
        "perihelion_time" : "2458225.753561660821",
        "mean_anomaly" : "221.1766293872037",
        "mean_motion" : ".6162982267149756",
        "equinox" : "J2000"
      }
    }, {
      "links" : {
        "self" : "https://api.nasa.gov/neo/rest/v1/neo/3182823?api_key=t0TVs3DtDT2H8Oy2Zy8m2eVrNsAVKAexjcZXUckd"
      },
      "neo_reference_id" : "3182823",
      "name" : "(2004 KG1)",
      "nasa_jpl_url" : "http://ssd.jpl.nasa.gov/sbdb.cgi?sstr=3182823",
      "absolute_magnitude_h" : 24.1,
      "estimated_diameter" : {
        "kilometers" : {
          "estimated_diameter_min" : 0.040230458,
          "estimated_diameter_max" : 0.0899580388
        },
        "meters" : {
          "estimated_diameter_min" : 40.2304579834,
          "estimated_diameter_max" : 89.9580388169
        },
        "miles" : {
          "estimated_diameter_min" : 0.0249980399,
          "estimated_diameter_max" : 0.0558973165
        },
        "feet" : {
          "estimated_diameter_min" : 131.9896957704,
          "estimated_diameter_max" : 295.1379320721
        }
      },
      "is_potentially_hazardous_asteroid" : false,
      "close_approach_data" : [ {
        "close_approach_date" : "1995-08-08",
        "epoch_date_close_approach" : 807865200000,
        "relative_velocity" : {
          "kilometers_per_second" : "9.509879717",
          "kilometers_per_hour" : "34235.5669813472",
          "miles_per_hour" : "21272.6499390487"
        },
        "miss_distance" : {
          "astronomical" : "0.0391035086",
          "lunar" : "15.2112646103",
          "kilometers" : "5849801.5",
          "miles" : "3634898.25"
        },
        "orbiting_body" : "Earth"
      } ],
      "orbital_data" : {
        "orbit_id" : "15",
        "orbit_determination_date" : "2017-04-06 09:12:46",
        "orbit_uncertainty" : "6",
        "minimum_orbit_intersection" : ".00335624",
        "jupiter_tisserand_invariant" : "6.997",
        "epoch_osculation" : "2458000.5",
        "eccentricity" : ".4073193079080165",
        "semi_major_axis" : ".8301293866516695",
        "inclination" : "1.914256662040002",
        "ascending_node_longitude" : "243.0519125356717",
        "orbital_period" : "276.259428572244",
        "perihelion_distance" : ".4920016594066053",
        "perihelion_argument" : "213.6346689133144",
        "aphelion_distance" : "1.168257113896734",
        "perihelion_time" : "2458037.142516542470",
        "mean_anomaly" : "312.2502959502082",
        "mean_motion" : "1.303122944474842",
        "equinox" : "J2000"
      }
    }, {
      "links" : {
        "self" : "https://api.nasa.gov/neo/rest/v1/neo/3390647?api_key=t0TVs3DtDT2H8Oy2Zy8m2eVrNsAVKAexjcZXUckd"
      },
      "neo_reference_id" : "3390647",
      "name" : "(2007 US12)",
      "nasa_jpl_url" : "http://ssd.jpl.nasa.gov/sbdb.cgi?sstr=3390647",
      "absolute_magnitude_h" : 22.0,
      "estimated_diameter" : {
        "kilometers" : {
          "estimated_diameter_min" : 0.1058168859,
          "estimated_diameter_max" : 0.2366137501
        },
        "meters" : {
          "estimated_diameter_min" : 105.8168859331,
          "estimated_diameter_max" : 236.6137501138
        },
        "miles" : {
          "estimated_diameter_min" : 0.0657515442,
          "estimated_diameter_max" : 0.1470249225
        },
        "feet" : {
          "estimated_diameter_min" : 347.1682720448,
          "estimated_diameter_max" : 776.2918559233
        }
      },
      "is_potentially_hazardous_asteroid" : true,
      "close_approach_data" : [ {
        "close_approach_date" : "1995-08-08",
        "epoch_date_close_approach" : 807865200000,
        "relative_velocity" : {
          "kilometers_per_second" : "16.0610662796",
          "kilometers_per_hour" : "57819.838606619",
          "miles_per_hour" : "35926.9991608739"
        },
        "miss_distance" : {
          "astronomical" : "0.49007135",
          "lunar" : "190.6377563477",
          "kilometers" : "73313632",
          "miles" : "45554980"
        },
        "orbiting_body" : "Earth"
      } ],
      "orbital_data" : {
        "orbit_id" : "22",
        "orbit_determination_date" : "2017-04-06 09:05:30",
        "orbit_uncertainty" : "1",
        "minimum_orbit_intersection" : ".013789",
        "jupiter_tisserand_invariant" : "6.449",
        "epoch_osculation" : "2458000.5",
        "eccentricity" : ".5146651431643737",
        "semi_major_axis" : ".9061444567592145",
        "inclination" : "8.805309986974386",
        "ascending_node_longitude" : "211.1157354680615",
        "orbital_period" : "315.0609541635102",
        "perihelion_distance" : ".4397834901936297",
        "perihelion_argument" : "44.6338158622501",
        "aphelion_distance" : "1.372505423324799",
        "perihelion_time" : "2458106.754743089288",
        "mean_anomaly" : "238.5895014705892",
        "mean_motion" : "1.142636036749788",
        "equinox" : "J2000"
      }
    }, {
      "links" : {
        "self" : "https://api.nasa.gov/neo/rest/v1/neo/3746629?api_key=t0TVs3DtDT2H8Oy2Zy8m2eVrNsAVKAexjcZXUckd"
      },
      "neo_reference_id" : "3746629",
      "name" : "(2016 EN156)",
      "nasa_jpl_url" : "http://ssd.jpl.nasa.gov/sbdb.cgi?sstr=3746629",
      "absolute_magnitude_h" : 27.8,
      "estimated_diameter" : {
        "kilometers" : {
          "estimated_diameter_min" : 0.0073207399,
          "estimated_diameter_max" : 0.016369672
        },
        "meters" : {
          "estimated_diameter_min" : 7.3207398935,
          "estimated_diameter_max" : 16.3696720474
        },
        "miles" : {
          "estimated_diameter_min" : 0.0045488955,
          "estimated_diameter_max" : 0.0101716395
        },
        "feet" : {
          "estimated_diameter_min" : 24.0181762721,
          "estimated_diameter_max" : 53.70627484
        }
      },
      "is_potentially_hazardous_asteroid" : false,
      "close_approach_data" : [ {
        "close_approach_date" : "1995-08-08",
        "epoch_date_close_approach" : 807865200000,
        "relative_velocity" : {
          "kilometers_per_second" : "20.4844542549",
          "kilometers_per_hour" : "73744.0353176641",
          "miles_per_hour" : "45821.6757228008"
        },
        "miss_distance" : {
          "astronomical" : "0.4468810567",
          "lunar" : "173.836730957",
          "kilometers" : "66852456",
          "miles" : "41540188"
        },
        "orbiting_body" : "Earth"
      } ],
      "orbital_data" : {
        "orbit_id" : "9",
        "orbit_determination_date" : "2017-04-06 08:27:29",
        "orbit_uncertainty" : "6",
        "minimum_orbit_intersection" : ".00229906",
        "jupiter_tisserand_invariant" : "4.988",
        "epoch_osculation" : "2458000.5",
        "eccentricity" : ".2969169445501015",
        "semi_major_axis" : "1.288215731785637",
        "inclination" : "3.648952368735195",
        "ascending_node_longitude" : "177.7237952656623",
        "orbital_period" : "534.0492685781778",
        "perihelion_distance" : ".9057226527824725",
        "perihelion_argument" : "54.57036918965708",
        "aphelion_distance" : "1.670708810788801",
        "perihelion_time" : "2458044.555019828794",
        "mean_anomaly" : "330.3027265993828",
        "mean_motion" : ".6740951091618258",
        "equinox" : "J2000"
      }
    }, {
      "links" : {
        "self" : "https://api.nasa.gov/neo/rest/v1/neo/3662252?api_key=t0TVs3DtDT2H8Oy2Zy8m2eVrNsAVKAexjcZXUckd"
      },
      "neo_reference_id" : "3662252",
      "name" : "(2014 DH6)",
      "nasa_jpl_url" : "http://ssd.jpl.nasa.gov/sbdb.cgi?sstr=3662252",
      "absolute_magnitude_h" : 25.8,
      "estimated_diameter" : {
        "kilometers" : {
          "estimated_diameter_min" : 0.0183888672,
          "estimated_diameter_max" : 0.0411187571
        },
        "meters" : {
          "estimated_diameter_min" : 18.388867207,
          "estimated_diameter_max" : 41.1187571041
        },
        "miles" : {
          "estimated_diameter_min" : 0.0114263088,
          "estimated_diameter_max" : 0.0255500032
        },
        "feet" : {
          "estimated_diameter_min" : 60.3309310875,
          "estimated_diameter_max" : 134.9040630575
        }
      },
      "is_potentially_hazardous_asteroid" : false,
      "close_approach_data" : [ {
        "close_approach_date" : "1995-08-08",
        "epoch_date_close_approach" : 807865200000,
        "relative_velocity" : {
          "kilometers_per_second" : "19.5349282417",
          "kilometers_per_hour" : "70325.7416701877",
          "miles_per_hour" : "43697.6809839008"
        },
        "miss_distance" : {
          "astronomical" : "0.3657815359",
          "lunar" : "142.2890167236",
          "kilometers" : "54720140",
          "miles" : "34001520"
        },
        "orbiting_body" : "Earth"
      } ],
      "orbital_data" : {
        "orbit_id" : "4",
        "orbit_determination_date" : "2017-04-06 08:42:24",
        "orbit_uncertainty" : "6",
        "minimum_orbit_intersection" : ".0041285",
        "jupiter_tisserand_invariant" : "4.906",
        "epoch_osculation" : "2458000.5",
        "eccentricity" : ".3142290572731071",
        "semi_major_axis" : "1.27714625028094",
        "inclination" : "27.79521315206508",
        "ascending_node_longitude" : "334.3526039521191",
        "orbital_period" : "527.1805462948607",
        "perihelion_distance" : ".8758297880552768",
        "perihelion_argument" : "239.4568280891988",
        "aphelion_distance" : "1.678462712506604",
        "perihelion_time" : "2457812.927917964030",
        "mean_anomaly" : "128.0888492709682",
        "mean_motion" : ".6828780055147295",
        "equinox" : "J2000"
      }
    } ]
  }
}