{
  "links" : {
    "next" : "https://api.nasa.gov/neo/rest/v1/feed?start_date=2008-10-23&end_date=2008-10-23&detailed=true&api_key=t0TVs3DtDT2H8Oy2Zy8m2eVrNsAVKAexjcZXUckd",
    "prev" : "https://api.nasa.gov/neo/rest/v1/feed?start_date=2008-10-21&end_date=2008-10-21&detailed=true&api_key=t0TVs3DtDT2H8Oy2Zy8m2eVrNsAVKAexjcZXUckd",
    "self" : "https://api.nasa.gov/neo/rest/v1/feed?start_date=2008-10-22&end_date=2008-10-22&detailed=true&api_key=t0TVs3DtDT2H8Oy2Zy8m2eVrNsAVKAexjcZXUckd"
  },
  "element_count" : 7,
  "near_earth_objects" : {
    "2008-10-22" : [ {
      "links" : {
        "self" : "https://api.nasa.gov/neo/rest/v1/neo/3092375?api_key=t0TVs3DtDT2H8Oy2Zy8m2eVrNsAVKAexjcZXUckd"
      },
      "neo_reference_id" : "3092375",
      "name" : "(2001 TB2)",
      "nasa_jpl_url" : "http://ssd.jpl.nasa.gov/sbdb.cgi?sstr=3092375",
      "absolute_magnitude_h" : 21.5,
      "estimated_diameter" : {
        "kilometers" : {
          "estimated_diameter_min" : 0.1332155667,
          "estimated_diameter_max" : 0.2978790628
        },
        "meters" : {
          "estimated_diameter_min" : 133.2155666981,
          "estimated_diameter_max" : 297.8790627982
        },
        "miles" : {
          "estimated_diameter_min" : 0.0827762899,
          "estimated_diameter_max" : 0.1850934111
        },
        "feet" : {
          "estimated_diameter_min" : 437.0589598459,
          "estimated_diameter_max" : 977.2935443908
        }
      },
      "is_potentially_hazardous_asteroid" : false,
      "close_approach_data" : [ {
        "close_approach_date" : "2008-10-22",
        "epoch_date_close_approach" : 1224658800000,
        "relative_velocity" : {
          "kilometers_per_second" : "16.6213027924",
          "kilometers_per_hour" : "59836.6900526749",
          "miles_per_hour" : "37180.1922163413"
        },
        "miss_distance" : {
          "astronomical" : "0.3836840696",
          "lunar" : "149.2530975342",
          "kilometers" : "57398320",
          "miles" : "35665664"
        },
        "orbiting_body" : "Earth"
      } ],
      "orbital_data" : {
        "orbit_id" : "16",
        "orbit_determination_date" : "2017-04-06 09:16:01",
        "orbit_uncertainty" : "7",
        "minimum_orbit_intersection" : ".135999",
        "jupiter_tisserand_invariant" : "4.492",
        "epoch_osculation" : "2458000.5",
        "eccentricity" : ".2265620447854792",
        "semi_major_axis" : "1.46079669129511",
        "inclination" : "25.69987119167573",
        "ascending_node_longitude" : "26.6973977086395",
        "orbital_period" : "644.8862120664743",
        "perihelion_distance" : "1.129835605899427",
        "perihelion_argument" : "351.7997912919619",
        "aphelion_distance" : "1.791757776690792",
        "perihelion_time" : "2457996.091523600976",
        "mean_anomaly" : "2.460979121515196",
        "mean_motion" : ".5582380166671814",
        "equinox" : "J2000"
      }
    }, {
      "links" : {
        "self" : "https://api.nasa.gov/neo/rest/v1/neo/3432678?api_key=t0TVs3DtDT2H8Oy2Zy8m2eVrNsAVKAexjcZXUckd"
      },
      "neo_reference_id" : "3432678",
      "name" : "(2008 UM1)",
      "nasa_jpl_url" : "http://ssd.jpl.nasa.gov/sbdb.cgi?sstr=3432678",
      "absolute_magnitude_h" : 32.1,
      "estimated_diameter" : {
        "kilometers" : {
          "estimated_diameter_min" : 0.0010105434,
          "estimated_diameter_max" : 0.0022596438
        },
        "meters" : {
          "estimated_diameter_min" : 1.0105434154,
          "estimated_diameter_max" : 2.2596437711
        },
        "miles" : {
          "estimated_diameter_min" : 6.279224E-4,
          "estimated_diameter_max" : 0.0014040771
        },
        "feet" : {
          "estimated_diameter_min" : 3.315431259,
          "estimated_diameter_max" : 7.41352967
        }
      },
      "is_potentially_hazardous_asteroid" : false,
      "close_approach_data" : [ {
        "close_approach_date" : "2008-10-22",
        "epoch_date_close_approach" : 1224658800000,
        "relative_velocity" : {
          "kilometers_per_second" : "18.1358141206",
          "kilometers_per_hour" : "65288.930834326",
          "miles_per_hour" : "40568.0026064733"
        },
        "miss_distance" : {
          "astronomical" : "0.0005718008",
          "lunar" : "0.2224305123",
          "kilometers" : "85540.1796875",
          "miles" : "53152.20703125"
        },
        "orbiting_body" : "Earth"
      } ],
      "orbital_data" : {
        "orbit_id" : "12",
        "orbit_determination_date" : "2017-04-06 09:02:30",
        "orbit_uncertainty" : "9",
        "minimum_orbit_intersection" : "1.16032E-5",
        "jupiter_tisserand_invariant" : "3.203",
        "epoch_osculation" : "2454761.5",
        "eccentricity" : ".6823832883945092",
        "semi_major_axis" : "2.335502326933729",
        "inclination" : "5.283451804728175",
        "ascending_node_longitude" : "208.9416504765725",
        "orbital_period" : "1303.673637248525",
        "perihelion_distance" : ".7417945690276627",
        "perihelion_argument" : "111.8738326761374",
        "aphelion_distance" : "3.929210084839795",
        "perihelion_time" : "2454719.649045004418",
        "mean_anomaly" : "11.55683705486893",
        "mean_motion" : ".2761427321333272",
        "equinox" : "J2000"
      }
    }, {
      "links" : {
        "self" : "https://api.nasa.gov/neo/rest/v1/neo/3434370?api_key=t0TVs3DtDT2H8Oy2Zy8m2eVrNsAVKAexjcZXUckd"
      },
      "neo_reference_id" : "3434370",
      "name" : "(2008 UX91)",
      "nasa_jpl_url" : "http://ssd.jpl.nasa.gov/sbdb.cgi?sstr=3434370",
      "absolute_magnitude_h" : 24.0,
      "estimated_diameter" : {
        "kilometers" : {
          "estimated_diameter_min" : 0.0421264611,
          "estimated_diameter_max" : 0.0941976306
        },
        "meters" : {
          "estimated_diameter_min" : 42.1264610556,
          "estimated_diameter_max" : 94.1976305719
        },
        "miles" : {
          "estimated_diameter_min" : 0.0261761612,
          "estimated_diameter_max" : 0.0585316759
        },
        "feet" : {
          "estimated_diameter_min" : 138.2101784897,
          "estimated_diameter_max" : 309.0473542854
        }
      },
      "is_potentially_hazardous_asteroid" : false,
      "close_approach_data" : [ {
        "close_approach_date" : "2008-10-22",
        "epoch_date_close_approach" : 1224658800000,
        "relative_velocity" : {
          "kilometers_per_second" : "14.4700549057",
          "kilometers_per_hour" : "52092.197660615",
          "miles_per_hour" : "32368.0658186194"
        },
        "miss_distance" : {
          "astronomical" : "0.1653331205",
          "lunar" : "64.3145828247",
          "kilometers" : "24733484",
          "miles" : "15368674"
        },
        "orbiting_body" : "Earth"
      } ],
      "orbital_data" : {
        "orbit_id" : "6",
        "orbit_determination_date" : "2017-04-06 09:02:24",
        "orbit_uncertainty" : "9",
        "minimum_orbit_intersection" : ".165211",
        "jupiter_tisserand_invariant" : "4.513",
        "epoch_osculation" : "2454768.5",
        "eccentricity" : ".2157950418115533",
        "semi_major_axis" : "1.446552611020428",
        "inclination" : "27.24176296215559",
        "ascending_node_longitude" : "32.84933377859295",
        "orbital_period" : "635.4769129920275",
        "perihelion_distance" : "1.134393729842663",
        "perihelion_argument" : "329.0235581347567",
        "aphelion_distance" : "1.758711492198192",
        "perihelion_time" : "2454731.825242692230",
        "mean_anomaly" : "20.77638441439782",
        "mean_motion" : ".5665036646335514",
        "equinox" : "J2000"
      }
    }, {
      "links" : {
        "self" : "https://api.nasa.gov/neo/rest/v1/neo/3609842?api_key=t0TVs3DtDT2H8Oy2Zy8m2eVrNsAVKAexjcZXUckd"
      },
      "neo_reference_id" : "3609842",
      "name" : "(2012 TO20)",
      "nasa_jpl_url" : "http://ssd.jpl.nasa.gov/sbdb.cgi?sstr=3609842",
      "absolute_magnitude_h" : 22.5,
      "estimated_diameter" : {
        "kilometers" : {
          "estimated_diameter_min" : 0.0840533402,
          "estimated_diameter_max" : 0.1879489824
        },
        "meters" : {
          "estimated_diameter_min" : 84.0533402073,
          "estimated_diameter_max" : 187.9489824394
        },
        "miles" : {
          "estimated_diameter_min" : 0.0522283081,
          "estimated_diameter_max" : 0.1167860472
        },
        "feet" : {
          "estimated_diameter_min" : 275.7655606856,
          "estimated_diameter_max" : 616.6305395464
        }
      },
      "is_potentially_hazardous_asteroid" : false,
      "close_approach_data" : [ {
        "close_approach_date" : "2008-10-22",
        "epoch_date_close_approach" : 1224658800000,
        "relative_velocity" : {
          "kilometers_per_second" : "4.3895179957",
          "kilometers_per_hour" : "15802.2647843704",
          "miles_per_hour" : "9818.9128044884"
        },
        "miss_distance" : {
          "astronomical" : "0.3588155669",
          "lunar" : "139.5792541504",
          "kilometers" : "53678048",
          "miles" : "33353992"
        },
        "orbiting_body" : "Earth"
      } ],
      "orbital_data" : {
        "orbit_id" : "11",
        "orbit_determination_date" : "2017-04-06 08:48:46",
        "orbit_uncertainty" : "6",
        "minimum_orbit_intersection" : ".239511",
        "jupiter_tisserand_invariant" : "3.248",
        "epoch_osculation" : "2458000.5",
        "eccentricity" : ".5136519257653368",
        "semi_major_axis" : "2.534058874652402",
        "inclination" : "3.74890458200904",
        "ascending_node_longitude" : "168.3689933251595",
        "orbital_period" : "1473.409541851463",
        "perihelion_distance" : "1.232434653684453",
        "perihelion_argument" : "216.5421019466603",
        "aphelion_distance" : "3.835683095620349",
        "perihelion_time" : "2457689.432654000668",
        "mean_anomaly" : "76.00347451194187",
        "mean_motion" : ".2443312533103524",
        "equinox" : "J2000"
      }
    }, {
      "links" : {
        "self" : "https://api.nasa.gov/neo/rest/v1/neo/2190491?api_key=t0TVs3DtDT2H8Oy2Zy8m2eVrNsAVKAexjcZXUckd"
      },
      "neo_reference_id" : "2190491",
      "name" : "190491 (2000 FJ10)",
      "nasa_jpl_url" : "http://ssd.jpl.nasa.gov/sbdb.cgi?sstr=2190491",
      "absolute_magnitude_h" : 20.9,
      "estimated_diameter" : {
        "kilometers" : {
          "estimated_diameter_min" : 0.1756123185,
          "estimated_diameter_max" : 0.3926810818
        },
        "meters" : {
          "estimated_diameter_min" : 175.6123184804,
          "estimated_diameter_max" : 392.6810818086
        },
        "miles" : {
          "estimated_diameter_min" : 0.1091204019,
          "estimated_diameter_max" : 0.2440006365
        },
        "feet" : {
          "estimated_diameter_min" : 576.1559189633,
          "estimated_diameter_max" : 1288.3238004408
        }
      },
      "is_potentially_hazardous_asteroid" : false,
      "close_approach_data" : [ {
        "close_approach_date" : "2008-10-22",
        "epoch_date_close_approach" : 1224658800000,
        "relative_velocity" : {
          "kilometers_per_second" : "5.0353066753",
          "kilometers_per_hour" : "18127.1040309004",
          "miles_per_hour" : "11263.4775018669"
        },
        "miss_distance" : {
          "astronomical" : "0.0633918195",
          "lunar" : "24.6594181061",
          "kilometers" : "9483281",
          "miles" : "5892638"
        },
        "orbiting_body" : "Earth"
      } ],
      "orbital_data" : {
        "orbit_id" : "69",
        "orbit_determination_date" : "2017-07-16 06:22:49",
        "orbit_uncertainty" : "0",
        "minimum_orbit_intersection" : ".0548807",
        "jupiter_tisserand_invariant" : "4.920",
        "epoch_osculation" : "2458000.5",
        "eccentricity" : ".2346123272675713",
        "semi_major_axis" : "1.31903536422791",
        "inclination" : "5.282346532525679",
        "ascending_node_longitude" : "189.7861528376664",
        "orbital_period" : "553.3285589238509",
        "perihelion_distance" : "1.009573407678171",
        "perihelion_argument" : "232.298651001016",
        "aphelion_distance" : "1.628497320777648",
        "perihelion_time" : "2458108.522315135335",
        "mean_anomaly" : "289.719815069093",
        "mean_motion" : ".6506080233779208",
        "equinox" : "J2000"
      }
    }, {
      "links" : {
        "self" : "https://api.nasa.gov/neo/rest/v1/neo/3614398?api_key=t0TVs3DtDT2H8Oy2Zy8m2eVrNsAVKAexjcZXUckd"
      },
      "neo_reference_id" : "3614398",
      "name" : "(2012 UV136)",
      "nasa_jpl_url" : "http://ssd.jpl.nasa.gov/sbdb.cgi?sstr=3614398",
      "absolute_magnitude_h" : 25.5,
      "estimated_diameter" : {
        "kilometers" : {
          "estimated_diameter_min" : 0.0211132445,
          "estimated_diameter_max" : 0.0472106499
        },
        "meters" : {
          "estimated_diameter_min" : 21.113244479,
          "estimated_diameter_max" : 47.2106498806
        },
        "miles" : {
          "estimated_diameter_min" : 0.0131191578,
          "estimated_diameter_max" : 0.0293353287
        },
        "feet" : {
          "estimated_diameter_min" : 69.2691770164,
          "estimated_diameter_max" : 154.8905885541
        }
      },
      "is_potentially_hazardous_asteroid" : false,
      "close_approach_data" : [ {
        "close_approach_date" : "2008-10-22",
        "epoch_date_close_approach" : 1224658800000,
        "relative_velocity" : {
          "kilometers_per_second" : "16.8045395273",
          "kilometers_per_hour" : "60496.342298266",
          "miles_per_hour" : "37590.0744686086"
        },
        "miss_distance" : {
          "astronomical" : "0.43253385",
          "lunar" : "168.2556762695",
          "kilometers" : "64706144",
          "miles" : "40206536"
        },
        "orbiting_body" : "Earth"
      } ],
      "orbital_data" : {
        "orbit_id" : "32",
        "orbit_determination_date" : "2016-09-21 06:15:38",
        "orbit_uncertainty" : "1",
        "minimum_orbit_intersection" : ".0112491",
        "jupiter_tisserand_invariant" : "6.035",
        "epoch_osculation" : "2457600.5",
        "eccentricity" : ".1389831759226841",
        "semi_major_axis" : "1.007537513558983",
        "inclination" : "2.20942137200629",
        "ascending_node_longitude" : "210.2723173691483",
        "orbital_period" : "369.3943637179813",
        "perihelion_distance" : ".8675067500633116",
        "perihelion_argument" : "289.199971990249",
        "aphelion_distance" : "1.147568277054655",
        "perihelion_time" : "2457425.760235474395",
        "mean_anomaly" : "170.2958177164943",
        "mean_motion" : ".9745681996243084",
        "equinox" : "J2000"
      }
    }, {
      "links" : {
        "self" : "https://api.nasa.gov/neo/rest/v1/neo/2478784?api_key=t0TVs3DtDT2H8Oy2Zy8m2eVrNsAVKAexjcZXUckd"
      },
      "neo_reference_id" : "2478784",
      "name" : "478784 (2012 UV136)",
      "nasa_jpl_url" : "http://ssd.jpl.nasa.gov/sbdb.cgi?sstr=2478784",
      "absolute_magnitude_h" : 25.5,
      "estimated_diameter" : {
        "kilometers" : {
          "estimated_diameter_min" : 0.0211132445,
          "estimated_diameter_max" : 0.0472106499
        },
        "meters" : {
          "estimated_diameter_min" : 21.113244479,
          "estimated_diameter_max" : 47.2106498806
        },
        "miles" : {
          "estimated_diameter_min" : 0.0131191578,
          "estimated_diameter_max" : 0.0293353287
        },
        "feet" : {
          "estimated_diameter_min" : 69.2691770164,
          "estimated_diameter_max" : 154.8905885541
        }
      },
      "is_potentially_hazardous_asteroid" : false,
      "close_approach_data" : [ {
        "close_approach_date" : "2008-10-22",
        "epoch_date_close_approach" : 1224658800000,
        "relative_velocity" : {
          "kilometers_per_second" : "16.8045280418",
          "kilometers_per_hour" : "60496.3009505023",
          "miles_per_hour" : "37590.0487767163"
        },
        "miss_distance" : {
          "astronomical" : "0.4325336361",
          "lunar" : "168.2555847168",
          "kilometers" : "64706108",
          "miles" : "40206512"
        },
        "orbiting_body" : "Earth"
      } ],
      "orbital_data" : {
        "orbit_id" : "35",
        "orbit_determination_date" : "2017-07-19 06:20:44",
        "orbit_uncertainty" : "1",
        "minimum_orbit_intersection" : ".0115803",
        "jupiter_tisserand_invariant" : "6.036",
        "epoch_osculation" : "2458000.5",
        "eccentricity" : ".1389438264599787",
        "semi_major_axis" : "1.007463701210886",
        "inclination" : "2.211585834804122",
        "ascending_node_longitude" : "210.0934518868971",
        "orbital_period" : "369.3537716324088",
        "perihelion_distance" : ".8674828395451126",
        "perihelion_argument" : "288.9949621880157",
        "aphelion_distance" : "1.147444562876659",
        "perihelion_time" : "2458164.170427367310",
        "mean_anomaly" : "200.4744762945812",
        "mean_motion" : ".9746753049493212",
        "equinox" : "J2000"
      }
    } ]
  }
}