{
  "links" : {
    "next" : "https://api.nasa.gov/neo/rest/v1/feed?start_date=2008-09-16&end_date=2008-09-16&detailed=true&api_key=t0TVs3DtDT2H8Oy2Zy8m2eVrNsAVKAexjcZXUckd",
    "prev" : "https://api.nasa.gov/neo/rest/v1/feed?start_date=2008-09-14&end_date=2008-09-14&detailed=true&api_key=t0TVs3DtDT2H8Oy2Zy8m2eVrNsAVKAexjcZXUckd",
    "self" : "https://api.nasa.gov/neo/rest/v1/feed?start_date=2008-09-15&end_date=2008-09-15&detailed=true&api_key=t0TVs3DtDT2H8Oy2Zy8m2eVrNsAVKAexjcZXUckd"
  },
  "element_count" : 8,
  "near_earth_objects" : {
    "2008-09-15" : [ {
      "links" : {
        "self" : "https://api.nasa.gov/neo/rest/v1/neo/3430405?api_key=t0TVs3DtDT2H8Oy2Zy8m2eVrNsAVKAexjcZXUckd"
      },
      "neo_reference_id" : "3430405",
      "name" : "(2008 TQ10)",
      "nasa_jpl_url" : "http://ssd.jpl.nasa.gov/sbdb.cgi?sstr=3430405",
      "absolute_magnitude_h" : 20.5,
      "estimated_diameter" : {
        "kilometers" : {
          "estimated_diameter_min" : 0.2111324448,
          "estimated_diameter_max" : 0.4721064988
        },
        "meters" : {
          "estimated_diameter_min" : 211.1324447897,
          "estimated_diameter_max" : 472.1064988055
        },
        "miles" : {
          "estimated_diameter_min" : 0.1311915784,
          "estimated_diameter_max" : 0.2933532873
        },
        "feet" : {
          "estimated_diameter_min" : 692.6917701639,
          "estimated_diameter_max" : 1548.9058855411
        }
      },
      "is_potentially_hazardous_asteroid" : false,
      "close_approach_data" : [ {
        "close_approach_date" : "2008-09-15",
        "epoch_date_close_approach" : 1221462000000,
        "relative_velocity" : {
          "kilometers_per_second" : "12.2863790135",
          "kilometers_per_hour" : "44230.9644487048",
          "miles_per_hour" : "27483.4012153632"
        },
        "miss_distance" : {
          "astronomical" : "0.4939202599",
          "lunar" : "192.134979248",
          "kilometers" : "73889424",
          "miles" : "45912756"
        },
        "orbiting_body" : "Earth"
      } ],
      "orbital_data" : {
        "orbit_id" : "10",
        "orbit_determination_date" : "2017-04-06 09:02:37",
        "orbit_uncertainty" : "7",
        "minimum_orbit_intersection" : ".340542",
        "jupiter_tisserand_invariant" : "3.394",
        "epoch_osculation" : "2458000.5",
        "eccentricity" : ".4623340086611383",
        "semi_major_axis" : "2.22286174882967",
        "inclination" : "24.71163955095521",
        "ascending_node_longitude" : "10.00141140027769",
        "orbital_period" : "1210.506443926403",
        "perihelion_distance" : "1.19515716579374",
        "perihelion_argument" : "296.8448795186803",
        "aphelion_distance" : "3.2505663318656",
        "perihelion_time" : "2458283.684413677142",
        "mean_anomaly" : "275.7820353329988",
        "mean_motion" : ".2973961863699814",
        "equinox" : "J2000"
      }
    }, {
      "links" : {
        "self" : "https://api.nasa.gov/neo/rest/v1/neo/2066063?api_key=t0TVs3DtDT2H8Oy2Zy8m2eVrNsAVKAexjcZXUckd"
      },
      "neo_reference_id" : "2066063",
      "name" : "66063 (1998 RO1)",
      "nasa_jpl_url" : "http://ssd.jpl.nasa.gov/sbdb.cgi?sstr=2066063",
      "absolute_magnitude_h" : 18.1,
      "estimated_diameter" : {
        "kilometers" : {
          "estimated_diameter_min" : 0.6376097899,
          "estimated_diameter_max" : 1.4257388333
        },
        "meters" : {
          "estimated_diameter_min" : 637.6097898754,
          "estimated_diameter_max" : 1425.7388332807
        },
        "miles" : {
          "estimated_diameter_min" : 0.3961922327,
          "estimated_diameter_max" : 0.8859127646
        },
        "feet" : {
          "estimated_diameter_min" : 2091.8957030147,
          "estimated_diameter_max" : 4677.6209937807
        }
      },
      "is_potentially_hazardous_asteroid" : false,
      "close_approach_data" : [ {
        "close_approach_date" : "2008-09-15",
        "epoch_date_close_approach" : 1221462000000,
        "relative_velocity" : {
          "kilometers_per_second" : "33.0308864444",
          "kilometers_per_hour" : "118911.1911999235",
          "miles_per_hour" : "73886.7898875303"
        },
        "miss_distance" : {
          "astronomical" : "0.3063942434",
          "lunar" : "119.1873626709",
          "kilometers" : "45835928",
          "miles" : "28481126"
        },
        "orbiting_body" : "Earth"
      } ],
      "orbital_data" : {
        "orbit_id" : "120",
        "orbit_determination_date" : "2017-04-06 09:28:54",
        "orbit_uncertainty" : "0",
        "minimum_orbit_intersection" : ".0920815",
        "jupiter_tisserand_invariant" : "5.810",
        "epoch_osculation" : "2458000.5",
        "eccentricity" : ".7200434971207683",
        "semi_major_axis" : ".9909675638965778",
        "inclination" : "22.67803717390146",
        "ascending_node_longitude" : "351.8751141992348",
        "orbital_period" : "360.3193506060588",
        "perihelion_distance" : ".2774278136552375",
        "perihelion_argument" : "151.1313673774323",
        "aphelion_distance" : "1.704507314137918",
        "perihelion_time" : "2458011.535810189743",
        "mean_anomaly" : "348.9739708355243",
        "mean_motion" : ".9991137012055511",
        "equinox" : "J2000"
      }
    }, {
      "links" : {
        "self" : "https://api.nasa.gov/neo/rest/v1/neo/2420738?api_key=t0TVs3DtDT2H8Oy2Zy8m2eVrNsAVKAexjcZXUckd"
      },
      "neo_reference_id" : "2420738",
      "name" : "420738 (2012 TS)",
      "nasa_jpl_url" : "http://ssd.jpl.nasa.gov/sbdb.cgi?sstr=2420738",
      "absolute_magnitude_h" : 20.8,
      "estimated_diameter" : {
        "kilometers" : {
          "estimated_diameter_min" : 0.1838886721,
          "estimated_diameter_max" : 0.411187571
        },
        "meters" : {
          "estimated_diameter_min" : 183.8886720703,
          "estimated_diameter_max" : 411.1875710413
        },
        "miles" : {
          "estimated_diameter_min" : 0.1142630881,
          "estimated_diameter_max" : 0.2555000322
        },
        "feet" : {
          "estimated_diameter_min" : 603.309310875,
          "estimated_diameter_max" : 1349.040630575
        }
      },
      "is_potentially_hazardous_asteroid" : false,
      "close_approach_data" : [ {
        "close_approach_date" : "2008-09-15",
        "epoch_date_close_approach" : 1221462000000,
        "relative_velocity" : {
          "kilometers_per_second" : "16.4687142653",
          "kilometers_per_hour" : "59287.371354995",
          "miles_per_hour" : "36838.8669399968"
        },
        "miss_distance" : {
          "astronomical" : "0.4258882473",
          "lunar" : "165.6705322266",
          "kilometers" : "63711976",
          "miles" : "39588784"
        },
        "orbiting_body" : "Earth"
      } ],
      "orbital_data" : {
        "orbit_id" : "103",
        "orbit_determination_date" : "2017-04-06 09:21:07",
        "orbit_uncertainty" : "0",
        "minimum_orbit_intersection" : ".0913441",
        "jupiter_tisserand_invariant" : "6.085",
        "epoch_osculation" : "2458000.5",
        "eccentricity" : ".1133894991092726",
        "semi_major_axis" : ".9905192581079844",
        "inclination" : "16.45690372081749",
        "ascending_node_longitude" : "190.8281374089673",
        "orbital_period" : "360.0748698792846",
        "perihelion_distance" : ".8782047755730317",
        "perihelion_argument" : "20.50418115872342",
        "aphelion_distance" : "1.102833740642937",
        "perihelion_time" : "2457857.960262376763",
        "mean_anomaly" : "142.5100995289355",
        "mean_motion" : ".9997920713564108",
        "equinox" : "J2000"
      }
    }, {
      "links" : {
        "self" : "https://api.nasa.gov/neo/rest/v1/neo/2424392?api_key=t0TVs3DtDT2H8Oy2Zy8m2eVrNsAVKAexjcZXUckd"
      },
      "neo_reference_id" : "2424392",
      "name" : "424392 (2007 YJ)",
      "nasa_jpl_url" : "http://ssd.jpl.nasa.gov/sbdb.cgi?sstr=2424392",
      "absolute_magnitude_h" : 21.9,
      "estimated_diameter" : {
        "kilometers" : {
          "estimated_diameter_min" : 0.1108038821,
          "estimated_diameter_max" : 0.2477650126
        },
        "meters" : {
          "estimated_diameter_min" : 110.8038821264,
          "estimated_diameter_max" : 247.7650126055
        },
        "miles" : {
          "estimated_diameter_min" : 0.068850319,
          "estimated_diameter_max" : 0.1539539936
        },
        "feet" : {
          "estimated_diameter_min" : 363.5298086356,
          "estimated_diameter_max" : 812.8773639568
        }
      },
      "is_potentially_hazardous_asteroid" : false,
      "close_approach_data" : [ {
        "close_approach_date" : "2008-09-15",
        "epoch_date_close_approach" : 1221462000000,
        "relative_velocity" : {
          "kilometers_per_second" : "6.2719709373",
          "kilometers_per_hour" : "22579.0953742977",
          "miles_per_hour" : "14029.7717896574"
        },
        "miss_distance" : {
          "astronomical" : "0.2866494037",
          "lunar" : "111.5066223145",
          "kilometers" : "42882140",
          "miles" : "26645728"
        },
        "orbiting_body" : "Earth"
      } ],
      "orbital_data" : {
        "orbit_id" : "28",
        "orbit_determination_date" : "2017-04-06 09:21:03",
        "orbit_uncertainty" : "0",
        "minimum_orbit_intersection" : ".0509947",
        "jupiter_tisserand_invariant" : "5.597",
        "epoch_osculation" : "2458000.5",
        "eccentricity" : ".2800234762387954",
        "semi_major_axis" : "1.103868110287068",
        "inclination" : "3.305783412411644",
        "ascending_node_longitude" : "29.13247159447186",
        "orbital_period" : "423.6178069981287",
        "perihelion_distance" : ".7947591247353334",
        "perihelion_argument" : "198.9835159477174",
        "aphelion_distance" : "1.412977095838803",
        "perihelion_time" : "2457989.666407130059",
        "mean_anomaly" : "9.206632414288329",
        "mean_motion" : ".8498226326958682",
        "equinox" : "J2000"
      }
    }, {
      "links" : {
        "self" : "https://api.nasa.gov/neo/rest/v1/neo/2446924?api_key=t0TVs3DtDT2H8Oy2Zy8m2eVrNsAVKAexjcZXUckd"
      },
      "neo_reference_id" : "2446924",
      "name" : "446924 (2002 VV17)",
      "nasa_jpl_url" : "http://ssd.jpl.nasa.gov/sbdb.cgi?sstr=2446924",
      "absolute_magnitude_h" : 20.2,
      "estimated_diameter" : {
        "kilometers" : {
          "estimated_diameter_min" : 0.2424124811,
          "estimated_diameter_max" : 0.5420507863
        },
        "meters" : {
          "estimated_diameter_min" : 242.4124811008,
          "estimated_diameter_max" : 542.0507863358
        },
        "miles" : {
          "estimated_diameter_min" : 0.1506280858,
          "estimated_diameter_max" : 0.3368146392
        },
        "feet" : {
          "estimated_diameter_min" : 795.3165644948,
          "estimated_diameter_max" : 1778.3819018419
        }
      },
      "is_potentially_hazardous_asteroid" : false,
      "close_approach_data" : [ {
        "close_approach_date" : "2008-09-15",
        "epoch_date_close_approach" : 1221462000000,
        "relative_velocity" : {
          "kilometers_per_second" : "12.3835528163",
          "kilometers_per_hour" : "44580.7901388046",
          "miles_per_hour" : "27700.7692948589"
        },
        "miss_distance" : {
          "astronomical" : "0.1334909858",
          "lunar" : "51.9279899597",
          "kilometers" : "19969966",
          "miles" : "12408762"
        },
        "orbiting_body" : "Earth"
      } ],
      "orbital_data" : {
        "orbit_id" : "73",
        "orbit_determination_date" : "2017-04-06 09:20:19",
        "orbit_uncertainty" : "0",
        "minimum_orbit_intersection" : ".0876138",
        "jupiter_tisserand_invariant" : "6.925",
        "epoch_osculation" : "2458000.5",
        "eccentricity" : ".4366237531876257",
        "semi_major_axis" : ".8375016765854949",
        "inclination" : "9.697797082304884",
        "ascending_node_longitude" : "222.2447650070843",
        "orbital_period" : "279.9477327383738",
        "perihelion_distance" : ".4718285512538071",
        "perihelion_argument" : "348.7952707343919",
        "aphelion_distance" : "1.203174801917183",
        "perihelion_time" : "2458006.542667542818",
        "mean_anomaly" : "352.2294054888897",
        "mean_motion" : "1.285954333255627",
        "equinox" : "J2000"
      }
    }, {
      "links" : {
        "self" : "https://api.nasa.gov/neo/rest/v1/neo/3407946?api_key=t0TVs3DtDT2H8Oy2Zy8m2eVrNsAVKAexjcZXUckd"
      },
      "neo_reference_id" : "3407946",
      "name" : "(2008 GF)",
      "nasa_jpl_url" : "http://ssd.jpl.nasa.gov/sbdb.cgi?sstr=3407946",
      "absolute_magnitude_h" : 20.8,
      "estimated_diameter" : {
        "kilometers" : {
          "estimated_diameter_min" : 0.1838886721,
          "estimated_diameter_max" : 0.411187571
        },
        "meters" : {
          "estimated_diameter_min" : 183.8886720703,
          "estimated_diameter_max" : 411.1875710413
        },
        "miles" : {
          "estimated_diameter_min" : 0.1142630881,
          "estimated_diameter_max" : 0.2555000322
        },
        "feet" : {
          "estimated_diameter_min" : 603.309310875,
          "estimated_diameter_max" : 1349.040630575
        }
      },
      "is_potentially_hazardous_asteroid" : false,
      "close_approach_data" : [ {
        "close_approach_date" : "2008-09-15",
        "epoch_date_close_approach" : 1221462000000,
        "relative_velocity" : {
          "kilometers_per_second" : "17.0807392049",
          "kilometers_per_hour" : "61490.661137536",
          "miles_per_hour" : "38207.9055273762"
        },
        "miss_distance" : {
          "astronomical" : "0.266690079",
          "lunar" : "103.74243927",
          "kilometers" : "39896268",
          "miles" : "24790392"
        },
        "orbiting_body" : "Earth"
      } ],
      "orbital_data" : {
        "orbit_id" : "25",
        "orbit_determination_date" : "2017-04-06 09:03:51",
        "orbit_uncertainty" : "1",
        "minimum_orbit_intersection" : ".200319",
        "jupiter_tisserand_invariant" : "4.399",
        "epoch_osculation" : "2458000.5",
        "eccentricity" : ".3374958464122461",
        "semi_major_axis" : "1.50037991719483",
        "inclination" : "22.97521532237606",
        "ascending_node_longitude" : "187.017893757424",
        "orbital_period" : "671.2747175383291",
        "perihelion_distance" : ".9940079271012251",
        "perihelion_argument" : "97.99237475440167",
        "aphelion_distance" : "2.006751907288435",
        "perihelion_time" : "2458027.180594387648",
        "mean_anomaly" : "345.6913812950137",
        "mean_motion" : ".5362931011615887",
        "equinox" : "J2000"
      }
    }, {
      "links" : {
        "self" : "https://api.nasa.gov/neo/rest/v1/neo/3467147?api_key=t0TVs3DtDT2H8Oy2Zy8m2eVrNsAVKAexjcZXUckd"
      },
      "neo_reference_id" : "3467147",
      "name" : "(2009 RY3)",
      "nasa_jpl_url" : "http://ssd.jpl.nasa.gov/sbdb.cgi?sstr=3467147",
      "absolute_magnitude_h" : 24.6,
      "estimated_diameter" : {
        "kilometers" : {
          "estimated_diameter_min" : 0.0319561887,
          "estimated_diameter_max" : 0.0714562102
        },
        "meters" : {
          "estimated_diameter_min" : 31.9561886721,
          "estimated_diameter_max" : 71.4562101727
        },
        "miles" : {
          "estimated_diameter_min" : 0.0198566489,
          "estimated_diameter_max" : 0.0444008168
        },
        "feet" : {
          "estimated_diameter_min" : 104.8431420431,
          "estimated_diameter_max" : 234.436392583
        }
      },
      "is_potentially_hazardous_asteroid" : false,
      "close_approach_data" : [ {
        "close_approach_date" : "2008-09-15",
        "epoch_date_close_approach" : 1221462000000,
        "relative_velocity" : {
          "kilometers_per_second" : "14.4292622608",
          "kilometers_per_hour" : "51945.3441388141",
          "miles_per_hour" : "32276.8167511426"
        },
        "miss_distance" : {
          "astronomical" : "0.4665636986",
          "lunar" : "181.4932861328",
          "kilometers" : "69796936",
          "miles" : "43369804"
        },
        "orbiting_body" : "Earth"
      } ],
      "orbital_data" : {
        "orbit_id" : "8",
        "orbit_determination_date" : "2017-04-06 09:00:05",
        "orbit_uncertainty" : "8",
        "minimum_orbit_intersection" : ".00496676",
        "jupiter_tisserand_invariant" : "5.635",
        "epoch_osculation" : "2455090.5",
        "eccentricity" : ".4733588730688497",
        "semi_major_axis" : "1.054598138841228",
        "inclination" : "27.90397996825067",
        "ascending_node_longitude" : "169.2987282813409",
        "orbital_period" : "395.5750828348411",
        "perihelion_distance" : ".5553947522988381",
        "perihelion_argument" : "65.92257626456099",
        "aphelion_distance" : "1.553801525383618",
        "perihelion_time" : "2455022.609693005219",
        "mean_anomaly" : "61.78475737898149",
        "mean_motion" : ".910067432508902",
        "equinox" : "J2000"
      }
    }, {
      "links" : {
        "self" : "https://api.nasa.gov/neo/rest/v1/neo/3555015?api_key=t0TVs3DtDT2H8Oy2Zy8m2eVrNsAVKAexjcZXUckd"
      },
      "neo_reference_id" : "3555015",
      "name" : "(2011 AB3)",
      "nasa_jpl_url" : "http://ssd.jpl.nasa.gov/sbdb.cgi?sstr=3555015",
      "absolute_magnitude_h" : 23.5,
      "estimated_diameter" : {
        "kilometers" : {
          "estimated_diameter_min" : 0.0530340723,
          "estimated_diameter_max" : 0.1185877909
        },
        "meters" : {
          "estimated_diameter_min" : 53.0340723319,
          "estimated_diameter_max" : 118.5877908577
        },
        "miles" : {
          "estimated_diameter_min" : 0.0329538346,
          "estimated_diameter_max" : 0.0736870142
        },
        "feet" : {
          "estimated_diameter_min" : 173.9963058693,
          "estimated_diameter_max" : 389.0675677576
        }
      },
      "is_potentially_hazardous_asteroid" : false,
      "close_approach_data" : [ {
        "close_approach_date" : "2008-09-15",
        "epoch_date_close_approach" : 1221462000000,
        "relative_velocity" : {
          "kilometers_per_second" : "8.8352492809",
          "kilometers_per_hour" : "31806.8974113357",
          "miles_per_hour" : "19763.5691165047"
        },
        "miss_distance" : {
          "astronomical" : "0.1479419273",
          "lunar" : "57.5494117737",
          "kilometers" : "22131798",
          "miles" : "13752062"
        },
        "orbiting_body" : "Earth"
      } ],
      "orbital_data" : {
        "orbit_id" : "10",
        "orbit_determination_date" : "2017-04-06 08:55:05",
        "orbit_uncertainty" : "5",
        "minimum_orbit_intersection" : ".0582266",
        "jupiter_tisserand_invariant" : "6.221",
        "epoch_osculation" : "2458000.5",
        "eccentricity" : ".182467294511756",
        "semi_major_axis" : ".9672502266590602",
        "inclination" : "7.263595201185941",
        "ascending_node_longitude" : "105.6637770683443",
        "orbital_period" : "347.4614975463704",
        "perihelion_distance" : ".7907586946846987",
        "perihelion_argument" : "138.3584358488413",
        "aphelion_distance" : "1.143741758633422",
        "perihelion_time" : "2458119.879540752205",
        "mean_anomaly" : "236.3125267856239",
        "mean_motion" : "1.036086019723542",
        "equinox" : "J2000"
      }
    } ]
  }
}