{
  "links" : {
    "next" : "https://api.nasa.gov/neo/rest/v1/feed?start_date=1999-03-09&end_date=1999-03-09&detailed=true&api_key=t0TVs3DtDT2H8Oy2Zy8m2eVrNsAVKAexjcZXUckd",
    "prev" : "https://api.nasa.gov/neo/rest/v1/feed?start_date=1999-03-07&end_date=1999-03-07&detailed=true&api_key=t0TVs3DtDT2H8Oy2Zy8m2eVrNsAVKAexjcZXUckd",
    "self" : "https://api.nasa.gov/neo/rest/v1/feed?start_date=1999-03-08&end_date=1999-03-08&detailed=true&api_key=t0TVs3DtDT2H8Oy2Zy8m2eVrNsAVKAexjcZXUckd"
  },
  "element_count" : 7,
  "near_earth_objects" : {
    "1999-03-08" : [ {
      "links" : {
        "self" : "https://api.nasa.gov/neo/rest/v1/neo/3117424?api_key=t0TVs3DtDT2H8Oy2Zy8m2eVrNsAVKAexjcZXUckd"
      },
      "neo_reference_id" : "3117424",
      "name" : "(2002 EC3)",
      "nasa_jpl_url" : "http://ssd.jpl.nasa.gov/sbdb.cgi?sstr=3117424",
      "absolute_magnitude_h" : 21.2,
      "estimated_diameter" : {
        "kilometers" : {
          "estimated_diameter_min" : 0.1529519353,
          "estimated_diameter_max" : 0.3420109247
        },
        "meters" : {
          "estimated_diameter_min" : 152.9519353442,
          "estimated_diameter_max" : 342.0109247198
        },
        "miles" : {
          "estimated_diameter_min" : 0.095039897,
          "estimated_diameter_max" : 0.2125156703
        },
        "feet" : {
          "estimated_diameter_min" : 501.8108275547,
          "estimated_diameter_max" : 1122.0831222578
        }
      },
      "is_potentially_hazardous_asteroid" : false,
      "close_approach_data" : [ {
        "close_approach_date" : "1999-03-08",
        "epoch_date_close_approach" : 920880000000,
        "relative_velocity" : {
          "kilometers_per_second" : "8.0396864034",
          "kilometers_per_hour" : "28942.8710523689",
          "miles_per_hour" : "17983.9745158455"
        },
        "miss_distance" : {
          "astronomical" : "0.4119398526",
          "lunar" : "160.2445983887",
          "kilometers" : "61625328",
          "miles" : "38292204"
        },
        "orbiting_body" : "Earth"
      } ],
      "orbital_data" : {
        "orbit_id" : "15",
        "orbit_determination_date" : "2017-04-06 09:15:22",
        "orbit_uncertainty" : "0",
        "minimum_orbit_intersection" : ".0576213",
        "jupiter_tisserand_invariant" : "4.946",
        "epoch_osculation" : "2458000.5",
        "eccentricity" : ".3462423392730136",
        "semi_major_axis" : "1.287998887854965",
        "inclination" : "13.90378681369291",
        "ascending_node_longitude" : "355.3304460169617",
        "orbital_period" : "533.9144303679727",
        "perihelion_distance" : ".8420391399430218",
        "perihelion_argument" : "264.1872950886959",
        "aphelion_distance" : "1.733958635766908",
        "perihelion_time" : "2457751.430318542400",
        "mean_anomaly" : "167.9390558201227",
        "mean_motion" : ".6742653495090754",
        "equinox" : "J2000"
      }
    }, {
      "links" : {
        "self" : "https://api.nasa.gov/neo/rest/v1/neo/3117446?api_key=t0TVs3DtDT2H8Oy2Zy8m2eVrNsAVKAexjcZXUckd"
      },
      "neo_reference_id" : "3117446",
      "name" : "(2002 FW1)",
      "nasa_jpl_url" : "http://ssd.jpl.nasa.gov/sbdb.cgi?sstr=3117446",
      "absolute_magnitude_h" : 24.0,
      "estimated_diameter" : {
        "kilometers" : {
          "estimated_diameter_min" : 0.0421264611,
          "estimated_diameter_max" : 0.0941976306
        },
        "meters" : {
          "estimated_diameter_min" : 42.1264610556,
          "estimated_diameter_max" : 94.1976305719
        },
        "miles" : {
          "estimated_diameter_min" : 0.0261761612,
          "estimated_diameter_max" : 0.0585316759
        },
        "feet" : {
          "estimated_diameter_min" : 138.2101784897,
          "estimated_diameter_max" : 309.0473542854
        }
      },
      "is_potentially_hazardous_asteroid" : false,
      "close_approach_data" : [ {
        "close_approach_date" : "1999-03-08",
        "epoch_date_close_approach" : 920880000000,
        "relative_velocity" : {
          "kilometers_per_second" : "11.9859172034",
          "kilometers_per_hour" : "43149.3019322738",
          "miles_per_hour" : "26811.2981923065"
        },
        "miss_distance" : {
          "astronomical" : "0.1032723707",
          "lunar" : "40.1729507446",
          "kilometers" : "15449327",
          "miles" : "9599767"
        },
        "orbiting_body" : "Earth"
      } ],
      "orbital_data" : {
        "orbit_id" : "8",
        "orbit_determination_date" : "2017-04-06 09:15:19",
        "orbit_uncertainty" : "8",
        "minimum_orbit_intersection" : ".00849026",
        "jupiter_tisserand_invariant" : "7.057",
        "epoch_osculation" : "2452358.5",
        "eccentricity" : ".3420395941822435",
        "semi_major_axis" : ".8240252786422374",
        "inclination" : "6.628118117921677",
        "ascending_node_longitude" : "164.2963041743963",
        "orbital_period" : "273.2179503692442",
        "perihelion_distance" : ".5421760067395364",
        "perihelion_argument" : "223.2220307604914",
        "aphelion_distance" : "1.105874550544939",
        "perihelion_time" : "2452259.501451589731",
        "mean_anomaly" : "130.4433964881567",
        "mean_motion" : "1.317629385307492",
        "equinox" : "J2000"
      }
    }, {
      "links" : {
        "self" : "https://api.nasa.gov/neo/rest/v1/neo/3485631?api_key=t0TVs3DtDT2H8Oy2Zy8m2eVrNsAVKAexjcZXUckd"
      },
      "neo_reference_id" : "3485631",
      "name" : "(2010 AF40)",
      "nasa_jpl_url" : "http://ssd.jpl.nasa.gov/sbdb.cgi?sstr=3485631",
      "absolute_magnitude_h" : 25.0,
      "estimated_diameter" : {
        "kilometers" : {
          "estimated_diameter_min" : 0.02658,
          "estimated_diameter_max" : 0.0594346868
        },
        "meters" : {
          "estimated_diameter_min" : 26.58,
          "estimated_diameter_max" : 59.4346868419
        },
        "miles" : {
          "estimated_diameter_min" : 0.0165160412,
          "estimated_diameter_max" : 0.0369309908
        },
        "feet" : {
          "estimated_diameter_min" : 87.2047272,
          "estimated_diameter_max" : 194.9956979785
        }
      },
      "is_potentially_hazardous_asteroid" : false,
      "close_approach_data" : [ {
        "close_approach_date" : "1999-03-08",
        "epoch_date_close_approach" : 920880000000,
        "relative_velocity" : {
          "kilometers_per_second" : "11.128760216",
          "kilometers_per_hour" : "40063.5367774283",
          "miles_per_hour" : "24893.9237270637"
        },
        "miss_distance" : {
          "astronomical" : "0.2783118462",
          "lunar" : "108.2633056641",
          "kilometers" : "41634860",
          "miles" : "25870702"
        },
        "orbiting_body" : "Earth"
      } ],
      "orbital_data" : {
        "orbit_id" : "23",
        "orbit_determination_date" : "2017-04-06 08:58:36",
        "orbit_uncertainty" : "5",
        "minimum_orbit_intersection" : ".00220107",
        "jupiter_tisserand_invariant" : "5.061",
        "epoch_osculation" : "2458000.5",
        "eccentricity" : ".4649434505734235",
        "semi_major_axis" : "1.23916438700718",
        "inclination" : "4.303144660751914",
        "ascending_node_longitude" : "119.2178760702092",
        "orbital_period" : "503.8390357541257",
        "perihelion_distance" : ".6630230210843606",
        "perihelion_argument" : "93.14995284270434",
        "aphelion_distance" : "1.815305752929999",
        "perihelion_time" : "2457792.730664494304",
        "mean_anomaly" : "148.4540805181909",
        "mean_motion" : ".7145139110969571",
        "equinox" : "J2000"
      }
    }, {
      "links" : {
        "self" : "https://api.nasa.gov/neo/rest/v1/neo/3600563?api_key=t0TVs3DtDT2H8Oy2Zy8m2eVrNsAVKAexjcZXUckd"
      },
      "neo_reference_id" : "3600563",
      "name" : "(2012 EO3)",
      "nasa_jpl_url" : "http://ssd.jpl.nasa.gov/sbdb.cgi?sstr=3600563",
      "absolute_magnitude_h" : 23.0,
      "estimated_diameter" : {
        "kilometers" : {
          "estimated_diameter_min" : 0.0667659413,
          "estimated_diameter_max" : 0.1492931834
        },
        "meters" : {
          "estimated_diameter_min" : 66.7659413495,
          "estimated_diameter_max" : 149.2931834393
        },
        "miles" : {
          "estimated_diameter_min" : 0.0414864197,
          "estimated_diameter_max" : 0.0927664547
        },
        "feet" : {
          "estimated_diameter_min" : 219.0483710172,
          "estimated_diameter_max" : 489.807047955
        }
      },
      "is_potentially_hazardous_asteroid" : false,
      "close_approach_data" : [ {
        "close_approach_date" : "1999-03-08",
        "epoch_date_close_approach" : 920880000000,
        "relative_velocity" : {
          "kilometers_per_second" : "24.1354236895",
          "kilometers_per_hour" : "86887.5252820574",
          "miles_per_hour" : "53988.529250954"
        },
        "miss_distance" : {
          "astronomical" : "0.4360666492",
          "lunar" : "169.6299285889",
          "kilometers" : "65234644",
          "miles" : "40534928"
        },
        "orbiting_body" : "Earth"
      } ],
      "orbital_data" : {
        "orbit_id" : "10",
        "orbit_determination_date" : "2017-04-06 08:50:37",
        "orbit_uncertainty" : "6",
        "minimum_orbit_intersection" : ".0614593",
        "jupiter_tisserand_invariant" : "7.297",
        "epoch_osculation" : "2458000.5",
        "eccentricity" : ".3563717537975913",
        "semi_major_axis" : ".7804257112751907",
        "inclination" : "29.51764056324188",
        "ascending_node_longitude" : "345.5102906537396",
        "orbital_period" : "251.8232242533907",
        "perihelion_distance" : ".5023040318393184",
        "perihelion_argument" : "352.2323639671159",
        "aphelion_distance" : "1.058547390711063",
        "perihelion_time" : "2458124.678750476154",
        "mean_anomaly" : "182.4772544154511",
        "mean_motion" : "1.429574262133024",
        "equinox" : "J2000"
      }
    }, {
      "links" : {
        "self" : "https://api.nasa.gov/neo/rest/v1/neo/3710219?api_key=t0TVs3DtDT2H8Oy2Zy8m2eVrNsAVKAexjcZXUckd"
      },
      "neo_reference_id" : "3710219",
      "name" : "(2015 CH13)",
      "nasa_jpl_url" : "http://ssd.jpl.nasa.gov/sbdb.cgi?sstr=3710219",
      "absolute_magnitude_h" : 28.6,
      "estimated_diameter" : {
        "kilometers" : {
          "estimated_diameter_min" : 0.0050647146,
          "estimated_diameter_max" : 0.0113250461
        },
        "meters" : {
          "estimated_diameter_min" : 5.0647145883,
          "estimated_diameter_max" : 11.3250461062
        },
        "miles" : {
          "estimated_diameter_min" : 0.0031470668,
          "estimated_diameter_max" : 0.0070370552
        },
        "feet" : {
          "estimated_diameter_min" : 16.61651821,
          "estimated_diameter_max" : 37.155664267
        }
      },
      "is_potentially_hazardous_asteroid" : false,
      "close_approach_data" : [ {
        "close_approach_date" : "1999-03-08",
        "epoch_date_close_approach" : 920880000000,
        "relative_velocity" : {
          "kilometers_per_second" : "29.3862237483",
          "kilometers_per_hour" : "105790.4054937274",
          "miles_per_hour" : "65734.0439024774"
        },
        "miss_distance" : {
          "astronomical" : "0.4732407949",
          "lunar" : "184.0906677246",
          "kilometers" : "70795816",
          "miles" : "43990480"
        },
        "orbiting_body" : "Earth"
      } ],
      "orbital_data" : {
        "orbit_id" : "3",
        "orbit_determination_date" : "2017-04-06 08:35:42",
        "orbit_uncertainty" : "8",
        "minimum_orbit_intersection" : ".0006796",
        "jupiter_tisserand_invariant" : "4.143",
        "epoch_osculation" : "2457066.5",
        "eccentricity" : ".5577625415647331",
        "semi_major_axis" : "1.616717459778496",
        "inclination" : "2.847650485672508",
        "ascending_node_longitude" : "141.0848235975342",
        "orbital_period" : "750.8438357160981",
        "perihelion_distance" : ".7149730204203628",
        "perihelion_argument" : "284.1027130454697",
        "aphelion_distance" : "2.518461899136629",
        "perihelion_time" : "2457017.138196911542",
        "mean_anomaly" : "23.66703736056774",
        "mean_motion" : ".4794605520822572",
        "equinox" : "J2000"
      }
    }, {
      "links" : {
        "self" : "https://api.nasa.gov/neo/rest/v1/neo/3763098?api_key=t0TVs3DtDT2H8Oy2Zy8m2eVrNsAVKAexjcZXUckd"
      },
      "neo_reference_id" : "3763098",
      "name" : "(2016 VG)",
      "nasa_jpl_url" : "http://ssd.jpl.nasa.gov/sbdb.cgi?sstr=3763098",
      "absolute_magnitude_h" : 26.7,
      "estimated_diameter" : {
        "kilometers" : {
          "estimated_diameter_min" : 0.0121494041,
          "estimated_diameter_max" : 0.0271668934
        },
        "meters" : {
          "estimated_diameter_min" : 12.14940408,
          "estimated_diameter_max" : 27.1668934089
        },
        "miles" : {
          "estimated_diameter_min" : 0.0075492874,
          "estimated_diameter_max" : 0.0168807197
        },
        "feet" : {
          "estimated_diameter_min" : 39.8602508817,
          "estimated_diameter_max" : 89.1302305717
        }
      },
      "is_potentially_hazardous_asteroid" : false,
      "close_approach_data" : [ {
        "close_approach_date" : "1999-03-08",
        "epoch_date_close_approach" : 920880000000,
        "relative_velocity" : {
          "kilometers_per_second" : "15.4003065467",
          "kilometers_per_hour" : "55441.1035680865",
          "miles_per_hour" : "34448.9457142924"
        },
        "miss_distance" : {
          "astronomical" : "0.4171904829",
          "lunar" : "162.2870941162",
          "kilometers" : "62410808",
          "miles" : "38780280"
        },
        "orbiting_body" : "Earth"
      } ],
      "orbital_data" : {
        "orbit_id" : "4",
        "orbit_determination_date" : "2017-04-06 08:22:33",
        "orbit_uncertainty" : "4",
        "minimum_orbit_intersection" : ".00356576",
        "jupiter_tisserand_invariant" : "6.549",
        "epoch_osculation" : "2458000.5",
        "eccentricity" : ".3442589769598711",
        "semi_major_axis" : ".900519546611922",
        "inclination" : "9.466958333592531",
        "ascending_node_longitude" : "223.5404093118797",
        "orbital_period" : "312.1318905900077",
        "perihelion_distance" : ".5905076087629347",
        "perihelion_argument" : "306.6018940922859",
        "aphelion_distance" : "1.210531484460909",
        "perihelion_time" : "2458088.688789822440",
        "mean_anomaly" : "258.2867009325226",
        "mean_motion" : "1.153358598890711",
        "equinox" : "J2000"
      }
    }, {
      "links" : {
        "self" : "https://api.nasa.gov/neo/rest/v1/neo/3771023?api_key=t0TVs3DtDT2H8Oy2Zy8m2eVrNsAVKAexjcZXUckd"
      },
      "neo_reference_id" : "3771023",
      "name" : "(2017 EC3)",
      "nasa_jpl_url" : "http://ssd.jpl.nasa.gov/sbdb.cgi?sstr=3771023",
      "absolute_magnitude_h" : 22.5,
      "estimated_diameter" : {
        "kilometers" : {
          "estimated_diameter_min" : 0.0840533402,
          "estimated_diameter_max" : 0.1879489824
        },
        "meters" : {
          "estimated_diameter_min" : 84.0533402073,
          "estimated_diameter_max" : 187.9489824394
        },
        "miles" : {
          "estimated_diameter_min" : 0.0522283081,
          "estimated_diameter_max" : 0.1167860472
        },
        "feet" : {
          "estimated_diameter_min" : 275.7655606856,
          "estimated_diameter_max" : 616.6305395464
        }
      },
      "is_potentially_hazardous_asteroid" : false,
      "close_approach_data" : [ {
        "close_approach_date" : "1999-03-08",
        "epoch_date_close_approach" : 920880000000,
        "relative_velocity" : {
          "kilometers_per_second" : "17.4650244385",
          "kilometers_per_hour" : "62874.0879785089",
          "miles_per_hour" : "39067.5131664241"
        },
        "miss_distance" : {
          "astronomical" : "0.3196340973",
          "lunar" : "124.3376693726",
          "kilometers" : "47816584",
          "miles" : "29711846"
        },
        "orbiting_body" : "Earth"
      } ],
      "orbital_data" : {
        "orbit_id" : "7",
        "orbit_determination_date" : "2017-04-06 08:19:39",
        "orbit_uncertainty" : "6",
        "minimum_orbit_intersection" : ".0703569",
        "jupiter_tisserand_invariant" : "5.317",
        "epoch_osculation" : "2458000.5",
        "eccentricity" : ".3038596157281359",
        "semi_major_axis" : "1.179321692642005",
        "inclination" : "4.250121557975378",
        "ascending_node_longitude" : "74.56844998680567",
        "orbital_period" : "467.7856095555778",
        "perihelion_distance" : ".8209734562959508",
        "perihelion_argument" : "1.588809538965095",
        "aphelion_distance" : "1.53766992898806",
        "perihelion_time" : "2458209.392545464809",
        "mean_anomaly" : "199.2397824320066",
        "mean_motion" : ".7695833147625467",
        "equinox" : "J2000"
      }
    } ]
  }
}