{
  "links" : {
    "next" : "https://api.nasa.gov/neo/rest/v1/feed?start_date=2004-03-16&end_date=2004-03-16&detailed=true&api_key=t0TVs3DtDT2H8Oy2Zy8m2eVrNsAVKAexjcZXUckd",
    "prev" : "https://api.nasa.gov/neo/rest/v1/feed?start_date=2004-03-14&end_date=2004-03-14&detailed=true&api_key=t0TVs3DtDT2H8Oy2Zy8m2eVrNsAVKAexjcZXUckd",
    "self" : "https://api.nasa.gov/neo/rest/v1/feed?start_date=2004-03-15&end_date=2004-03-15&detailed=true&api_key=t0TVs3DtDT2H8Oy2Zy8m2eVrNsAVKAexjcZXUckd"
  },
  "element_count" : 8,
  "near_earth_objects" : {
    "2004-03-15" : [ {
      "links" : {
        "self" : "https://api.nasa.gov/neo/rest/v1/neo/2271480?api_key=t0TVs3DtDT2H8Oy2Zy8m2eVrNsAVKAexjcZXUckd"
      },
      "neo_reference_id" : "2271480",
      "name" : "271480 (2004 FX31)",
      "nasa_jpl_url" : "http://ssd.jpl.nasa.gov/sbdb.cgi?sstr=2271480",
      "absolute_magnitude_h" : 17.6,
      "estimated_diameter" : {
        "kilometers" : {
          "estimated_diameter_min" : 0.8027031673,
          "estimated_diameter_max" : 1.7948988478
        },
        "meters" : {
          "estimated_diameter_min" : 802.7031672829,
          "estimated_diameter_max" : 1794.8988477988
        },
        "miles" : {
          "estimated_diameter_min" : 0.4987764698,
          "estimated_diameter_max" : 1.115298092
        },
        "feet" : {
          "estimated_diameter_min" : 2633.5406593483,
          "estimated_diameter_max" : 5888.7759358124
        }
      },
      "is_potentially_hazardous_asteroid" : false,
      "close_approach_data" : [ {
        "close_approach_date" : "2004-03-15",
        "epoch_date_close_approach" : 1079337600000,
        "relative_velocity" : {
          "kilometers_per_second" : "18.2839272228",
          "kilometers_per_hour" : "65822.1380019331",
          "miles_per_hour" : "40899.3168045901"
        },
        "miss_distance" : {
          "astronomical" : "0.0659081169",
          "lunar" : "25.6382579803",
          "kilometers" : "9859714",
          "miles" : "6126542.5"
        },
        "orbiting_body" : "Earth"
      } ],
      "orbital_data" : {
        "orbit_id" : "146",
        "orbit_determination_date" : "2017-06-26 06:20:37",
        "orbit_uncertainty" : "0",
        "minimum_orbit_intersection" : ".0649142",
        "jupiter_tisserand_invariant" : "4.929",
        "epoch_osculation" : "2458000.5",
        "eccentricity" : ".4419376339118631",
        "semi_major_axis" : "1.260735253781424",
        "inclination" : "24.7506013179309",
        "ascending_node_longitude" : "169.1842069394714",
        "orbital_period" : "517.0520597711061",
        "perihelion_distance" : ".7035688987359894",
        "perihelion_argument" : "285.7540019490307",
        "aphelion_distance" : "1.817901608826859",
        "perihelion_time" : "2458201.188713829354",
        "mean_anomaly" : "220.2695113320875",
        "mean_motion" : ".6962548416485731",
        "equinox" : "J2000"
      }
    }, {
      "links" : {
        "self" : "https://api.nasa.gov/neo/rest/v1/neo/3082930?api_key=t0TVs3DtDT2H8Oy2Zy8m2eVrNsAVKAexjcZXUckd"
      },
      "neo_reference_id" : "3082930",
      "name" : "(2001 SY269)",
      "nasa_jpl_url" : "http://ssd.jpl.nasa.gov/sbdb.cgi?sstr=3082930",
      "absolute_magnitude_h" : 21.5,
      "estimated_diameter" : {
        "kilometers" : {
          "estimated_diameter_min" : 0.1332155667,
          "estimated_diameter_max" : 0.2978790628
        },
        "meters" : {
          "estimated_diameter_min" : 133.2155666981,
          "estimated_diameter_max" : 297.8790627982
        },
        "miles" : {
          "estimated_diameter_min" : 0.0827762899,
          "estimated_diameter_max" : 0.1850934111
        },
        "feet" : {
          "estimated_diameter_min" : 437.0589598459,
          "estimated_diameter_max" : 977.2935443908
        }
      },
      "is_potentially_hazardous_asteroid" : true,
      "close_approach_data" : [ {
        "close_approach_date" : "2004-03-15",
        "epoch_date_close_approach" : 1079337600000,
        "relative_velocity" : {
          "kilometers_per_second" : "15.4989848984",
          "kilometers_per_hour" : "55796.3456342468",
          "miles_per_hour" : "34669.6793192352"
        },
        "miss_distance" : {
          "astronomical" : "0.042762964",
          "lunar" : "16.6347942352",
          "kilometers" : "6397248.5",
          "miles" : "3975066"
        },
        "orbiting_body" : "Earth"
      } ],
      "orbital_data" : {
        "orbit_id" : "12",
        "orbit_determination_date" : "2017-04-06 09:16:05",
        "orbit_uncertainty" : "1",
        "minimum_orbit_intersection" : ".0202338",
        "jupiter_tisserand_invariant" : "4.008",
        "epoch_osculation" : "2458000.5",
        "eccentricity" : ".5974091014169081",
        "semi_major_axis" : "1.679863381190739",
        "inclination" : "1.866232102899082",
        "ascending_node_longitude" : "232.2708008807646",
        "orbital_period" : "795.260426188989",
        "perihelion_distance" : ".6762977081304108",
        "perihelion_argument" : "223.6572374355194",
        "aphelion_distance" : "2.683429054251067",
        "perihelion_time" : "2457801.758192157590",
        "mean_anomaly" : "89.96681900309342",
        "mean_motion" : ".4526818990920694",
        "equinox" : "J2000"
      }
    }, {
      "links" : {
        "self" : "https://api.nasa.gov/neo/rest/v1/neo/3177201?api_key=t0TVs3DtDT2H8Oy2Zy8m2eVrNsAVKAexjcZXUckd"
      },
      "neo_reference_id" : "3177201",
      "name" : "(2004 EU22)",
      "nasa_jpl_url" : "http://ssd.jpl.nasa.gov/sbdb.cgi?sstr=3177201",
      "absolute_magnitude_h" : 24.0,
      "estimated_diameter" : {
        "kilometers" : {
          "estimated_diameter_min" : 0.0421264611,
          "estimated_diameter_max" : 0.0941976306
        },
        "meters" : {
          "estimated_diameter_min" : 42.1264610556,
          "estimated_diameter_max" : 94.1976305719
        },
        "miles" : {
          "estimated_diameter_min" : 0.0261761612,
          "estimated_diameter_max" : 0.0585316759
        },
        "feet" : {
          "estimated_diameter_min" : 138.2101784897,
          "estimated_diameter_max" : 309.0473542854
        }
      },
      "is_potentially_hazardous_asteroid" : false,
      "close_approach_data" : [ {
        "close_approach_date" : "2004-03-15",
        "epoch_date_close_approach" : 1079337600000,
        "relative_velocity" : {
          "kilometers_per_second" : "4.0368528917",
          "kilometers_per_hour" : "14532.6704101696",
          "miles_per_hour" : "9030.0362334745"
        },
        "miss_distance" : {
          "astronomical" : "0.0131616704",
          "lunar" : "5.1198897362",
          "kilometers" : "1968957.875",
          "miles" : "1223453.75"
        },
        "orbiting_body" : "Earth"
      } ],
      "orbital_data" : {
        "orbit_id" : "24",
        "orbit_determination_date" : "2017-04-06 09:13:06",
        "orbit_uncertainty" : "5",
        "minimum_orbit_intersection" : ".01005",
        "jupiter_tisserand_invariant" : "5.362",
        "epoch_osculation" : "2458000.5",
        "eccentricity" : ".1623487598184",
        "semi_major_axis" : "1.175100559158756",
        "inclination" : "5.340199294659664",
        "ascending_node_longitude" : "175.7595721365239",
        "orbital_period" : "465.2763482321173",
        "perihelion_distance" : ".9843244407174235",
        "perihelion_argument" : "328.4669330561069",
        "aphelion_distance" : "1.365876677600088",
        "perihelion_time" : "2458169.690013411966",
        "mean_anomaly" : "229.0919814434201",
        "mean_motion" : ".773733720546661",
        "equinox" : "J2000"
      }
    }, {
      "links" : {
        "self" : "https://api.nasa.gov/neo/rest/v1/neo/3250193?api_key=t0TVs3DtDT2H8Oy2Zy8m2eVrNsAVKAexjcZXUckd"
      },
      "neo_reference_id" : "3250193",
      "name" : "(2004 QG13)",
      "nasa_jpl_url" : "http://ssd.jpl.nasa.gov/sbdb.cgi?sstr=3250193",
      "absolute_magnitude_h" : 21.4,
      "estimated_diameter" : {
        "kilometers" : {
          "estimated_diameter_min" : 0.1394938229,
          "estimated_diameter_max" : 0.3119176705
        },
        "meters" : {
          "estimated_diameter_min" : 139.4938229344,
          "estimated_diameter_max" : 311.9176705226
        },
        "miles" : {
          "estimated_diameter_min" : 0.0866774163,
          "estimated_diameter_max" : 0.1938165949
        },
        "feet" : {
          "estimated_diameter_min" : 457.6569140361,
          "estimated_diameter_max" : 1023.3519701574
        }
      },
      "is_potentially_hazardous_asteroid" : false,
      "close_approach_data" : [ {
        "close_approach_date" : "2004-03-15",
        "epoch_date_close_approach" : 1079337600000,
        "relative_velocity" : {
          "kilometers_per_second" : "33.6244599713",
          "kilometers_per_hour" : "121048.0558968017",
          "miles_per_hour" : "75214.5545098766"
        },
        "miss_distance" : {
          "astronomical" : "0.4440068234",
          "lunar" : "172.7186584473",
          "kilometers" : "66422476",
          "miles" : "41273012"
        },
        "orbiting_body" : "Earth"
      } ],
      "orbital_data" : {
        "orbit_id" : "11",
        "orbit_determination_date" : "2017-04-06 09:12:25",
        "orbit_uncertainty" : "9",
        "minimum_orbit_intersection" : ".104298",
        "jupiter_tisserand_invariant" : "5.928",
        "epoch_osculation" : "2453243.5",
        "eccentricity" : ".1734065054762213",
        "semi_major_axis" : ".9529967607070488",
        "inclination" : "56.30838305579184",
        "ascending_node_longitude" : "151.8551256779255",
        "orbital_period" : "339.8095370387543",
        "perihelion_distance" : ".7877409227026808",
        "perihelion_argument" : "9.212673839284673",
        "aphelion_distance" : "1.118252598711417",
        "perihelion_time" : "2453088.603023443676",
        "mean_anomaly" : "164.1004900751713",
        "mean_motion" : "1.059416999114251",
        "equinox" : "J2000"
      }
    }, {
      "links" : {
        "self" : "https://api.nasa.gov/neo/rest/v1/neo/3445544?api_key=t0TVs3DtDT2H8Oy2Zy8m2eVrNsAVKAexjcZXUckd"
      },
      "neo_reference_id" : "3445544",
      "name" : "(2009 CE)",
      "nasa_jpl_url" : "http://ssd.jpl.nasa.gov/sbdb.cgi?sstr=3445544",
      "absolute_magnitude_h" : 24.6,
      "estimated_diameter" : {
        "kilometers" : {
          "estimated_diameter_min" : 0.0319561887,
          "estimated_diameter_max" : 0.0714562102
        },
        "meters" : {
          "estimated_diameter_min" : 31.9561886721,
          "estimated_diameter_max" : 71.4562101727
        },
        "miles" : {
          "estimated_diameter_min" : 0.0198566489,
          "estimated_diameter_max" : 0.0444008168
        },
        "feet" : {
          "estimated_diameter_min" : 104.8431420431,
          "estimated_diameter_max" : 234.436392583
        }
      },
      "is_potentially_hazardous_asteroid" : false,
      "close_approach_data" : [ {
        "close_approach_date" : "2004-03-15",
        "epoch_date_close_approach" : 1079337600000,
        "relative_velocity" : {
          "kilometers_per_second" : "15.4204230433",
          "kilometers_per_hour" : "55513.5229559351",
          "miles_per_hour" : "34493.944305592"
        },
        "miss_distance" : {
          "astronomical" : "0.3458446435",
          "lunar" : "134.5335693359",
          "kilometers" : "51737624",
          "miles" : "32148270"
        },
        "orbiting_body" : "Earth"
      } ],
      "orbital_data" : {
        "orbit_id" : "7",
        "orbit_determination_date" : "2017-04-06 09:01:28",
        "orbit_uncertainty" : "7",
        "minimum_orbit_intersection" : ".0659485",
        "jupiter_tisserand_invariant" : "6.635",
        "epoch_osculation" : "2458000.5",
        "eccentricity" : ".1873200333238078",
        "semi_major_axis" : ".892635029153654",
        "inclination" : "8.137156646263824",
        "ascending_node_longitude" : "127.7337023569578",
        "orbital_period" : "308.0415608320432",
        "perihelion_distance" : ".7254266057465935",
        "perihelion_argument" : "190.34833968",
        "aphelion_distance" : "1.059843452560715",
        "perihelion_time" : "2458113.208362077551",
        "mean_anomaly" : "228.2807273202935",
        "mean_motion" : "1.16867347064342",
        "equinox" : "J2000"
      }
    }, {
      "links" : {
        "self" : "https://api.nasa.gov/neo/rest/v1/neo/3579748?api_key=t0TVs3DtDT2H8Oy2Zy8m2eVrNsAVKAexjcZXUckd"
      },
      "neo_reference_id" : "3579748",
      "name" : "(2011 SY120)",
      "nasa_jpl_url" : "http://ssd.jpl.nasa.gov/sbdb.cgi?sstr=3579748",
      "absolute_magnitude_h" : 23.2,
      "estimated_diameter" : {
        "kilometers" : {
          "estimated_diameter_min" : 0.0608912622,
          "estimated_diameter_max" : 0.1361570015
        },
        "meters" : {
          "estimated_diameter_min" : 60.8912622106,
          "estimated_diameter_max" : 136.1570015386
        },
        "miles" : {
          "estimated_diameter_min" : 0.0378360645,
          "estimated_diameter_max" : 0.0846040122
        },
        "feet" : {
          "estimated_diameter_min" : 199.7744887109,
          "estimated_diameter_max" : 446.7093369279
        }
      },
      "is_potentially_hazardous_asteroid" : false,
      "close_approach_data" : [ {
        "close_approach_date" : "2004-03-15",
        "epoch_date_close_approach" : 1079337600000,
        "relative_velocity" : {
          "kilometers_per_second" : "16.6507562005",
          "kilometers_per_hour" : "59942.7223217647",
          "miles_per_hour" : "37246.0765448765"
        },
        "miss_distance" : {
          "astronomical" : "0.2842079206",
          "lunar" : "110.5568771362",
          "kilometers" : "42516900",
          "miles" : "26418776"
        },
        "orbiting_body" : "Earth"
      } ],
      "orbital_data" : {
        "orbit_id" : "14",
        "orbit_determination_date" : "2017-04-06 08:52:39",
        "orbit_uncertainty" : "0",
        "minimum_orbit_intersection" : ".0519839",
        "jupiter_tisserand_invariant" : "5.076",
        "epoch_osculation" : "2458000.5",
        "eccentricity" : ".2296341097099899",
        "semi_major_axis" : "1.216513353304983",
        "inclination" : "31.92872547028875",
        "ascending_node_longitude" : "2.581755303650802",
        "orbital_period" : "490.0876374477115",
        "perihelion_distance" : ".9371603924684786",
        "perihelion_argument" : "115.0718277429149",
        "aphelion_distance" : "1.495866314141487",
        "perihelion_time" : "2457912.128828104984",
        "mean_anomaly" : "64.9141489221915",
        "mean_motion" : ".7345624996272411",
        "equinox" : "J2000"
      }
    }, {
      "links" : {
        "self" : "https://api.nasa.gov/neo/rest/v1/neo/3627115?api_key=t0TVs3DtDT2H8Oy2Zy8m2eVrNsAVKAexjcZXUckd"
      },
      "neo_reference_id" : "3627115",
      "name" : "(2013 DL1)",
      "nasa_jpl_url" : "http://ssd.jpl.nasa.gov/sbdb.cgi?sstr=3627115",
      "absolute_magnitude_h" : 21.1,
      "estimated_diameter" : {
        "kilometers" : {
          "estimated_diameter_min" : 0.160160338,
          "estimated_diameter_max" : 0.358129403
        },
        "meters" : {
          "estimated_diameter_min" : 160.1603379786,
          "estimated_diameter_max" : 358.1294030194
        },
        "miles" : {
          "estimated_diameter_min" : 0.0995189894,
          "estimated_diameter_max" : 0.2225312253
        },
        "feet" : {
          "estimated_diameter_min" : 525.4604432536,
          "estimated_diameter_max" : 1174.9652706022
        }
      },
      "is_potentially_hazardous_asteroid" : false,
      "close_approach_data" : [ {
        "close_approach_date" : "2004-03-15",
        "epoch_date_close_approach" : 1079337600000,
        "relative_velocity" : {
          "kilometers_per_second" : "23.4805093642",
          "kilometers_per_hour" : "84529.8337112878",
          "miles_per_hour" : "52523.5513968832"
        },
        "miss_distance" : {
          "astronomical" : "0.2825389252",
          "lunar" : "109.9076385498",
          "kilometers" : "42267220",
          "miles" : "26263634"
        },
        "orbiting_body" : "Earth"
      } ],
      "orbital_data" : {
        "orbit_id" : "9",
        "orbit_determination_date" : "2017-04-06 08:46:41",
        "orbit_uncertainty" : "2",
        "minimum_orbit_intersection" : ".207265",
        "jupiter_tisserand_invariant" : "6.699",
        "epoch_osculation" : "2458000.5",
        "eccentricity" : ".7201246994204302",
        "semi_major_axis" : ".8392265926735198",
        "inclination" : "26.47045904399265",
        "ascending_node_longitude" : "142.0012599783131",
        "orbital_period" : "280.8130472459211",
        "perihelion_distance" : ".2348787948788695",
        "perihelion_argument" : "185.7803473434846",
        "aphelion_distance" : "1.44357439046817",
        "perihelion_time" : "2457910.426392326352",
        "mean_anomaly" : "115.4736187671362",
        "mean_motion" : "1.281991714881863",
        "equinox" : "J2000"
      }
    }, {
      "links" : {
        "self" : "https://api.nasa.gov/neo/rest/v1/neo/3648632?api_key=t0TVs3DtDT2H8Oy2Zy8m2eVrNsAVKAexjcZXUckd"
      },
      "neo_reference_id" : "3648632",
      "name" : "(2013 SD20)",
      "nasa_jpl_url" : "http://ssd.jpl.nasa.gov/sbdb.cgi?sstr=3648632",
      "absolute_magnitude_h" : 23.9,
      "estimated_diameter" : {
        "kilometers" : {
          "estimated_diameter_min" : 0.04411182,
          "estimated_diameter_max" : 0.0986370281
        },
        "meters" : {
          "estimated_diameter_min" : 44.1118199997,
          "estimated_diameter_max" : 98.6370281305
        },
        "miles" : {
          "estimated_diameter_min" : 0.0274098057,
          "estimated_diameter_max" : 0.0612901888
        },
        "feet" : {
          "estimated_diameter_min" : 144.7238235278,
          "estimated_diameter_max" : 323.6123073718
        }
      },
      "is_potentially_hazardous_asteroid" : false,
      "close_approach_data" : [ {
        "close_approach_date" : "2004-03-15",
        "epoch_date_close_approach" : 1079337600000,
        "relative_velocity" : {
          "kilometers_per_second" : "10.4640318886",
          "kilometers_per_hour" : "37670.5147987872",
          "miles_per_hour" : "23406.992931502"
        },
        "miss_distance" : {
          "astronomical" : "0.2286197352",
          "lunar" : "88.9330749512",
          "kilometers" : "34201028",
          "miles" : "21251532"
        },
        "orbiting_body" : "Earth"
      } ],
      "orbital_data" : {
        "orbit_id" : "6",
        "orbit_determination_date" : "2017-04-06 08:44:33",
        "orbit_uncertainty" : "7",
        "minimum_orbit_intersection" : ".0557705",
        "jupiter_tisserand_invariant" : "5.351",
        "epoch_osculation" : "2458000.5",
        "eccentricity" : ".2681859146219258",
        "semi_major_axis" : "1.156499050399127",
        "inclination" : "20.26534031188953",
        "ascending_node_longitude" : "180.2020485771822",
        "orbital_period" : "454.2723960535075",
        "perihelion_distance" : ".8463422948084489",
        "perihelion_argument" : "269.9086993035281",
        "aphelion_distance" : "1.466655805989806",
        "perihelion_time" : "2457996.006192229491",
        "mean_anomaly" : "3.561235090306581",
        "mean_motion" : ".7924760631011278",
        "equinox" : "J2000"
      }
    } ]
  }
}