{
  "links" : {
    "next" : "https://api.nasa.gov/neo/rest/v1/feed?start_date=2008-06-09&end_date=2008-06-09&detailed=true&api_key=t0TVs3DtDT2H8Oy2Zy8m2eVrNsAVKAexjcZXUckd",
    "prev" : "https://api.nasa.gov/neo/rest/v1/feed?start_date=2008-06-07&end_date=2008-06-07&detailed=true&api_key=t0TVs3DtDT2H8Oy2Zy8m2eVrNsAVKAexjcZXUckd",
    "self" : "https://api.nasa.gov/neo/rest/v1/feed?start_date=2008-06-08&end_date=2008-06-08&detailed=true&api_key=t0TVs3DtDT2H8Oy2Zy8m2eVrNsAVKAexjcZXUckd"
  },
  "element_count" : 7,
  "near_earth_objects" : {
    "2008-06-08" : [ {
      "links" : {
        "self" : "https://api.nasa.gov/neo/rest/v1/neo/3410588?api_key=t0TVs3DtDT2H8Oy2Zy8m2eVrNsAVKAexjcZXUckd"
      },
      "neo_reference_id" : "3410588",
      "name" : "(2008 JS26)",
      "nasa_jpl_url" : "http://ssd.jpl.nasa.gov/sbdb.cgi?sstr=3410588",
      "absolute_magnitude_h" : 23.7,
      "estimated_diameter" : {
        "kilometers" : {
          "estimated_diameter_min" : 0.0483676488,
          "estimated_diameter_max" : 0.1081533507
        },
        "meters" : {
          "estimated_diameter_min" : 48.3676488219,
          "estimated_diameter_max" : 108.1533506775
        },
        "miles" : {
          "estimated_diameter_min" : 0.0300542543,
          "estimated_diameter_max" : 0.0672033557
        },
        "feet" : {
          "estimated_diameter_min" : 158.6865169607,
          "estimated_diameter_max" : 354.8338390368
        }
      },
      "is_potentially_hazardous_asteroid" : false,
      "close_approach_data" : [ {
        "close_approach_date" : "2008-06-08",
        "epoch_date_close_approach" : 1212908400000,
        "relative_velocity" : {
          "kilometers_per_second" : "8.1454366526",
          "kilometers_per_hour" : "29323.5719492741",
          "miles_per_hour" : "18220.5272481476"
        },
        "miss_distance" : {
          "astronomical" : "0.0595773703",
          "lunar" : "23.1755981445",
          "kilometers" : "8912648",
          "miles" : "5538062.5"
        },
        "orbiting_body" : "Earth"
      } ],
      "orbital_data" : {
        "orbit_id" : "16",
        "orbit_determination_date" : "2017-04-06 09:03:26",
        "orbit_uncertainty" : "7",
        "minimum_orbit_intersection" : ".0480317",
        "jupiter_tisserand_invariant" : "3.512",
        "epoch_osculation" : "2458000.5",
        "eccentricity" : ".5120009472590118",
        "semi_major_axis" : "2.15444954326276",
        "inclination" : "7.199009324291109",
        "ascending_node_longitude" : "73.48240033090828",
        "orbital_period" : "1155.055674576372",
        "perihelion_distance" : "1.051369336290481",
        "perihelion_argument" : "200.7386637480724",
        "aphelion_distance" : "3.257529750235038",
        "perihelion_time" : "2458108.504920285221",
        "mean_anomaly" : "326.3377513668854",
        "mean_motion" : ".3116732880707533",
        "equinox" : "J2000"
      }
    }, {
      "links" : {
        "self" : "https://api.nasa.gov/neo/rest/v1/neo/3412892?api_key=t0TVs3DtDT2H8Oy2Zy8m2eVrNsAVKAexjcZXUckd"
      },
      "neo_reference_id" : "3412892",
      "name" : "(2008 KC6)",
      "nasa_jpl_url" : "http://ssd.jpl.nasa.gov/sbdb.cgi?sstr=3412892",
      "absolute_magnitude_h" : 25.1,
      "estimated_diameter" : {
        "kilometers" : {
          "estimated_diameter_min" : 0.0253837029,
          "estimated_diameter_max" : 0.0567596853
        },
        "meters" : {
          "estimated_diameter_min" : 25.3837029364,
          "estimated_diameter_max" : 56.7596852866
        },
        "miles" : {
          "estimated_diameter_min" : 0.0157726969,
          "estimated_diameter_max" : 0.0352688224
        },
        "feet" : {
          "estimated_diameter_min" : 83.279867942,
          "estimated_diameter_max" : 186.2194458756
        }
      },
      "is_potentially_hazardous_asteroid" : false,
      "close_approach_data" : [ {
        "close_approach_date" : "2008-06-08",
        "epoch_date_close_approach" : 1212908400000,
        "relative_velocity" : {
          "kilometers_per_second" : "13.4602390626",
          "kilometers_per_hour" : "48456.8606254288",
          "miles_per_hour" : "30109.2087591727"
        },
        "miss_distance" : {
          "astronomical" : "0.0285764083",
          "lunar" : "11.1162223816",
          "kilometers" : "4274970",
          "miles" : "2656343"
        },
        "orbiting_body" : "Earth"
      } ],
      "orbital_data" : {
        "orbit_id" : "8",
        "orbit_determination_date" : "2017-04-06 09:03:22",
        "orbit_uncertainty" : "8",
        "minimum_orbit_intersection" : ".018452",
        "jupiter_tisserand_invariant" : "4.741",
        "epoch_osculation" : "2454616.5",
        "eccentricity" : ".4391876444779502",
        "semi_major_axis" : "1.353657467424559",
        "inclination" : "11.80239760637185",
        "ascending_node_longitude" : "72.19153352711909",
        "orbital_period" : "575.2565892107024",
        "perihelion_distance" : ".7591478328763794",
        "perihelion_argument" : "265.6675323057217",
        "aphelion_distance" : "1.948167101972739",
        "perihelion_time" : "2454682.348707808054",
        "mean_anomaly" : "318.7913719625093",
        "mean_motion" : ".6258076947783398",
        "equinox" : "J2000"
      }
    }, {
      "links" : {
        "self" : "https://api.nasa.gov/neo/rest/v1/neo/3530352?api_key=t0TVs3DtDT2H8Oy2Zy8m2eVrNsAVKAexjcZXUckd"
      },
      "neo_reference_id" : "3530352",
      "name" : "(2010 MQ)",
      "nasa_jpl_url" : "http://ssd.jpl.nasa.gov/sbdb.cgi?sstr=3530352",
      "absolute_magnitude_h" : 19.9,
      "estimated_diameter" : {
        "kilometers" : {
          "estimated_diameter_min" : 0.2783267681,
          "estimated_diameter_max" : 0.6223575734
        },
        "meters" : {
          "estimated_diameter_min" : 278.3267680719,
          "estimated_diameter_max" : 622.3575733667
        },
        "miles" : {
          "estimated_diameter_min" : 0.1729441822,
          "estimated_diameter_max" : 0.3867149477
        },
        "feet" : {
          "estimated_diameter_min" : 913.1455937611,
          "estimated_diameter_max" : 2041.8556210042
        }
      },
      "is_potentially_hazardous_asteroid" : false,
      "close_approach_data" : [ {
        "close_approach_date" : "2008-06-08",
        "epoch_date_close_approach" : 1212908400000,
        "relative_velocity" : {
          "kilometers_per_second" : "34.8906411043",
          "kilometers_per_hour" : "125606.3079755667",
          "miles_per_hour" : "78046.8750862626"
        },
        "miss_distance" : {
          "astronomical" : "0.4532290093",
          "lunar" : "176.3060913086",
          "kilometers" : "67802096",
          "miles" : "42130268"
        },
        "orbiting_body" : "Earth"
      } ],
      "orbital_data" : {
        "orbit_id" : "13",
        "orbit_determination_date" : "2017-04-06 08:57:15",
        "orbit_uncertainty" : "8",
        "minimum_orbit_intersection" : ".362656",
        "jupiter_tisserand_invariant" : "3.828",
        "epoch_osculation" : "2455371.5",
        "eccentricity" : ".765186647371358",
        "semi_major_axis" : "1.62798169635382",
        "inclination" : "28.71798619482135",
        "ascending_node_longitude" : "228.4510473250473",
        "orbital_period" : "758.7045760623603",
        "perihelion_distance" : ".3822718401389044",
        "perihelion_argument" : "163.7096502590071",
        "aphelion_distance" : "2.873691552568736",
        "perihelion_time" : "2455430.653674149905",
        "mean_anomaly" : "331.9319965031877",
        "mean_motion" : ".4744929862798277",
        "equinox" : "J2000"
      }
    }, {
      "links" : {
        "self" : "https://api.nasa.gov/neo/rest/v1/neo/3518265?api_key=t0TVs3DtDT2H8Oy2Zy8m2eVrNsAVKAexjcZXUckd"
      },
      "neo_reference_id" : "3518265",
      "name" : "(2010 HW20)",
      "nasa_jpl_url" : "http://ssd.jpl.nasa.gov/sbdb.cgi?sstr=3518265",
      "absolute_magnitude_h" : 26.1,
      "estimated_diameter" : {
        "kilometers" : {
          "estimated_diameter_min" : 0.0160160338,
          "estimated_diameter_max" : 0.0358129403
        },
        "meters" : {
          "estimated_diameter_min" : 16.0160337979,
          "estimated_diameter_max" : 35.8129403019
        },
        "miles" : {
          "estimated_diameter_min" : 0.0099518989,
          "estimated_diameter_max" : 0.0222531225
        },
        "feet" : {
          "estimated_diameter_min" : 52.5460443254,
          "estimated_diameter_max" : 117.4965270602
        }
      },
      "is_potentially_hazardous_asteroid" : false,
      "close_approach_data" : [ {
        "close_approach_date" : "2008-06-08",
        "epoch_date_close_approach" : 1212908400000,
        "relative_velocity" : {
          "kilometers_per_second" : "4.6547784753",
          "kilometers_per_hour" : "16757.2025109454",
          "miles_per_hour" : "10412.2739713149"
        },
        "miss_distance" : {
          "astronomical" : "0.1698893858",
          "lunar" : "66.0869750977",
          "kilometers" : "25415092",
          "miles" : "15792206"
        },
        "orbiting_body" : "Earth"
      } ],
      "orbital_data" : {
        "orbit_id" : "8",
        "orbit_determination_date" : "2017-04-06 08:57:42",
        "orbit_uncertainty" : "6",
        "minimum_orbit_intersection" : ".00746229",
        "jupiter_tisserand_invariant" : "6.017",
        "epoch_osculation" : "2458000.5",
        "eccentricity" : ".05011939580042162",
        "semi_major_axis" : "1.011213823457285",
        "inclination" : "8.185945812833006",
        "ascending_node_longitude" : "39.22184827949832",
        "orbital_period" : "371.4179799543668",
        "perihelion_distance" : ".9605323976005719",
        "perihelion_argument" : "60.33528462538528",
        "aphelion_distance" : "1.061895249313998",
        "perihelion_time" : "2458165.711564465778",
        "mean_anomaly" : "199.8673020218687",
        "mean_motion" : ".9692584081261503",
        "equinox" : "J2000"
      }
    }, {
      "links" : {
        "self" : "https://api.nasa.gov/neo/rest/v1/neo/3718388?api_key=t0TVs3DtDT2H8Oy2Zy8m2eVrNsAVKAexjcZXUckd"
      },
      "neo_reference_id" : "3718388",
      "name" : "(2015 HN117)",
      "nasa_jpl_url" : "http://ssd.jpl.nasa.gov/sbdb.cgi?sstr=3718388",
      "absolute_magnitude_h" : 22.9,
      "estimated_diameter" : {
        "kilometers" : {
          "estimated_diameter_min" : 0.0699125232,
          "estimated_diameter_max" : 0.1563291544
        },
        "meters" : {
          "estimated_diameter_min" : 69.9125232246,
          "estimated_diameter_max" : 156.3291544087
        },
        "miles" : {
          "estimated_diameter_min" : 0.0434416145,
          "estimated_diameter_max" : 0.097138403
        },
        "feet" : {
          "estimated_diameter_min" : 229.3718026961,
          "estimated_diameter_max" : 512.8909429502
        }
      },
      "is_potentially_hazardous_asteroid" : false,
      "close_approach_data" : [ {
        "close_approach_date" : "2008-06-08",
        "epoch_date_close_approach" : 1212908400000,
        "relative_velocity" : {
          "kilometers_per_second" : "6.6745477595",
          "kilometers_per_hour" : "24028.3719343153",
          "miles_per_hour" : "14930.2958832972"
        },
        "miss_distance" : {
          "astronomical" : "0.2385814997",
          "lunar" : "92.8082046509",
          "kilometers" : "35691284",
          "miles" : "22177536"
        },
        "orbiting_body" : "Earth"
      } ],
      "orbital_data" : {
        "orbit_id" : "15",
        "orbit_determination_date" : "2017-04-06 08:34:02",
        "orbit_uncertainty" : "5",
        "minimum_orbit_intersection" : ".176816",
        "jupiter_tisserand_invariant" : "3.410",
        "epoch_osculation" : "2458000.5",
        "eccentricity" : ".4877528354835813",
        "semi_major_axis" : "2.314997117714203",
        "inclination" : "3.913352387660631",
        "ascending_node_longitude" : "46.212162525",
        "orbital_period" : "1286.542415386098",
        "perihelion_distance" : "1.185850709412782",
        "perihelion_argument" : "219.5632118825759",
        "aphelion_distance" : "3.444143526015624",
        "perihelion_time" : "2458483.603943577400",
        "mean_anomaly" : "224.8179666616972",
        "mean_motion" : ".2798197678480442",
        "equinox" : "J2000"
      }
    }, {
      "links" : {
        "self" : "https://api.nasa.gov/neo/rest/v1/neo/3744851?api_key=t0TVs3DtDT2H8Oy2Zy8m2eVrNsAVKAexjcZXUckd"
      },
      "neo_reference_id" : "3744851",
      "name" : "(2016 DN2)",
      "nasa_jpl_url" : "http://ssd.jpl.nasa.gov/sbdb.cgi?sstr=3744851",
      "absolute_magnitude_h" : 26.9,
      "estimated_diameter" : {
        "kilometers" : {
          "estimated_diameter_min" : 0.0110803882,
          "estimated_diameter_max" : 0.0247765013
        },
        "meters" : {
          "estimated_diameter_min" : 11.0803882126,
          "estimated_diameter_max" : 24.7765012606
        },
        "miles" : {
          "estimated_diameter_min" : 0.0068850319,
          "estimated_diameter_max" : 0.0153953994
        },
        "feet" : {
          "estimated_diameter_min" : 36.3529808636,
          "estimated_diameter_max" : 81.2877363957
        }
      },
      "is_potentially_hazardous_asteroid" : false,
      "close_approach_data" : [ {
        "close_approach_date" : "2008-06-08",
        "epoch_date_close_approach" : 1212908400000,
        "relative_velocity" : {
          "kilometers_per_second" : "19.0478301509",
          "kilometers_per_hour" : "68572.188543069",
          "miles_per_hour" : "42608.091264442"
        },
        "miss_distance" : {
          "astronomical" : "0.3515154787",
          "lunar" : "136.7395172119",
          "kilometers" : "52585968",
          "miles" : "32675404"
        },
        "orbiting_body" : "Earth"
      } ],
      "orbital_data" : {
        "orbit_id" : "8",
        "orbit_determination_date" : "2017-04-06 08:28:01",
        "orbit_uncertainty" : "7",
        "minimum_orbit_intersection" : ".00537288",
        "jupiter_tisserand_invariant" : "3.769",
        "epoch_osculation" : "2458000.5",
        "eccentricity" : ".5004758236402036",
        "semi_major_axis" : "1.911474874593589",
        "inclination" : "4.283899945802764",
        "ascending_node_longitude" : "161.682021617258",
        "orbital_period" : "965.2755760736874",
        "perihelion_distance" : ".9548279123638076",
        "perihelion_argument" : "31.48132035148402",
        "aphelion_distance" : "2.86812183682337",
        "perihelion_time" : "2458440.558466266921",
        "mean_anomaly" : "195.8799789584668",
        "mean_motion" : ".37295049095132",
        "equinox" : "J2000"
      }
    }, {
      "links" : {
        "self" : "https://api.nasa.gov/neo/rest/v1/neo/3766499?api_key=t0TVs3DtDT2H8Oy2Zy8m2eVrNsAVKAexjcZXUckd"
      },
      "neo_reference_id" : "3766499",
      "name" : "(2017 AN19)",
      "nasa_jpl_url" : "http://ssd.jpl.nasa.gov/sbdb.cgi?sstr=3766499",
      "absolute_magnitude_h" : 19.6,
      "estimated_diameter" : {
        "kilometers" : {
          "estimated_diameter_min" : 0.3195618867,
          "estimated_diameter_max" : 0.7145621017
        },
        "meters" : {
          "estimated_diameter_min" : 319.5618867213,
          "estimated_diameter_max" : 714.5621017269
        },
        "miles" : {
          "estimated_diameter_min" : 0.1985664891,
          "estimated_diameter_max" : 0.4440081677
        },
        "feet" : {
          "estimated_diameter_min" : 1048.4314204307,
          "estimated_diameter_max" : 2344.3639258298
        }
      },
      "is_potentially_hazardous_asteroid" : true,
      "close_approach_data" : [ {
        "close_approach_date" : "2008-06-08",
        "epoch_date_close_approach" : 1212908400000,
        "relative_velocity" : {
          "kilometers_per_second" : "12.413760127",
          "kilometers_per_hour" : "44689.5364571266",
          "miles_per_hour" : "27768.3400280407"
        },
        "miss_distance" : {
          "astronomical" : "0.2001372985",
          "lunar" : "77.8534088135",
          "kilometers" : "29940114",
          "miles" : "18603924"
        },
        "orbiting_body" : "Earth"
      } ],
      "orbital_data" : {
        "orbit_id" : "8",
        "orbit_determination_date" : "2017-09-14 06:18:56",
        "orbit_uncertainty" : "4",
        "minimum_orbit_intersection" : ".0327154",
        "jupiter_tisserand_invariant" : "4.418",
        "epoch_osculation" : "2458000.5",
        "eccentricity" : ".3688686703148984",
        "semi_major_axis" : "1.495287580757355",
        "inclination" : "19.76804106449096",
        "ascending_node_longitude" : "281.3490589312497",
        "orbital_period" : "667.8601278208076",
        "perihelion_distance" : ".943722839105008",
        "perihelion_argument" : "329.277469078113",
        "aphelion_distance" : "2.046852322409701",
        "perihelion_time" : "2457952.161030289846",
        "mean_anomaly" : "26.05639769578316",
        "mean_motion" : ".5390350239572783",
        "equinox" : "J2000"
      }
    } ]
  }
}