{
  "links" : {
    "next" : "https://api.nasa.gov/neo/rest/v1/feed?start_date=2001-03-09&end_date=2001-03-09&detailed=true&api_key=t0TVs3DtDT2H8Oy2Zy8m2eVrNsAVKAexjcZXUckd",
    "prev" : "https://api.nasa.gov/neo/rest/v1/feed?start_date=2001-03-07&end_date=2001-03-07&detailed=true&api_key=t0TVs3DtDT2H8Oy2Zy8m2eVrNsAVKAexjcZXUckd",
    "self" : "https://api.nasa.gov/neo/rest/v1/feed?start_date=2001-03-08&end_date=2001-03-08&detailed=true&api_key=t0TVs3DtDT2H8Oy2Zy8m2eVrNsAVKAexjcZXUckd"
  },
  "element_count" : 7,
  "near_earth_objects" : {
    "2001-03-08" : [ {
      "links" : {
        "self" : "https://api.nasa.gov/neo/rest/v1/neo/3273449?api_key=t0TVs3DtDT2H8Oy2Zy8m2eVrNsAVKAexjcZXUckd"
      },
      "neo_reference_id" : "3273449",
      "name" : "(2005 EF)",
      "nasa_jpl_url" : "http://ssd.jpl.nasa.gov/sbdb.cgi?sstr=3273449",
      "absolute_magnitude_h" : 20.7,
      "estimated_diameter" : {
        "kilometers" : {
          "estimated_diameter_min" : 0.1925550782,
          "estimated_diameter_max" : 0.4305662442
        },
        "meters" : {
          "estimated_diameter_min" : 192.5550781879,
          "estimated_diameter_max" : 430.566244241
        },
        "miles" : {
          "estimated_diameter_min" : 0.1196481415,
          "estimated_diameter_max" : 0.2675413778
        },
        "feet" : {
          "estimated_diameter_min" : 631.7424027221,
          "estimated_diameter_max" : 1412.6189567557
        }
      },
      "is_potentially_hazardous_asteroid" : false,
      "close_approach_data" : [ {
        "close_approach_date" : "2001-03-08",
        "epoch_date_close_approach" : 984038400000,
        "relative_velocity" : {
          "kilometers_per_second" : "9.6756078668",
          "kilometers_per_hour" : "34832.1883205413",
          "miles_per_hour" : "21643.367237283"
        },
        "miss_distance" : {
          "astronomical" : "0.28949992",
          "lunar" : "112.6154632568",
          "kilometers" : "43308572",
          "miles" : "26910698"
        },
        "orbiting_body" : "Earth"
      } ],
      "orbital_data" : {
        "orbit_id" : "66",
        "orbit_determination_date" : "2017-09-22 06:48:44",
        "orbit_uncertainty" : "0",
        "minimum_orbit_intersection" : ".145352",
        "jupiter_tisserand_invariant" : "5.212",
        "epoch_osculation" : "2458000.5",
        "eccentricity" : ".1663912746466786",
        "semi_major_axis" : "1.206863444010813",
        "inclination" : "18.59275707551881",
        "ascending_node_longitude" : "350.7512648907148",
        "orbital_period" : "484.2678368470159",
        "perihelion_distance" : "1.006051897237373",
        "perihelion_argument" : "269.4690441336344",
        "aphelion_distance" : "1.407674990784253",
        "perihelion_time" : "2457901.393087074838",
        "mean_anomaly" : "73.67511517047009",
        "mean_motion" : ".7433902741588162",
        "equinox" : "J2000"
      }
    }, {
      "links" : {
        "self" : "https://api.nasa.gov/neo/rest/v1/neo/3368294?api_key=t0TVs3DtDT2H8Oy2Zy8m2eVrNsAVKAexjcZXUckd"
      },
      "neo_reference_id" : "3368294",
      "name" : "(2007 DA)",
      "nasa_jpl_url" : "http://ssd.jpl.nasa.gov/sbdb.cgi?sstr=3368294",
      "absolute_magnitude_h" : 22.4,
      "estimated_diameter" : {
        "kilometers" : {
          "estimated_diameter_min" : 0.0880146521,
          "estimated_diameter_max" : 0.1968067451
        },
        "meters" : {
          "estimated_diameter_min" : 88.0146520901,
          "estimated_diameter_max" : 196.8067450894
        },
        "miles" : {
          "estimated_diameter_min" : 0.0546897524,
          "estimated_diameter_max" : 0.122290004
        },
        "feet" : {
          "estimated_diameter_min" : 288.7619911632,
          "estimated_diameter_max" : 645.6914415591
        }
      },
      "is_potentially_hazardous_asteroid" : false,
      "close_approach_data" : [ {
        "close_approach_date" : "2001-03-08",
        "epoch_date_close_approach" : 984038400000,
        "relative_velocity" : {
          "kilometers_per_second" : "13.0901701382",
          "kilometers_per_hour" : "47124.6124974376",
          "miles_per_hour" : "29281.4015820884"
        },
        "miss_distance" : {
          "astronomical" : "0.4716339114",
          "lunar" : "183.4655914307",
          "kilometers" : "70555432",
          "miles" : "43841112"
        },
        "orbiting_body" : "Earth"
      } ],
      "orbital_data" : {
        "orbit_id" : "18",
        "orbit_determination_date" : "2017-04-06 09:07:00",
        "orbit_uncertainty" : "1",
        "minimum_orbit_intersection" : ".0200593",
        "jupiter_tisserand_invariant" : "5.873",
        "epoch_osculation" : "2458000.5",
        "eccentricity" : ".5737126516482606",
        "semi_major_axis" : "1.00986054070864",
        "inclination" : "2.75882662551541",
        "ascending_node_longitude" : "117.2995073059307",
        "orbital_period" : "370.6726400518484",
        "perihelion_distance" : ".4304907721037399",
        "perihelion_argument" : "262.069637273857",
        "aphelion_distance" : "1.58923030931354",
        "perihelion_time" : "2458159.381200453282",
        "mean_anomaly" : "205.6934071120515",
        "mean_motion" : ".9712073703353029",
        "equinox" : "J2000"
      }
    }, {
      "links" : {
        "self" : "https://api.nasa.gov/neo/rest/v1/neo/3404526?api_key=t0TVs3DtDT2H8Oy2Zy8m2eVrNsAVKAexjcZXUckd"
      },
      "neo_reference_id" : "3404526",
      "name" : "(2008 EL)",
      "nasa_jpl_url" : "http://ssd.jpl.nasa.gov/sbdb.cgi?sstr=3404526",
      "absolute_magnitude_h" : 22.2,
      "estimated_diameter" : {
        "kilometers" : {
          "estimated_diameter_min" : 0.096506147,
          "estimated_diameter_max" : 0.2157943048
        },
        "meters" : {
          "estimated_diameter_min" : 96.5061469579,
          "estimated_diameter_max" : 215.7943048444
        },
        "miles" : {
          "estimated_diameter_min" : 0.059966121,
          "estimated_diameter_max" : 0.134088323
        },
        "feet" : {
          "estimated_diameter_min" : 316.6212271853,
          "estimated_diameter_max" : 707.9865871058
        }
      },
      "is_potentially_hazardous_asteroid" : false,
      "close_approach_data" : [ {
        "close_approach_date" : "2001-03-08",
        "epoch_date_close_approach" : 984038400000,
        "relative_velocity" : {
          "kilometers_per_second" : "10.4346662502",
          "kilometers_per_hour" : "37564.7985008654",
          "miles_per_hour" : "23341.3049351628"
        },
        "miss_distance" : {
          "astronomical" : "0.3529874087",
          "lunar" : "137.3121032715",
          "kilometers" : "52806164",
          "miles" : "32812230"
        },
        "orbiting_body" : "Earth"
      } ],
      "orbital_data" : {
        "orbit_id" : "20",
        "orbit_determination_date" : "2017-04-06 09:04:11",
        "orbit_uncertainty" : "1",
        "minimum_orbit_intersection" : ".0100078",
        "jupiter_tisserand_invariant" : "5.491",
        "epoch_osculation" : "2458000.5",
        "eccentricity" : ".5387930363497254",
        "semi_major_axis" : "1.103329872136912",
        "inclination" : "3.156102565003792",
        "ascending_node_longitude" : "184.5960860435543",
        "orbital_period" : "423.3080152756132",
        "perihelion_distance" : ".5088634202329109",
        "perihelion_argument" : "102.4932858849819",
        "aphelion_distance" : "1.697796324040913",
        "perihelion_time" : "2457986.058530900470",
        "mean_anomaly" : "12.28166887519436",
        "mean_motion" : ".8504445628453462",
        "equinox" : "J2000"
      }
    }, {
      "links" : {
        "self" : "https://api.nasa.gov/neo/rest/v1/neo/3601677?api_key=t0TVs3DtDT2H8Oy2Zy8m2eVrNsAVKAexjcZXUckd"
      },
      "neo_reference_id" : "3601677",
      "name" : "(2012 FX35)",
      "nasa_jpl_url" : "http://ssd.jpl.nasa.gov/sbdb.cgi?sstr=3601677",
      "absolute_magnitude_h" : 25.8,
      "estimated_diameter" : {
        "kilometers" : {
          "estimated_diameter_min" : 0.0183888672,
          "estimated_diameter_max" : 0.0411187571
        },
        "meters" : {
          "estimated_diameter_min" : 18.388867207,
          "estimated_diameter_max" : 41.1187571041
        },
        "miles" : {
          "estimated_diameter_min" : 0.0114263088,
          "estimated_diameter_max" : 0.0255500032
        },
        "feet" : {
          "estimated_diameter_min" : 60.3309310875,
          "estimated_diameter_max" : 134.9040630575
        }
      },
      "is_potentially_hazardous_asteroid" : false,
      "close_approach_data" : [ {
        "close_approach_date" : "2001-03-08",
        "epoch_date_close_approach" : 984038400000,
        "relative_velocity" : {
          "kilometers_per_second" : "11.675280354",
          "kilometers_per_hour" : "42031.0092743543",
          "miles_per_hour" : "26116.4346238342"
        },
        "miss_distance" : {
          "astronomical" : "0.3472335775",
          "lunar" : "135.0738525391",
          "kilometers" : "51945404",
          "miles" : "32277376"
        },
        "orbiting_body" : "Earth"
      } ],
      "orbital_data" : {
        "orbit_id" : "8",
        "orbit_determination_date" : "2017-04-06 08:50:18",
        "orbit_uncertainty" : "6",
        "minimum_orbit_intersection" : ".00983387",
        "jupiter_tisserand_invariant" : "5.739",
        "epoch_osculation" : "2458000.5",
        "eccentricity" : ".065642098256153",
        "semi_major_axis" : "1.073088451701371",
        "inclination" : "10.83147119383102",
        "ascending_node_longitude" : "183.2425010277723",
        "orbital_period" : "406.0240029595902",
        "perihelion_distance" : "1.002648674117246",
        "perihelion_argument" : "343.1100004745581",
        "aphelion_distance" : "1.143528229285495",
        "perihelion_time" : "2458023.914428972940",
        "mean_anomaly" : "339.2396647271682",
        "mean_motion" : ".8866470882900714",
        "equinox" : "J2000"
      }
    }, {
      "links" : {
        "self" : "https://api.nasa.gov/neo/rest/v1/neo/3666430?api_key=t0TVs3DtDT2H8Oy2Zy8m2eVrNsAVKAexjcZXUckd"
      },
      "neo_reference_id" : "3666430",
      "name" : "(2014 FA7)",
      "nasa_jpl_url" : "http://ssd.jpl.nasa.gov/sbdb.cgi?sstr=3666430",
      "absolute_magnitude_h" : 26.7,
      "estimated_diameter" : {
        "kilometers" : {
          "estimated_diameter_min" : 0.0121494041,
          "estimated_diameter_max" : 0.0271668934
        },
        "meters" : {
          "estimated_diameter_min" : 12.14940408,
          "estimated_diameter_max" : 27.1668934089
        },
        "miles" : {
          "estimated_diameter_min" : 0.0075492874,
          "estimated_diameter_max" : 0.0168807197
        },
        "feet" : {
          "estimated_diameter_min" : 39.8602508817,
          "estimated_diameter_max" : 89.1302305717
        }
      },
      "is_potentially_hazardous_asteroid" : false,
      "close_approach_data" : [ {
        "close_approach_date" : "2001-03-08",
        "epoch_date_close_approach" : 984038400000,
        "relative_velocity" : {
          "kilometers_per_second" : "4.5436409774",
          "kilometers_per_hour" : "16357.1075185906",
          "miles_per_hour" : "10163.6705023154"
        },
        "miss_distance" : {
          "astronomical" : "0.064942826",
          "lunar" : "25.2627601624",
          "kilometers" : "9715309",
          "miles" : "6036813"
        },
        "orbiting_body" : "Earth"
      } ],
      "orbital_data" : {
        "orbit_id" : "7",
        "orbit_determination_date" : "2017-04-06 08:41:58",
        "orbit_uncertainty" : "6",
        "minimum_orbit_intersection" : ".00438796",
        "jupiter_tisserand_invariant" : "5.551",
        "epoch_osculation" : "2458000.5",
        "eccentricity" : ".2053588238373605",
        "semi_major_axis" : "1.119555000795144",
        "inclination" : "5.989274382940425",
        "ascending_node_longitude" : "180.508011818643",
        "orbital_period" : "432.679758015957",
        "perihelion_distance" : ".8896445026106181",
        "perihelion_argument" : "289.7187374156101",
        "aphelion_distance" : "1.34946549897967",
        "perihelion_time" : "2457976.692270151475",
        "mean_anomaly" : "19.80860575676117",
        "mean_motion" : ".8320241317753612",
        "equinox" : "J2000"
      }
    }, {
      "links" : {
        "self" : "https://api.nasa.gov/neo/rest/v1/neo/3745032?api_key=t0TVs3DtDT2H8Oy2Zy8m2eVrNsAVKAexjcZXUckd"
      },
      "neo_reference_id" : "3745032",
      "name" : "(2016 EH1)",
      "nasa_jpl_url" : "http://ssd.jpl.nasa.gov/sbdb.cgi?sstr=3745032",
      "absolute_magnitude_h" : 22.6,
      "estimated_diameter" : {
        "kilometers" : {
          "estimated_diameter_min" : 0.0802703167,
          "estimated_diameter_max" : 0.1794898848
        },
        "meters" : {
          "estimated_diameter_min" : 80.2703167283,
          "estimated_diameter_max" : 179.4898847799
        },
        "miles" : {
          "estimated_diameter_min" : 0.049877647,
          "estimated_diameter_max" : 0.1115298092
        },
        "feet" : {
          "estimated_diameter_min" : 263.3540659348,
          "estimated_diameter_max" : 588.8775935812
        }
      },
      "is_potentially_hazardous_asteroid" : false,
      "close_approach_data" : [ {
        "close_approach_date" : "2001-03-08",
        "epoch_date_close_approach" : 984038400000,
        "relative_velocity" : {
          "kilometers_per_second" : "20.5598936215",
          "kilometers_per_hour" : "74015.6170374036",
          "miles_per_hour" : "45990.4260419356"
        },
        "miss_distance" : {
          "astronomical" : "0.4202563604",
          "lunar" : "163.4797210693",
          "kilometers" : "62869456",
          "miles" : "39065268"
        },
        "orbiting_body" : "Earth"
      } ],
      "orbital_data" : {
        "orbit_id" : "17",
        "orbit_determination_date" : "2017-04-06 08:27:54",
        "orbit_uncertainty" : "5",
        "minimum_orbit_intersection" : ".00776419",
        "jupiter_tisserand_invariant" : "6.680",
        "epoch_osculation" : "2458000.5",
        "eccentricity" : ".2404558552929554",
        "semi_major_axis" : ".8812595436559441",
        "inclination" : "13.99558148484403",
        "ascending_node_longitude" : "153.80798064652",
        "orbital_period" : "302.1719705429266",
        "perihelion_distance" : ".6693555263510744",
        "perihelion_argument" : "231.2077158966427",
        "aphelion_distance" : "1.093163560960814",
        "perihelion_time" : "2457957.097472052012",
        "mean_anomaly" : "51.70866785956859",
        "mean_motion" : "1.19137456512982",
        "equinox" : "J2000"
      }
    }, {
      "links" : {
        "self" : "https://api.nasa.gov/neo/rest/v1/neo/3761271?api_key=t0TVs3DtDT2H8Oy2Zy8m2eVrNsAVKAexjcZXUckd"
      },
      "neo_reference_id" : "3761271",
      "name" : "(2016 US4)",
      "nasa_jpl_url" : "http://ssd.jpl.nasa.gov/sbdb.cgi?sstr=3761271",
      "absolute_magnitude_h" : 24.4,
      "estimated_diameter" : {
        "kilometers" : {
          "estimated_diameter_min" : 0.0350392641,
          "estimated_diameter_max" : 0.0783501764
        },
        "meters" : {
          "estimated_diameter_min" : 35.0392641108,
          "estimated_diameter_max" : 78.3501764334
        },
        "miles" : {
          "estimated_diameter_min" : 0.0217723826,
          "estimated_diameter_max" : 0.0486845275
        },
        "feet" : {
          "estimated_diameter_min" : 114.9582192654,
          "estimated_diameter_max" : 257.0543928497
        }
      },
      "is_potentially_hazardous_asteroid" : false,
      "close_approach_data" : [ {
        "close_approach_date" : "2001-03-08",
        "epoch_date_close_approach" : 984038400000,
        "relative_velocity" : {
          "kilometers_per_second" : "20.2117457643",
          "kilometers_per_hour" : "72762.2847514145",
          "miles_per_hour" : "45211.654100122"
        },
        "miss_distance" : {
          "astronomical" : "0.4934218181",
          "lunar" : "191.9410858154",
          "kilometers" : "73814856",
          "miles" : "45866424"
        },
        "orbiting_body" : "Earth"
      } ],
      "orbital_data" : {
        "orbit_id" : "3",
        "orbit_determination_date" : "2017-04-06 08:22:56",
        "orbit_uncertainty" : "6",
        "minimum_orbit_intersection" : ".00908397",
        "jupiter_tisserand_invariant" : "7.176",
        "epoch_osculation" : "2458000.5",
        "eccentricity" : ".3623412818111571",
        "semi_major_axis" : ".8045111682670718",
        "inclination" : "14.95651571067213",
        "ascending_node_longitude" : "206.1288496349375",
        "orbital_period" : "263.5703437193372",
        "perihelion_distance" : ".5130035603257895",
        "perihelion_argument" : "327.946014101613",
        "aphelion_distance" : "1.096018776208354",
        "perihelion_time" : "2458032.740076401390",
        "mean_anomaly" : "315.9645924472466",
        "mean_motion" : "1.3658592803724",
        "equinox" : "J2000"
      }
    } ]
  }
}