{
  "links" : {
    "next" : "https://api.nasa.gov/neo/rest/v1/feed?start_date=1996-09-09&end_date=1996-09-09&detailed=true&api_key=t0TVs3DtDT2H8Oy2Zy8m2eVrNsAVKAexjcZXUckd",
    "prev" : "https://api.nasa.gov/neo/rest/v1/feed?start_date=1996-09-07&end_date=1996-09-07&detailed=true&api_key=t0TVs3DtDT2H8Oy2Zy8m2eVrNsAVKAexjcZXUckd",
    "self" : "https://api.nasa.gov/neo/rest/v1/feed?start_date=1996-09-08&end_date=1996-09-08&detailed=true&api_key=t0TVs3DtDT2H8Oy2Zy8m2eVrNsAVKAexjcZXUckd"
  },
  "element_count" : 6,
  "near_earth_objects" : {
    "1996-09-08" : [ {
      "links" : {
        "self" : "https://api.nasa.gov/neo/rest/v1/neo/3384030?api_key=t0TVs3DtDT2H8Oy2Zy8m2eVrNsAVKAexjcZXUckd"
      },
      "neo_reference_id" : "3384030",
      "name" : "(2007 RZ8)",
      "nasa_jpl_url" : "http://ssd.jpl.nasa.gov/sbdb.cgi?sstr=3384030",
      "absolute_magnitude_h" : 23.8,
      "estimated_diameter" : {
        "kilometers" : {
          "estimated_diameter_min" : 0.046190746,
          "estimated_diameter_max" : 0.1032856481
        },
        "meters" : {
          "estimated_diameter_min" : 46.1907460282,
          "estimated_diameter_max" : 103.2856480504
        },
        "miles" : {
          "estimated_diameter_min" : 0.0287015901,
          "estimated_diameter_max" : 0.0641787064
        },
        "feet" : {
          "estimated_diameter_min" : 151.544447199,
          "estimated_diameter_max" : 338.8636855496
        }
      },
      "is_potentially_hazardous_asteroid" : false,
      "close_approach_data" : [ {
        "close_approach_date" : "1996-09-08",
        "epoch_date_close_approach" : 842166000000,
        "relative_velocity" : {
          "kilometers_per_second" : "6.2897608009",
          "kilometers_per_hour" : "22643.1388832607",
          "miles_per_hour" : "14069.5659355461"
        },
        "miss_distance" : {
          "astronomical" : "0.1588022531",
          "lunar" : "61.7740783691",
          "kilometers" : "23756480",
          "miles" : "14761592"
        },
        "orbiting_body" : "Earth"
      } ],
      "orbital_data" : {
        "orbit_id" : "15",
        "orbit_determination_date" : "2017-04-06 09:06:07",
        "orbit_uncertainty" : "6",
        "minimum_orbit_intersection" : ".0937947",
        "jupiter_tisserand_invariant" : "4.833",
        "epoch_osculation" : "2458000.5",
        "eccentricity" : ".1863248963303441",
        "semi_major_axis" : "1.352378829194392",
        "inclination" : "10.27046200826823",
        "ascending_node_longitude" : "343.7887509708956",
        "orbital_period" : "574.4417176178767",
        "perihelion_distance" : "1.100396984045395",
        "perihelion_argument" : "7.07722796459025",
        "aphelion_distance" : "1.604360674343389",
        "perihelion_time" : "2457802.304006500842",
        "mean_anomaly" : "124.2085236350468",
        "mean_motion" : ".6266954313361253",
        "equinox" : "J2000"
      }
    }, {
      "links" : {
        "self" : "https://api.nasa.gov/neo/rest/v1/neo/3432642?api_key=t0TVs3DtDT2H8Oy2Zy8m2eVrNsAVKAexjcZXUckd"
      },
      "neo_reference_id" : "3432642",
      "name" : "(2008 UX)",
      "nasa_jpl_url" : "http://ssd.jpl.nasa.gov/sbdb.cgi?sstr=3432642",
      "absolute_magnitude_h" : 20.7,
      "estimated_diameter" : {
        "kilometers" : {
          "estimated_diameter_min" : 0.1925550782,
          "estimated_diameter_max" : 0.4305662442
        },
        "meters" : {
          "estimated_diameter_min" : 192.5550781879,
          "estimated_diameter_max" : 430.566244241
        },
        "miles" : {
          "estimated_diameter_min" : 0.1196481415,
          "estimated_diameter_max" : 0.2675413778
        },
        "feet" : {
          "estimated_diameter_min" : 631.7424027221,
          "estimated_diameter_max" : 1412.6189567557
        }
      },
      "is_potentially_hazardous_asteroid" : false,
      "close_approach_data" : [ {
        "close_approach_date" : "1996-09-08",
        "epoch_date_close_approach" : 842166000000,
        "relative_velocity" : {
          "kilometers_per_second" : "18.8943269533",
          "kilometers_per_hour" : "68019.5770317871",
          "miles_per_hour" : "42264.7199617791"
        },
        "miss_distance" : {
          "astronomical" : "0.3165529929",
          "lunar" : "123.1391143799",
          "kilometers" : "47355656",
          "miles" : "29425440"
        },
        "orbiting_body" : "Earth"
      } ],
      "orbital_data" : {
        "orbit_id" : "30",
        "orbit_determination_date" : "2017-04-06 09:02:31",
        "orbit_uncertainty" : "1",
        "minimum_orbit_intersection" : ".0787175",
        "jupiter_tisserand_invariant" : "6.904",
        "epoch_osculation" : "2458000.5",
        "eccentricity" : ".6813260885514996",
        "semi_major_axis" : ".8174906150922439",
        "inclination" : "21.74123303927831",
        "ascending_node_longitude" : "37.55604628047293",
        "orbital_period" : "269.9744034889082",
        "perihelion_distance" : ".2605129318838859",
        "perihelion_argument" : "158.1216185616643",
        "aphelion_distance" : "1.374468298300602",
        "perihelion_time" : "2458101.469457926239",
        "mean_anomaly" : "225.3612920939759",
        "mean_motion" : "1.333459747841578",
        "equinox" : "J2000"
      }
    }, {
      "links" : {
        "self" : "https://api.nasa.gov/neo/rest/v1/neo/3461173?api_key=t0TVs3DtDT2H8Oy2Zy8m2eVrNsAVKAexjcZXUckd"
      },
      "neo_reference_id" : "3461173",
      "name" : "(2009 KL2)",
      "nasa_jpl_url" : "http://ssd.jpl.nasa.gov/sbdb.cgi?sstr=3461173",
      "absolute_magnitude_h" : 18.0,
      "estimated_diameter" : {
        "kilometers" : {
          "estimated_diameter_min" : 0.6676594135,
          "estimated_diameter_max" : 1.4929318344
        },
        "meters" : {
          "estimated_diameter_min" : 667.6594134952,
          "estimated_diameter_max" : 1492.931834393
        },
        "miles" : {
          "estimated_diameter_min" : 0.4148641974,
          "estimated_diameter_max" : 0.9276645469
        },
        "feet" : {
          "estimated_diameter_min" : 2190.4837101717,
          "estimated_diameter_max" : 4898.07047955
        }
      },
      "is_potentially_hazardous_asteroid" : false,
      "close_approach_data" : [ {
        "close_approach_date" : "1996-09-08",
        "epoch_date_close_approach" : 842166000000,
        "relative_velocity" : {
          "kilometers_per_second" : "7.2652460916",
          "kilometers_per_hour" : "26154.8859297365",
          "miles_per_hour" : "16251.6289822855"
        },
        "miss_distance" : {
          "astronomical" : "0.1873533876",
          "lunar" : "72.8804702759",
          "kilometers" : "28027668",
          "miles" : "17415586"
        },
        "orbiting_body" : "Earth"
      } ],
      "orbital_data" : {
        "orbit_id" : "70",
        "orbit_determination_date" : "2016-11-29 06:16:47",
        "orbit_uncertainty" : "0",
        "minimum_orbit_intersection" : ".162198",
        "jupiter_tisserand_invariant" : "3.498",
        "epoch_osculation" : "2457800.5",
        "eccentricity" : ".4701238906235851",
        "semi_major_axis" : "2.199012622855865",
        "inclination" : "9.460567694250514",
        "ascending_node_longitude" : "173.7526888533322",
        "orbital_period" : "1191.077471621934",
        "perihelion_distance" : "1.165204253068492",
        "perihelion_argument" : "165.8097112663675",
        "aphelion_distance" : "3.232820992643239",
        "perihelion_time" : "2457485.055233199812",
        "mean_anomaly" : "95.34234233599331",
        "mean_motion" : ".3022473420723631",
        "equinox" : "J2000"
      }
    }, {
      "links" : {
        "self" : "https://api.nasa.gov/neo/rest/v1/neo/3645649?api_key=t0TVs3DtDT2H8Oy2Zy8m2eVrNsAVKAexjcZXUckd"
      },
      "neo_reference_id" : "3645649",
      "name" : "(2013 PY38)",
      "nasa_jpl_url" : "http://ssd.jpl.nasa.gov/sbdb.cgi?sstr=3645649",
      "absolute_magnitude_h" : 24.7,
      "estimated_diameter" : {
        "kilometers" : {
          "estimated_diameter_min" : 0.0305179233,
          "estimated_diameter_max" : 0.0682401509
        },
        "meters" : {
          "estimated_diameter_min" : 30.5179232594,
          "estimated_diameter_max" : 68.2401509401
        },
        "miles" : {
          "estimated_diameter_min" : 0.0189629525,
          "estimated_diameter_max" : 0.0424024508
        },
        "feet" : {
          "estimated_diameter_min" : 100.1244233463,
          "estimated_diameter_max" : 223.8850168104
        }
      },
      "is_potentially_hazardous_asteroid" : false,
      "close_approach_data" : [ {
        "close_approach_date" : "1996-09-08",
        "epoch_date_close_approach" : 842166000000,
        "relative_velocity" : {
          "kilometers_per_second" : "8.1157311376",
          "kilometers_per_hour" : "29216.6320954004",
          "miles_per_hour" : "18154.0789817225"
        },
        "miss_distance" : {
          "astronomical" : "0.0822995631",
          "lunar" : "32.0145301819",
          "kilometers" : "12311839",
          "miles" : "7650222"
        },
        "orbiting_body" : "Earth"
      } ],
      "orbital_data" : {
        "orbit_id" : "13",
        "orbit_determination_date" : "2017-04-06 08:45:08",
        "orbit_uncertainty" : "3",
        "minimum_orbit_intersection" : ".0285671",
        "jupiter_tisserand_invariant" : "5.865",
        "epoch_osculation" : "2458000.5",
        "eccentricity" : ".2030510455908618",
        "semi_major_axis" : "1.042607694139675",
        "inclination" : "4.22223501558565",
        "ascending_node_longitude" : "146.24487474079",
        "orbital_period" : "388.8479513605899",
        "perihelion_distance" : ".8309051117035368",
        "perihelion_argument" : "296.9358099718218",
        "aphelion_distance" : "1.254310276575814",
        "perihelion_time" : "2458180.935898219437",
        "mean_anomaly" : "192.950326389245",
        "mean_motion" : ".9258117440000645",
        "equinox" : "J2000"
      }
    }, {
      "links" : {
        "self" : "https://api.nasa.gov/neo/rest/v1/neo/3684006?api_key=t0TVs3DtDT2H8Oy2Zy8m2eVrNsAVKAexjcZXUckd"
      },
      "neo_reference_id" : "3684006",
      "name" : "(2014 QV296)",
      "nasa_jpl_url" : "http://ssd.jpl.nasa.gov/sbdb.cgi?sstr=3684006",
      "absolute_magnitude_h" : 23.8,
      "estimated_diameter" : {
        "kilometers" : {
          "estimated_diameter_min" : 0.046190746,
          "estimated_diameter_max" : 0.1032856481
        },
        "meters" : {
          "estimated_diameter_min" : 46.1907460282,
          "estimated_diameter_max" : 103.2856480504
        },
        "miles" : {
          "estimated_diameter_min" : 0.0287015901,
          "estimated_diameter_max" : 0.0641787064
        },
        "feet" : {
          "estimated_diameter_min" : 151.544447199,
          "estimated_diameter_max" : 338.8636855496
        }
      },
      "is_potentially_hazardous_asteroid" : false,
      "close_approach_data" : [ {
        "close_approach_date" : "1996-09-08",
        "epoch_date_close_approach" : 842166000000,
        "relative_velocity" : {
          "kilometers_per_second" : "24.5237445454",
          "kilometers_per_hour" : "88285.4803632913",
          "miles_per_hour" : "54857.1641735129"
        },
        "miss_distance" : {
          "astronomical" : "0.4754645954",
          "lunar" : "184.9557189941",
          "kilometers" : "71128488",
          "miles" : "44197196"
        },
        "orbiting_body" : "Earth"
      } ],
      "orbital_data" : {
        "orbit_id" : "10",
        "orbit_determination_date" : "2017-04-06 08:39:06",
        "orbit_uncertainty" : "6",
        "minimum_orbit_intersection" : ".00972154",
        "jupiter_tisserand_invariant" : "5.302",
        "epoch_osculation" : "2458000.5",
        "eccentricity" : ".3412490371939675",
        "semi_major_axis" : "1.179422105070707",
        "inclination" : "5.859304230392112",
        "ascending_node_longitude" : "341.9028084819952",
        "orbital_period" : "467.8453546903667",
        "perihelion_distance" : ".7769454472700461",
        "perihelion_argument" : "255.03541941",
        "aphelion_distance" : "1.581898762871369",
        "perihelion_time" : "2458221.448305529093",
        "mean_anomaly" : "189.9835849751754",
        "mean_motion" : ".769485036862786",
        "equinox" : "J2000"
      }
    }, {
      "links" : {
        "self" : "https://api.nasa.gov/neo/rest/v1/neo/2481984?api_key=t0TVs3DtDT2H8Oy2Zy8m2eVrNsAVKAexjcZXUckd"
      },
      "neo_reference_id" : "2481984",
      "name" : "481984 Cernunnos (2009 KL2)",
      "nasa_jpl_url" : "http://ssd.jpl.nasa.gov/sbdb.cgi?sstr=2481984",
      "absolute_magnitude_h" : 18.0,
      "estimated_diameter" : {
        "kilometers" : {
          "estimated_diameter_min" : 0.6676594135,
          "estimated_diameter_max" : 1.4929318344
        },
        "meters" : {
          "estimated_diameter_min" : 667.6594134952,
          "estimated_diameter_max" : 1492.931834393
        },
        "miles" : {
          "estimated_diameter_min" : 0.4148641974,
          "estimated_diameter_max" : 0.9276645469
        },
        "feet" : {
          "estimated_diameter_min" : 2190.4837101717,
          "estimated_diameter_max" : 4898.07047955
        }
      },
      "is_potentially_hazardous_asteroid" : false,
      "close_approach_data" : [ {
        "close_approach_date" : "1996-09-08",
        "epoch_date_close_approach" : 842166000000,
        "relative_velocity" : {
          "kilometers_per_second" : "7.2652503417",
          "kilometers_per_hour" : "26154.9012301854",
          "miles_per_hour" : "16251.6384893894"
        },
        "miss_distance" : {
          "astronomical" : "0.1873533104",
          "lunar" : "72.8804397583",
          "kilometers" : "28027656",
          "miles" : "17415578"
        },
        "orbiting_body" : "Earth"
      } ],
      "orbital_data" : {
        "orbit_id" : "73",
        "orbit_determination_date" : "2017-04-06 09:18:46",
        "orbit_uncertainty" : "0",
        "minimum_orbit_intersection" : ".161443",
        "jupiter_tisserand_invariant" : "3.498",
        "epoch_osculation" : "2458000.5",
        "eccentricity" : ".4700461410005479",
        "semi_major_axis" : "2.198995093863622",
        "inclination" : "9.460561130701048",
        "ascending_node_longitude" : "173.7526588753051",
        "orbital_period" : "1191.063229994166",
        "perihelion_distance" : "1.165365935913889",
        "perihelion_argument" : "165.8028521931178",
        "aphelion_distance" : "3.232624251813355",
        "perihelion_time" : "2457484.988370940993",
        "mean_anomaly" : "155.813882745882",
        "mean_motion" : ".3022509560653328",
        "equinox" : "J2000"
      }
    } ]
  }
}