{
  "links" : {
    "next" : "https://api.nasa.gov/neo/rest/v1/feed?start_date=1999-09-23&end_date=1999-09-23&detailed=true&api_key=t0TVs3DtDT2H8Oy2Zy8m2eVrNsAVKAexjcZXUckd",
    "prev" : "https://api.nasa.gov/neo/rest/v1/feed?start_date=1999-09-21&end_date=1999-09-21&detailed=true&api_key=t0TVs3DtDT2H8Oy2Zy8m2eVrNsAVKAexjcZXUckd",
    "self" : "https://api.nasa.gov/neo/rest/v1/feed?start_date=1999-09-22&end_date=1999-09-22&detailed=true&api_key=t0TVs3DtDT2H8Oy2Zy8m2eVrNsAVKAexjcZXUckd"
  },
  "element_count" : 7,
  "near_earth_objects" : {
    "1999-09-22" : [ {
      "links" : {
        "self" : "https://api.nasa.gov/neo/rest/v1/neo/2088254?api_key=t0TVs3DtDT2H8Oy2Zy8m2eVrNsAVKAexjcZXUckd"
      },
      "neo_reference_id" : "2088254",
      "name" : "88254 (2001 FM129)",
      "nasa_jpl_url" : "http://ssd.jpl.nasa.gov/sbdb.cgi?sstr=2088254",
      "absolute_magnitude_h" : 17.6,
      "estimated_diameter" : {
        "kilometers" : {
          "estimated_diameter_min" : 0.8027031673,
          "estimated_diameter_max" : 1.7948988478
        },
        "meters" : {
          "estimated_diameter_min" : 802.7031672829,
          "estimated_diameter_max" : 1794.8988477988
        },
        "miles" : {
          "estimated_diameter_min" : 0.4987764698,
          "estimated_diameter_max" : 1.115298092
        },
        "feet" : {
          "estimated_diameter_min" : 2633.5406593483,
          "estimated_diameter_max" : 5888.7759358124
        }
      },
      "is_potentially_hazardous_asteroid" : true,
      "close_approach_data" : [ {
        "close_approach_date" : "1999-09-22",
        "epoch_date_close_approach" : 937983600000,
        "relative_velocity" : {
          "kilometers_per_second" : "18.6554293988",
          "kilometers_per_hour" : "67159.54583586",
          "miles_per_hour" : "41730.3300222876"
        },
        "miss_distance" : {
          "astronomical" : "0.474948923",
          "lunar" : "184.7551269531",
          "kilometers" : "71051344",
          "miles" : "44149260"
        },
        "orbiting_body" : "Earth"
      } ],
      "orbital_data" : {
        "orbit_id" : "121",
        "orbit_determination_date" : "2017-08-16 06:21:37",
        "orbit_uncertainty" : "0",
        "minimum_orbit_intersection" : ".0100036",
        "jupiter_tisserand_invariant" : "5.142",
        "epoch_osculation" : "2458000.5",
        "eccentricity" : ".6296879623294294",
        "semi_major_axis" : "1.182134944476101",
        "inclination" : "1.521417366146007",
        "ascending_node_longitude" : "272.26806726401",
        "orbital_period" : "469.4604493092067",
        "perihelion_distance" : ".4377588000905317",
        "perihelion_argument" : "140.0316773687173",
        "aphelion_distance" : "1.92651108886167",
        "perihelion_time" : "2458035.258191389126",
        "mean_anomaly" : "333.3461063258945",
        "mean_motion" : ".7668377613699437",
        "equinox" : "J2000"
      }
    }, {
      "links" : {
        "self" : "https://api.nasa.gov/neo/rest/v1/neo/2101955?api_key=t0TVs3DtDT2H8Oy2Zy8m2eVrNsAVKAexjcZXUckd"
      },
      "neo_reference_id" : "2101955",
      "name" : "101955 Bennu (1999 RQ36)",
      "nasa_jpl_url" : "http://ssd.jpl.nasa.gov/sbdb.cgi?sstr=2101955",
      "absolute_magnitude_h" : 20.19,
      "estimated_diameter" : {
        "kilometers" : {
          "estimated_diameter_min" : 0.2435314063,
          "estimated_diameter_max" : 0.5445527791
        },
        "meters" : {
          "estimated_diameter_min" : 243.5314062744,
          "estimated_diameter_max" : 544.5527790857
        },
        "miles" : {
          "estimated_diameter_min" : 0.1513233534,
          "estimated_diameter_max" : 0.3383693049
        },
        "feet" : {
          "estimated_diameter_min" : 798.9875789614,
          "estimated_diameter_max" : 1786.5905397357
        }
      },
      "is_potentially_hazardous_asteroid" : true,
      "close_approach_data" : [ {
        "close_approach_date" : "1999-09-22",
        "epoch_date_close_approach" : 937983600000,
        "relative_velocity" : {
          "kilometers_per_second" : "6.3687550599",
          "kilometers_per_hour" : "22927.5182157205",
          "miles_per_hour" : "14246.2681935403"
        },
        "miss_distance" : {
          "astronomical" : "0.0146863907",
          "lunar" : "5.7130060196",
          "kilometers" : "2197052.75",
          "miles" : "1365185.375"
        },
        "orbiting_body" : "Earth"
      } ],
      "orbital_data" : {
        "orbit_id" : "95",
        "orbit_determination_date" : "2017-09-02 06:19:55",
        "orbit_uncertainty" : "0",
        "minimum_orbit_intersection" : ".0032228",
        "jupiter_tisserand_invariant" : "5.525",
        "epoch_osculation" : "2455562.5",
        "eccentricity" : ".2037451095574896",
        "semi_major_axis" : "1.126391026024589",
        "inclination" : "6.034939391321328",
        "ascending_node_longitude" : "2.060867570687039",
        "orbital_period" : "436.6487281874828",
        "perihelion_distance" : ".896894363022636",
        "perihelion_argument" : "66.22306847249314",
        "aphelion_distance" : "1.355887689026542",
        "perihelion_time" : "2455439.141945873525",
        "mean_anomaly" : "101.7039478618686",
        "mean_motion" : ".8244613501895456",
        "equinox" : "J2000"
      }
    }, {
      "links" : {
        "self" : "https://api.nasa.gov/neo/rest/v1/neo/2162196?api_key=t0TVs3DtDT2H8Oy2Zy8m2eVrNsAVKAexjcZXUckd"
      },
      "neo_reference_id" : "2162196",
      "name" : "162196 (1999 RL45)",
      "nasa_jpl_url" : "http://ssd.jpl.nasa.gov/sbdb.cgi?sstr=2162196",
      "absolute_magnitude_h" : 18.7,
      "estimated_diameter" : {
        "kilometers" : {
          "estimated_diameter_min" : 0.4836764882,
          "estimated_diameter_max" : 1.0815335068
        },
        "meters" : {
          "estimated_diameter_min" : 483.6764882185,
          "estimated_diameter_max" : 1081.533506775
        },
        "miles" : {
          "estimated_diameter_min" : 0.3005425432,
          "estimated_diameter_max" : 0.6720335566
        },
        "feet" : {
          "estimated_diameter_min" : 1586.8651696069,
          "estimated_diameter_max" : 3548.3383903678
        }
      },
      "is_potentially_hazardous_asteroid" : false,
      "close_approach_data" : [ {
        "close_approach_date" : "1999-09-22",
        "epoch_date_close_approach" : 937983600000,
        "relative_velocity" : {
          "kilometers_per_second" : "11.3480995492",
          "kilometers_per_hour" : "40853.1583770005",
          "miles_per_hour" : "25384.5638815312"
        },
        "miss_distance" : {
          "astronomical" : "0.4252946177",
          "lunar" : "165.4396057129",
          "kilometers" : "63623168",
          "miles" : "39533604"
        },
        "orbiting_body" : "Earth"
      } ],
      "orbital_data" : {
        "orbit_id" : "53",
        "orbit_determination_date" : "2017-04-06 09:26:34",
        "orbit_uncertainty" : "0",
        "minimum_orbit_intersection" : ".240509",
        "jupiter_tisserand_invariant" : "3.865",
        "epoch_osculation" : "2458000.5",
        "eccentricity" : ".3749709968582153",
        "semi_major_axis" : "1.826185568364147",
        "inclination" : "22.44372874183935",
        "ascending_node_longitude" : "171.9949664983829",
        "orbital_period" : "901.3963319523248",
        "perihelion_distance" : "1.141418945346556",
        "perihelion_argument" : "234.1657864198185",
        "aphelion_distance" : "2.510952191381738",
        "perihelion_time" : "2457826.930057890038",
        "mean_anomaly" : "69.32042759065851",
        "mean_motion" : ".3993803693656927",
        "equinox" : "J2000"
      }
    }, {
      "links" : {
        "self" : "https://api.nasa.gov/neo/rest/v1/neo/2417655?api_key=t0TVs3DtDT2H8Oy2Zy8m2eVrNsAVKAexjcZXUckd"
      },
      "neo_reference_id" : "2417655",
      "name" : "417655 (2006 YF13)",
      "nasa_jpl_url" : "http://ssd.jpl.nasa.gov/sbdb.cgi?sstr=2417655",
      "absolute_magnitude_h" : 19.9,
      "estimated_diameter" : {
        "kilometers" : {
          "estimated_diameter_min" : 0.2783267681,
          "estimated_diameter_max" : 0.6223575734
        },
        "meters" : {
          "estimated_diameter_min" : 278.3267680719,
          "estimated_diameter_max" : 622.3575733667
        },
        "miles" : {
          "estimated_diameter_min" : 0.1729441822,
          "estimated_diameter_max" : 0.3867149477
        },
        "feet" : {
          "estimated_diameter_min" : 913.1455937611,
          "estimated_diameter_max" : 2041.8556210042
        }
      },
      "is_potentially_hazardous_asteroid" : false,
      "close_approach_data" : [ {
        "close_approach_date" : "1999-09-22",
        "epoch_date_close_approach" : 937983600000,
        "relative_velocity" : {
          "kilometers_per_second" : "12.648083808",
          "kilometers_per_hour" : "45533.1017088554",
          "miles_per_hour" : "28292.4986701496"
        },
        "miss_distance" : {
          "astronomical" : "0.3803130353",
          "lunar" : "147.9417724609",
          "kilometers" : "56894020",
          "miles" : "35352304"
        },
        "orbiting_body" : "Earth"
      } ],
      "orbital_data" : {
        "orbit_id" : "31",
        "orbit_determination_date" : "2017-04-06 09:21:16",
        "orbit_uncertainty" : "0",
        "minimum_orbit_intersection" : ".0807597",
        "jupiter_tisserand_invariant" : "6.419",
        "epoch_osculation" : "2458000.5",
        "eccentricity" : ".4034355461548302",
        "semi_major_axis" : ".9188845107918439",
        "inclination" : "10.53351561859993",
        "ascending_node_longitude" : "205.297250983349",
        "orbital_period" : "321.7287141305948",
        "perihelion_distance" : ".5481738363273223",
        "perihelion_argument" : "95.41295794635703",
        "aphelion_distance" : "1.289595185256365",
        "perihelion_time" : "2457849.117317436306",
        "mean_anomaly" : "169.3904315323507",
        "mean_motion" : "1.118955145091185",
        "equinox" : "J2000"
      }
    }, {
      "links" : {
        "self" : "https://api.nasa.gov/neo/rest/v1/neo/3147315?api_key=t0TVs3DtDT2H8Oy2Zy8m2eVrNsAVKAexjcZXUckd"
      },
      "neo_reference_id" : "3147315",
      "name" : "(2003 BN4)",
      "nasa_jpl_url" : "http://ssd.jpl.nasa.gov/sbdb.cgi?sstr=3147315",
      "absolute_magnitude_h" : 24.0,
      "estimated_diameter" : {
        "kilometers" : {
          "estimated_diameter_min" : 0.0421264611,
          "estimated_diameter_max" : 0.0941976306
        },
        "meters" : {
          "estimated_diameter_min" : 42.1264610556,
          "estimated_diameter_max" : 94.1976305719
        },
        "miles" : {
          "estimated_diameter_min" : 0.0261761612,
          "estimated_diameter_max" : 0.0585316759
        },
        "feet" : {
          "estimated_diameter_min" : 138.2101784897,
          "estimated_diameter_max" : 309.0473542854
        }
      },
      "is_potentially_hazardous_asteroid" : false,
      "close_approach_data" : [ {
        "close_approach_date" : "1999-09-22",
        "epoch_date_close_approach" : 937983600000,
        "relative_velocity" : {
          "kilometers_per_second" : "6.7078283443",
          "kilometers_per_hour" : "24148.1820395534",
          "miles_per_hour" : "15004.7412234103"
        },
        "miss_distance" : {
          "astronomical" : "0.437206178",
          "lunar" : "170.0731964111",
          "kilometers" : "65405112",
          "miles" : "40640852"
        },
        "orbiting_body" : "Earth"
      } ],
      "orbital_data" : {
        "orbit_id" : "23",
        "orbit_determination_date" : "2017-04-06 09:14:24",
        "orbit_uncertainty" : "0",
        "minimum_orbit_intersection" : ".0700824",
        "jupiter_tisserand_invariant" : "5.068",
        "epoch_osculation" : "2458000.5",
        "eccentricity" : ".1709397701603758",
        "semi_major_axis" : "1.269416406161483",
        "inclination" : "5.589897491545761",
        "ascending_node_longitude" : "307.5931578610928",
        "orbital_period" : "522.4017068421587",
        "perihelion_distance" : "1.052422657454428",
        "perihelion_argument" : "193.2657026750948",
        "aphelion_distance" : "1.486410154868537",
        "perihelion_time" : "2457901.649876183739",
        "mean_anomaly" : "68.12007715090819",
        "mean_motion" : ".6891248540824013",
        "equinox" : "J2000"
      }
    }, {
      "links" : {
        "self" : "https://api.nasa.gov/neo/rest/v1/neo/3278182?api_key=t0TVs3DtDT2H8Oy2Zy8m2eVrNsAVKAexjcZXUckd"
      },
      "neo_reference_id" : "3278182",
      "name" : "(2005 JZ93)",
      "nasa_jpl_url" : "http://ssd.jpl.nasa.gov/sbdb.cgi?sstr=3278182",
      "absolute_magnitude_h" : 24.7,
      "estimated_diameter" : {
        "kilometers" : {
          "estimated_diameter_min" : 0.0305179233,
          "estimated_diameter_max" : 0.0682401509
        },
        "meters" : {
          "estimated_diameter_min" : 30.5179232594,
          "estimated_diameter_max" : 68.2401509401
        },
        "miles" : {
          "estimated_diameter_min" : 0.0189629525,
          "estimated_diameter_max" : 0.0424024508
        },
        "feet" : {
          "estimated_diameter_min" : 100.1244233463,
          "estimated_diameter_max" : 223.8850168104
        }
      },
      "is_potentially_hazardous_asteroid" : false,
      "close_approach_data" : [ {
        "close_approach_date" : "1999-09-22",
        "epoch_date_close_approach" : 937983600000,
        "relative_velocity" : {
          "kilometers_per_second" : "7.8298800279",
          "kilometers_per_hour" : "28187.5681002841",
          "miles_per_hour" : "17514.6586343126"
        },
        "miss_distance" : {
          "astronomical" : "0.437912133",
          "lunar" : "170.3478240967",
          "kilometers" : "65510724",
          "miles" : "40706476"
        },
        "orbiting_body" : "Earth"
      } ],
      "orbital_data" : {
        "orbit_id" : "9",
        "orbit_determination_date" : "2017-04-06 09:10:58",
        "orbit_uncertainty" : "7",
        "minimum_orbit_intersection" : ".00676494",
        "jupiter_tisserand_invariant" : "4.873",
        "epoch_osculation" : "2458000.5",
        "eccentricity" : ".2408604278457406",
        "semi_major_axis" : "1.32010783976928",
        "inclination" : "17.64451847317126",
        "ascending_node_longitude" : "54.56227200131111",
        "orbital_period" : "554.0035430505328",
        "perihelion_distance" : "1.002146100679934",
        "perihelion_argument" : "202.4427797627355",
        "aphelion_distance" : "1.638069578858625",
        "perihelion_time" : "2457957.933093970761",
        "mean_anomaly" : "27.66062846123055",
        "mean_motion" : ".6498153387570718",
        "equinox" : "J2000"
      }
    }, {
      "links" : {
        "self" : "https://api.nasa.gov/neo/rest/v1/neo/3467709?api_key=t0TVs3DtDT2H8Oy2Zy8m2eVrNsAVKAexjcZXUckd"
      },
      "neo_reference_id" : "3467709",
      "name" : "(2009 SW19)",
      "nasa_jpl_url" : "http://ssd.jpl.nasa.gov/sbdb.cgi?sstr=3467709",
      "absolute_magnitude_h" : 19.5,
      "estimated_diameter" : {
        "kilometers" : {
          "estimated_diameter_min" : 0.3346223745,
          "estimated_diameter_max" : 0.7482383761
        },
        "meters" : {
          "estimated_diameter_min" : 334.6223744549,
          "estimated_diameter_max" : 748.2383760735
        },
        "miles" : {
          "estimated_diameter_min" : 0.2079246394,
          "estimated_diameter_max" : 0.464933628
        },
        "feet" : {
          "estimated_diameter_min" : 1097.8424710066,
          "estimated_diameter_max" : 2454.8503937571
        }
      },
      "is_potentially_hazardous_asteroid" : false,
      "close_approach_data" : [ {
        "close_approach_date" : "1999-09-22",
        "epoch_date_close_approach" : 937983600000,
        "relative_velocity" : {
          "kilometers_per_second" : "29.0705802698",
          "kilometers_per_hour" : "104654.0889712829",
          "miles_per_hour" : "65027.9810055174"
        },
        "miss_distance" : {
          "astronomical" : "0.4800047284",
          "lunar" : "186.7218322754",
          "kilometers" : "71807688",
          "miles" : "44619228"
        },
        "orbiting_body" : "Earth"
      } ],
      "orbital_data" : {
        "orbit_id" : "22",
        "orbit_determination_date" : "2017-04-06 08:59:52",
        "orbit_uncertainty" : "1",
        "minimum_orbit_intersection" : ".0969934",
        "jupiter_tisserand_invariant" : "4.545",
        "epoch_osculation" : "2458000.5",
        "eccentricity" : ".3275699601937731",
        "semi_major_axis" : "1.262739092890679",
        "inclination" : "62.90873768593251",
        "ascending_node_longitude" : "184.0371636948783",
        "orbital_period" : "518.2852695852798",
        "perihelion_distance" : ".8491036984973581",
        "perihelion_argument" : "38.43702785318015",
        "aphelion_distance" : "1.676374487284",
        "perihelion_time" : "2458047.297505987772",
        "mean_anomaly" : "327.494537961539",
        "mean_motion" : ".6945981704015318",
        "equinox" : "J2000"
      }
    } ]
  }
}