{
  "links" : {
    "next" : "https://api.nasa.gov/neo/rest/v1/feed?start_date=2003-10-23&end_date=2003-10-23&detailed=true&api_key=t0TVs3DtDT2H8Oy2Zy8m2eVrNsAVKAexjcZXUckd",
    "prev" : "https://api.nasa.gov/neo/rest/v1/feed?start_date=2003-10-21&end_date=2003-10-21&detailed=true&api_key=t0TVs3DtDT2H8Oy2Zy8m2eVrNsAVKAexjcZXUckd",
    "self" : "https://api.nasa.gov/neo/rest/v1/feed?start_date=2003-10-22&end_date=2003-10-22&detailed=true&api_key=t0TVs3DtDT2H8Oy2Zy8m2eVrNsAVKAexjcZXUckd"
  },
  "element_count" : 7,
  "near_earth_objects" : {
    "2003-10-22" : [ {
      "links" : {
        "self" : "https://api.nasa.gov/neo/rest/v1/neo/3164413?api_key=t0TVs3DtDT2H8Oy2Zy8m2eVrNsAVKAexjcZXUckd"
      },
      "neo_reference_id" : "3164413",
      "name" : "(2003 UP25)",
      "nasa_jpl_url" : "http://ssd.jpl.nasa.gov/sbdb.cgi?sstr=3164413",
      "absolute_magnitude_h" : 23.3,
      "estimated_diameter" : {
        "kilometers" : {
          "estimated_diameter_min" : 0.058150704,
          "estimated_diameter_max" : 0.130028927
        },
        "meters" : {
          "estimated_diameter_min" : 58.1507039646,
          "estimated_diameter_max" : 130.0289270043
        },
        "miles" : {
          "estimated_diameter_min" : 0.0361331611,
          "estimated_diameter_max" : 0.0807962044
        },
        "feet" : {
          "estimated_diameter_min" : 190.7831555951,
          "estimated_diameter_max" : 426.6041048727
        }
      },
      "is_potentially_hazardous_asteroid" : false,
      "close_approach_data" : [ {
        "close_approach_date" : "2003-10-22",
        "epoch_date_close_approach" : 1066806000000,
        "relative_velocity" : {
          "kilometers_per_second" : "10.7819402183",
          "kilometers_per_hour" : "38814.9847859668",
          "miles_per_hour" : "24118.1220743692"
        },
        "miss_distance" : {
          "astronomical" : "0.0830251128",
          "lunar" : "32.2967681885",
          "kilometers" : "12420380",
          "miles" : "7717666.5"
        },
        "orbiting_body" : "Earth"
      } ],
      "orbital_data" : {
        "orbit_id" : "13",
        "orbit_determination_date" : "2017-04-06 09:13:35",
        "orbit_uncertainty" : "8",
        "minimum_orbit_intersection" : ".0784694",
        "jupiter_tisserand_invariant" : "5.026",
        "epoch_osculation" : "2452938.5",
        "eccentricity" : ".1558146266843837",
        "semi_major_axis" : "1.266012843670373",
        "inclination" : "19.93406786440739",
        "ascending_node_longitude" : "29.57925313291946",
        "orbital_period" : "520.3021185977958",
        "perihelion_distance" : "1.068749525056239",
        "perihelion_argument" : "343.996000144819",
        "aphelion_distance" : "1.463276162284508",
        "perihelion_time" : "2452920.918131671840",
        "mean_anomaly" : "12.16499485951625",
        "mean_motion" : ".6919056969635125",
        "equinox" : "J2000"
      }
    }, {
      "links" : {
        "self" : "https://api.nasa.gov/neo/rest/v1/neo/2175921?api_key=t0TVs3DtDT2H8Oy2Zy8m2eVrNsAVKAexjcZXUckd"
      },
      "neo_reference_id" : "2175921",
      "name" : "175921 (2000 DM1)",
      "nasa_jpl_url" : "http://ssd.jpl.nasa.gov/sbdb.cgi?sstr=2175921",
      "absolute_magnitude_h" : 18.3,
      "estimated_diameter" : {
        "kilometers" : {
          "estimated_diameter_min" : 0.5815070396,
          "estimated_diameter_max" : 1.30028927
        },
        "meters" : {
          "estimated_diameter_min" : 581.5070396458,
          "estimated_diameter_max" : 1300.2892700427
        },
        "miles" : {
          "estimated_diameter_min" : 0.3613316107,
          "estimated_diameter_max" : 0.807962044
        },
        "feet" : {
          "estimated_diameter_min" : 1907.8315559515,
          "estimated_diameter_max" : 4266.0410487267
        }
      },
      "is_potentially_hazardous_asteroid" : false,
      "close_approach_data" : [ {
        "close_approach_date" : "2003-10-22",
        "epoch_date_close_approach" : 1066806000000,
        "relative_velocity" : {
          "kilometers_per_second" : "29.4362379154",
          "kilometers_per_hour" : "105970.4564953684",
          "miles_per_hour" : "65845.9205929138"
        },
        "miss_distance" : {
          "astronomical" : "0.4692003137",
          "lunar" : "182.5189208984",
          "kilometers" : "70191368",
          "miles" : "43614896"
        },
        "orbiting_body" : "Earth"
      } ],
      "orbital_data" : {
        "orbit_id" : "64",
        "orbit_determination_date" : "2017-04-06 09:25:53",
        "orbit_uncertainty" : "0",
        "minimum_orbit_intersection" : ".14155",
        "jupiter_tisserand_invariant" : "4.641",
        "epoch_osculation" : "2458000.5",
        "eccentricity" : ".4838586953347463",
        "semi_major_axis" : "1.368937873285859",
        "inclination" : "20.69944414111301",
        "ascending_node_longitude" : "342.7965027778834",
        "orbital_period" : "585.0244746225563",
        "perihelion_distance" : ".7065653799234412",
        "perihelion_argument" : "306.6714215116454",
        "aphelion_distance" : "2.031310366648278",
        "perihelion_time" : "2458156.936540001663",
        "mean_anomaly" : "263.7353874178801",
        "mean_motion" : ".6153588706391527",
        "equinox" : "J2000"
      }
    }, {
      "links" : {
        "self" : "https://api.nasa.gov/neo/rest/v1/neo/3158120?api_key=t0TVs3DtDT2H8Oy2Zy8m2eVrNsAVKAexjcZXUckd"
      },
      "neo_reference_id" : "3158120",
      "name" : "(2003 QZ29)",
      "nasa_jpl_url" : "http://ssd.jpl.nasa.gov/sbdb.cgi?sstr=3158120",
      "absolute_magnitude_h" : 19.0,
      "estimated_diameter" : {
        "kilometers" : {
          "estimated_diameter_min" : 0.4212646106,
          "estimated_diameter_max" : 0.9419763057
        },
        "meters" : {
          "estimated_diameter_min" : 421.2646105562,
          "estimated_diameter_max" : 941.9763057186
        },
        "miles" : {
          "estimated_diameter_min" : 0.2617616123,
          "estimated_diameter_max" : 0.5853167591
        },
        "feet" : {
          "estimated_diameter_min" : 1382.1017848971,
          "estimated_diameter_max" : 3090.4735428537
        }
      },
      "is_potentially_hazardous_asteroid" : false,
      "close_approach_data" : [ {
        "close_approach_date" : "2003-10-22",
        "epoch_date_close_approach" : 1066806000000,
        "relative_velocity" : {
          "kilometers_per_second" : "8.8278039828",
          "kilometers_per_hour" : "31780.094337908",
          "miles_per_hour" : "19746.9147290185"
        },
        "miss_distance" : {
          "astronomical" : "0.1187889654",
          "lunar" : "46.2089080811",
          "kilometers" : "17770576",
          "miles" : "11042124"
        },
        "orbiting_body" : "Earth"
      } ],
      "orbital_data" : {
        "orbit_id" : "56",
        "orbit_determination_date" : "2017-04-06 09:13:56",
        "orbit_uncertainty" : "0",
        "minimum_orbit_intersection" : ".106354",
        "jupiter_tisserand_invariant" : "3.187",
        "epoch_osculation" : "2458000.5",
        "eccentricity" : ".6043947893011131",
        "semi_major_axis" : "2.47804835604237",
        "inclination" : "8.707528089259078",
        "ascending_node_longitude" : "162.709220983994",
        "orbital_period" : "1424.830135981519",
        "perihelion_distance" : ".9803288420141718",
        "perihelion_argument" : "251.2156137616826",
        "aphelion_distance" : "3.975767870070567",
        "perihelion_time" : "2458665.122105331665",
        "mean_anomaly" : "192.0754510469571",
        "mean_motion" : ".2526616969341456",
        "equinox" : "J2000"
      }
    }, {
      "links" : {
        "self" : "https://api.nasa.gov/neo/rest/v1/neo/3278078?api_key=t0TVs3DtDT2H8Oy2Zy8m2eVrNsAVKAexjcZXUckd"
      },
      "neo_reference_id" : "3278078",
      "name" : "(2005 JU81)",
      "nasa_jpl_url" : "http://ssd.jpl.nasa.gov/sbdb.cgi?sstr=3278078",
      "absolute_magnitude_h" : 21.7,
      "estimated_diameter" : {
        "kilometers" : {
          "estimated_diameter_min" : 0.1214940408,
          "estimated_diameter_max" : 0.2716689341
        },
        "meters" : {
          "estimated_diameter_min" : 121.4940407996,
          "estimated_diameter_max" : 271.6689340891
        },
        "miles" : {
          "estimated_diameter_min" : 0.0754928736,
          "estimated_diameter_max" : 0.1688071972
        },
        "feet" : {
          "estimated_diameter_min" : 398.6025088171,
          "estimated_diameter_max" : 891.3023057169
        }
      },
      "is_potentially_hazardous_asteroid" : true,
      "close_approach_data" : [ {
        "close_approach_date" : "2003-10-22",
        "epoch_date_close_approach" : 1066806000000,
        "relative_velocity" : {
          "kilometers_per_second" : "23.0959948345",
          "kilometers_per_hour" : "83145.5814041737",
          "miles_per_hour" : "51663.4308452767"
        },
        "miss_distance" : {
          "astronomical" : "0.4533851028",
          "lunar" : "176.3668060303",
          "kilometers" : "67825448",
          "miles" : "42144780"
        },
        "orbiting_body" : "Earth"
      } ],
      "orbital_data" : {
        "orbit_id" : "15",
        "orbit_determination_date" : "2017-04-06 09:10:58",
        "orbit_uncertainty" : "1",
        "minimum_orbit_intersection" : ".0288226",
        "jupiter_tisserand_invariant" : "5.510",
        "epoch_osculation" : "2458000.5",
        "eccentricity" : ".2774385921707033",
        "semi_major_axis" : "1.116526992364226",
        "inclination" : "17.28822148842633",
        "ascending_node_longitude" : "56.35022654045526",
        "orbital_period" : "430.9255721917104",
        "perihelion_distance" : ".8067593154821059",
        "perihelion_argument" : "72.47395362249664",
        "aphelion_distance" : "1.426294669246347",
        "perihelion_time" : "2458158.767374708257",
        "mean_anomaly" : "227.7816807083689",
        "mean_motion" : ".8354110854202057",
        "equinox" : "J2000"
      }
    }, {
      "links" : {
        "self" : "https://api.nasa.gov/neo/rest/v1/neo/3353630?api_key=t0TVs3DtDT2H8Oy2Zy8m2eVrNsAVKAexjcZXUckd"
      },
      "neo_reference_id" : "3353630",
      "name" : "(2006 UB64)",
      "nasa_jpl_url" : "http://ssd.jpl.nasa.gov/sbdb.cgi?sstr=3353630",
      "absolute_magnitude_h" : 20.6,
      "estimated_diameter" : {
        "kilometers" : {
          "estimated_diameter_min" : 0.2016299194,
          "estimated_diameter_max" : 0.4508582062
        },
        "meters" : {
          "estimated_diameter_min" : 201.6299194428,
          "estimated_diameter_max" : 450.8582061718
        },
        "miles" : {
          "estimated_diameter_min" : 0.1252869847,
          "estimated_diameter_max" : 0.2801502144
        },
        "feet" : {
          "estimated_diameter_min" : 661.5155049046,
          "estimated_diameter_max" : 1479.1936371367
        }
      },
      "is_potentially_hazardous_asteroid" : false,
      "close_approach_data" : [ {
        "close_approach_date" : "2003-10-22",
        "epoch_date_close_approach" : 1066806000000,
        "relative_velocity" : {
          "kilometers_per_second" : "29.7834535604",
          "kilometers_per_hour" : "107220.4328174144",
          "miles_per_hour" : "66622.6072692429"
        },
        "miss_distance" : {
          "astronomical" : "0.3812446695",
          "lunar" : "148.3041687012",
          "kilometers" : "57033388",
          "miles" : "35438904"
        },
        "orbiting_body" : "Earth"
      } ],
      "orbital_data" : {
        "orbit_id" : "16",
        "orbit_determination_date" : "2017-04-06 09:07:47",
        "orbit_uncertainty" : "1",
        "minimum_orbit_intersection" : ".162248",
        "jupiter_tisserand_invariant" : "3.372",
        "epoch_osculation" : "2458000.5",
        "eccentricity" : ".6993607010218096",
        "semi_major_axis" : "2.101238585829244",
        "inclination" : "9.526124278034459",
        "ascending_node_longitude" : "130.3829522392481",
        "orbital_period" : "1112.529351986562",
        "perihelion_distance" : ".6317148954296281",
        "perihelion_argument" : "359.2750803171196",
        "aphelion_distance" : "3.57076227622886",
        "perihelion_time" : "2458547.301153564012",
        "mean_anomaly" : "183.0622725310153",
        "mean_motion" : ".3235869681614912",
        "equinox" : "J2000"
      }
    }, {
      "links" : {
        "self" : "https://api.nasa.gov/neo/rest/v1/neo/3545705?api_key=t0TVs3DtDT2H8Oy2Zy8m2eVrNsAVKAexjcZXUckd"
      },
      "neo_reference_id" : "3545705",
      "name" : "(2010 RF42)",
      "nasa_jpl_url" : "http://ssd.jpl.nasa.gov/sbdb.cgi?sstr=3545705",
      "absolute_magnitude_h" : 25.1,
      "estimated_diameter" : {
        "kilometers" : {
          "estimated_diameter_min" : 0.0253837029,
          "estimated_diameter_max" : 0.0567596853
        },
        "meters" : {
          "estimated_diameter_min" : 25.3837029364,
          "estimated_diameter_max" : 56.7596852866
        },
        "miles" : {
          "estimated_diameter_min" : 0.0157726969,
          "estimated_diameter_max" : 0.0352688224
        },
        "feet" : {
          "estimated_diameter_min" : 83.279867942,
          "estimated_diameter_max" : 186.2194458756
        }
      },
      "is_potentially_hazardous_asteroid" : false,
      "close_approach_data" : [ {
        "close_approach_date" : "2003-10-22",
        "epoch_date_close_approach" : 1066806000000,
        "relative_velocity" : {
          "kilometers_per_second" : "15.8658183888",
          "kilometers_per_hour" : "57116.9461996465",
          "miles_per_hour" : "35490.2491538859"
        },
        "miss_distance" : {
          "astronomical" : "0.3905624505",
          "lunar" : "151.9287872314",
          "kilometers" : "58427312",
          "miles" : "36305048"
        },
        "orbiting_body" : "Earth"
      } ],
      "orbital_data" : {
        "orbit_id" : "7",
        "orbit_determination_date" : "2017-04-06 08:56:48",
        "orbit_uncertainty" : "7",
        "minimum_orbit_intersection" : ".10432",
        "jupiter_tisserand_invariant" : "6.435",
        "epoch_osculation" : "2458000.5",
        "eccentricity" : ".202910881052945",
        "semi_major_axis" : ".9234813508909568",
        "inclination" : "14.05323518604505",
        "ascending_node_longitude" : "169.6828376363623",
        "orbital_period" : "324.1459660369089",
        "perihelion_distance" : ".7360969363457089",
        "perihelion_argument" : "359.549716560939",
        "aphelion_distance" : "1.110865765436205",
        "perihelion_time" : "2457885.975417013180",
        "mean_anomaly" : "127.1922349654067",
        "mean_motion" : "1.110610767122762",
        "equinox" : "J2000"
      }
    }, {
      "links" : {
        "self" : "https://api.nasa.gov/neo/rest/v1/neo/3652985?api_key=t0TVs3DtDT2H8Oy2Zy8m2eVrNsAVKAexjcZXUckd"
      },
      "neo_reference_id" : "3652985",
      "name" : "(2013 UG1)",
      "nasa_jpl_url" : "http://ssd.jpl.nasa.gov/sbdb.cgi?sstr=3652985",
      "absolute_magnitude_h" : 22.4,
      "estimated_diameter" : {
        "kilometers" : {
          "estimated_diameter_min" : 0.0880146521,
          "estimated_diameter_max" : 0.1968067451
        },
        "meters" : {
          "estimated_diameter_min" : 88.0146520901,
          "estimated_diameter_max" : 196.8067450894
        },
        "miles" : {
          "estimated_diameter_min" : 0.0546897524,
          "estimated_diameter_max" : 0.122290004
        },
        "feet" : {
          "estimated_diameter_min" : 288.7619911632,
          "estimated_diameter_max" : 645.6914415591
        }
      },
      "is_potentially_hazardous_asteroid" : false,
      "close_approach_data" : [ {
        "close_approach_date" : "2003-10-22",
        "epoch_date_close_approach" : 1066806000000,
        "relative_velocity" : {
          "kilometers_per_second" : "21.16956575",
          "kilometers_per_hour" : "76210.4367001051",
          "miles_per_hour" : "47354.2016262403"
        },
        "miss_distance" : {
          "astronomical" : "0.2263629766",
          "lunar" : "88.0551986694",
          "kilometers" : "33863420",
          "miles" : "21041754"
        },
        "orbiting_body" : "Earth"
      } ],
      "orbital_data" : {
        "orbit_id" : "19",
        "orbit_determination_date" : "2017-04-06 08:44:05",
        "orbit_uncertainty" : "3",
        "minimum_orbit_intersection" : ".00139774",
        "jupiter_tisserand_invariant" : "7.192",
        "epoch_osculation" : "2458000.5",
        "eccentricity" : ".4829753605748564",
        "semi_major_axis" : ".798269976586885",
        "inclination" : "10.70394092562434",
        "ascending_node_longitude" : "24.5147908867564",
        "orbital_period" : "260.5092329379667",
        "perihelion_distance" : ".4127252468087521",
        "perihelion_argument" : "216.5665593134379",
        "aphelion_distance" : "1.183814706365018",
        "perihelion_time" : "2458076.587435164511",
        "mean_anomaly" : "254.8541042084815",
        "mean_motion" : "1.381908794325629",
        "equinox" : "J2000"
      }
    } ]
  }
}