{
  "links" : {
    "next" : "https://api.nasa.gov/neo/rest/v1/feed?start_date=2006-05-16&end_date=2006-05-16&detailed=true&api_key=t0TVs3DtDT2H8Oy2Zy8m2eVrNsAVKAexjcZXUckd",
    "prev" : "https://api.nasa.gov/neo/rest/v1/feed?start_date=2006-05-14&end_date=2006-05-14&detailed=true&api_key=t0TVs3DtDT2H8Oy2Zy8m2eVrNsAVKAexjcZXUckd",
    "self" : "https://api.nasa.gov/neo/rest/v1/feed?start_date=2006-05-15&end_date=2006-05-15&detailed=true&api_key=t0TVs3DtDT2H8Oy2Zy8m2eVrNsAVKAexjcZXUckd"
  },
  "element_count" : 7,
  "near_earth_objects" : {
    "2006-05-15" : [ {
      "links" : {
        "self" : "https://api.nasa.gov/neo/rest/v1/neo/2419624?api_key=t0TVs3DtDT2H8Oy2Zy8m2eVrNsAVKAexjcZXUckd"
      },
      "neo_reference_id" : "2419624",
      "name" : "419624 (2010 SO16)",
      "nasa_jpl_url" : "http://ssd.jpl.nasa.gov/sbdb.cgi?sstr=2419624",
      "absolute_magnitude_h" : 20.5,
      "estimated_diameter" : {
        "kilometers" : {
          "estimated_diameter_min" : 0.2111324448,
          "estimated_diameter_max" : 0.4721064988
        },
        "meters" : {
          "estimated_diameter_min" : 211.1324447897,
          "estimated_diameter_max" : 472.1064988055
        },
        "miles" : {
          "estimated_diameter_min" : 0.1311915784,
          "estimated_diameter_max" : 0.2933532873
        },
        "feet" : {
          "estimated_diameter_min" : 692.6917701639,
          "estimated_diameter_max" : 1548.9058855411
        }
      },
      "is_potentially_hazardous_asteroid" : true,
      "close_approach_data" : [ {
        "close_approach_date" : "2006-05-15",
        "epoch_date_close_approach" : 1147676400000,
        "relative_velocity" : {
          "kilometers_per_second" : "9.750085539",
          "kilometers_per_hour" : "35100.3079404645",
          "miles_per_hour" : "21809.9663422292"
        },
        "miss_distance" : {
          "astronomical" : "0.1544185797",
          "lunar" : "60.0688247681",
          "kilometers" : "23100690",
          "miles" : "14354103"
        },
        "orbiting_body" : "Earth"
      } ],
      "orbital_data" : {
        "orbit_id" : "75",
        "orbit_determination_date" : "2017-04-06 09:21:10",
        "orbit_uncertainty" : "0",
        "minimum_orbit_intersection" : ".0298516",
        "jupiter_tisserand_invariant" : "6.036",
        "epoch_osculation" : "2458000.5",
        "eccentricity" : ".07543526900428794",
        "semi_major_axis" : "1.002849965459313",
        "inclination" : "14.5196010109286",
        "ascending_node_longitude" : "40.39650155274683",
        "orbital_period" : "366.8194646371758",
        "perihelion_distance" : ".927199708543949",
        "perihelion_argument" : "108.9889177467371",
        "aphelion_distance" : "1.078500222374677",
        "perihelion_time" : "2457823.916352558197",
        "mean_anomaly" : "173.3008174523317",
        "mean_motion" : ".9814092072678832",
        "equinox" : "J2000"
      }
    }, {
      "links" : {
        "self" : "https://api.nasa.gov/neo/rest/v1/neo/3334817?api_key=t0TVs3DtDT2H8Oy2Zy8m2eVrNsAVKAexjcZXUckd"
      },
      "neo_reference_id" : "3334817",
      "name" : "(2006 KY86)",
      "nasa_jpl_url" : "http://ssd.jpl.nasa.gov/sbdb.cgi?sstr=3334817",
      "absolute_magnitude_h" : 19.8,
      "estimated_diameter" : {
        "kilometers" : {
          "estimated_diameter_min" : 0.2914439045,
          "estimated_diameter_max" : 0.6516883822
        },
        "meters" : {
          "estimated_diameter_min" : 291.4439045349,
          "estimated_diameter_max" : 651.6883821679
        },
        "miles" : {
          "estimated_diameter_min" : 0.1810947904,
          "estimated_diameter_max" : 0.4049402617
        },
        "feet" : {
          "estimated_diameter_min" : 956.1808197541,
          "estimated_diameter_max" : 2138.0853117517
        }
      },
      "is_potentially_hazardous_asteroid" : true,
      "close_approach_data" : [ {
        "close_approach_date" : "2006-05-15",
        "epoch_date_close_approach" : 1147676400000,
        "relative_velocity" : {
          "kilometers_per_second" : "13.6719907881",
          "kilometers_per_hour" : "49219.1668370617",
          "miles_per_hour" : "30582.8761938398"
        },
        "miss_distance" : {
          "astronomical" : "0.0884327706",
          "lunar" : "34.4003486633",
          "kilometers" : "13229355",
          "miles" : "8220340"
        },
        "orbiting_body" : "Earth"
      } ],
      "orbital_data" : {
        "orbit_id" : "37",
        "orbit_determination_date" : "2017-04-06 09:08:35",
        "orbit_uncertainty" : "0",
        "minimum_orbit_intersection" : ".0443524",
        "jupiter_tisserand_invariant" : "3.270",
        "epoch_osculation" : "2458000.5",
        "eccentricity" : ".645614310581223",
        "semi_major_axis" : "2.299601722499593",
        "inclination" : "7.409368399644965",
        "ascending_node_longitude" : "222.7274529878988",
        "orbital_period" : "1273.729961800897",
        "perihelion_distance" : ".8149459418166254",
        "perihelion_argument" : "321.1801984107412",
        "aphelion_distance" : "3.784257503182561",
        "perihelion_time" : "2457650.561606047925",
        "mean_anomaly" : "98.90465451925917",
        "mean_motion" : ".2826344757494786",
        "equinox" : "J2000"
      }
    }, {
      "links" : {
        "self" : "https://api.nasa.gov/neo/rest/v1/neo/3461177?api_key=t0TVs3DtDT2H8Oy2Zy8m2eVrNsAVKAexjcZXUckd"
      },
      "neo_reference_id" : "3461177",
      "name" : "(2009 KV2)",
      "nasa_jpl_url" : "http://ssd.jpl.nasa.gov/sbdb.cgi?sstr=3461177",
      "absolute_magnitude_h" : 19.9,
      "estimated_diameter" : {
        "kilometers" : {
          "estimated_diameter_min" : 0.2783267681,
          "estimated_diameter_max" : 0.6223575734
        },
        "meters" : {
          "estimated_diameter_min" : 278.3267680719,
          "estimated_diameter_max" : 622.3575733667
        },
        "miles" : {
          "estimated_diameter_min" : 0.1729441822,
          "estimated_diameter_max" : 0.3867149477
        },
        "feet" : {
          "estimated_diameter_min" : 913.1455937611,
          "estimated_diameter_max" : 2041.8556210042
        }
      },
      "is_potentially_hazardous_asteroid" : false,
      "close_approach_data" : [ {
        "close_approach_date" : "2006-05-15",
        "epoch_date_close_approach" : 1147676400000,
        "relative_velocity" : {
          "kilometers_per_second" : "15.2269379782",
          "kilometers_per_hour" : "54816.9767214847",
          "miles_per_hour" : "34061.1375634137"
        },
        "miss_distance" : {
          "astronomical" : "0.4516178152",
          "lunar" : "175.6793212891",
          "kilometers" : "67561064",
          "miles" : "41980500"
        },
        "orbiting_body" : "Earth"
      } ],
      "orbital_data" : {
        "orbit_id" : "22",
        "orbit_determination_date" : "2017-04-06 09:00:32",
        "orbit_uncertainty" : "1",
        "minimum_orbit_intersection" : ".293495",
        "jupiter_tisserand_invariant" : "3.492",
        "epoch_osculation" : "2458000.5",
        "eccentricity" : ".3901848693259286",
        "semi_major_axis" : "2.10939079600291",
        "inclination" : "28.97598303587548",
        "ascending_node_longitude" : "236.8970778469247",
        "orbital_period" : "1119.010075541458",
        "perihelion_distance" : "1.286338423907198",
        "perihelion_argument" : "339.8011191963172",
        "aphelion_distance" : "2.932443168098622",
        "perihelion_time" : "2458305.140440731925",
        "mean_anomaly" : "261.99323396581",
        "mean_motion" : ".3217129209724103",
        "equinox" : "J2000"
      }
    }, {
      "links" : {
        "self" : "https://api.nasa.gov/neo/rest/v1/neo/3508109?api_key=t0TVs3DtDT2H8Oy2Zy8m2eVrNsAVKAexjcZXUckd"
      },
      "neo_reference_id" : "3508109",
      "name" : "(2010 CB19)",
      "nasa_jpl_url" : "http://ssd.jpl.nasa.gov/sbdb.cgi?sstr=3508109",
      "absolute_magnitude_h" : 24.5,
      "estimated_diameter" : {
        "kilometers" : {
          "estimated_diameter_min" : 0.0334622374,
          "estimated_diameter_max" : 0.0748238376
        },
        "meters" : {
          "estimated_diameter_min" : 33.4622374455,
          "estimated_diameter_max" : 74.8238376074
        },
        "miles" : {
          "estimated_diameter_min" : 0.0207924639,
          "estimated_diameter_max" : 0.0464933628
        },
        "feet" : {
          "estimated_diameter_min" : 109.7842471007,
          "estimated_diameter_max" : 245.4850393757
        }
      },
      "is_potentially_hazardous_asteroid" : false,
      "close_approach_data" : [ {
        "close_approach_date" : "2006-05-15",
        "epoch_date_close_approach" : 1147676400000,
        "relative_velocity" : {
          "kilometers_per_second" : "7.8526023945",
          "kilometers_per_hour" : "28269.3686200392",
          "miles_per_hour" : "17565.4862961571"
        },
        "miss_distance" : {
          "astronomical" : "0.3385935943",
          "lunar" : "131.7129058838",
          "kilometers" : "50652884",
          "miles" : "31474242"
        },
        "orbiting_body" : "Earth"
      } ],
      "orbital_data" : {
        "orbit_id" : "10",
        "orbit_determination_date" : "2017-04-06 08:58:27",
        "orbit_uncertainty" : "7",
        "minimum_orbit_intersection" : ".00435573",
        "jupiter_tisserand_invariant" : "5.911",
        "epoch_osculation" : "2458000.5",
        "eccentricity" : ".3101650673631655",
        "semi_major_axis" : "1.025977928004602",
        "inclination" : "6.002460701982621",
        "ascending_node_longitude" : "320.4944422000293",
        "orbital_period" : "379.5818635558108",
        "perihelion_distance" : ".7077554148519339",
        "perihelion_argument" : "76.61259608605206",
        "aphelion_distance" : "1.344200441157271",
        "perihelion_time" : "2457824.880628712831",
        "mean_anomaly" : "166.5595217619898",
        "mean_motion" : ".9484120148092069",
        "equinox" : "J2000"
      }
    }, {
      "links" : {
        "self" : "https://api.nasa.gov/neo/rest/v1/neo/3562321?api_key=t0TVs3DtDT2H8Oy2Zy8m2eVrNsAVKAexjcZXUckd"
      },
      "neo_reference_id" : "3562321",
      "name" : "(2011 GL44)",
      "nasa_jpl_url" : "http://ssd.jpl.nasa.gov/sbdb.cgi?sstr=3562321",
      "absolute_magnitude_h" : 20.5,
      "estimated_diameter" : {
        "kilometers" : {
          "estimated_diameter_min" : 0.2111324448,
          "estimated_diameter_max" : 0.4721064988
        },
        "meters" : {
          "estimated_diameter_min" : 211.1324447897,
          "estimated_diameter_max" : 472.1064988055
        },
        "miles" : {
          "estimated_diameter_min" : 0.1311915784,
          "estimated_diameter_max" : 0.2933532873
        },
        "feet" : {
          "estimated_diameter_min" : 692.6917701639,
          "estimated_diameter_max" : 1548.9058855411
        }
      },
      "is_potentially_hazardous_asteroid" : false,
      "close_approach_data" : [ {
        "close_approach_date" : "2006-05-15",
        "epoch_date_close_approach" : 1147676400000,
        "relative_velocity" : {
          "kilometers_per_second" : "15.9133762154",
          "kilometers_per_hour" : "57288.1543753612",
          "miles_per_hour" : "35596.6312561793"
        },
        "miss_distance" : {
          "astronomical" : "0.1351211994",
          "lunar" : "52.5621452332",
          "kilometers" : "20213844",
          "miles" : "12560300"
        },
        "orbiting_body" : "Earth"
      } ],
      "orbital_data" : {
        "orbit_id" : "24",
        "orbit_determination_date" : "2017-05-20 09:47:28",
        "orbit_uncertainty" : "1",
        "minimum_orbit_intersection" : ".117551",
        "jupiter_tisserand_invariant" : "6.468",
        "epoch_osculation" : "2458000.5",
        "eccentricity" : ".526542700061064",
        "semi_major_axis" : ".8963389405575244",
        "inclination" : "20.13021458154914",
        "ascending_node_longitude" : "38.78160579508243",
        "orbital_period" : "309.9608358537071",
        "perihelion_distance" : ".424378214626492",
        "perihelion_argument" : "334.98067422639",
        "aphelion_distance" : "1.368299666488557",
        "perihelion_time" : "2457976.506133836030",
        "mean_anomaly" : "27.86736522773487",
        "mean_motion" : "1.161437053840925",
        "equinox" : "J2000"
      }
    }, {
      "links" : {
        "self" : "https://api.nasa.gov/neo/rest/v1/neo/3638577?api_key=t0TVs3DtDT2H8Oy2Zy8m2eVrNsAVKAexjcZXUckd"
      },
      "neo_reference_id" : "3638577",
      "name" : "(2013 KT1)",
      "nasa_jpl_url" : "http://ssd.jpl.nasa.gov/sbdb.cgi?sstr=3638577",
      "absolute_magnitude_h" : 26.6,
      "estimated_diameter" : {
        "kilometers" : {
          "estimated_diameter_min" : 0.0127219879,
          "estimated_diameter_max" : 0.0284472297
        },
        "meters" : {
          "estimated_diameter_min" : 12.7219878539,
          "estimated_diameter_max" : 28.4472296503
        },
        "miles" : {
          "estimated_diameter_min" : 0.0079050743,
          "estimated_diameter_max" : 0.0176762835
        },
        "feet" : {
          "estimated_diameter_min" : 41.7388066307,
          "estimated_diameter_max" : 93.330808926
        }
      },
      "is_potentially_hazardous_asteroid" : false,
      "close_approach_data" : [ {
        "close_approach_date" : "2006-05-15",
        "epoch_date_close_approach" : 1147676400000,
        "relative_velocity" : {
          "kilometers_per_second" : "15.7512013355",
          "kilometers_per_hour" : "56704.3248078464",
          "miles_per_hour" : "35233.8622674088"
        },
        "miss_distance" : {
          "astronomical" : "0.359890769",
          "lunar" : "139.9975128174",
          "kilometers" : "53838892",
          "miles" : "33453936"
        },
        "orbiting_body" : "Earth"
      } ],
      "orbital_data" : {
        "orbit_id" : "9",
        "orbit_determination_date" : "2017-04-06 08:45:45",
        "orbit_uncertainty" : "5",
        "minimum_orbit_intersection" : ".00752234",
        "jupiter_tisserand_invariant" : "6.458",
        "epoch_osculation" : "2458000.5",
        "eccentricity" : ".1639400618983632",
        "semi_major_axis" : ".9233141133176199",
        "inclination" : "8.108076281102999",
        "ascending_node_longitude" : "58.8511474392043",
        "orbital_period" : "324.0579183512963",
        "perihelion_distance" : ".7719459404286969",
        "perihelion_argument" : "317.3472862009817",
        "aphelion_distance" : "1.074682286206543",
        "perihelion_time" : "2457839.319464978098",
        "mean_anomaly" : "179.0574749819341",
        "mean_motion" : "1.110912524006713",
        "equinox" : "J2000"
      }
    }, {
      "links" : {
        "self" : "https://api.nasa.gov/neo/rest/v1/neo/3736805?api_key=t0TVs3DtDT2H8Oy2Zy8m2eVrNsAVKAexjcZXUckd"
      },
      "neo_reference_id" : "3736805",
      "name" : "(2015 XT378)",
      "nasa_jpl_url" : "http://ssd.jpl.nasa.gov/sbdb.cgi?sstr=3736805",
      "absolute_magnitude_h" : 27.9,
      "estimated_diameter" : {
        "kilometers" : {
          "estimated_diameter_min" : 0.0069912523,
          "estimated_diameter_max" : 0.0156329154
        },
        "meters" : {
          "estimated_diameter_min" : 6.9912523225,
          "estimated_diameter_max" : 15.6329154409
        },
        "miles" : {
          "estimated_diameter_min" : 0.0043441614,
          "estimated_diameter_max" : 0.0097138403
        },
        "feet" : {
          "estimated_diameter_min" : 22.9371802696,
          "estimated_diameter_max" : 51.289094295
        }
      },
      "is_potentially_hazardous_asteroid" : false,
      "close_approach_data" : [ {
        "close_approach_date" : "2006-05-15",
        "epoch_date_close_approach" : 1147676400000,
        "relative_velocity" : {
          "kilometers_per_second" : "4.8429110834",
          "kilometers_per_hour" : "17434.4799004012",
          "miles_per_hour" : "10833.1078025576"
        },
        "miss_distance" : {
          "astronomical" : "0.1624858433",
          "lunar" : "63.2069892883",
          "kilometers" : "24307536",
          "miles" : "15104002"
        },
        "orbiting_body" : "Earth"
      } ],
      "orbital_data" : {
        "orbit_id" : "3",
        "orbit_determination_date" : "2017-04-06 08:29:49",
        "orbit_uncertainty" : "5",
        "minimum_orbit_intersection" : ".000121432",
        "jupiter_tisserand_invariant" : "6.373",
        "epoch_osculation" : "2458000.5",
        "eccentricity" : ".2332512752434219",
        "semi_major_axis" : ".9372571847495063",
        "inclination" : "5.693784835120426",
        "ascending_node_longitude" : "257.4272576214453",
        "orbital_period" : "331.4260144696111",
        "perihelion_distance" : ".7186407511756244",
        "perihelion_argument" : "64.91302832998045",
        "aphelion_distance" : "1.155873618323388",
        "perihelion_time" : "2457946.853726711879",
        "mean_anomaly" : "58.27140158152655",
        "mean_motion" : "1.086215276661721",
        "equinox" : "J2000"
      }
    } ]
  }
}