{
  "links" : {
    "next" : "https://api.nasa.gov/neo/rest/v1/feed?start_date=1999-10-09&end_date=1999-10-09&detailed=true&api_key=t0TVs3DtDT2H8Oy2Zy8m2eVrNsAVKAexjcZXUckd",
    "prev" : "https://api.nasa.gov/neo/rest/v1/feed?start_date=1999-10-07&end_date=1999-10-07&detailed=true&api_key=t0TVs3DtDT2H8Oy2Zy8m2eVrNsAVKAexjcZXUckd",
    "self" : "https://api.nasa.gov/neo/rest/v1/feed?start_date=1999-10-08&end_date=1999-10-08&detailed=true&api_key=t0TVs3DtDT2H8Oy2Zy8m2eVrNsAVKAexjcZXUckd"
  },
  "element_count" : 7,
  "near_earth_objects" : {
    "1999-10-08" : [ {
      "links" : {
        "self" : "https://api.nasa.gov/neo/rest/v1/neo/2162361?api_key=t0TVs3DtDT2H8Oy2Zy8m2eVrNsAVKAexjcZXUckd"
      },
      "neo_reference_id" : "2162361",
      "name" : "162361 (2000 AF6)",
      "nasa_jpl_url" : "http://ssd.jpl.nasa.gov/sbdb.cgi?sstr=2162361",
      "absolute_magnitude_h" : 20.2,
      "estimated_diameter" : {
        "kilometers" : {
          "estimated_diameter_min" : 0.2424124811,
          "estimated_diameter_max" : 0.5420507863
        },
        "meters" : {
          "estimated_diameter_min" : 242.4124811008,
          "estimated_diameter_max" : 542.0507863358
        },
        "miles" : {
          "estimated_diameter_min" : 0.1506280858,
          "estimated_diameter_max" : 0.3368146392
        },
        "feet" : {
          "estimated_diameter_min" : 795.3165644948,
          "estimated_diameter_max" : 1778.3819018419
        }
      },
      "is_potentially_hazardous_asteroid" : true,
      "close_approach_data" : [ {
        "close_approach_date" : "1999-10-08",
        "epoch_date_close_approach" : 939366000000,
        "relative_velocity" : {
          "kilometers_per_second" : "11.3340076889",
          "kilometers_per_hour" : "40802.4276799806",
          "miles_per_hour" : "25353.0417992635"
        },
        "miss_distance" : {
          "astronomical" : "0.3847101383",
          "lunar" : "149.6522369385",
          "kilometers" : "57551816",
          "miles" : "35761040"
        },
        "orbiting_body" : "Earth"
      } ],
      "orbital_data" : {
        "orbit_id" : "81",
        "orbit_determination_date" : "2017-04-06 09:26:32",
        "orbit_uncertainty" : "0",
        "minimum_orbit_intersection" : ".0236921",
        "jupiter_tisserand_invariant" : "6.676",
        "epoch_osculation" : "2458000.5",
        "eccentricity" : ".4113817336576461",
        "semi_major_axis" : ".877764525963731",
        "inclination" : "2.696580874309327",
        "ascending_node_longitude" : "110.7848127652395",
        "orbital_period" : "300.3761626076436",
        "perihelion_distance" : ".5166682335295893",
        "perihelion_argument" : "200.1425063318039",
        "aphelion_distance" : "1.238860818397873",
        "perihelion_time" : "2458042.276309813412",
        "mean_anomaly" : "309.9312082481288",
        "mean_motion" : "1.19849723385087",
        "equinox" : "J2000"
      }
    }, {
      "links" : {
        "self" : "https://api.nasa.gov/neo/rest/v1/neo/2237442?api_key=t0TVs3DtDT2H8Oy2Zy8m2eVrNsAVKAexjcZXUckd"
      },
      "neo_reference_id" : "2237442",
      "name" : "237442 (1999 TA10)",
      "nasa_jpl_url" : "http://ssd.jpl.nasa.gov/sbdb.cgi?sstr=2237442",
      "absolute_magnitude_h" : 18.1,
      "estimated_diameter" : {
        "kilometers" : {
          "estimated_diameter_min" : 0.6376097899,
          "estimated_diameter_max" : 1.4257388333
        },
        "meters" : {
          "estimated_diameter_min" : 637.6097898754,
          "estimated_diameter_max" : 1425.7388332807
        },
        "miles" : {
          "estimated_diameter_min" : 0.3961922327,
          "estimated_diameter_max" : 0.8859127646
        },
        "feet" : {
          "estimated_diameter_min" : 2091.8957030147,
          "estimated_diameter_max" : 4677.6209937807
        }
      },
      "is_potentially_hazardous_asteroid" : false,
      "close_approach_data" : [ {
        "close_approach_date" : "1999-10-08",
        "epoch_date_close_approach" : 939366000000,
        "relative_velocity" : {
          "kilometers_per_second" : "10.8160980754",
          "kilometers_per_hour" : "38937.9530712856",
          "miles_per_hour" : "24194.5297847663"
        },
        "miss_distance" : {
          "astronomical" : "0.3922875794",
          "lunar" : "152.5998687744",
          "kilometers" : "58685388",
          "miles" : "36465408"
        },
        "orbiting_body" : "Earth"
      } ],
      "orbital_data" : {
        "orbit_id" : "105",
        "orbit_determination_date" : "2017-04-06 09:25:04",
        "orbit_uncertainty" : "0",
        "minimum_orbit_intersection" : ".305209",
        "jupiter_tisserand_invariant" : "4.431",
        "epoch_osculation" : "2458000.5",
        "eccentricity" : ".2415533788519189",
        "semi_major_axis" : "1.505791930494593",
        "inclination" : "20.84412196540054",
        "ascending_node_longitude" : "214.6759556217876",
        "orbital_period" : "674.9100186254207",
        "perihelion_distance" : "1.14206280183567",
        "perihelion_argument" : "84.75624305744253",
        "aphelion_distance" : "1.869521059153515",
        "perihelion_time" : "2458108.207057778986",
        "mean_anomaly" : "302.5485772467766",
        "mean_motion" : ".5334044392068839",
        "equinox" : "J2000"
      }
    }, {
      "links" : {
        "self" : "https://api.nasa.gov/neo/rest/v1/neo/2401954?api_key=t0TVs3DtDT2H8Oy2Zy8m2eVrNsAVKAexjcZXUckd"
      },
      "neo_reference_id" : "2401954",
      "name" : "401954 (2002 RW25)",
      "nasa_jpl_url" : "http://ssd.jpl.nasa.gov/sbdb.cgi?sstr=2401954",
      "absolute_magnitude_h" : 18.8,
      "estimated_diameter" : {
        "kilometers" : {
          "estimated_diameter_min" : 0.4619074603,
          "estimated_diameter_max" : 1.0328564805
        },
        "meters" : {
          "estimated_diameter_min" : 461.9074602816,
          "estimated_diameter_max" : 1032.8564805039
        },
        "miles" : {
          "estimated_diameter_min" : 0.2870159005,
          "estimated_diameter_max" : 0.6417870641
        },
        "feet" : {
          "estimated_diameter_min" : 1515.4444719902,
          "estimated_diameter_max" : 3388.6368554964
        }
      },
      "is_potentially_hazardous_asteroid" : true,
      "close_approach_data" : [ {
        "close_approach_date" : "1999-10-08",
        "epoch_date_close_approach" : 939366000000,
        "relative_velocity" : {
          "kilometers_per_second" : "15.8243761192",
          "kilometers_per_hour" : "56967.7540292744",
          "miles_per_hour" : "35397.5469411344"
        },
        "miss_distance" : {
          "astronomical" : "0.3010372293",
          "lunar" : "117.103477478",
          "kilometers" : "45034528",
          "miles" : "27983158"
        },
        "orbiting_body" : "Earth"
      } ],
      "orbital_data" : {
        "orbit_id" : "34",
        "orbit_determination_date" : "2017-07-03 06:20:29",
        "orbit_uncertainty" : "1",
        "minimum_orbit_intersection" : ".0160302",
        "jupiter_tisserand_invariant" : "7.060",
        "epoch_osculation" : "2458000.5",
        "eccentricity" : ".286890658468444",
        "semi_major_axis" : ".8263226900946545",
        "inclination" : "1.327445308802628",
        "ascending_node_longitude" : "92.06991506419345",
        "orbital_period" : "274.3613582894533",
        "perihelion_distance" : ".5892584294259831",
        "perihelion_argument" : "71.73387784619896",
        "aphelion_distance" : "1.063386950763326",
        "perihelion_time" : "2458113.076318718553",
        "mean_anomaly" : "212.2843195144033",
        "mean_motion" : "1.312138131420815",
        "equinox" : "J2000"
      }
    }, {
      "links" : {
        "self" : "https://api.nasa.gov/neo/rest/v1/neo/3255174?api_key=t0TVs3DtDT2H8Oy2Zy8m2eVrNsAVKAexjcZXUckd"
      },
      "neo_reference_id" : "3255174",
      "name" : "(2004 SW26)",
      "nasa_jpl_url" : "http://ssd.jpl.nasa.gov/sbdb.cgi?sstr=3255174",
      "absolute_magnitude_h" : 25.7,
      "estimated_diameter" : {
        "kilometers" : {
          "estimated_diameter_min" : 0.0192555078,
          "estimated_diameter_max" : 0.0430566244
        },
        "meters" : {
          "estimated_diameter_min" : 19.2555078188,
          "estimated_diameter_max" : 43.0566244241
        },
        "miles" : {
          "estimated_diameter_min" : 0.0119648141,
          "estimated_diameter_max" : 0.0267541378
        },
        "feet" : {
          "estimated_diameter_min" : 63.1742402722,
          "estimated_diameter_max" : 141.2618956756
        }
      },
      "is_potentially_hazardous_asteroid" : false,
      "close_approach_data" : [ {
        "close_approach_date" : "1999-10-08",
        "epoch_date_close_approach" : 939366000000,
        "relative_velocity" : {
          "kilometers_per_second" : "18.3571995751",
          "kilometers_per_hour" : "66085.9184703114",
          "miles_per_hour" : "41063.219729511"
        },
        "miss_distance" : {
          "astronomical" : "0.308921569",
          "lunar" : "120.1704940796",
          "kilometers" : "46214012",
          "miles" : "28716054"
        },
        "orbiting_body" : "Earth"
      } ],
      "orbital_data" : {
        "orbit_id" : "6",
        "orbit_determination_date" : "2017-04-06 09:12:11",
        "orbit_uncertainty" : "8",
        "minimum_orbit_intersection" : ".0414616",
        "jupiter_tisserand_invariant" : "7.703",
        "epoch_osculation" : "2453272.5",
        "eccentricity" : ".416297628917652",
        "semi_major_axis" : ".7377373153024646",
        "inclination" : "18.42301551600615",
        "ascending_node_longitude" : "180.363823706028",
        "orbital_period" : "231.4467321714387",
        "perihelion_distance" : ".4306190201779744",
        "perihelion_argument" : "359.4830104619864",
        "aphelion_distance" : "1.044855610426955",
        "perihelion_time" : "2453385.661549533117",
        "mean_anomaly" : "183.9847352791903",
        "mean_motion" : "1.555433497040427",
        "equinox" : "J2000"
      }
    }, {
      "links" : {
        "self" : "https://api.nasa.gov/neo/rest/v1/neo/3350633?api_key=t0TVs3DtDT2H8Oy2Zy8m2eVrNsAVKAexjcZXUckd"
      },
      "neo_reference_id" : "3350633",
      "name" : "(2006 TU7)",
      "nasa_jpl_url" : "http://ssd.jpl.nasa.gov/sbdb.cgi?sstr=3350633",
      "absolute_magnitude_h" : 21.9,
      "estimated_diameter" : {
        "kilometers" : {
          "estimated_diameter_min" : 0.1108038821,
          "estimated_diameter_max" : 0.2477650126
        },
        "meters" : {
          "estimated_diameter_min" : 110.8038821264,
          "estimated_diameter_max" : 247.7650126055
        },
        "miles" : {
          "estimated_diameter_min" : 0.068850319,
          "estimated_diameter_max" : 0.1539539936
        },
        "feet" : {
          "estimated_diameter_min" : 363.5298086356,
          "estimated_diameter_max" : 812.8773639568
        }
      },
      "is_potentially_hazardous_asteroid" : true,
      "close_approach_data" : [ {
        "close_approach_date" : "1999-10-08",
        "epoch_date_close_approach" : 939366000000,
        "relative_velocity" : {
          "kilometers_per_second" : "23.7343899807",
          "kilometers_per_hour" : "85443.8039303929",
          "miles_per_hour" : "53091.4569477489"
        },
        "miss_distance" : {
          "astronomical" : "0.3445866951",
          "lunar" : "134.0442199707",
          "kilometers" : "51549436",
          "miles" : "32031336"
        },
        "orbiting_body" : "Earth"
      } ],
      "orbital_data" : {
        "orbit_id" : "29",
        "orbit_determination_date" : "2017-09-22 06:48:44",
        "orbit_uncertainty" : "0",
        "minimum_orbit_intersection" : ".0228688",
        "jupiter_tisserand_invariant" : "6.829",
        "epoch_osculation" : "2456357.5",
        "eccentricity" : ".4700842186648337",
        "semi_major_axis" : ".8507336520455198",
        "inclination" : "2.912419645578199",
        "ascending_node_longitude" : "91.89084927617851",
        "orbital_period" : "286.6083542450332",
        "perihelion_distance" : ".4508171879318211",
        "perihelion_argument" : "68.6325229445321",
        "aphelion_distance" : "1.250650116159219",
        "perihelion_time" : "2456392.949713184505",
        "mean_anomaly" : "315.4726979957076",
        "mean_motion" : "1.256069457390001",
        "equinox" : "J2000"
      }
    }, {
      "links" : {
        "self" : "https://api.nasa.gov/neo/rest/v1/neo/3387334?api_key=t0TVs3DtDT2H8Oy2Zy8m2eVrNsAVKAexjcZXUckd"
      },
      "neo_reference_id" : "3387334",
      "name" : "(2007 TD)",
      "nasa_jpl_url" : "http://ssd.jpl.nasa.gov/sbdb.cgi?sstr=3387334",
      "absolute_magnitude_h" : 24.4,
      "estimated_diameter" : {
        "kilometers" : {
          "estimated_diameter_min" : 0.0350392641,
          "estimated_diameter_max" : 0.0783501764
        },
        "meters" : {
          "estimated_diameter_min" : 35.0392641108,
          "estimated_diameter_max" : 78.3501764334
        },
        "miles" : {
          "estimated_diameter_min" : 0.0217723826,
          "estimated_diameter_max" : 0.0486845275
        },
        "feet" : {
          "estimated_diameter_min" : 114.9582192654,
          "estimated_diameter_max" : 257.0543928497
        }
      },
      "is_potentially_hazardous_asteroid" : false,
      "close_approach_data" : [ {
        "close_approach_date" : "1999-10-08",
        "epoch_date_close_approach" : 939366000000,
        "relative_velocity" : {
          "kilometers_per_second" : "10.2603729045",
          "kilometers_per_hour" : "36937.3424562148",
          "miles_per_hour" : "22951.4281500852"
        },
        "miss_distance" : {
          "astronomical" : "0.0600529031",
          "lunar" : "23.360578537",
          "kilometers" : "8983786",
          "miles" : "5582266"
        },
        "orbiting_body" : "Earth"
      } ],
      "orbital_data" : {
        "orbit_id" : "11",
        "orbit_determination_date" : "2017-04-06 09:05:54",
        "orbit_uncertainty" : "7",
        "minimum_orbit_intersection" : ".00568196",
        "jupiter_tisserand_invariant" : "8.152",
        "epoch_osculation" : "2458000.5",
        "eccentricity" : ".5346643854525518",
        "semi_major_axis" : ".6902967959994935",
        "inclination" : "3.597700240360242",
        "ascending_node_longitude" : "185.5826068905559",
        "orbital_period" : "209.4846537572865",
        "perihelion_distance" : ".3212196837865588",
        "perihelion_argument" : "12.68957258582139",
        "aphelion_distance" : "1.059373908212428",
        "perihelion_time" : "2458055.989066764616",
        "mean_anomaly" : "264.6418738701183",
        "mean_motion" : "1.718502971664473",
        "equinox" : "J2000"
      }
    }, {
      "links" : {
        "self" : "https://api.nasa.gov/neo/rest/v1/neo/3092239?api_key=t0TVs3DtDT2H8Oy2Zy8m2eVrNsAVKAexjcZXUckd"
      },
      "neo_reference_id" : "3092239",
      "name" : "(1999 VT)",
      "nasa_jpl_url" : "http://ssd.jpl.nasa.gov/sbdb.cgi?sstr=3092239",
      "absolute_magnitude_h" : 19.7,
      "estimated_diameter" : {
        "kilometers" : {
          "estimated_diameter_min" : 0.3051792326,
          "estimated_diameter_max" : 0.6824015094
        },
        "meters" : {
          "estimated_diameter_min" : 305.1792325939,
          "estimated_diameter_max" : 682.4015094011
        },
        "miles" : {
          "estimated_diameter_min" : 0.1896295249,
          "estimated_diameter_max" : 0.4240245083
        },
        "feet" : {
          "estimated_diameter_min" : 1001.2442334633,
          "estimated_diameter_max" : 2238.8501681036
        }
      },
      "is_potentially_hazardous_asteroid" : false,
      "close_approach_data" : [ {
        "close_approach_date" : "1999-10-08",
        "epoch_date_close_approach" : 939366000000,
        "relative_velocity" : {
          "kilometers_per_second" : "11.5171501172",
          "kilometers_per_hour" : "41461.7404220629",
          "miles_per_hour" : "25762.7130972535"
        },
        "miss_distance" : {
          "astronomical" : "0.1545039452",
          "lunar" : "60.1020317078",
          "kilometers" : "23113460",
          "miles" : "14362039"
        },
        "orbiting_body" : "Earth"
      } ],
      "orbital_data" : {
        "orbit_id" : "24",
        "orbit_determination_date" : "2017-04-06 09:17:16",
        "orbit_uncertainty" : "0",
        "minimum_orbit_intersection" : ".150476",
        "jupiter_tisserand_invariant" : "3.649",
        "epoch_osculation" : "2458000.5",
        "eccentricity" : ".4864710533362565",
        "semi_major_axis" : "2.001920688043215",
        "inclination" : "14.37446237727839",
        "ascending_node_longitude" : "38.06403426932282",
        "orbital_period" : "1034.591076707202",
        "perihelion_distance" : "1.028044222235189",
        "perihelion_argument" : "297.7249341824897",
        "aphelion_distance" : "2.97579715385124",
        "perihelion_time" : "2457636.281439839706",
        "mean_anomaly" : "126.7347888549532",
        "mean_motion" : ".3479635656106506",
        "equinox" : "J2000"
      }
    } ]
  }
}