{
  "links" : {
    "next" : "https://api.nasa.gov/neo/rest/v1/feed?start_date=1999-09-09&end_date=1999-09-09&detailed=true&api_key=t0TVs3DtDT2H8Oy2Zy8m2eVrNsAVKAexjcZXUckd",
    "prev" : "https://api.nasa.gov/neo/rest/v1/feed?start_date=1999-09-07&end_date=1999-09-07&detailed=true&api_key=t0TVs3DtDT2H8Oy2Zy8m2eVrNsAVKAexjcZXUckd",
    "self" : "https://api.nasa.gov/neo/rest/v1/feed?start_date=1999-09-08&end_date=1999-09-08&detailed=true&api_key=t0TVs3DtDT2H8Oy2Zy8m2eVrNsAVKAexjcZXUckd"
  },
  "element_count" : 8,
  "near_earth_objects" : {
    "1999-09-08" : [ {
      "links" : {
        "self" : "https://api.nasa.gov/neo/rest/v1/neo/3022935?api_key=t0TVs3DtDT2H8Oy2Zy8m2eVrNsAVKAexjcZXUckd"
      },
      "neo_reference_id" : "3022935",
      "name" : "(1999 RJ33)",
      "nasa_jpl_url" : "http://ssd.jpl.nasa.gov/sbdb.cgi?sstr=3022935",
      "absolute_magnitude_h" : 22.5,
      "estimated_diameter" : {
        "kilometers" : {
          "estimated_diameter_min" : 0.0840533402,
          "estimated_diameter_max" : 0.1879489824
        },
        "meters" : {
          "estimated_diameter_min" : 84.0533402073,
          "estimated_diameter_max" : 187.9489824394
        },
        "miles" : {
          "estimated_diameter_min" : 0.0522283081,
          "estimated_diameter_max" : 0.1167860472
        },
        "feet" : {
          "estimated_diameter_min" : 275.7655606856,
          "estimated_diameter_max" : 616.6305395464
        }
      },
      "is_potentially_hazardous_asteroid" : false,
      "close_approach_data" : [ {
        "close_approach_date" : "1999-09-08",
        "epoch_date_close_approach" : 936774000000,
        "relative_velocity" : {
          "kilometers_per_second" : "10.1476224999",
          "kilometers_per_hour" : "36531.440999708",
          "miles_per_hour" : "22699.2167700686"
        },
        "miss_distance" : {
          "astronomical" : "0.0338039089",
          "lunar" : "13.1497211456",
          "kilometers" : "5056993",
          "miles" : "3142269.75"
        },
        "orbiting_body" : "Earth"
      } ],
      "orbital_data" : {
        "orbit_id" : "11",
        "orbit_determination_date" : "2017-04-06 09:17:22",
        "orbit_uncertainty" : "8",
        "minimum_orbit_intersection" : ".0267091",
        "jupiter_tisserand_invariant" : "5.064",
        "epoch_osculation" : "2451435.5",
        "eccentricity" : ".1888805465581256",
        "semi_major_axis" : "1.254038711938936",
        "inclination" : "18.52423017696426",
        "ascending_node_longitude" : "343.2441040707509",
        "orbital_period" : "512.9379618486734",
        "perihelion_distance" : "1.017175194622862",
        "perihelion_argument" : "27.17205106310853",
        "aphelion_distance" : "1.49090222925501",
        "perihelion_time" : "2451455.182173911499",
        "mean_anomaly" : "346.1862776102541",
        "mean_motion" : ".7018392608387346",
        "equinox" : "J2000"
      }
    }, {
      "links" : {
        "self" : "https://api.nasa.gov/neo/rest/v1/neo/2053409?api_key=t0TVs3DtDT2H8Oy2Zy8m2eVrNsAVKAexjcZXUckd"
      },
      "neo_reference_id" : "2053409",
      "name" : "53409 (1999 LU7)",
      "nasa_jpl_url" : "http://ssd.jpl.nasa.gov/sbdb.cgi?sstr=2053409",
      "absolute_magnitude_h" : 18.7,
      "estimated_diameter" : {
        "kilometers" : {
          "estimated_diameter_min" : 0.4836764882,
          "estimated_diameter_max" : 1.0815335068
        },
        "meters" : {
          "estimated_diameter_min" : 483.6764882185,
          "estimated_diameter_max" : 1081.533506775
        },
        "miles" : {
          "estimated_diameter_min" : 0.3005425432,
          "estimated_diameter_max" : 0.6720335566
        },
        "feet" : {
          "estimated_diameter_min" : 1586.8651696069,
          "estimated_diameter_max" : 3548.3383903678
        }
      },
      "is_potentially_hazardous_asteroid" : false,
      "close_approach_data" : [ {
        "close_approach_date" : "1999-09-08",
        "epoch_date_close_approach" : 936774000000,
        "relative_velocity" : {
          "kilometers_per_second" : "14.3558925225",
          "kilometers_per_hour" : "51681.2130808898",
          "miles_per_hour" : "32112.6959835118"
        },
        "miss_distance" : {
          "astronomical" : "0.2487045732",
          "lunar" : "96.7460784912",
          "kilometers" : "37205676",
          "miles" : "23118534"
        },
        "orbiting_body" : "Earth"
      } ],
      "orbital_data" : {
        "orbit_id" : "32",
        "orbit_determination_date" : "2017-04-06 09:29:04",
        "orbit_uncertainty" : "0",
        "minimum_orbit_intersection" : ".086402",
        "jupiter_tisserand_invariant" : "3.448",
        "epoch_osculation" : "2458000.5",
        "eccentricity" : ".6279743953246445",
        "semi_major_axis" : "2.101369834646658",
        "inclination" : "10.87121351264099",
        "ascending_node_longitude" : "206.72928149",
        "orbital_period" : "1112.633590821872",
        "perihelion_distance" : ".7817633833809747",
        "perihelion_argument" : "147.7260513272305",
        "aphelion_distance" : "3.420976285912341",
        "perihelion_time" : "2458114.064477531185",
        "mean_anomaly" : "323.2554578178543",
        "mean_motion" : ".323556652405288",
        "equinox" : "J2000"
      }
    }, {
      "links" : {
        "self" : "https://api.nasa.gov/neo/rest/v1/neo/3334434?api_key=t0TVs3DtDT2H8Oy2Zy8m2eVrNsAVKAexjcZXUckd"
      },
      "neo_reference_id" : "3334434",
      "name" : "(2006 KA40)",
      "nasa_jpl_url" : "http://ssd.jpl.nasa.gov/sbdb.cgi?sstr=3334434",
      "absolute_magnitude_h" : 19.6,
      "estimated_diameter" : {
        "kilometers" : {
          "estimated_diameter_min" : 0.3195618867,
          "estimated_diameter_max" : 0.7145621017
        },
        "meters" : {
          "estimated_diameter_min" : 319.5618867213,
          "estimated_diameter_max" : 714.5621017269
        },
        "miles" : {
          "estimated_diameter_min" : 0.1985664891,
          "estimated_diameter_max" : 0.4440081677
        },
        "feet" : {
          "estimated_diameter_min" : 1048.4314204307,
          "estimated_diameter_max" : 2344.3639258298
        }
      },
      "is_potentially_hazardous_asteroid" : false,
      "close_approach_data" : [ {
        "close_approach_date" : "1999-09-08",
        "epoch_date_close_approach" : 936774000000,
        "relative_velocity" : {
          "kilometers_per_second" : "2.3189821907",
          "kilometers_per_hour" : "8348.3358864654",
          "miles_per_hour" : "5187.3312623429"
        },
        "miss_distance" : {
          "astronomical" : "0.4929445116",
          "lunar" : "191.7554168701",
          "kilometers" : "73743448",
          "miles" : "45822056"
        },
        "orbiting_body" : "Earth"
      } ],
      "orbital_data" : {
        "orbit_id" : "31",
        "orbit_determination_date" : "2017-09-28 06:48:13",
        "orbit_uncertainty" : "0",
        "minimum_orbit_intersection" : ".226806",
        "jupiter_tisserand_invariant" : "3.384",
        "epoch_osculation" : "2458000.5",
        "eccentricity" : ".4822121945307624",
        "semi_major_axis" : "2.354114219773483",
        "inclination" : "4.978178405371308",
        "ascending_node_longitude" : "232.1033872175692",
        "orbital_period" : "1319.288336114798",
        "perihelion_distance" : "1.218931635680438",
        "perihelion_argument" : "86.69576980893643",
        "aphelion_distance" : "3.489296803866528",
        "perihelion_time" : "2457962.937407874635",
        "mean_anomaly" : "10.24986941441031",
        "mean_motion" : ".2728743900368074",
        "equinox" : "J2000"
      }
    }, {
      "links" : {
        "self" : "https://api.nasa.gov/neo/rest/v1/neo/3381348?api_key=t0TVs3DtDT2H8Oy2Zy8m2eVrNsAVKAexjcZXUckd"
      },
      "neo_reference_id" : "3381348",
      "name" : "(2007 PS25)",
      "nasa_jpl_url" : "http://ssd.jpl.nasa.gov/sbdb.cgi?sstr=3381348",
      "absolute_magnitude_h" : 25.5,
      "estimated_diameter" : {
        "kilometers" : {
          "estimated_diameter_min" : 0.0211132445,
          "estimated_diameter_max" : 0.0472106499
        },
        "meters" : {
          "estimated_diameter_min" : 21.113244479,
          "estimated_diameter_max" : 47.2106498806
        },
        "miles" : {
          "estimated_diameter_min" : 0.0131191578,
          "estimated_diameter_max" : 0.0293353287
        },
        "feet" : {
          "estimated_diameter_min" : 69.2691770164,
          "estimated_diameter_max" : 154.8905885541
        }
      },
      "is_potentially_hazardous_asteroid" : false,
      "close_approach_data" : [ {
        "close_approach_date" : "1999-09-08",
        "epoch_date_close_approach" : 936774000000,
        "relative_velocity" : {
          "kilometers_per_second" : "19.7658864418",
          "kilometers_per_hour" : "71157.1911904314",
          "miles_per_hour" : "44214.3113816322"
        },
        "miss_distance" : {
          "astronomical" : "0.3584307495",
          "lunar" : "139.4295654297",
          "kilometers" : "53620476",
          "miles" : "33318220"
        },
        "orbiting_body" : "Earth"
      } ],
      "orbital_data" : {
        "orbit_id" : "10",
        "orbit_determination_date" : "2017-04-06 09:06:12",
        "orbit_uncertainty" : "7",
        "minimum_orbit_intersection" : ".0100755",
        "jupiter_tisserand_invariant" : "7.817",
        "epoch_osculation" : "2458000.5",
        "eccentricity" : ".4219494134045523",
        "semi_major_axis" : ".7284527607233343",
        "inclination" : "6.71279066294764",
        "ascending_node_longitude" : "141.4329526423848",
        "orbital_period" : "227.0913108398646",
        "perihelion_distance" : ".4210825456431967",
        "perihelion_argument" : "8.068635427171483",
        "aphelion_distance" : "1.035822975803472",
        "perihelion_time" : "2458085.367543222349",
        "mean_anomaly" : "225.4624192926958",
        "mean_motion" : "1.58526541006167",
        "equinox" : "J2000"
      }
    }, {
      "links" : {
        "self" : "https://api.nasa.gov/neo/rest/v1/neo/3387613?api_key=t0TVs3DtDT2H8Oy2Zy8m2eVrNsAVKAexjcZXUckd"
      },
      "neo_reference_id" : "3387613",
      "name" : "(2007 TK15)",
      "nasa_jpl_url" : "http://ssd.jpl.nasa.gov/sbdb.cgi?sstr=3387613",
      "absolute_magnitude_h" : 21.3,
      "estimated_diameter" : {
        "kilometers" : {
          "estimated_diameter_min" : 0.1460679643,
          "estimated_diameter_max" : 0.3266178974
        },
        "meters" : {
          "estimated_diameter_min" : 146.0679642714,
          "estimated_diameter_max" : 326.6178974458
        },
        "miles" : {
          "estimated_diameter_min" : 0.090762397,
          "estimated_diameter_max" : 0.2029508896
        },
        "feet" : {
          "estimated_diameter_min" : 479.2256199,
          "estimated_diameter_max" : 1071.581062656
        }
      },
      "is_potentially_hazardous_asteroid" : false,
      "close_approach_data" : [ {
        "close_approach_date" : "1999-09-08",
        "epoch_date_close_approach" : 936774000000,
        "relative_velocity" : {
          "kilometers_per_second" : "10.4734206013",
          "kilometers_per_hour" : "37704.3141646922",
          "miles_per_hour" : "23427.9945430556"
        },
        "miss_distance" : {
          "astronomical" : "0.2584251055",
          "lunar" : "100.5273666382",
          "kilometers" : "38659848",
          "miles" : "24022116"
        },
        "orbiting_body" : "Earth"
      } ],
      "orbital_data" : {
        "orbit_id" : "22",
        "orbit_determination_date" : "2017-04-06 09:05:49",
        "orbit_uncertainty" : "1",
        "minimum_orbit_intersection" : ".0847562",
        "jupiter_tisserand_invariant" : "3.822",
        "epoch_osculation" : "2458000.5",
        "eccentricity" : ".4248984729979869",
        "semi_major_axis" : "1.908753833798191",
        "inclination" : "1.043566388385971",
        "ascending_node_longitude" : "114.7359480469586",
        "orbital_period" : "963.2151624449419",
        "perihelion_distance" : "1.097727244488286",
        "perihelion_argument" : "205.427244861004",
        "aphelion_distance" : "2.719780423108096",
        "perihelion_time" : "2458161.686935333814",
        "mean_anomaly" : "299.7566618730529",
        "mean_motion" : ".3737482693754604",
        "equinox" : "J2000"
      }
    }, {
      "links" : {
        "self" : "https://api.nasa.gov/neo/rest/v1/neo/3714580?api_key=t0TVs3DtDT2H8Oy2Zy8m2eVrNsAVKAexjcZXUckd"
      },
      "neo_reference_id" : "3714580",
      "name" : "(2015 FF120)",
      "nasa_jpl_url" : "http://ssd.jpl.nasa.gov/sbdb.cgi?sstr=3714580",
      "absolute_magnitude_h" : 19.3,
      "estimated_diameter" : {
        "kilometers" : {
          "estimated_diameter_min" : 0.3669061375,
          "estimated_diameter_max" : 0.8204270649
        },
        "meters" : {
          "estimated_diameter_min" : 366.9061375314,
          "estimated_diameter_max" : 820.4270648822
        },
        "miles" : {
          "estimated_diameter_min" : 0.2279848336,
          "estimated_diameter_max" : 0.5097895857
        },
        "feet" : {
          "estimated_diameter_min" : 1203.7603322587,
          "estimated_diameter_max" : 2691.6899315481
        }
      },
      "is_potentially_hazardous_asteroid" : false,
      "close_approach_data" : [ {
        "close_approach_date" : "1999-09-08",
        "epoch_date_close_approach" : 936774000000,
        "relative_velocity" : {
          "kilometers_per_second" : "33.9821299897",
          "kilometers_per_hour" : "122335.6679627944",
          "miles_per_hour" : "76014.6265738819"
        },
        "miss_distance" : {
          "astronomical" : "0.4173843903",
          "lunar" : "162.3625335693",
          "kilometers" : "62439816",
          "miles" : "38798304"
        },
        "orbiting_body" : "Earth"
      } ],
      "orbital_data" : {
        "orbit_id" : "11",
        "orbit_determination_date" : "2017-04-06 08:34:44",
        "orbit_uncertainty" : "4",
        "minimum_orbit_intersection" : ".352274",
        "jupiter_tisserand_invariant" : "4.364",
        "epoch_osculation" : "2458000.5",
        "eccentricity" : ".5296746669714956",
        "semi_major_axis" : "1.377902506054259",
        "inclination" : "47.71705347281182",
        "ascending_node_longitude" : "184.5282007080966",
        "orbital_period" : "590.7805133924979",
        "perihelion_distance" : ".6480624550407802",
        "perihelion_argument" : "174.7709895795534",
        "aphelion_distance" : "2.107742557067738",
        "perihelion_time" : "2457929.652146905552",
        "mean_anomaly" : "43.17208597071024",
        "mean_motion" : ".6093633622624687",
        "equinox" : "J2000"
      }
    }, {
      "links" : {
        "self" : "https://api.nasa.gov/neo/rest/v1/neo/3752782?api_key=t0TVs3DtDT2H8Oy2Zy8m2eVrNsAVKAexjcZXUckd"
      },
      "neo_reference_id" : "3752782",
      "name" : "(2016 JA6)",
      "nasa_jpl_url" : "http://ssd.jpl.nasa.gov/sbdb.cgi?sstr=3752782",
      "absolute_magnitude_h" : 26.3,
      "estimated_diameter" : {
        "kilometers" : {
          "estimated_diameter_min" : 0.0146067964,
          "estimated_diameter_max" : 0.0326617897
        },
        "meters" : {
          "estimated_diameter_min" : 14.6067964271,
          "estimated_diameter_max" : 32.6617897446
        },
        "miles" : {
          "estimated_diameter_min" : 0.0090762397,
          "estimated_diameter_max" : 0.020295089
        },
        "feet" : {
          "estimated_diameter_min" : 47.92256199,
          "estimated_diameter_max" : 107.1581062656
        }
      },
      "is_potentially_hazardous_asteroid" : false,
      "close_approach_data" : [ {
        "close_approach_date" : "1999-09-08",
        "epoch_date_close_approach" : 936774000000,
        "relative_velocity" : {
          "kilometers_per_second" : "8.1718504322",
          "kilometers_per_hour" : "29418.6615560223",
          "miles_per_hour" : "18279.6122318518"
        },
        "miss_distance" : {
          "astronomical" : "0.4685069114",
          "lunar" : "182.2491912842",
          "kilometers" : "70087632",
          "miles" : "43550436"
        },
        "orbiting_body" : "Earth"
      } ],
      "orbital_data" : {
        "orbit_id" : "16",
        "orbit_determination_date" : "2017-04-06 08:26:09",
        "orbit_uncertainty" : "6",
        "minimum_orbit_intersection" : ".000822865",
        "jupiter_tisserand_invariant" : "5.629",
        "epoch_osculation" : "2458000.5",
        "eccentricity" : ".2762164774225852",
        "semi_major_axis" : "1.087621882655883",
        "inclination" : "16.0101129839823",
        "ascending_node_longitude" : "222.229441548185",
        "orbital_period" : "414.3003805415065",
        "perihelion_distance" : ".7872027974609547",
        "perihelion_argument" : "269.2977677875609",
        "aphelion_distance" : "1.388040967850811",
        "perihelion_time" : "2457856.547135935211",
        "mean_anomaly" : "125.085646785044",
        "mean_motion" : ".8689347558152523",
        "equinox" : "J2000"
      }
    }, {
      "links" : {
        "self" : "https://api.nasa.gov/neo/rest/v1/neo/3758926?api_key=t0TVs3DtDT2H8Oy2Zy8m2eVrNsAVKAexjcZXUckd"
      },
      "neo_reference_id" : "3758926",
      "name" : "(2016 RT1)",
      "nasa_jpl_url" : "http://ssd.jpl.nasa.gov/sbdb.cgi?sstr=3758926",
      "absolute_magnitude_h" : 21.9,
      "estimated_diameter" : {
        "kilometers" : {
          "estimated_diameter_min" : 0.1108038821,
          "estimated_diameter_max" : 0.2477650126
        },
        "meters" : {
          "estimated_diameter_min" : 110.8038821264,
          "estimated_diameter_max" : 247.7650126055
        },
        "miles" : {
          "estimated_diameter_min" : 0.068850319,
          "estimated_diameter_max" : 0.1539539936
        },
        "feet" : {
          "estimated_diameter_min" : 363.5298086356,
          "estimated_diameter_max" : 812.8773639568
        }
      },
      "is_potentially_hazardous_asteroid" : true,
      "close_approach_data" : [ {
        "close_approach_date" : "1999-09-08",
        "epoch_date_close_approach" : 936774000000,
        "relative_velocity" : {
          "kilometers_per_second" : "16.2106690698",
          "kilometers_per_hour" : "58358.4086513135",
          "miles_per_hour" : "36261.6456422564"
        },
        "miss_distance" : {
          "astronomical" : "0.2507376823",
          "lunar" : "97.5369644165",
          "kilometers" : "37509824",
          "miles" : "23307526"
        },
        "orbiting_body" : "Earth"
      } ],
      "orbital_data" : {
        "orbit_id" : "9",
        "orbit_determination_date" : "2017-04-06 08:24:11",
        "orbit_uncertainty" : "3",
        "minimum_orbit_intersection" : ".0355628",
        "jupiter_tisserand_invariant" : "6.154",
        "epoch_osculation" : "2458000.5",
        "eccentricity" : ".1113940636425484",
        "semi_major_axis" : ".9603119316762836",
        "inclination" : "30.57608895198857",
        "ascending_node_longitude" : "343.8196178094898",
        "orbital_period" : "343.7295854163451",
        "perihelion_distance" : ".853338883242437",
        "perihelion_argument" : "145.0364873871033",
        "aphelion_distance" : "1.06728498011013",
        "perihelion_time" : "2458108.274287980577",
        "mean_anomaly" : "247.1242240436982",
        "mean_motion" : "1.047334926273359",
        "equinox" : "J2000"
      }
    } ]
  }
}