{
  "links" : {
    "next" : "https://api.nasa.gov/neo/rest/v1/feed?start_date=2002-10-09&end_date=2002-10-09&detailed=true&api_key=t0TVs3DtDT2H8Oy2Zy8m2eVrNsAVKAexjcZXUckd",
    "prev" : "https://api.nasa.gov/neo/rest/v1/feed?start_date=2002-10-07&end_date=2002-10-07&detailed=true&api_key=t0TVs3DtDT2H8Oy2Zy8m2eVrNsAVKAexjcZXUckd",
    "self" : "https://api.nasa.gov/neo/rest/v1/feed?start_date=2002-10-08&end_date=2002-10-08&detailed=true&api_key=t0TVs3DtDT2H8Oy2Zy8m2eVrNsAVKAexjcZXUckd"
  },
  "element_count" : 7,
  "near_earth_objects" : {
    "2002-10-08" : [ {
      "links" : {
        "self" : "https://api.nasa.gov/neo/rest/v1/neo/3136733?api_key=t0TVs3DtDT2H8Oy2Zy8m2eVrNsAVKAexjcZXUckd"
      },
      "neo_reference_id" : "3136733",
      "name" : "(2002 SN)",
      "nasa_jpl_url" : "http://ssd.jpl.nasa.gov/sbdb.cgi?sstr=3136733",
      "absolute_magnitude_h" : 20.5,
      "estimated_diameter" : {
        "kilometers" : {
          "estimated_diameter_min" : 0.2111324448,
          "estimated_diameter_max" : 0.4721064988
        },
        "meters" : {
          "estimated_diameter_min" : 211.1324447897,
          "estimated_diameter_max" : 472.1064988055
        },
        "miles" : {
          "estimated_diameter_min" : 0.1311915784,
          "estimated_diameter_max" : 0.2933532873
        },
        "feet" : {
          "estimated_diameter_min" : 692.6917701639,
          "estimated_diameter_max" : 1548.9058855411
        }
      },
      "is_potentially_hazardous_asteroid" : false,
      "close_approach_data" : [ {
        "close_approach_date" : "2002-10-08",
        "epoch_date_close_approach" : 1034060400000,
        "relative_velocity" : {
          "kilometers_per_second" : "3.803816516",
          "kilometers_per_hour" : "13693.7394576078",
          "miles_per_hour" : "8508.7571646452"
        },
        "miss_distance" : {
          "astronomical" : "0.2185459329",
          "lunar" : "85.0143661499",
          "kilometers" : "32694006",
          "miles" : "20315114"
        },
        "orbiting_body" : "Earth"
      } ],
      "orbital_data" : {
        "orbit_id" : "19",
        "orbit_determination_date" : "2017-04-06 09:14:49",
        "orbit_uncertainty" : "6",
        "minimum_orbit_intersection" : ".218403",
        "jupiter_tisserand_invariant" : "3.796",
        "epoch_osculation" : "2458000.5",
        "eccentricity" : ".3780023972989719",
        "semi_major_axis" : "1.949274968031914",
        "inclination" : "6.425353858784675",
        "ascending_node_longitude" : "36.55962549395401",
        "orbital_period" : "994.0496700697073",
        "perihelion_distance" : "1.212444357120974",
        "perihelion_argument" : "337.2924809410183",
        "aphelion_distance" : "2.686105578942855",
        "perihelion_time" : "2457523.185643462842",
        "mean_anomaly" : "172.8617528149545",
        "mean_motion" : ".3621549413871393",
        "equinox" : "J2000"
      }
    }, {
      "links" : {
        "self" : "https://api.nasa.gov/neo/rest/v1/neo/3327141?api_key=t0TVs3DtDT2H8Oy2Zy8m2eVrNsAVKAexjcZXUckd"
      },
      "neo_reference_id" : "3327141",
      "name" : "(2006 EW52)",
      "nasa_jpl_url" : "http://ssd.jpl.nasa.gov/sbdb.cgi?sstr=3327141",
      "absolute_magnitude_h" : 22.1,
      "estimated_diameter" : {
        "kilometers" : {
          "estimated_diameter_min" : 0.1010543415,
          "estimated_diameter_max" : 0.2259643771
        },
        "meters" : {
          "estimated_diameter_min" : 101.054341542,
          "estimated_diameter_max" : 225.9643771094
        },
        "miles" : {
          "estimated_diameter_min" : 0.0627922373,
          "estimated_diameter_max" : 0.140407711
        },
        "feet" : {
          "estimated_diameter_min" : 331.5431259047,
          "estimated_diameter_max" : 741.3529669956
        }
      },
      "is_potentially_hazardous_asteroid" : false,
      "close_approach_data" : [ {
        "close_approach_date" : "2002-10-08",
        "epoch_date_close_approach" : 1034060400000,
        "relative_velocity" : {
          "kilometers_per_second" : "4.7801708977",
          "kilometers_per_hour" : "17208.6152317103",
          "miles_per_hour" : "10692.7642810591"
        },
        "miss_distance" : {
          "astronomical" : "0.2873003392",
          "lunar" : "111.7598342896",
          "kilometers" : "42979520",
          "miles" : "26706236"
        },
        "orbiting_body" : "Earth"
      } ],
      "orbital_data" : {
        "orbit_id" : "8",
        "orbit_determination_date" : "2017-04-06 09:08:55",
        "orbit_uncertainty" : "6",
        "minimum_orbit_intersection" : ".144088",
        "jupiter_tisserand_invariant" : "5.139",
        "epoch_osculation" : "2458000.5",
        "eccentricity" : ".09570012440831979",
        "semi_major_axis" : "1.245942929168558",
        "inclination" : "8.894222432579726",
        "ascending_node_longitude" : "343.555974005734",
        "orbital_period" : "507.9788745395734",
        "perihelion_distance" : "1.126706035841461",
        "perihelion_argument" : "304.9336876743185",
        "aphelion_distance" : "1.365179822495656",
        "perihelion_time" : "2458027.797137135471",
        "mean_anomaly" : "340.6547676265545",
        "mean_motion" : ".7086908886246501",
        "equinox" : "J2000"
      }
    }, {
      "links" : {
        "self" : "https://api.nasa.gov/neo/rest/v1/neo/2354182?api_key=t0TVs3DtDT2H8Oy2Zy8m2eVrNsAVKAexjcZXUckd"
      },
      "neo_reference_id" : "2354182",
      "name" : "354182 (2002 DU3)",
      "nasa_jpl_url" : "http://ssd.jpl.nasa.gov/sbdb.cgi?sstr=2354182",
      "absolute_magnitude_h" : 20.7,
      "estimated_diameter" : {
        "kilometers" : {
          "estimated_diameter_min" : 0.1925550782,
          "estimated_diameter_max" : 0.4305662442
        },
        "meters" : {
          "estimated_diameter_min" : 192.5550781879,
          "estimated_diameter_max" : 430.566244241
        },
        "miles" : {
          "estimated_diameter_min" : 0.1196481415,
          "estimated_diameter_max" : 0.2675413778
        },
        "feet" : {
          "estimated_diameter_min" : 631.7424027221,
          "estimated_diameter_max" : 1412.6189567557
        }
      },
      "is_potentially_hazardous_asteroid" : true,
      "close_approach_data" : [ {
        "close_approach_date" : "2002-10-08",
        "epoch_date_close_approach" : 1034060400000,
        "relative_velocity" : {
          "kilometers_per_second" : "7.2749524702",
          "kilometers_per_hour" : "26189.8288927779",
          "miles_per_hour" : "16273.3411806264"
        },
        "miss_distance" : {
          "astronomical" : "0.3374901218",
          "lunar" : "131.2836608887",
          "kilometers" : "50487804",
          "miles" : "31371666"
        },
        "orbiting_body" : "Earth"
      } ],
      "orbital_data" : {
        "orbit_id" : "34",
        "orbit_determination_date" : "2017-04-06 09:23:01",
        "orbit_uncertainty" : "0",
        "minimum_orbit_intersection" : ".00658933",
        "jupiter_tisserand_invariant" : "5.444",
        "epoch_osculation" : "2458000.5",
        "eccentricity" : ".2382123854500691",
        "semi_major_axis" : "1.14544120272228",
        "inclination" : "8.701003532177795",
        "ascending_node_longitude" : ".6963998077277658",
        "orbital_period" : "447.772717222247",
        "perihelion_distance" : ".8725829214290094",
        "perihelion_argument" : "245.4996140748731",
        "aphelion_distance" : "1.41829948401555",
        "perihelion_time" : "2457786.873450461066",
        "mean_anomaly" : "171.7513257866601",
        "mean_motion" : ".8039793094882064",
        "equinox" : "J2000"
      }
    }, {
      "links" : {
        "self" : "https://api.nasa.gov/neo/rest/v1/neo/2401954?api_key=t0TVs3DtDT2H8Oy2Zy8m2eVrNsAVKAexjcZXUckd"
      },
      "neo_reference_id" : "2401954",
      "name" : "401954 (2002 RW25)",
      "nasa_jpl_url" : "http://ssd.jpl.nasa.gov/sbdb.cgi?sstr=2401954",
      "absolute_magnitude_h" : 18.8,
      "estimated_diameter" : {
        "kilometers" : {
          "estimated_diameter_min" : 0.4619074603,
          "estimated_diameter_max" : 1.0328564805
        },
        "meters" : {
          "estimated_diameter_min" : 461.9074602816,
          "estimated_diameter_max" : 1032.8564805039
        },
        "miles" : {
          "estimated_diameter_min" : 0.2870159005,
          "estimated_diameter_max" : 0.6417870641
        },
        "feet" : {
          "estimated_diameter_min" : 1515.4444719902,
          "estimated_diameter_max" : 3388.6368554964
        }
      },
      "is_potentially_hazardous_asteroid" : true,
      "close_approach_data" : [ {
        "close_approach_date" : "2002-10-08",
        "epoch_date_close_approach" : 1034060400000,
        "relative_velocity" : {
          "kilometers_per_second" : "15.7269661954",
          "kilometers_per_hour" : "56617.078303345",
          "miles_per_hour" : "35179.6506824312"
        },
        "miss_distance" : {
          "astronomical" : "0.2982610834",
          "lunar" : "116.0235595703",
          "kilometers" : "44619224",
          "miles" : "27725100"
        },
        "orbiting_body" : "Earth"
      } ],
      "orbital_data" : {
        "orbit_id" : "34",
        "orbit_determination_date" : "2017-07-03 06:20:29",
        "orbit_uncertainty" : "1",
        "minimum_orbit_intersection" : ".0160302",
        "jupiter_tisserand_invariant" : "7.060",
        "epoch_osculation" : "2458000.5",
        "eccentricity" : ".286890658468444",
        "semi_major_axis" : ".8263226900946545",
        "inclination" : "1.327445308802628",
        "ascending_node_longitude" : "92.06991506419345",
        "orbital_period" : "274.3613582894533",
        "perihelion_distance" : ".5892584294259831",
        "perihelion_argument" : "71.73387784619896",
        "aphelion_distance" : "1.063386950763326",
        "perihelion_time" : "2458113.076318718553",
        "mean_anomaly" : "212.2843195144033",
        "mean_motion" : "1.312138131420815",
        "equinox" : "J2000"
      }
    }, {
      "links" : {
        "self" : "https://api.nasa.gov/neo/rest/v1/neo/3293790?api_key=t0TVs3DtDT2H8Oy2Zy8m2eVrNsAVKAexjcZXUckd"
      },
      "neo_reference_id" : "3293790",
      "name" : "(2005 TQ45)",
      "nasa_jpl_url" : "http://ssd.jpl.nasa.gov/sbdb.cgi?sstr=3293790",
      "absolute_magnitude_h" : 25.6,
      "estimated_diameter" : {
        "kilometers" : {
          "estimated_diameter_min" : 0.0201629919,
          "estimated_diameter_max" : 0.0450858206
        },
        "meters" : {
          "estimated_diameter_min" : 20.1629919443,
          "estimated_diameter_max" : 45.0858206172
        },
        "miles" : {
          "estimated_diameter_min" : 0.0125286985,
          "estimated_diameter_max" : 0.0280150214
        },
        "feet" : {
          "estimated_diameter_min" : 66.1515504905,
          "estimated_diameter_max" : 147.9193637137
        }
      },
      "is_potentially_hazardous_asteroid" : false,
      "close_approach_data" : [ {
        "close_approach_date" : "2002-10-08",
        "epoch_date_close_approach" : 1034060400000,
        "relative_velocity" : {
          "kilometers_per_second" : "12.9405803843",
          "kilometers_per_hour" : "46586.0893836352",
          "miles_per_hour" : "28946.7842617371"
        },
        "miss_distance" : {
          "astronomical" : "0.043114334",
          "lunar" : "16.7714767456",
          "kilometers" : "6449812.5",
          "miles" : "4007727.75"
        },
        "orbiting_body" : "Earth"
      } ],
      "orbital_data" : {
        "orbit_id" : "10",
        "orbit_determination_date" : "2017-04-06 09:10:16",
        "orbit_uncertainty" : "5",
        "minimum_orbit_intersection" : ".0193647",
        "jupiter_tisserand_invariant" : "6.988",
        "epoch_osculation" : "2458000.5",
        "eccentricity" : ".2327355642478618",
        "semi_major_axis" : ".8274189112000998",
        "inclination" : "25.6315256144214",
        "ascending_node_longitude" : "14.89206362784464",
        "orbital_period" : "274.9075016586434",
        "perihelion_distance" : ".6348491040325931",
        "perihelion_argument" : "185.8553106421947",
        "aphelion_distance" : "1.019988718367607",
        "perihelion_time" : "2457917.905783024741",
        "mean_anomaly" : "108.1597189298035",
        "mean_motion" : "1.309531379929447",
        "equinox" : "J2000"
      }
    }, {
      "links" : {
        "self" : "https://api.nasa.gov/neo/rest/v1/neo/3758924?api_key=t0TVs3DtDT2H8Oy2Zy8m2eVrNsAVKAexjcZXUckd"
      },
      "neo_reference_id" : "3758924",
      "name" : "(2016 RP1)",
      "nasa_jpl_url" : "http://ssd.jpl.nasa.gov/sbdb.cgi?sstr=3758924",
      "absolute_magnitude_h" : 20.7,
      "estimated_diameter" : {
        "kilometers" : {
          "estimated_diameter_min" : 0.1925550782,
          "estimated_diameter_max" : 0.4305662442
        },
        "meters" : {
          "estimated_diameter_min" : 192.5550781879,
          "estimated_diameter_max" : 430.566244241
        },
        "miles" : {
          "estimated_diameter_min" : 0.1196481415,
          "estimated_diameter_max" : 0.2675413778
        },
        "feet" : {
          "estimated_diameter_min" : 631.7424027221,
          "estimated_diameter_max" : 1412.6189567557
        }
      },
      "is_potentially_hazardous_asteroid" : false,
      "close_approach_data" : [ {
        "close_approach_date" : "2002-10-08",
        "epoch_date_close_approach" : 1034060400000,
        "relative_velocity" : {
          "kilometers_per_second" : "5.466562449",
          "kilometers_per_hour" : "19679.6248162556",
          "miles_per_hour" : "12228.1535420784"
        },
        "miss_distance" : {
          "astronomical" : "0.3684864797",
          "lunar" : "143.3412475586",
          "kilometers" : "55124796",
          "miles" : "34252960"
        },
        "orbiting_body" : "Earth"
      } ],
      "orbital_data" : {
        "orbit_id" : "6",
        "orbit_determination_date" : "2017-04-06 08:24:12",
        "orbit_uncertainty" : "5",
        "minimum_orbit_intersection" : ".350148",
        "jupiter_tisserand_invariant" : "4.330",
        "epoch_osculation" : "2458000.5",
        "eccentricity" : ".1978658314576065",
        "semi_major_axis" : "1.585808362596254",
        "inclination" : "14.31396093732295",
        "ascending_node_longitude" : "325.1471387437031",
        "orbital_period" : "729.4146512883008",
        "perihelion_distance" : "1.272031072398721",
        "perihelion_argument" : "70.96074670825888",
        "aphelion_distance" : "1.899585652793788",
        "perihelion_time" : "2457684.431708699414",
        "mean_anomaly" : "155.9943780499107",
        "mean_motion" : ".4935464339305",
        "equinox" : "J2000"
      }
    }, {
      "links" : {
        "self" : "https://api.nasa.gov/neo/rest/v1/neo/3767262?api_key=t0TVs3DtDT2H8Oy2Zy8m2eVrNsAVKAexjcZXUckd"
      },
      "neo_reference_id" : "3767262",
      "name" : "(2017 BL32)",
      "nasa_jpl_url" : "http://ssd.jpl.nasa.gov/sbdb.cgi?sstr=3767262",
      "absolute_magnitude_h" : 20.5,
      "estimated_diameter" : {
        "kilometers" : {
          "estimated_diameter_min" : 0.2111324448,
          "estimated_diameter_max" : 0.4721064988
        },
        "meters" : {
          "estimated_diameter_min" : 211.1324447897,
          "estimated_diameter_max" : 472.1064988055
        },
        "miles" : {
          "estimated_diameter_min" : 0.1311915784,
          "estimated_diameter_max" : 0.2933532873
        },
        "feet" : {
          "estimated_diameter_min" : 692.6917701639,
          "estimated_diameter_max" : 1548.9058855411
        }
      },
      "is_potentially_hazardous_asteroid" : false,
      "close_approach_data" : [ {
        "close_approach_date" : "2002-10-08",
        "epoch_date_close_approach" : 1034060400000,
        "relative_velocity" : {
          "kilometers_per_second" : "17.4984450049",
          "kilometers_per_hour" : "62994.4020175223",
          "miles_per_hour" : "39142.2716313877"
        },
        "miss_distance" : {
          "astronomical" : "0.2744151446",
          "lunar" : "106.7474899292",
          "kilometers" : "41051920",
          "miles" : "25508480"
        },
        "orbiting_body" : "Earth"
      } ],
      "orbital_data" : {
        "orbit_id" : "15",
        "orbit_determination_date" : "2017-06-02 06:17:00",
        "orbit_uncertainty" : "6",
        "minimum_orbit_intersection" : ".15509",
        "jupiter_tisserand_invariant" : "4.478",
        "epoch_osculation" : "2458000.5",
        "eccentricity" : ".6979313825854672",
        "semi_major_axis" : "1.386988030759319",
        "inclination" : "10.9333537172155",
        "ascending_node_longitude" : "280.987592867235",
        "orbital_period" : "596.6333106106565",
        "perihelion_distance" : ".418965556821973",
        "perihelion_argument" : "349.327756824438",
        "aphelion_distance" : "2.355010504696665",
        "perihelion_time" : "2457873.302994035455",
        "mean_anomaly" : "76.74885282615045",
        "mean_motion" : ".6033856869834147",
        "equinox" : "J2000"
      }
    } ]
  }
}