{
  "links" : {
    "next" : "https://api.nasa.gov/neo/rest/v1/feed?start_date=2001-07-16&end_date=2001-07-16&detailed=true&api_key=t0TVs3DtDT2H8Oy2Zy8m2eVrNsAVKAexjcZXUckd",
    "prev" : "https://api.nasa.gov/neo/rest/v1/feed?start_date=2001-07-14&end_date=2001-07-14&detailed=true&api_key=t0TVs3DtDT2H8Oy2Zy8m2eVrNsAVKAexjcZXUckd",
    "self" : "https://api.nasa.gov/neo/rest/v1/feed?start_date=2001-07-15&end_date=2001-07-15&detailed=true&api_key=t0TVs3DtDT2H8Oy2Zy8m2eVrNsAVKAexjcZXUckd"
  },
  "element_count" : 6,
  "near_earth_objects" : {
    "2001-07-15" : [ {
      "links" : {
        "self" : "https://api.nasa.gov/neo/rest/v1/neo/2138859?api_key=t0TVs3DtDT2H8Oy2Zy8m2eVrNsAVKAexjcZXUckd"
      },
      "neo_reference_id" : "2138859",
      "name" : "138859 (2000 WN63)",
      "nasa_jpl_url" : "http://ssd.jpl.nasa.gov/sbdb.cgi?sstr=2138859",
      "absolute_magnitude_h" : 19.0,
      "estimated_diameter" : {
        "kilometers" : {
          "estimated_diameter_min" : 0.4212646106,
          "estimated_diameter_max" : 0.9419763057
        },
        "meters" : {
          "estimated_diameter_min" : 421.2646105562,
          "estimated_diameter_max" : 941.9763057186
        },
        "miles" : {
          "estimated_diameter_min" : 0.2617616123,
          "estimated_diameter_max" : 0.5853167591
        },
        "feet" : {
          "estimated_diameter_min" : 1382.1017848971,
          "estimated_diameter_max" : 3090.4735428537
        }
      },
      "is_potentially_hazardous_asteroid" : false,
      "close_approach_data" : [ {
        "close_approach_date" : "2001-07-15",
        "epoch_date_close_approach" : 995180400000,
        "relative_velocity" : {
          "kilometers_per_second" : "25.0511830819",
          "kilometers_per_hour" : "90184.2590949977",
          "miles_per_hour" : "56036.9914360001"
        },
        "miss_distance" : {
          "astronomical" : "0.3739942136",
          "lunar" : "145.4837493896",
          "kilometers" : "55948736",
          "miles" : "34764932"
        },
        "orbiting_body" : "Earth"
      } ],
      "orbital_data" : {
        "orbit_id" : "63",
        "orbit_determination_date" : "2017-08-17 06:20:04",
        "orbit_uncertainty" : "0",
        "minimum_orbit_intersection" : ".140456",
        "jupiter_tisserand_invariant" : "4.214",
        "epoch_osculation" : "2458000.5",
        "eccentricity" : ".5317898583077602",
        "semi_major_axis" : "1.573354170896487",
        "inclination" : "13.15019648542084",
        "ascending_node_longitude" : "55.92606292817924",
        "orbital_period" : "720.8388257337361",
        "perihelion_distance" : ".7366603792875208",
        "perihelion_argument" : "144.339545380657",
        "aphelion_distance" : "2.410047962505454",
        "perihelion_time" : "2457826.443210257910",
        "mean_anomaly" : "86.92712166741427",
        "mean_motion" : ".4994181599937529",
        "equinox" : "J2000"
      }
    }, {
      "links" : {
        "self" : "https://api.nasa.gov/neo/rest/v1/neo/3312033?api_key=t0TVs3DtDT2H8Oy2Zy8m2eVrNsAVKAexjcZXUckd"
      },
      "neo_reference_id" : "3312033",
      "name" : "(2006 AK8)",
      "nasa_jpl_url" : "http://ssd.jpl.nasa.gov/sbdb.cgi?sstr=3312033",
      "absolute_magnitude_h" : 21.2,
      "estimated_diameter" : {
        "kilometers" : {
          "estimated_diameter_min" : 0.1529519353,
          "estimated_diameter_max" : 0.3420109247
        },
        "meters" : {
          "estimated_diameter_min" : 152.9519353442,
          "estimated_diameter_max" : 342.0109247198
        },
        "miles" : {
          "estimated_diameter_min" : 0.095039897,
          "estimated_diameter_max" : 0.2125156703
        },
        "feet" : {
          "estimated_diameter_min" : 501.8108275547,
          "estimated_diameter_max" : 1122.0831222578
        }
      },
      "is_potentially_hazardous_asteroid" : false,
      "close_approach_data" : [ {
        "close_approach_date" : "2001-07-15",
        "epoch_date_close_approach" : 995180400000,
        "relative_velocity" : {
          "kilometers_per_second" : "15.231224206",
          "kilometers_per_hour" : "54832.4071414348",
          "miles_per_hour" : "34070.7254262987"
        },
        "miss_distance" : {
          "astronomical" : "0.1845109526",
          "lunar" : "71.7747573853",
          "kilometers" : "27602444",
          "miles" : "17151364"
        },
        "orbiting_body" : "Earth"
      } ],
      "orbital_data" : {
        "orbit_id" : "20",
        "orbit_determination_date" : "2016-07-12 06:16:29",
        "orbit_uncertainty" : "0",
        "minimum_orbit_intersection" : ".109607",
        "jupiter_tisserand_invariant" : "5.316",
        "epoch_osculation" : "2457600.5",
        "eccentricity" : ".1224300066361258",
        "semi_major_axis" : "1.157034097103852",
        "inclination" : "28.94828137810144",
        "ascending_node_longitude" : "118.5841151778075",
        "orbital_period" : "454.587681732057",
        "perihelion_distance" : "1.015378404917204",
        "perihelion_argument" : "72.06262379211482",
        "aphelion_distance" : "1.298689789290501",
        "perihelion_time" : "2457457.326683237953",
        "mean_anomaly" : "113.3827336410694",
        "mean_motion" : ".7919264301846859",
        "equinox" : "J2000"
      }
    }, {
      "links" : {
        "self" : "https://api.nasa.gov/neo/rest/v1/neo/3568443?api_key=t0TVs3DtDT2H8Oy2Zy8m2eVrNsAVKAexjcZXUckd"
      },
      "neo_reference_id" : "3568443",
      "name" : "(2011 NP)",
      "nasa_jpl_url" : "http://ssd.jpl.nasa.gov/sbdb.cgi?sstr=3568443",
      "absolute_magnitude_h" : 19.9,
      "estimated_diameter" : {
        "kilometers" : {
          "estimated_diameter_min" : 0.2783267681,
          "estimated_diameter_max" : 0.6223575734
        },
        "meters" : {
          "estimated_diameter_min" : 278.3267680719,
          "estimated_diameter_max" : 622.3575733667
        },
        "miles" : {
          "estimated_diameter_min" : 0.1729441822,
          "estimated_diameter_max" : 0.3867149477
        },
        "feet" : {
          "estimated_diameter_min" : 913.1455937611,
          "estimated_diameter_max" : 2041.8556210042
        }
      },
      "is_potentially_hazardous_asteroid" : false,
      "close_approach_data" : [ {
        "close_approach_date" : "2001-07-15",
        "epoch_date_close_approach" : 995180400000,
        "relative_velocity" : {
          "kilometers_per_second" : "20.6632805645",
          "kilometers_per_hour" : "74387.8100320578",
          "miles_per_hour" : "46221.6922946417"
        },
        "miss_distance" : {
          "astronomical" : "0.4867974111",
          "lunar" : "189.3641967773",
          "kilometers" : "72823856",
          "miles" : "45250648"
        },
        "orbiting_body" : "Earth"
      } ],
      "orbital_data" : {
        "orbit_id" : "46",
        "orbit_determination_date" : "2017-08-01 06:17:54",
        "orbit_uncertainty" : "0",
        "minimum_orbit_intersection" : ".266142",
        "jupiter_tisserand_invariant" : "4.111",
        "epoch_osculation" : "2458000.5",
        "eccentricity" : ".195081535650021",
        "semi_major_axis" : "1.592186416835705",
        "inclination" : "39.04019196338661",
        "ascending_node_longitude" : "295.1369389698439",
        "orbital_period" : "733.8195853638615",
        "perihelion_distance" : "1.281580245598291",
        "perihelion_argument" : "354.9378971175147",
        "aphelion_distance" : "1.902792588073119",
        "perihelion_time" : "2457945.865505261597",
        "mean_anomaly" : "26.80279798756339",
        "mean_motion" : ".4905837990430515",
        "equinox" : "J2000"
      }
    }, {
      "links" : {
        "self" : "https://api.nasa.gov/neo/rest/v1/neo/3596035?api_key=t0TVs3DtDT2H8Oy2Zy8m2eVrNsAVKAexjcZXUckd"
      },
      "neo_reference_id" : "3596035",
      "name" : "(2012 BB14)",
      "nasa_jpl_url" : "http://ssd.jpl.nasa.gov/sbdb.cgi?sstr=3596035",
      "absolute_magnitude_h" : 25.0,
      "estimated_diameter" : {
        "kilometers" : {
          "estimated_diameter_min" : 0.02658,
          "estimated_diameter_max" : 0.0594346868
        },
        "meters" : {
          "estimated_diameter_min" : 26.58,
          "estimated_diameter_max" : 59.4346868419
        },
        "miles" : {
          "estimated_diameter_min" : 0.0165160412,
          "estimated_diameter_max" : 0.0369309908
        },
        "feet" : {
          "estimated_diameter_min" : 87.2047272,
          "estimated_diameter_max" : 194.9956979785
        }
      },
      "is_potentially_hazardous_asteroid" : false,
      "close_approach_data" : [ {
        "close_approach_date" : "2001-07-15",
        "epoch_date_close_approach" : 995180400000,
        "relative_velocity" : {
          "kilometers_per_second" : "5.3226003933",
          "kilometers_per_hour" : "19161.3614157825",
          "miles_per_hour" : "11906.1248197122"
        },
        "miss_distance" : {
          "astronomical" : "0.0841894266",
          "lunar" : "32.7496871948",
          "kilometers" : "12594560",
          "miles" : "7825896.5"
        },
        "orbiting_body" : "Earth"
      } ],
      "orbital_data" : {
        "orbit_id" : "10",
        "orbit_determination_date" : "2017-04-06 08:51:20",
        "orbit_uncertainty" : "4",
        "minimum_orbit_intersection" : ".0178519",
        "jupiter_tisserand_invariant" : "5.788",
        "epoch_osculation" : "2458000.5",
        "eccentricity" : ".09940500687490292",
        "semi_major_axis" : "1.064432935742489",
        "inclination" : "2.64495957691669",
        "ascending_node_longitude" : "316.9235323572648",
        "orbital_period" : "401.1214466873673",
        "perihelion_distance" : ".9586229724471337",
        "perihelion_argument" : "255.0255541536594",
        "aphelion_distance" : "1.170242899037844",
        "perihelion_time" : "2458043.488981697378",
        "mean_anomaly" : "321.4180853732356",
        "mean_motion" : ".8974837994154493",
        "equinox" : "J2000"
      }
    }, {
      "links" : {
        "self" : "https://api.nasa.gov/neo/rest/v1/neo/3703372?api_key=t0TVs3DtDT2H8Oy2Zy8m2eVrNsAVKAexjcZXUckd"
      },
      "neo_reference_id" : "3703372",
      "name" : "(2015 AW16)",
      "nasa_jpl_url" : "http://ssd.jpl.nasa.gov/sbdb.cgi?sstr=3703372",
      "absolute_magnitude_h" : 21.7,
      "estimated_diameter" : {
        "kilometers" : {
          "estimated_diameter_min" : 0.1214940408,
          "estimated_diameter_max" : 0.2716689341
        },
        "meters" : {
          "estimated_diameter_min" : 121.4940407996,
          "estimated_diameter_max" : 271.6689340891
        },
        "miles" : {
          "estimated_diameter_min" : 0.0754928736,
          "estimated_diameter_max" : 0.1688071972
        },
        "feet" : {
          "estimated_diameter_min" : 398.6025088171,
          "estimated_diameter_max" : 891.3023057169
        }
      },
      "is_potentially_hazardous_asteroid" : false,
      "close_approach_data" : [ {
        "close_approach_date" : "2001-07-15",
        "epoch_date_close_approach" : 995180400000,
        "relative_velocity" : {
          "kilometers_per_second" : "18.2532670029",
          "kilometers_per_hour" : "65711.7612105052",
          "miles_per_hour" : "40830.7329588275"
        },
        "miss_distance" : {
          "astronomical" : "0.1748067086",
          "lunar" : "67.9998092651",
          "kilometers" : "26150712",
          "miles" : "16249299"
        },
        "orbiting_body" : "Earth"
      } ],
      "orbital_data" : {
        "orbit_id" : "18",
        "orbit_determination_date" : "2017-04-06 08:36:30",
        "orbit_uncertainty" : "1",
        "minimum_orbit_intersection" : ".13446",
        "jupiter_tisserand_invariant" : "5.674",
        "epoch_osculation" : "2458000.5",
        "eccentricity" : ".2124587193290708",
        "semi_major_axis" : "1.060265739467461",
        "inclination" : "29.65687241636306",
        "ascending_node_longitude" : "125.0490565914175",
        "orbital_period" : "398.768201125733",
        "perihelion_distance" : ".8350030383117136",
        "perihelion_argument" : "223.4688006264657",
        "aphelion_distance" : "1.285528440623207",
        "perihelion_time" : "2458123.693787443775",
        "mean_anomaly" : "248.78309916749",
        "mean_motion" : ".9027801088043396",
        "equinox" : "J2000"
      }
    }, {
      "links" : {
        "self" : "https://api.nasa.gov/neo/rest/v1/neo/2469929?api_key=t0TVs3DtDT2H8Oy2Zy8m2eVrNsAVKAexjcZXUckd"
      },
      "neo_reference_id" : "2469929",
      "name" : "469929 (2006 AK8)",
      "nasa_jpl_url" : "http://ssd.jpl.nasa.gov/sbdb.cgi?sstr=2469929",
      "absolute_magnitude_h" : 21.0,
      "estimated_diameter" : {
        "kilometers" : {
          "estimated_diameter_min" : 0.1677084622,
          "estimated_diameter_max" : 0.3750075218
        },
        "meters" : {
          "estimated_diameter_min" : 167.7084621628,
          "estimated_diameter_max" : 375.0075217981
        },
        "miles" : {
          "estimated_diameter_min" : 0.1042091748,
          "estimated_diameter_max" : 0.2330187988
        },
        "feet" : {
          "estimated_diameter_min" : 550.2246310023,
          "estimated_diameter_max" : 1230.3396778159
        }
      },
      "is_potentially_hazardous_asteroid" : false,
      "close_approach_data" : [ {
        "close_approach_date" : "2001-07-15",
        "epoch_date_close_approach" : 995180400000,
        "relative_velocity" : {
          "kilometers_per_second" : "15.2312381758",
          "kilometers_per_hour" : "54832.4574328854",
          "miles_per_hour" : "34070.7566754504"
        },
        "miss_distance" : {
          "astronomical" : "0.1845108534",
          "lunar" : "71.7747268677",
          "kilometers" : "27602432",
          "miles" : "17151356"
        },
        "orbiting_body" : "Earth"
      } ],
      "orbital_data" : {
        "orbit_id" : "22",
        "orbit_determination_date" : "2017-04-06 09:19:15",
        "orbit_uncertainty" : "0",
        "minimum_orbit_intersection" : ".112305",
        "jupiter_tisserand_invariant" : "5.316",
        "epoch_osculation" : "2458000.5",
        "eccentricity" : ".1224386896716886",
        "semi_major_axis" : "1.156999425484827",
        "inclination" : "28.94759776946955",
        "ascending_node_longitude" : "118.5788098439422",
        "orbital_period" : "454.5672486615737",
        "perihelion_distance" : "1.015337931877568",
        "perihelion_argument" : "72.05834114507975",
        "aphelion_distance" : "1.298660919092086",
        "perihelion_time" : "2457911.899389005705",
        "mean_anomaly" : "70.1683195431728",
        "mean_motion" : ".7919620277527315",
        "equinox" : "J2000"
      }
    } ]
  }
}