{
  "links" : {
    "next" : "https://api.nasa.gov/neo/rest/v1/feed?start_date=2003-05-16&end_date=2003-05-16&detailed=true&api_key=t0TVs3DtDT2H8Oy2Zy8m2eVrNsAVKAexjcZXUckd",
    "prev" : "https://api.nasa.gov/neo/rest/v1/feed?start_date=2003-05-14&end_date=2003-05-14&detailed=true&api_key=t0TVs3DtDT2H8Oy2Zy8m2eVrNsAVKAexjcZXUckd",
    "self" : "https://api.nasa.gov/neo/rest/v1/feed?start_date=2003-05-15&end_date=2003-05-15&detailed=true&api_key=t0TVs3DtDT2H8Oy2Zy8m2eVrNsAVKAexjcZXUckd"
  },
  "element_count" : 5,
  "near_earth_objects" : {
    "2003-05-15" : [ {
      "links" : {
        "self" : "https://api.nasa.gov/neo/rest/v1/neo/2171819?api_key=t0TVs3DtDT2H8Oy2Zy8m2eVrNsAVKAexjcZXUckd"
      },
      "neo_reference_id" : "2171819",
      "name" : "171819 (2001 FZ6)",
      "nasa_jpl_url" : "http://ssd.jpl.nasa.gov/sbdb.cgi?sstr=2171819",
      "absolute_magnitude_h" : 18.3,
      "estimated_diameter" : {
        "kilometers" : {
          "estimated_diameter_min" : 0.5815070396,
          "estimated_diameter_max" : 1.30028927
        },
        "meters" : {
          "estimated_diameter_min" : 581.5070396458,
          "estimated_diameter_max" : 1300.2892700427
        },
        "miles" : {
          "estimated_diameter_min" : 0.3613316107,
          "estimated_diameter_max" : 0.807962044
        },
        "feet" : {
          "estimated_diameter_min" : 1907.8315559515,
          "estimated_diameter_max" : 4266.0410487267
        }
      },
      "is_potentially_hazardous_asteroid" : false,
      "close_approach_data" : [ {
        "close_approach_date" : "2003-05-15",
        "epoch_date_close_approach" : 1052982000000,
        "relative_velocity" : {
          "kilometers_per_second" : "6.0120696553",
          "kilometers_per_hour" : "21643.4507590512",
          "miles_per_hour" : "13448.3986119227"
        },
        "miss_distance" : {
          "astronomical" : "0.4519792794",
          "lunar" : "175.8199462891",
          "kilometers" : "67615136",
          "miles" : "42014100"
        },
        "orbiting_body" : "Earth"
      } ],
      "orbital_data" : {
        "orbit_id" : "132",
        "orbit_determination_date" : "2017-04-05 06:19:02",
        "orbit_uncertainty" : "0",
        "minimum_orbit_intersection" : ".28057",
        "jupiter_tisserand_invariant" : "4.520",
        "epoch_osculation" : "2458000.5",
        "eccentricity" : ".1664670710284978",
        "semi_major_axis" : "1.495685870014392",
        "inclination" : "9.952101071116752",
        "ascending_node_longitude" : "17.37897485614839",
        "orbital_period" : "668.1269854106026",
        "perihelion_distance" : "1.246703424054386",
        "perihelion_argument" : "297.3586861997284",
        "aphelion_distance" : "1.744668315974399",
        "perihelion_time" : "2458244.125919708397",
        "mean_anomaly" : "228.7295484089409",
        "mean_motion" : ".5388197271791966",
        "equinox" : "J2000"
      }
    }, {
      "links" : {
        "self" : "https://api.nasa.gov/neo/rest/v1/neo/2455415?api_key=t0TVs3DtDT2H8Oy2Zy8m2eVrNsAVKAexjcZXUckd"
      },
      "neo_reference_id" : "2455415",
      "name" : "455415 (2003 GA)",
      "nasa_jpl_url" : "http://ssd.jpl.nasa.gov/sbdb.cgi?sstr=2455415",
      "absolute_magnitude_h" : 21.2,
      "estimated_diameter" : {
        "kilometers" : {
          "estimated_diameter_min" : 0.1529519353,
          "estimated_diameter_max" : 0.3420109247
        },
        "meters" : {
          "estimated_diameter_min" : 152.9519353442,
          "estimated_diameter_max" : 342.0109247198
        },
        "miles" : {
          "estimated_diameter_min" : 0.095039897,
          "estimated_diameter_max" : 0.2125156703
        },
        "feet" : {
          "estimated_diameter_min" : 501.8108275547,
          "estimated_diameter_max" : 1122.0831222578
        }
      },
      "is_potentially_hazardous_asteroid" : false,
      "close_approach_data" : [ {
        "close_approach_date" : "2003-05-15",
        "epoch_date_close_approach" : 1052982000000,
        "relative_velocity" : {
          "kilometers_per_second" : "4.2946646385",
          "kilometers_per_hour" : "15460.7926986816",
          "miles_per_hour" : "9606.7353299114"
        },
        "miss_distance" : {
          "astronomical" : "0.070493377",
          "lunar" : "27.4219245911",
          "kilometers" : "10545659",
          "miles" : "6552769"
        },
        "orbiting_body" : "Earth"
      } ],
      "orbital_data" : {
        "orbit_id" : "74",
        "orbit_determination_date" : "2017-04-06 09:19:58",
        "orbit_uncertainty" : "0",
        "minimum_orbit_intersection" : ".06141",
        "jupiter_tisserand_invariant" : "5.031",
        "epoch_osculation" : "2458000.5",
        "eccentricity" : ".1914490911322442",
        "semi_major_axis" : "1.281816370294313",
        "inclination" : "3.842261865269067",
        "ascending_node_longitude" : "192.9162213350079",
        "orbital_period" : "530.0747869527149",
        "perihelion_distance" : "1.036413791203034",
        "perihelion_argument" : "66.77977451468207",
        "aphelion_distance" : "1.527218949385591",
        "perihelion_time" : "2458097.317858247507",
        "mean_anomaly" : "294.2462048242795",
        "mean_motion" : ".6791494499664131",
        "equinox" : "J2000"
      }
    }, {
      "links" : {
        "self" : "https://api.nasa.gov/neo/rest/v1/neo/3376345?api_key=t0TVs3DtDT2H8Oy2Zy8m2eVrNsAVKAexjcZXUckd"
      },
      "neo_reference_id" : "3376345",
      "name" : "(2007 JB21)",
      "nasa_jpl_url" : "http://ssd.jpl.nasa.gov/sbdb.cgi?sstr=3376345",
      "absolute_magnitude_h" : 25.4,
      "estimated_diameter" : {
        "kilometers" : {
          "estimated_diameter_min" : 0.022108281,
          "estimated_diameter_max" : 0.0494356193
        },
        "meters" : {
          "estimated_diameter_min" : 22.1082810359,
          "estimated_diameter_max" : 49.435619262
        },
        "miles" : {
          "estimated_diameter_min" : 0.0137374447,
          "estimated_diameter_max" : 0.0307178602
        },
        "feet" : {
          "estimated_diameter_min" : 72.5337327539,
          "estimated_diameter_max" : 162.1903570994
        }
      },
      "is_potentially_hazardous_asteroid" : false,
      "close_approach_data" : [ {
        "close_approach_date" : "2003-05-15",
        "epoch_date_close_approach" : 1052982000000,
        "relative_velocity" : {
          "kilometers_per_second" : "10.7132696592",
          "kilometers_per_hour" : "38567.7707730239",
          "miles_per_hour" : "23964.5129006048"
        },
        "miss_distance" : {
          "astronomical" : "0.1841369507",
          "lunar" : "71.6292724609",
          "kilometers" : "27546496",
          "miles" : "17116600"
        },
        "orbiting_body" : "Earth"
      } ],
      "orbital_data" : {
        "orbit_id" : "10",
        "orbit_determination_date" : "2017-04-06 09:06:27",
        "orbit_uncertainty" : "6",
        "minimum_orbit_intersection" : ".00193145",
        "jupiter_tisserand_invariant" : "6.120",
        "epoch_osculation" : "2458000.5",
        "eccentricity" : ".1089270986799491",
        "semi_major_axis" : ".9858562716684772",
        "inclination" : "13.46345043397556",
        "ascending_node_longitude" : "227.8553689805934",
        "orbital_period" : "357.5352221884518",
        "perihelion_distance" : ".8784698082801983",
        "perihelion_argument" : "250.7314780320816",
        "aphelion_distance" : "1.093242735056756",
        "perihelion_time" : "2458067.556313360651",
        "mean_anomaly" : "292.4814135455717",
        "mean_motion" : "1.006893804186512",
        "equinox" : "J2000"
      }
    }, {
      "links" : {
        "self" : "https://api.nasa.gov/neo/rest/v1/neo/3563857?api_key=t0TVs3DtDT2H8Oy2Zy8m2eVrNsAVKAexjcZXUckd"
      },
      "neo_reference_id" : "3563857",
      "name" : "(2011 HP)",
      "nasa_jpl_url" : "http://ssd.jpl.nasa.gov/sbdb.cgi?sstr=3563857",
      "absolute_magnitude_h" : 22.1,
      "estimated_diameter" : {
        "kilometers" : {
          "estimated_diameter_min" : 0.1010543415,
          "estimated_diameter_max" : 0.2259643771
        },
        "meters" : {
          "estimated_diameter_min" : 101.054341542,
          "estimated_diameter_max" : 225.9643771094
        },
        "miles" : {
          "estimated_diameter_min" : 0.0627922373,
          "estimated_diameter_max" : 0.140407711
        },
        "feet" : {
          "estimated_diameter_min" : 331.5431259047,
          "estimated_diameter_max" : 741.3529669956
        }
      },
      "is_potentially_hazardous_asteroid" : false,
      "close_approach_data" : [ {
        "close_approach_date" : "2003-05-15",
        "epoch_date_close_approach" : 1052982000000,
        "relative_velocity" : {
          "kilometers_per_second" : "11.7260671762",
          "kilometers_per_hour" : "42213.8418344222",
          "miles_per_hour" : "26230.0396665053"
        },
        "miss_distance" : {
          "astronomical" : "0.1293227585",
          "lunar" : "50.3065490723",
          "kilometers" : "19346408",
          "miles" : "12021301"
        },
        "orbiting_body" : "Earth"
      } ],
      "orbital_data" : {
        "orbit_id" : "39",
        "orbit_determination_date" : "2017-04-06 08:53:40",
        "orbit_uncertainty" : "5",
        "minimum_orbit_intersection" : ".028205",
        "jupiter_tisserand_invariant" : "3.770",
        "epoch_osculation" : "2458000.5",
        "eccentricity" : ".4809970684038742",
        "semi_major_axis" : "1.92300064463241",
        "inclination" : "3.745001005558732",
        "ascending_node_longitude" : "229.6708428207938",
        "orbital_period" : "974.0193205933115",
        "perihelion_distance" : ".9980429720254604",
        "perihelion_argument" : "46.05592326658848",
        "aphelion_distance" : "2.847958317239359",
        "perihelion_time" : "2457682.624188563366",
        "mean_anomaly" : "117.4877024487375",
        "mean_motion" : ".3696025247021903",
        "equinox" : "J2000"
      }
    }, {
      "links" : {
        "self" : "https://api.nasa.gov/neo/rest/v1/neo/3763268?api_key=t0TVs3DtDT2H8Oy2Zy8m2eVrNsAVKAexjcZXUckd"
      },
      "neo_reference_id" : "3763268",
      "name" : "(2016 VR)",
      "nasa_jpl_url" : "http://ssd.jpl.nasa.gov/sbdb.cgi?sstr=3763268",
      "absolute_magnitude_h" : 26.2,
      "estimated_diameter" : {
        "kilometers" : {
          "estimated_diameter_min" : 0.0152951935,
          "estimated_diameter_max" : 0.0342010925
        },
        "meters" : {
          "estimated_diameter_min" : 15.2951935344,
          "estimated_diameter_max" : 34.201092472
        },
        "miles" : {
          "estimated_diameter_min" : 0.0095039897,
          "estimated_diameter_max" : 0.021251567
        },
        "feet" : {
          "estimated_diameter_min" : 50.1810827555,
          "estimated_diameter_max" : 112.2083122258
        }
      },
      "is_potentially_hazardous_asteroid" : false,
      "close_approach_data" : [ {
        "close_approach_date" : "2003-05-15",
        "epoch_date_close_approach" : 1052982000000,
        "relative_velocity" : {
          "kilometers_per_second" : "18.4796969577",
          "kilometers_per_hour" : "66526.909047715",
          "miles_per_hour" : "41337.234124676"
        },
        "miss_distance" : {
          "astronomical" : "0.3137113124",
          "lunar" : "122.0336990356",
          "kilometers" : "46930544",
          "miles" : "29161288"
        },
        "orbiting_body" : "Earth"
      } ],
      "orbital_data" : {
        "orbit_id" : "8",
        "orbit_determination_date" : "2017-07-21 16:08:36",
        "orbit_uncertainty" : "5",
        "minimum_orbit_intersection" : ".00656961",
        "jupiter_tisserand_invariant" : "5.372",
        "epoch_osculation" : "2458000.5",
        "eccentricity" : ".3279920750116145",
        "semi_major_axis" : "1.161242818729833",
        "inclination" : "3.494009449150936",
        "ascending_node_longitude" : "45.30424849768747",
        "orbital_period" : "457.0702859295817",
        "perihelion_distance" : ".7803643770222989",
        "perihelion_argument" : "87.94026097926843",
        "aphelion_distance" : "1.542121260437367",
        "perihelion_time" : "2458221.389464201518",
        "mean_anomaly" : "186.021928004312",
        "mean_motion" : ".7876250351033828",
        "equinox" : "J2000"
      }
    } ]
  }
}