{
  "links" : {
    "next" : "https://api.nasa.gov/neo/rest/v1/feed?start_date=2007-11-23&end_date=2007-11-23&detailed=true&api_key=t0TVs3DtDT2H8Oy2Zy8m2eVrNsAVKAexjcZXUckd",
    "prev" : "https://api.nasa.gov/neo/rest/v1/feed?start_date=2007-11-21&end_date=2007-11-21&detailed=true&api_key=t0TVs3DtDT2H8Oy2Zy8m2eVrNsAVKAexjcZXUckd",
    "self" : "https://api.nasa.gov/neo/rest/v1/feed?start_date=2007-11-22&end_date=2007-11-22&detailed=true&api_key=t0TVs3DtDT2H8Oy2Zy8m2eVrNsAVKAexjcZXUckd"
  },
  "element_count" : 7,
  "near_earth_objects" : {
    "2007-11-22" : [ {
      "links" : {
        "self" : "https://api.nasa.gov/neo/rest/v1/neo/3398089?api_key=t0TVs3DtDT2H8Oy2Zy8m2eVrNsAVKAexjcZXUckd"
      },
      "neo_reference_id" : "3398089",
      "name" : "(2007 YG)",
      "nasa_jpl_url" : "http://ssd.jpl.nasa.gov/sbdb.cgi?sstr=3398089",
      "absolute_magnitude_h" : 23.1,
      "estimated_diameter" : {
        "kilometers" : {
          "estimated_diameter_min" : 0.063760979,
          "estimated_diameter_max" : 0.1425738833
        },
        "meters" : {
          "estimated_diameter_min" : 63.7609789875,
          "estimated_diameter_max" : 142.5738833281
        },
        "miles" : {
          "estimated_diameter_min" : 0.0396192233,
          "estimated_diameter_max" : 0.0885912765
        },
        "feet" : {
          "estimated_diameter_min" : 209.1895703015,
          "estimated_diameter_max" : 467.7620993781
        }
      },
      "is_potentially_hazardous_asteroid" : false,
      "close_approach_data" : [ {
        "close_approach_date" : "2007-11-22",
        "epoch_date_close_approach" : 1195718400000,
        "relative_velocity" : {
          "kilometers_per_second" : "11.3229842396",
          "kilometers_per_hour" : "40762.7432626594",
          "miles_per_hour" : "25328.383445623"
        },
        "miss_distance" : {
          "astronomical" : "0.1168538236",
          "lunar" : "45.4561386108",
          "kilometers" : "17481084",
          "miles" : "10862242"
        },
        "orbiting_body" : "Earth"
      } ],
      "orbital_data" : {
        "orbit_id" : "11",
        "orbit_determination_date" : "2017-04-06 09:04:54",
        "orbit_uncertainty" : "8",
        "minimum_orbit_intersection" : ".040644",
        "jupiter_tisserand_invariant" : "4.978",
        "epoch_osculation" : "2454455.5",
        "eccentricity" : ".4114158224931179",
        "semi_major_axis" : "1.270554211593477",
        "inclination" : "11.51930232332047",
        "ascending_node_longitude" : "265.7437492323634",
        "orbital_period" : "523.1042241585183",
        "perihelion_distance" : ".7478281056086515",
        "perihelion_argument" : "71.09183029085611",
        "aphelion_distance" : "1.793280317578302",
        "perihelion_time" : "2454366.150372748400",
        "mean_anomaly" : "61.49035760955478",
        "mean_motion" : ".6881993747596039",
        "equinox" : "J2000"
      }
    }, {
      "links" : {
        "self" : "https://api.nasa.gov/neo/rest/v1/neo/2137099?api_key=t0TVs3DtDT2H8Oy2Zy8m2eVrNsAVKAexjcZXUckd"
      },
      "neo_reference_id" : "2137099",
      "name" : "137099 (1998 YW3)",
      "nasa_jpl_url" : "http://ssd.jpl.nasa.gov/sbdb.cgi?sstr=2137099",
      "absolute_magnitude_h" : 18.2,
      "estimated_diameter" : {
        "kilometers" : {
          "estimated_diameter_min" : 0.6089126221,
          "estimated_diameter_max" : 1.3615700154
        },
        "meters" : {
          "estimated_diameter_min" : 608.9126221057,
          "estimated_diameter_max" : 1361.5700153859
        },
        "miles" : {
          "estimated_diameter_min" : 0.3783606449,
          "estimated_diameter_max" : 0.846040122
        },
        "feet" : {
          "estimated_diameter_min" : 1997.7448871092,
          "estimated_diameter_max" : 4467.0933692788
        }
      },
      "is_potentially_hazardous_asteroid" : false,
      "close_approach_data" : [ {
        "close_approach_date" : "2007-11-22",
        "epoch_date_close_approach" : 1195718400000,
        "relative_velocity" : {
          "kilometers_per_second" : "25.3573501935",
          "kilometers_per_hour" : "91286.4606966716",
          "miles_per_hour" : "56721.8566478847"
        },
        "miss_distance" : {
          "astronomical" : "0.4982928898",
          "lunar" : "193.8359375",
          "kilometers" : "74543560",
          "miles" : "46319220"
        },
        "orbiting_body" : "Earth"
      } ],
      "orbital_data" : {
        "orbit_id" : "69",
        "orbit_determination_date" : "2017-04-06 09:27:56",
        "orbit_uncertainty" : "0",
        "minimum_orbit_intersection" : ".388359",
        "jupiter_tisserand_invariant" : "5.445",
        "epoch_osculation" : "2458000.5",
        "eccentricity" : ".4626233426488658",
        "semi_major_axis" : "1.100009023461051",
        "inclination" : "28.79291804959249",
        "ascending_node_longitude" : "94.2846531083093",
        "orbital_period" : "421.3983186368112",
        "perihelion_distance" : ".591119172083585",
        "perihelion_argument" : "194.8272082028749",
        "aphelion_distance" : "1.608898874838517",
        "perihelion_time" : "2458154.779546160167",
        "mean_anomaly" : "228.1991973832985",
        "mean_motion" : ".8542986150599042",
        "equinox" : "J2000"
      }
    }, {
      "links" : {
        "self" : "https://api.nasa.gov/neo/rest/v1/neo/3410534?api_key=t0TVs3DtDT2H8Oy2Zy8m2eVrNsAVKAexjcZXUckd"
      },
      "neo_reference_id" : "3410534",
      "name" : "(2008 JP24)",
      "nasa_jpl_url" : "http://ssd.jpl.nasa.gov/sbdb.cgi?sstr=3410534",
      "absolute_magnitude_h" : 26.7,
      "estimated_diameter" : {
        "kilometers" : {
          "estimated_diameter_min" : 0.0121494041,
          "estimated_diameter_max" : 0.0271668934
        },
        "meters" : {
          "estimated_diameter_min" : 12.14940408,
          "estimated_diameter_max" : 27.1668934089
        },
        "miles" : {
          "estimated_diameter_min" : 0.0075492874,
          "estimated_diameter_max" : 0.0168807197
        },
        "feet" : {
          "estimated_diameter_min" : 39.8602508817,
          "estimated_diameter_max" : 89.1302305717
        }
      },
      "is_potentially_hazardous_asteroid" : false,
      "close_approach_data" : [ {
        "close_approach_date" : "2007-11-22",
        "epoch_date_close_approach" : 1195718400000,
        "relative_velocity" : {
          "kilometers_per_second" : "5.5369027248",
          "kilometers_per_hour" : "19932.8498092425",
          "miles_per_hour" : "12385.4977050818"
        },
        "miss_distance" : {
          "astronomical" : "0.3399879692",
          "lunar" : "132.2553253174",
          "kilometers" : "50861476",
          "miles" : "31603856"
        },
        "orbiting_body" : "Earth"
      } ],
      "orbital_data" : {
        "orbit_id" : "9",
        "orbit_determination_date" : "2017-04-06 09:03:26",
        "orbit_uncertainty" : "6",
        "minimum_orbit_intersection" : ".00139323",
        "jupiter_tisserand_invariant" : "5.108",
        "epoch_osculation" : "2458000.5",
        "eccentricity" : ".2772507959624246",
        "semi_major_axis" : "1.248622217090334",
        "inclination" : "1.152998955705989",
        "ascending_node_longitude" : "41.39305411030883",
        "orbital_period" : "509.6182992568961",
        "perihelion_distance" : ".9024407135456719",
        "perihelion_argument" : "125.2009524338781",
        "aphelion_distance" : "1.594803720634997",
        "perihelion_time" : "2458111.676712918065",
        "mean_anomaly" : "281.4635410289147",
        "mean_motion" : ".7064110541653171",
        "equinox" : "J2000"
      }
    }, {
      "links" : {
        "self" : "https://api.nasa.gov/neo/rest/v1/neo/3394778?api_key=t0TVs3DtDT2H8Oy2Zy8m2eVrNsAVKAexjcZXUckd"
      },
      "neo_reference_id" : "3394778",
      "name" : "(2007 WA)",
      "nasa_jpl_url" : "http://ssd.jpl.nasa.gov/sbdb.cgi?sstr=3394778",
      "absolute_magnitude_h" : 24.7,
      "estimated_diameter" : {
        "kilometers" : {
          "estimated_diameter_min" : 0.0305179233,
          "estimated_diameter_max" : 0.0682401509
        },
        "meters" : {
          "estimated_diameter_min" : 30.5179232594,
          "estimated_diameter_max" : 68.2401509401
        },
        "miles" : {
          "estimated_diameter_min" : 0.0189629525,
          "estimated_diameter_max" : 0.0424024508
        },
        "feet" : {
          "estimated_diameter_min" : 100.1244233463,
          "estimated_diameter_max" : 223.8850168104
        }
      },
      "is_potentially_hazardous_asteroid" : false,
      "close_approach_data" : [ {
        "close_approach_date" : "2007-11-22",
        "epoch_date_close_approach" : 1195718400000,
        "relative_velocity" : {
          "kilometers_per_second" : "5.3028031812",
          "kilometers_per_hour" : "19090.0914522996",
          "miles_per_hour" : "11861.8404360136"
        },
        "miss_distance" : {
          "astronomical" : "0.0239456978",
          "lunar" : "9.3148765564",
          "kilometers" : "3582225.5",
          "miles" : "2225891.75"
        },
        "orbiting_body" : "Earth"
      } ],
      "orbital_data" : {
        "orbit_id" : "12",
        "orbit_determination_date" : "2017-04-06 09:05:06",
        "orbit_uncertainty" : "6",
        "minimum_orbit_intersection" : ".00961431",
        "jupiter_tisserand_invariant" : "5.903",
        "epoch_osculation" : "2458000.5",
        "eccentricity" : ".1528232495660173",
        "semi_major_axis" : "1.03516698457766",
        "inclination" : "6.167736263399572",
        "ascending_node_longitude" : "229.4109752146226",
        "orbital_period" : "384.6927886631079",
        "perihelion_distance" : ".8769694021510466",
        "perihelion_argument" : "276.6799402902158",
        "aphelion_distance" : "1.193364567004273",
        "perihelion_time" : "2457963.481193781775",
        "mean_anomaly" : "34.64263077265994",
        "mean_motion" : ".9358116674114927",
        "equinox" : "J2000"
      }
    }, {
      "links" : {
        "self" : "https://api.nasa.gov/neo/rest/v1/neo/3753623?api_key=t0TVs3DtDT2H8Oy2Zy8m2eVrNsAVKAexjcZXUckd"
      },
      "neo_reference_id" : "3753623",
      "name" : "(2016 LB)",
      "nasa_jpl_url" : "http://ssd.jpl.nasa.gov/sbdb.cgi?sstr=3753623",
      "absolute_magnitude_h" : 22.8,
      "estimated_diameter" : {
        "kilometers" : {
          "estimated_diameter_min" : 0.0732073989,
          "estimated_diameter_max" : 0.1636967205
        },
        "meters" : {
          "estimated_diameter_min" : 73.2073989347,
          "estimated_diameter_max" : 163.696720474
        },
        "miles" : {
          "estimated_diameter_min" : 0.0454889547,
          "estimated_diameter_max" : 0.1017163949
        },
        "feet" : {
          "estimated_diameter_min" : 240.181762721,
          "estimated_diameter_max" : 537.0627483999
        }
      },
      "is_potentially_hazardous_asteroid" : false,
      "close_approach_data" : [ {
        "close_approach_date" : "2007-11-22",
        "epoch_date_close_approach" : 1195718400000,
        "relative_velocity" : {
          "kilometers_per_second" : "21.4007228002",
          "kilometers_per_hour" : "77042.6020805861",
          "miles_per_hour" : "47871.2768316842"
        },
        "miss_distance" : {
          "astronomical" : "0.2948207678",
          "lunar" : "114.6852722168",
          "kilometers" : "44104556",
          "miles" : "27405302"
        },
        "orbiting_body" : "Earth"
      } ],
      "orbital_data" : {
        "orbit_id" : "11",
        "orbit_determination_date" : "2017-08-10 06:19:57",
        "orbit_uncertainty" : "1",
        "minimum_orbit_intersection" : ".0111133",
        "jupiter_tisserand_invariant" : "5.882",
        "epoch_osculation" : "2458000.5",
        "eccentricity" : ".1460948147138676",
        "semi_major_axis" : "1.01171243426374",
        "inclination" : "32.18373124829298",
        "ascending_node_longitude" : "72.96120151443269",
        "orbital_period" : "371.6927228047263",
        "perihelion_distance" : ".8639064936362629",
        "perihelion_argument" : "76.43178177525812",
        "aphelion_distance" : "1.159518374891217",
        "perihelion_time" : "2457825.323042491599",
        "mean_anomaly" : "169.6662345906502",
        "mean_motion" : ".9685419646731444",
        "equinox" : "J2000"
      }
    }, {
      "links" : {
        "self" : "https://api.nasa.gov/neo/rest/v1/neo/3634889?api_key=t0TVs3DtDT2H8Oy2Zy8m2eVrNsAVKAexjcZXUckd"
      },
      "neo_reference_id" : "3634889",
      "name" : "(2013 GF84)",
      "nasa_jpl_url" : "http://ssd.jpl.nasa.gov/sbdb.cgi?sstr=3634889",
      "absolute_magnitude_h" : 25.0,
      "estimated_diameter" : {
        "kilometers" : {
          "estimated_diameter_min" : 0.02658,
          "estimated_diameter_max" : 0.0594346868
        },
        "meters" : {
          "estimated_diameter_min" : 26.58,
          "estimated_diameter_max" : 59.4346868419
        },
        "miles" : {
          "estimated_diameter_min" : 0.0165160412,
          "estimated_diameter_max" : 0.0369309908
        },
        "feet" : {
          "estimated_diameter_min" : 87.2047272,
          "estimated_diameter_max" : 194.9956979785
        }
      },
      "is_potentially_hazardous_asteroid" : false,
      "close_approach_data" : [ {
        "close_approach_date" : "2007-11-22",
        "epoch_date_close_approach" : 1195718400000,
        "relative_velocity" : {
          "kilometers_per_second" : "9.0201201813",
          "kilometers_per_hour" : "32472.4326525016",
          "miles_per_hour" : "20177.1068334391"
        },
        "miss_distance" : {
          "astronomical" : "0.2405012269",
          "lunar" : "93.554977417",
          "kilometers" : "35978472",
          "miles" : "22355986"
        },
        "orbiting_body" : "Earth"
      } ],
      "orbital_data" : {
        "orbit_id" : "9",
        "orbit_determination_date" : "2017-04-06 08:46:05",
        "orbit_uncertainty" : "7",
        "minimum_orbit_intersection" : ".07034",
        "jupiter_tisserand_invariant" : "5.388",
        "epoch_osculation" : "2458000.5",
        "eccentricity" : ".1257856990421148",
        "semi_major_axis" : "1.160145479477388",
        "inclination" : "15.56778673363916",
        "ascending_node_longitude" : "26.96466472752635",
        "orbital_period" : "456.4225626682223",
        "perihelion_distance" : "1.014215769350775",
        "perihelion_argument" : "118.7277403309156",
        "aphelion_distance" : "1.306075189604001",
        "perihelion_time" : "2458161.938932656304",
        "mean_anomaly" : "232.6662077866731",
        "mean_motion" : ".7887427779544003",
        "equinox" : "J2000"
      }
    }, {
      "links" : {
        "self" : "https://api.nasa.gov/neo/rest/v1/neo/3774727?api_key=t0TVs3DtDT2H8Oy2Zy8m2eVrNsAVKAexjcZXUckd"
      },
      "neo_reference_id" : "3774727",
      "name" : "(2017 KY4)",
      "nasa_jpl_url" : "http://ssd.jpl.nasa.gov/sbdb.cgi?sstr=3774727",
      "absolute_magnitude_h" : 24.629,
      "estimated_diameter" : {
        "kilometers" : {
          "estimated_diameter_min" : 0.0315322511,
          "estimated_diameter_max" : 0.070508257
        },
        "meters" : {
          "estimated_diameter_min" : 31.5322511215,
          "estimated_diameter_max" : 70.5082569912
        },
        "miles" : {
          "estimated_diameter_min" : 0.0195932264,
          "estimated_diameter_max" : 0.0438117862
        },
        "feet" : {
          "estimated_diameter_min" : 103.4522707693,
          "estimated_diameter_max" : 231.3263098669
        }
      },
      "is_potentially_hazardous_asteroid" : false,
      "close_approach_data" : [ {
        "close_approach_date" : "2007-11-22",
        "epoch_date_close_approach" : 1195718400000,
        "relative_velocity" : {
          "kilometers_per_second" : "9.2099934239",
          "kilometers_per_hour" : "33155.9763260042",
          "miles_per_hour" : "20601.8342898997"
        },
        "miss_distance" : {
          "astronomical" : "0.1466358703",
          "lunar" : "57.0413551331",
          "kilometers" : "21936414",
          "miles" : "13630656"
        },
        "orbiting_body" : "Earth"
      } ],
      "orbital_data" : {
        "orbit_id" : "3",
        "orbit_determination_date" : "2017-05-28 06:19:45",
        "orbit_uncertainty" : "6",
        "minimum_orbit_intersection" : ".00713414",
        "jupiter_tisserand_invariant" : "5.711",
        "epoch_osculation" : "2458000.5",
        "eccentricity" : ".066493950335202",
        "semi_major_axis" : "1.073686851336607",
        "inclination" : "17.5263589405876",
        "ascending_node_longitude" : "239.3844505716418",
        "orbital_period" : "406.3636746104858",
        "perihelion_distance" : "1.002293171168271",
        "perihelion_argument" : "41.73239104842597",
        "aphelion_distance" : "1.145080531504942",
        "perihelion_time" : "2457935.495956534122",
        "mean_anomaly" : "57.58746932817559",
        "mean_motion" : ".8859059568871971",
        "equinox" : "J2000"
      }
    } ]
  }
}