{
  "links" : {
    "next" : "https://api.nasa.gov/neo/rest/v1/feed?start_date=2005-04-16&end_date=2005-04-16&detailed=true&api_key=t0TVs3DtDT2H8Oy2Zy8m2eVrNsAVKAexjcZXUckd",
    "prev" : "https://api.nasa.gov/neo/rest/v1/feed?start_date=2005-04-14&end_date=2005-04-14&detailed=true&api_key=t0TVs3DtDT2H8Oy2Zy8m2eVrNsAVKAexjcZXUckd",
    "self" : "https://api.nasa.gov/neo/rest/v1/feed?start_date=2005-04-15&end_date=2005-04-15&detailed=true&api_key=t0TVs3DtDT2H8Oy2Zy8m2eVrNsAVKAexjcZXUckd"
  },
  "element_count" : 9,
  "near_earth_objects" : {
    "2005-04-15" : [ {
      "links" : {
        "self" : "https://api.nasa.gov/neo/rest/v1/neo/2162694?api_key=t0TVs3DtDT2H8Oy2Zy8m2eVrNsAVKAexjcZXUckd"
      },
      "neo_reference_id" : "2162694",
      "name" : "162694 (2000 UH11)",
      "nasa_jpl_url" : "http://ssd.jpl.nasa.gov/sbdb.cgi?sstr=2162694",
      "absolute_magnitude_h" : 19.6,
      "estimated_diameter" : {
        "kilometers" : {
          "estimated_diameter_min" : 0.3195618867,
          "estimated_diameter_max" : 0.7145621017
        },
        "meters" : {
          "estimated_diameter_min" : 319.5618867213,
          "estimated_diameter_max" : 714.5621017269
        },
        "miles" : {
          "estimated_diameter_min" : 0.1985664891,
          "estimated_diameter_max" : 0.4440081677
        },
        "feet" : {
          "estimated_diameter_min" : 1048.4314204307,
          "estimated_diameter_max" : 2344.3639258298
        }
      },
      "is_potentially_hazardous_asteroid" : false,
      "close_approach_data" : [ {
        "close_approach_date" : "2005-04-15",
        "epoch_date_close_approach" : 1113548400000,
        "relative_velocity" : {
          "kilometers_per_second" : "29.3835517712",
          "kilometers_per_hour" : "105780.7863762772",
          "miles_per_hour" : "65728.0669569707"
        },
        "miss_distance" : {
          "astronomical" : "0.4984939993",
          "lunar" : "193.9141693115",
          "kilometers" : "74573640",
          "miles" : "46337912"
        },
        "orbiting_body" : "Earth"
      } ],
      "orbital_data" : {
        "orbit_id" : "32",
        "orbit_determination_date" : "2017-09-24 06:23:56",
        "orbit_uncertainty" : "0",
        "minimum_orbit_intersection" : ".22486",
        "jupiter_tisserand_invariant" : "6.606",
        "epoch_osculation" : "2458000.5",
        "eccentricity" : ".4224555943413243",
        "semi_major_axis" : ".8702809086347039",
        "inclination" : "32.22691479429755",
        "ascending_node_longitude" : "29.79498678119862",
        "orbital_period" : "296.5429554833809",
        "perihelion_distance" : ".5026258701335222",
        "perihelion_argument" : "187.3922816371673",
        "aphelion_distance" : "1.237935947135886",
        "perihelion_time" : "2457928.629332034878",
        "mean_anomaly" : "87.25022796535129",
        "mean_motion" : "1.213989384482868",
        "equinox" : "J2000"
      }
    }, {
      "links" : {
        "self" : "https://api.nasa.gov/neo/rest/v1/neo/2434326?api_key=t0TVs3DtDT2H8Oy2Zy8m2eVrNsAVKAexjcZXUckd"
      },
      "neo_reference_id" : "2434326",
      "name" : "434326 (2004 JG6)",
      "nasa_jpl_url" : "http://ssd.jpl.nasa.gov/sbdb.cgi?sstr=2434326",
      "absolute_magnitude_h" : 18.4,
      "estimated_diameter" : {
        "kilometers" : {
          "estimated_diameter_min" : 0.5553349116,
          "estimated_diameter_max" : 1.2417666126
        },
        "meters" : {
          "estimated_diameter_min" : 555.334911581,
          "estimated_diameter_max" : 1241.766612574
        },
        "miles" : {
          "estimated_diameter_min" : 0.3450690093,
          "estimated_diameter_max" : 0.7715977618
        },
        "feet" : {
          "estimated_diameter_min" : 1821.9649913114,
          "estimated_diameter_max" : 4074.0375731972
        }
      },
      "is_potentially_hazardous_asteroid" : true,
      "close_approach_data" : [ {
        "close_approach_date" : "2005-04-15",
        "epoch_date_close_approach" : 1113548400000,
        "relative_velocity" : {
          "kilometers_per_second" : "14.18553176",
          "kilometers_per_hour" : "51067.9143358999",
          "miles_per_hour" : "31731.6159938818"
        },
        "miss_distance" : {
          "astronomical" : "0.1677776413",
          "lunar" : "65.2655029297",
          "kilometers" : "25099178",
          "miles" : "15595906"
        },
        "orbiting_body" : "Earth"
      } ],
      "orbital_data" : {
        "orbit_id" : "33",
        "orbit_determination_date" : "2017-04-06 09:20:49",
        "orbit_uncertainty" : "1",
        "minimum_orbit_intersection" : ".03814",
        "jupiter_tisserand_invariant" : "8.751",
        "epoch_osculation" : "2458000.5",
        "eccentricity" : ".5311980211575074",
        "semi_major_axis" : ".6352164510266495",
        "inclination" : "18.94493054984403",
        "ascending_node_longitude" : "37.03187445787724",
        "orbital_period" : "184.9187855050641",
        "perihelion_distance" : ".2977907292345986",
        "perihelion_argument" : "352.9927365644639",
        "aphelion_distance" : ".9726421728187004",
        "perihelion_time" : "2458023.337663671835",
        "mean_anomaly" : "315.5396229787827",
        "mean_motion" : "1.946800586088324",
        "equinox" : "J2000"
      }
    }, {
      "links" : {
        "self" : "https://api.nasa.gov/neo/rest/v1/neo/2438107?api_key=t0TVs3DtDT2H8Oy2Zy8m2eVrNsAVKAexjcZXUckd"
      },
      "neo_reference_id" : "2438107",
      "name" : "438107 (2005 GY110)",
      "nasa_jpl_url" : "http://ssd.jpl.nasa.gov/sbdb.cgi?sstr=2438107",
      "absolute_magnitude_h" : 18.2,
      "estimated_diameter" : {
        "kilometers" : {
          "estimated_diameter_min" : 0.6089126221,
          "estimated_diameter_max" : 1.3615700154
        },
        "meters" : {
          "estimated_diameter_min" : 608.9126221057,
          "estimated_diameter_max" : 1361.5700153859
        },
        "miles" : {
          "estimated_diameter_min" : 0.3783606449,
          "estimated_diameter_max" : 0.846040122
        },
        "feet" : {
          "estimated_diameter_min" : 1997.7448871092,
          "estimated_diameter_max" : 4467.0933692788
        }
      },
      "is_potentially_hazardous_asteroid" : false,
      "close_approach_data" : [ {
        "close_approach_date" : "2005-04-15",
        "epoch_date_close_approach" : 1113548400000,
        "relative_velocity" : {
          "kilometers_per_second" : "26.585989607",
          "kilometers_per_hour" : "95709.5625851402",
          "miles_per_hour" : "59470.2001518612"
        },
        "miss_distance" : {
          "astronomical" : "0.3022442629",
          "lunar" : "117.5730209351",
          "kilometers" : "45215100",
          "miles" : "28095360"
        },
        "orbiting_body" : "Earth"
      } ],
      "orbital_data" : {
        "orbit_id" : "32",
        "orbit_determination_date" : "2017-04-06 09:20:36",
        "orbit_uncertainty" : "0",
        "minimum_orbit_intersection" : ".213705",
        "jupiter_tisserand_invariant" : "3.661",
        "epoch_osculation" : "2458000.5",
        "eccentricity" : ".6862369832070461",
        "semi_major_axis" : "1.848786382092406",
        "inclination" : "12.63845418894629",
        "ascending_node_longitude" : "294.6717323170823",
        "orbital_period" : "918.1814768226099",
        "perihelion_distance" : ".5800807926510443",
        "perihelion_argument" : "169.0828660152063",
        "aphelion_distance" : "3.117491971533769",
        "perihelion_time" : "2458020.710898507416",
        "mean_anomaly" : "352.0757239757785",
        "mean_motion" : ".3920793536870174",
        "equinox" : "J2000"
      }
    }, {
      "links" : {
        "self" : "https://api.nasa.gov/neo/rest/v1/neo/3092296?api_key=t0TVs3DtDT2H8Oy2Zy8m2eVrNsAVKAexjcZXUckd"
      },
      "neo_reference_id" : "3092296",
      "name" : "(2001 GO2)",
      "nasa_jpl_url" : "http://ssd.jpl.nasa.gov/sbdb.cgi?sstr=3092296",
      "absolute_magnitude_h" : 24.3,
      "estimated_diameter" : {
        "kilometers" : {
          "estimated_diameter_min" : 0.0366906138,
          "estimated_diameter_max" : 0.0820427065
        },
        "meters" : {
          "estimated_diameter_min" : 36.6906137531,
          "estimated_diameter_max" : 82.0427064882
        },
        "miles" : {
          "estimated_diameter_min" : 0.0227984834,
          "estimated_diameter_max" : 0.0509789586
        },
        "feet" : {
          "estimated_diameter_min" : 120.3760332259,
          "estimated_diameter_max" : 269.1689931548
        }
      },
      "is_potentially_hazardous_asteroid" : false,
      "close_approach_data" : [ {
        "close_approach_date" : "2005-04-15",
        "epoch_date_close_approach" : 1113548400000,
        "relative_velocity" : {
          "kilometers_per_second" : "10.8700461756",
          "kilometers_per_hour" : "39132.1662320318",
          "miles_per_hour" : "24315.20629012"
        },
        "miss_distance" : {
          "astronomical" : "0.2032001124",
          "lunar" : "79.0448455811",
          "kilometers" : "30398306",
          "miles" : "18888632"
        },
        "orbiting_body" : "Earth"
      } ],
      "orbital_data" : {
        "orbit_id" : "12",
        "orbit_determination_date" : "2017-04-06 09:16:26",
        "orbit_uncertainty" : "7",
        "minimum_orbit_intersection" : ".00336216",
        "jupiter_tisserand_invariant" : "6.033",
        "epoch_osculation" : "2458000.5",
        "eccentricity" : ".1682252090459494",
        "semi_major_axis" : "1.006682573148335",
        "inclination" : "4.625123200742138",
        "ascending_node_longitude" : "193.5434227412754",
        "orbital_period" : "368.9242921416832",
        "perihelion_distance" : ".8373331868375422",
        "perihelion_argument" : "265.4699970089685",
        "aphelion_distance" : "1.176031959459128",
        "perihelion_time" : "2457825.357761166558",
        "mean_anomaly" : "170.905541660089",
        "mean_motion" : ".9758099633670752",
        "equinox" : "J2000"
      }
    }, {
      "links" : {
        "self" : "https://api.nasa.gov/neo/rest/v1/neo/3256327?api_key=t0TVs3DtDT2H8Oy2Zy8m2eVrNsAVKAexjcZXUckd"
      },
      "neo_reference_id" : "3256327",
      "name" : "(2004 TK10)",
      "nasa_jpl_url" : "http://ssd.jpl.nasa.gov/sbdb.cgi?sstr=3256327",
      "absolute_magnitude_h" : 21.3,
      "estimated_diameter" : {
        "kilometers" : {
          "estimated_diameter_min" : 0.1460679643,
          "estimated_diameter_max" : 0.3266178974
        },
        "meters" : {
          "estimated_diameter_min" : 146.0679642714,
          "estimated_diameter_max" : 326.6178974458
        },
        "miles" : {
          "estimated_diameter_min" : 0.090762397,
          "estimated_diameter_max" : 0.2029508896
        },
        "feet" : {
          "estimated_diameter_min" : 479.2256199,
          "estimated_diameter_max" : 1071.581062656
        }
      },
      "is_potentially_hazardous_asteroid" : false,
      "close_approach_data" : [ {
        "close_approach_date" : "2005-04-15",
        "epoch_date_close_approach" : 1113548400000,
        "relative_velocity" : {
          "kilometers_per_second" : "17.3893223179",
          "kilometers_per_hour" : "62601.5603445379",
          "miles_per_hour" : "38898.1750929714"
        },
        "miss_distance" : {
          "astronomical" : "0.2574884121",
          "lunar" : "100.1629867554",
          "kilometers" : "38519716",
          "miles" : "23935042"
        },
        "orbiting_body" : "Earth"
      } ],
      "orbital_data" : {
        "orbit_id" : "22",
        "orbit_determination_date" : "2017-09-12 06:19:43",
        "orbit_uncertainty" : "1",
        "minimum_orbit_intersection" : ".255711",
        "jupiter_tisserand_invariant" : "5.702",
        "epoch_osculation" : "2458000.5",
        "eccentricity" : ".298757706829658",
        "semi_major_axis" : "1.057704503125048",
        "inclination" : "24.60326011938871",
        "ascending_node_longitude" : "205.3237090559524",
        "orbital_period" : "397.3241444312952",
        "perihelion_distance" : ".7417071312680061",
        "perihelion_argument" : "347.7023006992476",
        "aphelion_distance" : "1.373701874982091",
        "perihelion_time" : "2457840.779297829525",
        "mean_anomaly" : "144.7167346542005",
        "mean_motion" : ".9060612224189933",
        "equinox" : "J2000"
      }
    }, {
      "links" : {
        "self" : "https://api.nasa.gov/neo/rest/v1/neo/3635076?api_key=t0TVs3DtDT2H8Oy2Zy8m2eVrNsAVKAexjcZXUckd"
      },
      "neo_reference_id" : "3635076",
      "name" : "(2013 HS11)",
      "nasa_jpl_url" : "http://ssd.jpl.nasa.gov/sbdb.cgi?sstr=3635076",
      "absolute_magnitude_h" : 22.7,
      "estimated_diameter" : {
        "kilometers" : {
          "estimated_diameter_min" : 0.0766575574,
          "estimated_diameter_max" : 0.1714115092
        },
        "meters" : {
          "estimated_diameter_min" : 76.6575573531,
          "estimated_diameter_max" : 171.4115092306
        },
        "miles" : {
          "estimated_diameter_min" : 0.0476327831,
          "estimated_diameter_max" : 0.1065101409
        },
        "feet" : {
          "estimated_diameter_min" : 251.5011804664,
          "estimated_diameter_max" : 562.3737359442
        }
      },
      "is_potentially_hazardous_asteroid" : false,
      "close_approach_data" : [ {
        "close_approach_date" : "2005-04-15",
        "epoch_date_close_approach" : 1113548400000,
        "relative_velocity" : {
          "kilometers_per_second" : "16.5765681494",
          "kilometers_per_hour" : "59675.6453378328",
          "miles_per_hour" : "37080.1252933884"
        },
        "miss_distance" : {
          "astronomical" : "0.1401259101",
          "lunar" : "54.5089797974",
          "kilometers" : "20962538",
          "miles" : "13025518"
        },
        "orbiting_body" : "Earth"
      } ],
      "orbital_data" : {
        "orbit_id" : "9",
        "orbit_determination_date" : "2017-04-06 08:46:02",
        "orbit_uncertainty" : "6",
        "minimum_orbit_intersection" : ".00365364",
        "jupiter_tisserand_invariant" : "4.726",
        "epoch_osculation" : "2458000.5",
        "eccentricity" : ".4425471525422656",
        "semi_major_axis" : "1.363505481491979",
        "inclination" : "7.857214598208307",
        "ascending_node_longitude" : "195.6250709734271",
        "orbital_period" : "581.5455799128268",
        "perihelion_distance" : ".7600900131819329",
        "perihelion_argument" : "284.2695097927996",
        "aphelion_distance" : "1.966920949802025",
        "perihelion_time" : "2458076.176328655712",
        "mean_anomaly" : "313.1533223584295",
        "mean_motion" : ".619040041631756",
        "equinox" : "J2000"
      }
    }, {
      "links" : {
        "self" : "https://api.nasa.gov/neo/rest/v1/neo/2277830?api_key=t0TVs3DtDT2H8Oy2Zy8m2eVrNsAVKAexjcZXUckd"
      },
      "neo_reference_id" : "2277830",
      "name" : "277830 (2006 HR29)",
      "nasa_jpl_url" : "http://ssd.jpl.nasa.gov/sbdb.cgi?sstr=2277830",
      "absolute_magnitude_h" : 20.7,
      "estimated_diameter" : {
        "kilometers" : {
          "estimated_diameter_min" : 0.1925550782,
          "estimated_diameter_max" : 0.4305662442
        },
        "meters" : {
          "estimated_diameter_min" : 192.5550781879,
          "estimated_diameter_max" : 430.566244241
        },
        "miles" : {
          "estimated_diameter_min" : 0.1196481415,
          "estimated_diameter_max" : 0.2675413778
        },
        "feet" : {
          "estimated_diameter_min" : 631.7424027221,
          "estimated_diameter_max" : 1412.6189567557
        }
      },
      "is_potentially_hazardous_asteroid" : false,
      "close_approach_data" : [ {
        "close_approach_date" : "2005-04-15",
        "epoch_date_close_approach" : 1113548400000,
        "relative_velocity" : {
          "kilometers_per_second" : "14.2110111832",
          "kilometers_per_hour" : "51159.6402596237",
          "miles_per_hour" : "31788.6109157645"
        },
        "miss_distance" : {
          "astronomical" : "0.2356089306",
          "lunar" : "91.6518783569",
          "kilometers" : "35246596",
          "miles" : "21901218"
        },
        "orbiting_body" : "Earth"
      } ],
      "orbital_data" : {
        "orbit_id" : "66",
        "orbit_determination_date" : "2017-04-06 09:24:24",
        "orbit_uncertainty" : "1",
        "minimum_orbit_intersection" : ".0947739",
        "jupiter_tisserand_invariant" : "6.107",
        "epoch_osculation" : "2458000.5",
        "eccentricity" : ".2639115492119612",
        "semi_major_axis" : ".9856086377037734",
        "inclination" : "9.540873574001298",
        "ascending_node_longitude" : "232.5577439825829",
        "orbital_period" : "357.4005185196409",
        "perihelion_distance" : ".7254951352106799",
        "perihelion_argument" : "212.6016163210998",
        "aphelion_distance" : "1.245722140196867",
        "perihelion_time" : "2458042.575130173852",
        "mean_anomaly" : "317.6188447478311",
        "mean_motion" : "1.007273300808645",
        "equinox" : "J2000"
      }
    }, {
      "links" : {
        "self" : "https://api.nasa.gov/neo/rest/v1/neo/3774096?api_key=t0TVs3DtDT2H8Oy2Zy8m2eVrNsAVKAexjcZXUckd"
      },
      "neo_reference_id" : "3774096",
      "name" : "(2017 HS3)",
      "nasa_jpl_url" : "http://ssd.jpl.nasa.gov/sbdb.cgi?sstr=3774096",
      "absolute_magnitude_h" : 25.599,
      "estimated_diameter" : {
        "kilometers" : {
          "estimated_diameter_min" : 0.0201722795,
          "estimated_diameter_max" : 0.0451065882
        },
        "meters" : {
          "estimated_diameter_min" : 20.1722794836,
          "estimated_diameter_max" : 45.1065881864
        },
        "miles" : {
          "estimated_diameter_min" : 0.0125344695,
          "estimated_diameter_max" : 0.0280279258
        },
        "feet" : {
          "estimated_diameter_min" : 66.1820214209,
          "estimated_diameter_max" : 147.9874987855
        }
      },
      "is_potentially_hazardous_asteroid" : false,
      "close_approach_data" : [ {
        "close_approach_date" : "2005-04-15",
        "epoch_date_close_approach" : 1113548400000,
        "relative_velocity" : {
          "kilometers_per_second" : "9.4190788495",
          "kilometers_per_hour" : "33908.6838582451",
          "miles_per_hour" : "21069.5374784746"
        },
        "miss_distance" : {
          "astronomical" : "0.1464049888",
          "lunar" : "56.9515380859",
          "kilometers" : "21901874",
          "miles" : "13609193"
        },
        "orbiting_body" : "Earth"
      } ],
      "orbital_data" : {
        "orbit_id" : "4",
        "orbit_determination_date" : "2017-05-04 06:18:56",
        "orbit_uncertainty" : "7",
        "minimum_orbit_intersection" : ".0274627",
        "jupiter_tisserand_invariant" : "5.797",
        "epoch_osculation" : "2458000.5",
        "eccentricity" : ".1388574822591304",
        "semi_major_axis" : "1.057964900426083",
        "inclination" : "10.22624003844877",
        "ascending_node_longitude" : "206.856305473479",
        "orbital_period" : "397.4708798883244",
        "perihelion_distance" : ".9110585580343852",
        "perihelion_argument" : "270.6269232319486",
        "aphelion_distance" : "1.20487124281778",
        "perihelion_time" : "2458176.480458286030",
        "mean_anomaly" : "200.6097951105987",
        "mean_motion" : ".9057267292163582",
        "equinox" : "J2000"
      }
    }, {
      "links" : {
        "self" : "https://api.nasa.gov/neo/rest/v1/neo/3761197?api_key=t0TVs3DtDT2H8Oy2Zy8m2eVrNsAVKAexjcZXUckd"
      },
      "neo_reference_id" : "3761197",
      "name" : "(2016 UE)",
      "nasa_jpl_url" : "http://ssd.jpl.nasa.gov/sbdb.cgi?sstr=3761197",
      "absolute_magnitude_h" : 25.2,
      "estimated_diameter" : {
        "kilometers" : {
          "estimated_diameter_min" : 0.0242412481,
          "estimated_diameter_max" : 0.0542050786
        },
        "meters" : {
          "estimated_diameter_min" : 24.2412481101,
          "estimated_diameter_max" : 54.2050786336
        },
        "miles" : {
          "estimated_diameter_min" : 0.0150628086,
          "estimated_diameter_max" : 0.0336814639
        },
        "feet" : {
          "estimated_diameter_min" : 79.5316564495,
          "estimated_diameter_max" : 177.8381901842
        }
      },
      "is_potentially_hazardous_asteroid" : false,
      "close_approach_data" : [ {
        "close_approach_date" : "2005-04-15",
        "epoch_date_close_approach" : 1113548400000,
        "relative_velocity" : {
          "kilometers_per_second" : "7.8772091951",
          "kilometers_per_hour" : "28357.9531021807",
          "miles_per_hour" : "17620.5292484078"
        },
        "miss_distance" : {
          "astronomical" : "0.1332407516",
          "lunar" : "51.8306503296",
          "kilometers" : "19932532",
          "miles" : "12385501"
        },
        "orbiting_body" : "Earth"
      } ],
      "orbital_data" : {
        "orbit_id" : "10",
        "orbit_determination_date" : "2017-05-30 06:17:04",
        "orbit_uncertainty" : "3",
        "minimum_orbit_intersection" : ".00448687",
        "jupiter_tisserand_invariant" : "5.815",
        "epoch_osculation" : "2458000.5",
        "eccentricity" : ".1519627986644231",
        "semi_major_axis" : "1.056560389100879",
        "inclination" : "1.088230168301948",
        "ascending_node_longitude" : "181.0751084775856",
        "orbital_period" : "396.6796432895927",
        "perihelion_distance" : ".8960025154151378",
        "perihelion_argument" : "296.4553343311865",
        "aphelion_distance" : "1.217118262786621",
        "perihelion_time" : "2458158.932724424888",
        "mean_anomaly" : "216.2170210702718",
        "mean_motion" : ".9075333360053088",
        "equinox" : "J2000"
      }
    } ]
  }
}