{
  "links" : {
    "next" : "https://api.nasa.gov/neo/rest/v1/feed?start_date=2004-11-09&end_date=2004-11-09&detailed=true&api_key=t0TVs3DtDT2H8Oy2Zy8m2eVrNsAVKAexjcZXUckd",
    "prev" : "https://api.nasa.gov/neo/rest/v1/feed?start_date=2004-11-07&end_date=2004-11-07&detailed=true&api_key=t0TVs3DtDT2H8Oy2Zy8m2eVrNsAVKAexjcZXUckd",
    "self" : "https://api.nasa.gov/neo/rest/v1/feed?start_date=2004-11-08&end_date=2004-11-08&detailed=true&api_key=t0TVs3DtDT2H8Oy2Zy8m2eVrNsAVKAexjcZXUckd"
  },
  "element_count" : 6,
  "near_earth_objects" : {
    "2004-11-08" : [ {
      "links" : {
        "self" : "https://api.nasa.gov/neo/rest/v1/neo/2005381?api_key=t0TVs3DtDT2H8Oy2Zy8m2eVrNsAVKAexjcZXUckd"
      },
      "neo_reference_id" : "2005381",
      "name" : "5381 Sekhmet (1991 JY)",
      "nasa_jpl_url" : "http://ssd.jpl.nasa.gov/sbdb.cgi?sstr=2005381",
      "absolute_magnitude_h" : 16.6,
      "estimated_diameter" : {
        "kilometers" : {
          "estimated_diameter_min" : 1.2721987854,
          "estimated_diameter_max" : 2.844722965
        },
        "meters" : {
          "estimated_diameter_min" : 1272.1987853936,
          "estimated_diameter_max" : 2844.7229650327
        },
        "miles" : {
          "estimated_diameter_min" : 0.7905074315,
          "estimated_diameter_max" : 1.7676283535
        },
        "feet" : {
          "estimated_diameter_min" : 4173.8806630706,
          "estimated_diameter_max" : 9333.0808925979
        }
      },
      "is_potentially_hazardous_asteroid" : false,
      "close_approach_data" : [ {
        "close_approach_date" : "2004-11-08",
        "epoch_date_close_approach" : 1099900800000,
        "relative_velocity" : {
          "kilometers_per_second" : "31.0778181076",
          "kilometers_per_hour" : "111880.1451874723",
          "miles_per_hour" : "69517.9713249602"
        },
        "miss_distance" : {
          "astronomical" : "0.3097380153",
          "lunar" : "120.4880828857",
          "kilometers" : "46336148",
          "miles" : "28791948"
        },
        "orbiting_body" : "Earth"
      } ],
      "orbital_data" : {
        "orbit_id" : "88",
        "orbit_determination_date" : "2017-04-06 09:30:27",
        "orbit_uncertainty" : "0",
        "minimum_orbit_intersection" : ".113357",
        "jupiter_tisserand_invariant" : "6.027",
        "epoch_osculation" : "2458000.5",
        "eccentricity" : ".2962550358354626",
        "semi_major_axis" : ".9474383555051801",
        "inclination" : "48.96933836708498",
        "ascending_node_longitude" : "58.54209906548654",
        "orbital_period" : "336.8409399319355",
        "perihelion_distance" : ".6667549715431011",
        "perihelion_argument" : "37.41167858486712",
        "aphelion_distance" : "1.228121739467259",
        "perihelion_time" : "2458056.197892746367",
        "mean_anomaly" : "300.4726711879389",
        "mean_motion" : "1.068753697435781",
        "equinox" : "J2000"
      }
    }, {
      "links" : {
        "self" : "https://api.nasa.gov/neo/rest/v1/neo/2068347?api_key=t0TVs3DtDT2H8Oy2Zy8m2eVrNsAVKAexjcZXUckd"
      },
      "neo_reference_id" : "2068347",
      "name" : "68347 (2001 KB67)",
      "nasa_jpl_url" : "http://ssd.jpl.nasa.gov/sbdb.cgi?sstr=2068347",
      "absolute_magnitude_h" : 19.9,
      "estimated_diameter" : {
        "kilometers" : {
          "estimated_diameter_min" : 0.2783267681,
          "estimated_diameter_max" : 0.6223575734
        },
        "meters" : {
          "estimated_diameter_min" : 278.3267680719,
          "estimated_diameter_max" : 622.3575733667
        },
        "miles" : {
          "estimated_diameter_min" : 0.1729441822,
          "estimated_diameter_max" : 0.3867149477
        },
        "feet" : {
          "estimated_diameter_min" : 913.1455937611,
          "estimated_diameter_max" : 2041.8556210042
        }
      },
      "is_potentially_hazardous_asteroid" : true,
      "close_approach_data" : [ {
        "close_approach_date" : "2004-11-08",
        "epoch_date_close_approach" : 1099900800000,
        "relative_velocity" : {
          "kilometers_per_second" : "12.9555370711",
          "kilometers_per_hour" : "46639.9334558196",
          "miles_per_hour" : "28980.2408742564"
        },
        "miss_distance" : {
          "astronomical" : "0.2244377372",
          "lunar" : "87.3062820435",
          "kilometers" : "33575408",
          "miles" : "20862792"
        },
        "orbiting_body" : "Earth"
      } ],
      "orbital_data" : {
        "orbit_id" : "37",
        "orbit_determination_date" : "2017-07-02 06:22:32",
        "orbit_uncertainty" : "0",
        "minimum_orbit_intersection" : ".0138031",
        "jupiter_tisserand_invariant" : "6.165",
        "epoch_osculation" : "2458000.5",
        "eccentricity" : ".3797685723176895",
        "semi_major_axis" : ".9628777763111724",
        "inclination" : "17.13790871412698",
        "ascending_node_longitude" : "245.9212571304545",
        "orbital_period" : "345.1081149495507",
        "perihelion_distance" : ".5972070578850468",
        "perihelion_argument" : "243.875608846173",
        "aphelion_distance" : "1.328548494737298",
        "perihelion_time" : "2457849.953431729456",
        "mean_anomaly" : "157.0428576717721",
        "mean_motion" : "1.043151361574405",
        "equinox" : "J2000"
      }
    }, {
      "links" : {
        "self" : "https://api.nasa.gov/neo/rest/v1/neo/3257201?api_key=t0TVs3DtDT2H8Oy2Zy8m2eVrNsAVKAexjcZXUckd"
      },
      "neo_reference_id" : "3257201",
      "name" : "(2004 UR)",
      "nasa_jpl_url" : "http://ssd.jpl.nasa.gov/sbdb.cgi?sstr=3257201",
      "absolute_magnitude_h" : 23.1,
      "estimated_diameter" : {
        "kilometers" : {
          "estimated_diameter_min" : 0.063760979,
          "estimated_diameter_max" : 0.1425738833
        },
        "meters" : {
          "estimated_diameter_min" : 63.7609789875,
          "estimated_diameter_max" : 142.5738833281
        },
        "miles" : {
          "estimated_diameter_min" : 0.0396192233,
          "estimated_diameter_max" : 0.0885912765
        },
        "feet" : {
          "estimated_diameter_min" : 209.1895703015,
          "estimated_diameter_max" : 467.7620993781
        }
      },
      "is_potentially_hazardous_asteroid" : false,
      "close_approach_data" : [ {
        "close_approach_date" : "2004-11-08",
        "epoch_date_close_approach" : 1099900800000,
        "relative_velocity" : {
          "kilometers_per_second" : "7.557476143",
          "kilometers_per_hour" : "27206.9141146899",
          "miles_per_hour" : "16905.3183842083"
        },
        "miss_distance" : {
          "astronomical" : "0.0138299627",
          "lunar" : "5.3798551559",
          "kilometers" : "2068932.875",
          "miles" : "1285575.375"
        },
        "orbiting_body" : "Earth"
      } ],
      "orbital_data" : {
        "orbit_id" : "17",
        "orbit_determination_date" : "2017-04-06 09:11:58",
        "orbit_uncertainty" : "6",
        "minimum_orbit_intersection" : ".0125175",
        "jupiter_tisserand_invariant" : "4.337",
        "epoch_osculation" : "2458000.5",
        "eccentricity" : ".4057562012535647",
        "semi_major_axis" : "1.559096603467186",
        "inclination" : "2.439443200901155",
        "ascending_node_longitude" : "28.66592003349509",
        "orbital_period" : "711.0628103827522",
        "perihelion_distance" : ".9264834882570051",
        "perihelion_argument" : "56.64230355374158",
        "aphelion_distance" : "2.191709718677366",
        "perihelion_time" : "2458327.622215423470",
        "mean_anomaly" : "194.3831292638422",
        "mean_motion" : ".506284388303501",
        "equinox" : "J2000"
      }
    }, {
      "links" : {
        "self" : "https://api.nasa.gov/neo/rest/v1/neo/3261401?api_key=t0TVs3DtDT2H8Oy2Zy8m2eVrNsAVKAexjcZXUckd"
      },
      "neo_reference_id" : "3261401",
      "name" : "(2004 VZ)",
      "nasa_jpl_url" : "http://ssd.jpl.nasa.gov/sbdb.cgi?sstr=3261401",
      "absolute_magnitude_h" : 24.6,
      "estimated_diameter" : {
        "kilometers" : {
          "estimated_diameter_min" : 0.0319561887,
          "estimated_diameter_max" : 0.0714562102
        },
        "meters" : {
          "estimated_diameter_min" : 31.9561886721,
          "estimated_diameter_max" : 71.4562101727
        },
        "miles" : {
          "estimated_diameter_min" : 0.0198566489,
          "estimated_diameter_max" : 0.0444008168
        },
        "feet" : {
          "estimated_diameter_min" : 104.8431420431,
          "estimated_diameter_max" : 234.436392583
        }
      },
      "is_potentially_hazardous_asteroid" : false,
      "close_approach_data" : [ {
        "close_approach_date" : "2004-11-08",
        "epoch_date_close_approach" : 1099900800000,
        "relative_velocity" : {
          "kilometers_per_second" : "10.2882873811",
          "kilometers_per_hour" : "37037.8345718016",
          "miles_per_hour" : "23013.8700426842"
        },
        "miss_distance" : {
          "astronomical" : "0.0198054992",
          "lunar" : "7.7043390274",
          "kilometers" : "2962860.5",
          "miles" : "1841036.125"
        },
        "orbiting_body" : "Earth"
      } ],
      "orbital_data" : {
        "orbit_id" : "9",
        "orbit_determination_date" : "2017-04-06 09:11:55",
        "orbit_uncertainty" : "7",
        "minimum_orbit_intersection" : ".00398015",
        "jupiter_tisserand_invariant" : "6.323",
        "epoch_osculation" : "2458000.5",
        "eccentricity" : ".2438929945052555",
        "semi_major_axis" : ".9406831317533808",
        "inclination" : "16.20878050888338",
        "ascending_node_longitude" : "225.7771256196328",
        "orbital_period" : "333.2448614410724",
        "perihelion_distance" : ".711257105869467",
        "perihelion_argument" : "297.0989132528018",
        "aphelion_distance" : "1.170109157637295",
        "perihelion_time" : "2458066.341954660832",
        "mean_anomaly" : "288.8718104297286",
        "mean_motion" : "1.080286725032244",
        "equinox" : "J2000"
      }
    }, {
      "links" : {
        "self" : "https://api.nasa.gov/neo/rest/v1/neo/3297353?api_key=t0TVs3DtDT2H8Oy2Zy8m2eVrNsAVKAexjcZXUckd"
      },
      "neo_reference_id" : "3297353",
      "name" : "(2005 UG5)",
      "nasa_jpl_url" : "http://ssd.jpl.nasa.gov/sbdb.cgi?sstr=3297353",
      "absolute_magnitude_h" : 24.3,
      "estimated_diameter" : {
        "kilometers" : {
          "estimated_diameter_min" : 0.0366906138,
          "estimated_diameter_max" : 0.0820427065
        },
        "meters" : {
          "estimated_diameter_min" : 36.6906137531,
          "estimated_diameter_max" : 82.0427064882
        },
        "miles" : {
          "estimated_diameter_min" : 0.0227984834,
          "estimated_diameter_max" : 0.0509789586
        },
        "feet" : {
          "estimated_diameter_min" : 120.3760332259,
          "estimated_diameter_max" : 269.1689931548
        }
      },
      "is_potentially_hazardous_asteroid" : false,
      "close_approach_data" : [ {
        "close_approach_date" : "2004-11-08",
        "epoch_date_close_approach" : 1099900800000,
        "relative_velocity" : {
          "kilometers_per_second" : "17.3066219264",
          "kilometers_per_hour" : "62303.8389349374",
          "miles_per_hour" : "38713.1825871004"
        },
        "miss_distance" : {
          "astronomical" : "0.4002397699",
          "lunar" : "155.6932678223",
          "kilometers" : "59875016",
          "miles" : "37204612"
        },
        "orbiting_body" : "Earth"
      } ],
      "orbital_data" : {
        "orbit_id" : "8",
        "orbit_determination_date" : "2017-04-06 09:10:07",
        "orbit_uncertainty" : "7",
        "minimum_orbit_intersection" : ".0160737",
        "jupiter_tisserand_invariant" : "5.813",
        "epoch_osculation" : "2458000.5",
        "eccentricity" : ".1880853600027565",
        "semi_major_axis" : "1.055576307076862",
        "inclination" : "2.833541547312108",
        "ascending_node_longitude" : "35.7826270987017",
        "orbital_period" : "396.1255702813921",
        "perihelion_distance" : ".8570378573499301",
        "perihelion_argument" : "111.9445086778511",
        "aphelion_distance" : "1.254114756803794",
        "perihelion_time" : "2458133.803919784414",
        "mean_anomaly" : "238.853033677429",
        "mean_motion" : ".9088027307711293",
        "equinox" : "J2000"
      }
    }, {
      "links" : {
        "self" : "https://api.nasa.gov/neo/rest/v1/neo/3447916?api_key=t0TVs3DtDT2H8Oy2Zy8m2eVrNsAVKAexjcZXUckd"
      },
      "neo_reference_id" : "3447916",
      "name" : "(2009 DB1)",
      "nasa_jpl_url" : "http://ssd.jpl.nasa.gov/sbdb.cgi?sstr=3447916",
      "absolute_magnitude_h" : 22.9,
      "estimated_diameter" : {
        "kilometers" : {
          "estimated_diameter_min" : 0.0699125232,
          "estimated_diameter_max" : 0.1563291544
        },
        "meters" : {
          "estimated_diameter_min" : 69.9125232246,
          "estimated_diameter_max" : 156.3291544087
        },
        "miles" : {
          "estimated_diameter_min" : 0.0434416145,
          "estimated_diameter_max" : 0.097138403
        },
        "feet" : {
          "estimated_diameter_min" : 229.3718026961,
          "estimated_diameter_max" : 512.8909429502
        }
      },
      "is_potentially_hazardous_asteroid" : false,
      "close_approach_data" : [ {
        "close_approach_date" : "2004-11-08",
        "epoch_date_close_approach" : 1099900800000,
        "relative_velocity" : {
          "kilometers_per_second" : "13.062836648",
          "kilometers_per_hour" : "47026.2119329534",
          "miles_per_hour" : "29220.2592980065"
        },
        "miss_distance" : {
          "astronomical" : "0.306414449",
          "lunar" : "119.1952209473",
          "kilometers" : "45838952",
          "miles" : "28483004"
        },
        "orbiting_body" : "Earth"
      } ],
      "orbital_data" : {
        "orbit_id" : "10",
        "orbit_determination_date" : "2017-04-06 09:01:18",
        "orbit_uncertainty" : "6",
        "minimum_orbit_intersection" : ".0389591",
        "jupiter_tisserand_invariant" : "5.099",
        "epoch_osculation" : "2458000.5",
        "eccentricity" : ".4399422167149811",
        "semi_major_axis" : "1.230558754045061",
        "inclination" : "4.433979565245688",
        "ascending_node_longitude" : "167.8371241772596",
        "orbital_period" : "498.5996373556567",
        "perihelion_distance" : ".6891840079924515",
        "perihelion_argument" : "239.9432833450907",
        "aphelion_distance" : "1.77193350009767",
        "perihelion_time" : "2457802.535085243676",
        "mean_anomaly" : "142.9350604630321",
        "mean_motion" : ".7220221857947482",
        "equinox" : "J2000"
      }
    } ]
  }
}