{
  "links" : {
    "next" : "https://api.nasa.gov/neo/rest/v1/feed?start_date=1998-04-16&end_date=1998-04-16&detailed=true&api_key=t0TVs3DtDT2H8Oy2Zy8m2eVrNsAVKAexjcZXUckd",
    "prev" : "https://api.nasa.gov/neo/rest/v1/feed?start_date=1998-04-14&end_date=1998-04-14&detailed=true&api_key=t0TVs3DtDT2H8Oy2Zy8m2eVrNsAVKAexjcZXUckd",
    "self" : "https://api.nasa.gov/neo/rest/v1/feed?start_date=1998-04-15&end_date=1998-04-15&detailed=true&api_key=t0TVs3DtDT2H8Oy2Zy8m2eVrNsAVKAexjcZXUckd"
  },
  "element_count" : 7,
  "near_earth_objects" : {
    "1998-04-15" : [ {
      "links" : {
        "self" : "https://api.nasa.gov/neo/rest/v1/neo/2277810?api_key=t0TVs3DtDT2H8Oy2Zy8m2eVrNsAVKAexjcZXUckd"
      },
      "neo_reference_id" : "2277810",
      "name" : "277810 (2006 FV35)",
      "nasa_jpl_url" : "http://ssd.jpl.nasa.gov/sbdb.cgi?sstr=2277810",
      "absolute_magnitude_h" : 21.8,
      "estimated_diameter" : {
        "kilometers" : {
          "estimated_diameter_min" : 0.1160259082,
          "estimated_diameter_max" : 0.2594418179
        },
        "meters" : {
          "estimated_diameter_min" : 116.0259082094,
          "estimated_diameter_max" : 259.4418179074
        },
        "miles" : {
          "estimated_diameter_min" : 0.0720951346,
          "estimated_diameter_max" : 0.1612096218
        },
        "feet" : {
          "estimated_diameter_min" : 380.6624406898,
          "estimated_diameter_max" : 851.1870938635
        }
      },
      "is_potentially_hazardous_asteroid" : false,
      "close_approach_data" : [ {
        "close_approach_date" : "1998-04-15",
        "epoch_date_close_approach" : 892623600000,
        "relative_velocity" : {
          "kilometers_per_second" : "9.1651082798",
          "kilometers_per_hour" : "32994.3898073088",
          "miles_per_hour" : "20501.4307111025"
        },
        "miss_distance" : {
          "astronomical" : "0.3061617072",
          "lunar" : "119.0969009399",
          "kilometers" : "45801140",
          "miles" : "28459508"
        },
        "orbiting_body" : "Earth"
      } ],
      "orbital_data" : {
        "orbit_id" : "51",
        "orbit_determination_date" : "2017-04-06 09:24:24",
        "orbit_uncertainty" : "1",
        "minimum_orbit_intersection" : ".104736",
        "jupiter_tisserand_invariant" : "6.003",
        "epoch_osculation" : "2458000.5",
        "eccentricity" : ".3775352983208624",
        "semi_major_axis" : "1.001342942840337",
        "inclination" : "7.104126563177385",
        "ascending_node_longitude" : "179.5057827726986",
        "orbital_period" : "365.9929240029879",
        "perihelion_distance" : ".6233006361936202",
        "perihelion_argument" : "170.8521652770838",
        "aphelion_distance" : "1.379385249487054",
        "perihelion_time" : "2457994.548482506686",
        "mean_anomaly" : "5.854064811306019",
        "mean_motion" : ".983625574130119",
        "equinox" : "J2000"
      }
    }, {
      "links" : {
        "self" : "https://api.nasa.gov/neo/rest/v1/neo/2395289?api_key=t0TVs3DtDT2H8Oy2Zy8m2eVrNsAVKAexjcZXUckd"
      },
      "neo_reference_id" : "2395289",
      "name" : "395289 (2011 BJ2)",
      "nasa_jpl_url" : "http://ssd.jpl.nasa.gov/sbdb.cgi?sstr=2395289",
      "absolute_magnitude_h" : 18.3,
      "estimated_diameter" : {
        "kilometers" : {
          "estimated_diameter_min" : 0.5815070396,
          "estimated_diameter_max" : 1.30028927
        },
        "meters" : {
          "estimated_diameter_min" : 581.5070396458,
          "estimated_diameter_max" : 1300.2892700427
        },
        "miles" : {
          "estimated_diameter_min" : 0.3613316107,
          "estimated_diameter_max" : 0.807962044
        },
        "feet" : {
          "estimated_diameter_min" : 1907.8315559515,
          "estimated_diameter_max" : 4266.0410487267
        }
      },
      "is_potentially_hazardous_asteroid" : false,
      "close_approach_data" : [ {
        "close_approach_date" : "1998-04-15",
        "epoch_date_close_approach" : 892623600000,
        "relative_velocity" : {
          "kilometers_per_second" : "23.6312780804",
          "kilometers_per_hour" : "85072.6010893072",
          "miles_per_hour" : "52860.8059379642"
        },
        "miss_distance" : {
          "astronomical" : "0.4890716526",
          "lunar" : "190.2488861084",
          "kilometers" : "73164080",
          "miles" : "45462052"
        },
        "orbiting_body" : "Earth"
      } ],
      "orbital_data" : {
        "orbit_id" : "48",
        "orbit_determination_date" : "2017-05-14 06:18:27",
        "orbit_uncertainty" : "0",
        "minimum_orbit_intersection" : ".0938502",
        "jupiter_tisserand_invariant" : "4.634",
        "epoch_osculation" : "2458000.5",
        "eccentricity" : ".3472492763451782",
        "semi_major_axis" : "1.290400870088459",
        "inclination" : "49.90123941966606",
        "ascending_node_longitude" : "34.01261060053654",
        "orbital_period" : "535.4086677220515",
        "perihelion_distance" : ".8423101017550536",
        "perihelion_argument" : "84.12432760940136",
        "aphelion_distance" : "1.738491638421865",
        "perihelion_time" : "2457775.861082671893",
        "mean_anomaly" : "151.0435207972777",
        "mean_motion" : ".6723835860402767",
        "equinox" : "J2000"
      }
    }, {
      "links" : {
        "self" : "https://api.nasa.gov/neo/rest/v1/neo/3306214?api_key=t0TVs3DtDT2H8Oy2Zy8m2eVrNsAVKAexjcZXUckd"
      },
      "neo_reference_id" : "3306214",
      "name" : "(2005 XB1)",
      "nasa_jpl_url" : "http://ssd.jpl.nasa.gov/sbdb.cgi?sstr=3306214",
      "absolute_magnitude_h" : 22.0,
      "estimated_diameter" : {
        "kilometers" : {
          "estimated_diameter_min" : 0.1058168859,
          "estimated_diameter_max" : 0.2366137501
        },
        "meters" : {
          "estimated_diameter_min" : 105.8168859331,
          "estimated_diameter_max" : 236.6137501138
        },
        "miles" : {
          "estimated_diameter_min" : 0.0657515442,
          "estimated_diameter_max" : 0.1470249225
        },
        "feet" : {
          "estimated_diameter_min" : 347.1682720448,
          "estimated_diameter_max" : 776.2918559233
        }
      },
      "is_potentially_hazardous_asteroid" : false,
      "close_approach_data" : [ {
        "close_approach_date" : "1998-04-15",
        "epoch_date_close_approach" : 892623600000,
        "relative_velocity" : {
          "kilometers_per_second" : "16.6131461151",
          "kilometers_per_hour" : "59807.3260144928",
          "miles_per_hour" : "37161.9465449497"
        },
        "miss_distance" : {
          "astronomical" : "0.1465245709",
          "lunar" : "56.9980621338",
          "kilometers" : "21919766",
          "miles" : "13620311"
        },
        "orbiting_body" : "Earth"
      } ],
      "orbital_data" : {
        "orbit_id" : "19",
        "orbit_determination_date" : "2017-04-06 09:09:42",
        "orbit_uncertainty" : "0",
        "minimum_orbit_intersection" : ".0707555",
        "jupiter_tisserand_invariant" : "5.437",
        "epoch_osculation" : "2458000.5",
        "eccentricity" : ".4186657960904692",
        "semi_major_axis" : "1.131065345402811",
        "inclination" : "8.70796918416139",
        "ascending_node_longitude" : "73.36033519705404",
        "orbital_period" : "439.3695661351827",
        "perihelion_distance" : ".6575269721394015",
        "perihelion_argument" : "232.8638961842283",
        "aphelion_distance" : "1.60460371866622",
        "perihelion_time" : "2458007.307682492774",
        "mean_anomaly" : "354.4220859014968",
        "mean_motion" : ".8193557946369853",
        "equinox" : "J2000"
      }
    }, {
      "links" : {
        "self" : "https://api.nasa.gov/neo/rest/v1/neo/3614400?api_key=t0TVs3DtDT2H8Oy2Zy8m2eVrNsAVKAexjcZXUckd"
      },
      "neo_reference_id" : "3614400",
      "name" : "(2012 UX136)",
      "nasa_jpl_url" : "http://ssd.jpl.nasa.gov/sbdb.cgi?sstr=3614400",
      "absolute_magnitude_h" : 25.6,
      "estimated_diameter" : {
        "kilometers" : {
          "estimated_diameter_min" : 0.0201629919,
          "estimated_diameter_max" : 0.0450858206
        },
        "meters" : {
          "estimated_diameter_min" : 20.1629919443,
          "estimated_diameter_max" : 45.0858206172
        },
        "miles" : {
          "estimated_diameter_min" : 0.0125286985,
          "estimated_diameter_max" : 0.0280150214
        },
        "feet" : {
          "estimated_diameter_min" : 66.1515504905,
          "estimated_diameter_max" : 147.9193637137
        }
      },
      "is_potentially_hazardous_asteroid" : false,
      "close_approach_data" : [ {
        "close_approach_date" : "1998-04-15",
        "epoch_date_close_approach" : 892623600000,
        "relative_velocity" : {
          "kilometers_per_second" : "15.4230135823",
          "kilometers_per_hour" : "55522.8488962937",
          "miles_per_hour" : "34499.7390822554"
        },
        "miss_distance" : {
          "astronomical" : "0.3594311951",
          "lunar" : "139.8187408447",
          "kilometers" : "53770144",
          "miles" : "33411218"
        },
        "orbiting_body" : "Earth"
      } ],
      "orbital_data" : {
        "orbit_id" : "12",
        "orbit_determination_date" : "2017-04-06 08:48:20",
        "orbit_uncertainty" : "6",
        "minimum_orbit_intersection" : ".00647684",
        "jupiter_tisserand_invariant" : "5.675",
        "epoch_osculation" : "2458000.5",
        "eccentricity" : ".182980118091616",
        "semi_major_axis" : "1.089009235007047",
        "inclination" : "4.538253033969977",
        "ascending_node_longitude" : "47.22653840175135",
        "orbital_period" : "415.0933452736339",
        "perihelion_distance" : ".8897421965825971",
        "perihelion_argument" : "64.81933407236126",
        "aphelion_distance" : "1.288276273431497",
        "perihelion_time" : "2457955.160048517131",
        "mean_anomaly" : "39.32219757238714",
        "mean_motion" : ".867274804809709",
        "equinox" : "J2000"
      }
    }, {
      "links" : {
        "self" : "https://api.nasa.gov/neo/rest/v1/neo/3752445?api_key=t0TVs3DtDT2H8Oy2Zy8m2eVrNsAVKAexjcZXUckd"
      },
      "neo_reference_id" : "3752445",
      "name" : "(2016 HO3)",
      "nasa_jpl_url" : "http://ssd.jpl.nasa.gov/sbdb.cgi?sstr=3752445",
      "absolute_magnitude_h" : 24.183,
      "estimated_diameter" : {
        "kilometers" : {
          "estimated_diameter_min" : 0.03872175,
          "estimated_diameter_max" : 0.0865844652
        },
        "meters" : {
          "estimated_diameter_min" : 38.7217499927,
          "estimated_diameter_max" : 86.5844651915
        },
        "miles" : {
          "estimated_diameter_min" : 0.0240605725,
          "estimated_diameter_max" : 0.0538010757
        },
        "feet" : {
          "estimated_diameter_min" : 127.0398662462,
          "estimated_diameter_max" : 284.0697767789
        }
      },
      "is_potentially_hazardous_asteroid" : false,
      "close_approach_data" : [ {
        "close_approach_date" : "1998-04-15",
        "epoch_date_close_approach" : 892623600000,
        "relative_velocity" : {
          "kilometers_per_second" : "4.0971999607",
          "kilometers_per_hour" : "14749.9198584971",
          "miles_per_hour" : "9165.0265920756"
        },
        "miss_distance" : {
          "astronomical" : "0.1539794792",
          "lunar" : "59.8980178833",
          "kilometers" : "23035002",
          "miles" : "14313287"
        },
        "orbiting_body" : "Earth"
      } ],
      "orbital_data" : {
        "orbit_id" : "10",
        "orbit_determination_date" : "2016-06-11 06:17:09",
        "orbit_uncertainty" : "0",
        "minimum_orbit_intersection" : ".0345404",
        "jupiter_tisserand_invariant" : "6.062",
        "epoch_osculation" : "2457600.5",
        "eccentricity" : ".1041429093141734",
        "semi_major_axis" : "1.001229934908869",
        "inclination" : "7.771395618758937",
        "ascending_node_longitude" : "66.5132579804841",
        "orbital_period" : "365.9309688008125",
        "perihelion_distance" : ".8969589365950191",
        "perihelion_argument" : "307.2276516410577",
        "aphelion_distance" : "1.105500933222719",
        "perihelion_time" : "2457663.997047229686",
        "mean_anomaly" : "297.532105911676",
        "mean_motion" : ".9837921102435007",
        "equinox" : "J2000"
      }
    }, {
      "links" : {
        "self" : "https://api.nasa.gov/neo/rest/v1/neo/2469219?api_key=t0TVs3DtDT2H8Oy2Zy8m2eVrNsAVKAexjcZXUckd"
      },
      "neo_reference_id" : "2469219",
      "name" : "469219 (2016 HO3)",
      "nasa_jpl_url" : "http://ssd.jpl.nasa.gov/sbdb.cgi?sstr=2469219",
      "absolute_magnitude_h" : 24.2,
      "estimated_diameter" : {
        "kilometers" : {
          "estimated_diameter_min" : 0.0384197891,
          "estimated_diameter_max" : 0.0859092601
        },
        "meters" : {
          "estimated_diameter_min" : 38.4197891064,
          "estimated_diameter_max" : 85.9092601232
        },
        "miles" : {
          "estimated_diameter_min" : 0.0238729428,
          "estimated_diameter_max" : 0.0533815229
        },
        "feet" : {
          "estimated_diameter_min" : 126.0491808919,
          "estimated_diameter_max" : 281.8545369825
        }
      },
      "is_potentially_hazardous_asteroid" : false,
      "close_approach_data" : [ {
        "close_approach_date" : "1998-04-15",
        "epoch_date_close_approach" : 892623600000,
        "relative_velocity" : {
          "kilometers_per_second" : "4.0971896936",
          "kilometers_per_hour" : "14749.8828969483",
          "miles_per_hour" : "9165.0036256065"
        },
        "miss_distance" : {
          "astronomical" : "0.1539792627",
          "lunar" : "59.8979301453",
          "kilometers" : "23034970",
          "miles" : "14313266"
        },
        "orbiting_body" : "Earth"
      } ],
      "orbital_data" : {
        "orbit_id" : "24",
        "orbit_determination_date" : "2017-08-20 06:19:16",
        "orbit_uncertainty" : "0",
        "minimum_orbit_intersection" : ".034775",
        "jupiter_tisserand_invariant" : "6.061",
        "epoch_osculation" : "2458000.5",
        "eccentricity" : ".1039704505486476",
        "semi_major_axis" : "1.001383453618808",
        "inclination" : "7.77408544694362",
        "ascending_node_longitude" : "66.40657284052057",
        "orbital_period" : "366.015134388046",
        "perihelion_distance" : ".8972691647741002",
        "perihelion_argument" : "306.9337201441289",
        "aphelion_distance" : "1.105497742463517",
        "perihelion_time" : "2458029.487558144501",
        "mean_anomaly" : "331.4888266861752",
        "mean_motion" : ".9835658861535796",
        "equinox" : "J2000"
      }
    }, {
      "links" : {
        "self" : "https://api.nasa.gov/neo/rest/v1/neo/3670102?api_key=t0TVs3DtDT2H8Oy2Zy8m2eVrNsAVKAexjcZXUckd"
      },
      "neo_reference_id" : "3670102",
      "name" : "(2014 HV177)",
      "nasa_jpl_url" : "http://ssd.jpl.nasa.gov/sbdb.cgi?sstr=3670102",
      "absolute_magnitude_h" : 21.0,
      "estimated_diameter" : {
        "kilometers" : {
          "estimated_diameter_min" : 0.1677084622,
          "estimated_diameter_max" : 0.3750075218
        },
        "meters" : {
          "estimated_diameter_min" : 167.7084621628,
          "estimated_diameter_max" : 375.0075217981
        },
        "miles" : {
          "estimated_diameter_min" : 0.1042091748,
          "estimated_diameter_max" : 0.2330187988
        },
        "feet" : {
          "estimated_diameter_min" : 550.2246310023,
          "estimated_diameter_max" : 1230.3396778159
        }
      },
      "is_potentially_hazardous_asteroid" : true,
      "close_approach_data" : [ {
        "close_approach_date" : "1998-04-15",
        "epoch_date_close_approach" : 892623600000,
        "relative_velocity" : {
          "kilometers_per_second" : "16.1828140915",
          "kilometers_per_hour" : "58258.1307292308",
          "miles_per_hour" : "36199.3368411712"
        },
        "miss_distance" : {
          "astronomical" : "0.2538233938",
          "lunar" : "98.7373046875",
          "kilometers" : "37971440",
          "miles" : "23594360"
        },
        "orbiting_body" : "Earth"
      } ],
      "orbital_data" : {
        "orbit_id" : "18",
        "orbit_determination_date" : "2017-07-24 05:38:21",
        "orbit_uncertainty" : "1",
        "minimum_orbit_intersection" : ".0379556",
        "jupiter_tisserand_invariant" : "3.473",
        "epoch_osculation" : "2458000.5",
        "eccentricity" : ".5520847630808267",
        "semi_major_axis" : "2.168423809538393",
        "inclination" : "4.579955832470131",
        "ascending_node_longitude" : "24.53498606195295",
        "orbital_period" : "1166.311821921134",
        "perihelion_distance" : ".971270064390566",
        "perihelion_argument" : "127.5857938388203",
        "aphelion_distance" : "3.365577554686221",
        "perihelion_time" : "2457892.100770830812",
        "mean_anomaly" : "33.45908166876715",
        "mean_motion" : ".3086653099400232",
        "equinox" : "J2000"
      }
    } ]
  }
}