{
  "links" : {
    "next" : "https://api.nasa.gov/neo/rest/v1/feed?start_date=2007-02-16&end_date=2007-02-16&detailed=true&api_key=t0TVs3DtDT2H8Oy2Zy8m2eVrNsAVKAexjcZXUckd",
    "prev" : "https://api.nasa.gov/neo/rest/v1/feed?start_date=2007-02-14&end_date=2007-02-14&detailed=true&api_key=t0TVs3DtDT2H8Oy2Zy8m2eVrNsAVKAexjcZXUckd",
    "self" : "https://api.nasa.gov/neo/rest/v1/feed?start_date=2007-02-15&end_date=2007-02-15&detailed=true&api_key=t0TVs3DtDT2H8Oy2Zy8m2eVrNsAVKAexjcZXUckd"
  },
  "element_count" : 8,
  "near_earth_objects" : {
    "2007-02-15" : [ {
      "links" : {
        "self" : "https://api.nasa.gov/neo/rest/v1/neo/3366887?api_key=t0TVs3DtDT2H8Oy2Zy8m2eVrNsAVKAexjcZXUckd"
      },
      "neo_reference_id" : "3366887",
      "name" : "(2007 BD8)",
      "nasa_jpl_url" : "http://ssd.jpl.nasa.gov/sbdb.cgi?sstr=3366887",
      "absolute_magnitude_h" : 24.4,
      "estimated_diameter" : {
        "kilometers" : {
          "estimated_diameter_min" : 0.0350392641,
          "estimated_diameter_max" : 0.0783501764
        },
        "meters" : {
          "estimated_diameter_min" : 35.0392641108,
          "estimated_diameter_max" : 78.3501764334
        },
        "miles" : {
          "estimated_diameter_min" : 0.0217723826,
          "estimated_diameter_max" : 0.0486845275
        },
        "feet" : {
          "estimated_diameter_min" : 114.9582192654,
          "estimated_diameter_max" : 257.0543928497
        }
      },
      "is_potentially_hazardous_asteroid" : false,
      "close_approach_data" : [ {
        "close_approach_date" : "2007-02-15",
        "epoch_date_close_approach" : 1171526400000,
        "relative_velocity" : {
          "kilometers_per_second" : "10.5483790814",
          "kilometers_per_hour" : "37974.1646930839",
          "miles_per_hour" : "23595.669167211"
        },
        "miss_distance" : {
          "astronomical" : "0.0375745973",
          "lunar" : "14.6165180206",
          "kilometers" : "5621079.5",
          "miles" : "3492777"
        },
        "orbiting_body" : "Earth"
      } ],
      "orbital_data" : {
        "orbit_id" : "10",
        "orbit_determination_date" : "2017-04-06 09:07:10",
        "orbit_uncertainty" : "8",
        "minimum_orbit_intersection" : ".0310549",
        "jupiter_tisserand_invariant" : "4.578",
        "epoch_osculation" : "2454132.5",
        "eccentricity" : ".4212240395180257",
        "semi_major_axis" : "1.433786887114197",
        "inclination" : "4.440692727205016",
        "ascending_node_longitude" : "300.9600656000513",
        "orbital_period" : "627.0834414943898",
        "perihelion_distance" : ".8298413827159792",
        "perihelion_argument" : "267.0026327899836",
        "aphelion_distance" : "2.037732391512414",
        "perihelion_time" : "2454192.682845416955",
        "mean_anomaly" : "325.4498541717631",
        "mean_motion" : ".5740862797175624",
        "equinox" : "J2000"
      }
    }, {
      "links" : {
        "self" : "https://api.nasa.gov/neo/rest/v1/neo/3339219?api_key=t0TVs3DtDT2H8Oy2Zy8m2eVrNsAVKAexjcZXUckd"
      },
      "neo_reference_id" : "3339219",
      "name" : "(2006 QA58)",
      "nasa_jpl_url" : "http://ssd.jpl.nasa.gov/sbdb.cgi?sstr=3339219",
      "absolute_magnitude_h" : 20.4,
      "estimated_diameter" : {
        "kilometers" : {
          "estimated_diameter_min" : 0.2210828104,
          "estimated_diameter_max" : 0.4943561926
        },
        "meters" : {
          "estimated_diameter_min" : 221.0828103591,
          "estimated_diameter_max" : 494.3561926196
        },
        "miles" : {
          "estimated_diameter_min" : 0.137374447,
          "estimated_diameter_max" : 0.3071786018
        },
        "feet" : {
          "estimated_diameter_min" : 725.3373275385,
          "estimated_diameter_max" : 1621.9035709942
        }
      },
      "is_potentially_hazardous_asteroid" : false,
      "close_approach_data" : [ {
        "close_approach_date" : "2007-02-15",
        "epoch_date_close_approach" : 1171526400000,
        "relative_velocity" : {
          "kilometers_per_second" : "17.7904091978",
          "kilometers_per_hour" : "64045.4731121621",
          "miles_per_hour" : "39795.3663346098"
        },
        "miss_distance" : {
          "astronomical" : "0.3420882622",
          "lunar" : "133.0723266602",
          "kilometers" : "51175676",
          "miles" : "31799090"
        },
        "orbiting_body" : "Earth"
      } ],
      "orbital_data" : {
        "orbit_id" : "37",
        "orbit_determination_date" : "2017-05-05 06:17:53",
        "orbit_uncertainty" : "0",
        "minimum_orbit_intersection" : ".165357",
        "jupiter_tisserand_invariant" : "5.027",
        "epoch_osculation" : "2457800.5",
        "eccentricity" : ".1728847016746151",
        "semi_major_axis" : "1.24973586730532",
        "inclination" : "26.60471731666511",
        "ascending_node_longitude" : "152.484938043926",
        "orbital_period" : "510.3002465851655",
        "perihelion_distance" : "1.033675654714173",
        "perihelion_argument" : "283.6859817958969",
        "aphelion_distance" : "1.465796079896467",
        "perihelion_time" : "2457664.023349836956",
        "mean_anomaly" : "96.27977722424275",
        "mean_motion" : ".7054670312410256",
        "equinox" : "J2000"
      }
    }, {
      "links" : {
        "self" : "https://api.nasa.gov/neo/rest/v1/neo/3365986?api_key=t0TVs3DtDT2H8Oy2Zy8m2eVrNsAVKAexjcZXUckd"
      },
      "neo_reference_id" : "3365986",
      "name" : "(2007 AV2)",
      "nasa_jpl_url" : "http://ssd.jpl.nasa.gov/sbdb.cgi?sstr=3365986",
      "absolute_magnitude_h" : 21.2,
      "estimated_diameter" : {
        "kilometers" : {
          "estimated_diameter_min" : 0.1529519353,
          "estimated_diameter_max" : 0.3420109247
        },
        "meters" : {
          "estimated_diameter_min" : 152.9519353442,
          "estimated_diameter_max" : 342.0109247198
        },
        "miles" : {
          "estimated_diameter_min" : 0.095039897,
          "estimated_diameter_max" : 0.2125156703
        },
        "feet" : {
          "estimated_diameter_min" : 501.8108275547,
          "estimated_diameter_max" : 1122.0831222578
        }
      },
      "is_potentially_hazardous_asteroid" : true,
      "close_approach_data" : [ {
        "close_approach_date" : "2007-02-15",
        "epoch_date_close_approach" : 1171526400000,
        "relative_velocity" : {
          "kilometers_per_second" : "10.7683273027",
          "kilometers_per_hour" : "38765.9782895879",
          "miles_per_hour" : "24087.6713433275"
        },
        "miss_distance" : {
          "astronomical" : "0.1843187446",
          "lunar" : "71.6999969482",
          "kilometers" : "27573692",
          "miles" : "17133498"
        },
        "orbiting_body" : "Earth"
      } ],
      "orbital_data" : {
        "orbit_id" : "16",
        "orbit_determination_date" : "2017-04-06 09:07:13",
        "orbit_uncertainty" : "7",
        "minimum_orbit_intersection" : ".0383071",
        "jupiter_tisserand_invariant" : "4.523",
        "epoch_osculation" : "2458000.5",
        "eccentricity" : ".4741452173092456",
        "semi_major_axis" : "1.437959800929711",
        "inclination" : "12.30997487852999",
        "ascending_node_longitude" : "285.9211441420325",
        "orbital_period" : "629.8230413175648",
        "perihelion_distance" : ".7561580386359338",
        "perihelion_argument" : "293.31376299933",
        "aphelion_distance" : "2.119761563223488",
        "perihelion_time" : "2457981.368997221871",
        "mean_anomaly" : "10.93507310516747",
        "mean_motion" : ".5715891232669009",
        "equinox" : "J2000"
      }
    }, {
      "links" : {
        "self" : "https://api.nasa.gov/neo/rest/v1/neo/3367903?api_key=t0TVs3DtDT2H8Oy2Zy8m2eVrNsAVKAexjcZXUckd"
      },
      "neo_reference_id" : "3367903",
      "name" : "(2007 CS26)",
      "nasa_jpl_url" : "http://ssd.jpl.nasa.gov/sbdb.cgi?sstr=3367903",
      "absolute_magnitude_h" : 21.1,
      "estimated_diameter" : {
        "kilometers" : {
          "estimated_diameter_min" : 0.160160338,
          "estimated_diameter_max" : 0.358129403
        },
        "meters" : {
          "estimated_diameter_min" : 160.1603379786,
          "estimated_diameter_max" : 358.1294030194
        },
        "miles" : {
          "estimated_diameter_min" : 0.0995189894,
          "estimated_diameter_max" : 0.2225312253
        },
        "feet" : {
          "estimated_diameter_min" : 525.4604432536,
          "estimated_diameter_max" : 1174.9652706022
        }
      },
      "is_potentially_hazardous_asteroid" : true,
      "close_approach_data" : [ {
        "close_approach_date" : "2007-02-15",
        "epoch_date_close_approach" : 1171526400000,
        "relative_velocity" : {
          "kilometers_per_second" : "14.8136141334",
          "kilometers_per_hour" : "53329.0108800906",
          "miles_per_hour" : "33136.5734549096"
        },
        "miss_distance" : {
          "astronomical" : "0.0520820191",
          "lunar" : "20.2599067688",
          "kilometers" : "7791359.5",
          "miles" : "4841326.5"
        },
        "orbiting_body" : "Earth"
      } ],
      "orbital_data" : {
        "orbit_id" : "20",
        "orbit_determination_date" : "2017-04-06 09:07:02",
        "orbit_uncertainty" : "5",
        "minimum_orbit_intersection" : ".0494511",
        "jupiter_tisserand_invariant" : "3.254",
        "epoch_osculation" : "2458000.5",
        "eccentricity" : ".5681506314144056",
        "semi_major_axis" : "2.330629801976425",
        "inclination" : "21.94881014485767",
        "ascending_node_longitude" : "143.7035159979595",
        "orbital_period" : "1299.596012496767",
        "perihelion_distance" : "1.006481008390288",
        "perihelion_argument" : "24.12475536914984",
        "aphelion_distance" : "3.654778595562562",
        "perihelion_time" : "2458063.912137168055",
        "mean_anomaly" : "342.4342571376144",
        "mean_motion" : ".2770091601838425",
        "equinox" : "J2000"
      }
    }, {
      "links" : {
        "self" : "https://api.nasa.gov/neo/rest/v1/neo/3368737?api_key=t0TVs3DtDT2H8Oy2Zy8m2eVrNsAVKAexjcZXUckd"
      },
      "neo_reference_id" : "3368737",
      "name" : "(2007 DM8)",
      "nasa_jpl_url" : "http://ssd.jpl.nasa.gov/sbdb.cgi?sstr=3368737",
      "absolute_magnitude_h" : 26.2,
      "estimated_diameter" : {
        "kilometers" : {
          "estimated_diameter_min" : 0.0152951935,
          "estimated_diameter_max" : 0.0342010925
        },
        "meters" : {
          "estimated_diameter_min" : 15.2951935344,
          "estimated_diameter_max" : 34.201092472
        },
        "miles" : {
          "estimated_diameter_min" : 0.0095039897,
          "estimated_diameter_max" : 0.021251567
        },
        "feet" : {
          "estimated_diameter_min" : 50.1810827555,
          "estimated_diameter_max" : 112.2083122258
        }
      },
      "is_potentially_hazardous_asteroid" : false,
      "close_approach_data" : [ {
        "close_approach_date" : "2007-02-15",
        "epoch_date_close_approach" : 1171526400000,
        "relative_velocity" : {
          "kilometers_per_second" : "10.9746825997",
          "kilometers_per_hour" : "39508.8573589218",
          "miles_per_hour" : "24549.2675072701"
        },
        "miss_distance" : {
          "astronomical" : "0.026146845",
          "lunar" : "10.1711235046",
          "kilometers" : "3911512.5",
          "miles" : "2430501.25"
        },
        "orbiting_body" : "Earth"
      } ],
      "orbital_data" : {
        "orbit_id" : "7",
        "orbit_determination_date" : "2017-04-06 09:06:56",
        "orbit_uncertainty" : "8",
        "minimum_orbit_intersection" : ".0153377",
        "jupiter_tisserand_invariant" : "6.067",
        "epoch_osculation" : "2454153.5",
        "eccentricity" : ".3687323933945438",
        "semi_major_axis" : ".9884750003878835",
        "inclination" : "7.568870249902558",
        "ascending_node_longitude" : "332.6475544074935",
        "orbital_period" : "358.9607483094399",
        "perihelion_distance" : ".6239922476841866",
        "perihelion_argument" : "61.35503728712087",
        "aphelion_distance" : "1.35295775309158",
        "perihelion_time" : "2454076.409143526602",
        "mean_anomaly" : "77.31404745818959",
        "mean_motion" : "1.00289516805237",
        "equinox" : "J2000"
      }
    }, {
      "links" : {
        "self" : "https://api.nasa.gov/neo/rest/v1/neo/3591760?api_key=t0TVs3DtDT2H8Oy2Zy8m2eVrNsAVKAexjcZXUckd"
      },
      "neo_reference_id" : "3591760",
      "name" : "(2011 YH40)",
      "nasa_jpl_url" : "http://ssd.jpl.nasa.gov/sbdb.cgi?sstr=3591760",
      "absolute_magnitude_h" : 22.9,
      "estimated_diameter" : {
        "kilometers" : {
          "estimated_diameter_min" : 0.0699125232,
          "estimated_diameter_max" : 0.1563291544
        },
        "meters" : {
          "estimated_diameter_min" : 69.9125232246,
          "estimated_diameter_max" : 156.3291544087
        },
        "miles" : {
          "estimated_diameter_min" : 0.0434416145,
          "estimated_diameter_max" : 0.097138403
        },
        "feet" : {
          "estimated_diameter_min" : 229.3718026961,
          "estimated_diameter_max" : 512.8909429502
        }
      },
      "is_potentially_hazardous_asteroid" : false,
      "close_approach_data" : [ {
        "close_approach_date" : "2007-02-15",
        "epoch_date_close_approach" : 1171526400000,
        "relative_velocity" : {
          "kilometers_per_second" : "7.5585092344",
          "kilometers_per_hour" : "27210.6332438944",
          "miles_per_hour" : "16907.6293064632"
        },
        "miss_distance" : {
          "astronomical" : "0.1393363938",
          "lunar" : "54.2018547058",
          "kilometers" : "20844428",
          "miles" : "12952127"
        },
        "orbiting_body" : "Earth"
      } ],
      "orbital_data" : {
        "orbit_id" : "34",
        "orbit_determination_date" : "2017-04-06 08:51:37",
        "orbit_uncertainty" : "3",
        "minimum_orbit_intersection" : ".0129371",
        "jupiter_tisserand_invariant" : "4.684",
        "epoch_osculation" : "2458000.5",
        "eccentricity" : ".3278018356427488",
        "semi_major_axis" : "1.397311325947181",
        "inclination" : "11.33753765186953",
        "ascending_node_longitude" : "294.2544619916206",
        "orbital_period" : "603.306765801755",
        "perihelion_distance" : ".9392701083372919",
        "perihelion_argument" : "220.8599317687762",
        "aphelion_distance" : "1.85535254355707",
        "perihelion_time" : "2457786.122129502856",
        "mean_anomaly" : "127.9217104028492",
        "mean_motion" : ".5967113588086215",
        "equinox" : "J2000"
      }
    }, {
      "links" : {
        "self" : "https://api.nasa.gov/neo/rest/v1/neo/3743897?api_key=t0TVs3DtDT2H8Oy2Zy8m2eVrNsAVKAexjcZXUckd"
      },
      "neo_reference_id" : "3743897",
      "name" : "(2016 CO246)",
      "nasa_jpl_url" : "http://ssd.jpl.nasa.gov/sbdb.cgi?sstr=3743897",
      "absolute_magnitude_h" : 26.1,
      "estimated_diameter" : {
        "kilometers" : {
          "estimated_diameter_min" : 0.0160160338,
          "estimated_diameter_max" : 0.0358129403
        },
        "meters" : {
          "estimated_diameter_min" : 16.0160337979,
          "estimated_diameter_max" : 35.8129403019
        },
        "miles" : {
          "estimated_diameter_min" : 0.0099518989,
          "estimated_diameter_max" : 0.0222531225
        },
        "feet" : {
          "estimated_diameter_min" : 52.5460443254,
          "estimated_diameter_max" : 117.4965270602
        }
      },
      "is_potentially_hazardous_asteroid" : false,
      "close_approach_data" : [ {
        "close_approach_date" : "2007-02-15",
        "epoch_date_close_approach" : 1171526400000,
        "relative_velocity" : {
          "kilometers_per_second" : "16.0118339203",
          "kilometers_per_hour" : "57642.602113202",
          "miles_per_hour" : "35816.8712963949"
        },
        "miss_distance" : {
          "astronomical" : "0.3845564124",
          "lunar" : "149.5924377441",
          "kilometers" : "57528820",
          "miles" : "35746752"
        },
        "orbiting_body" : "Earth"
      } ],
      "orbital_data" : {
        "orbit_id" : "14",
        "orbit_determination_date" : "2017-08-10 06:19:42",
        "orbit_uncertainty" : "0",
        "minimum_orbit_intersection" : ".0394516",
        "jupiter_tisserand_invariant" : "6.067",
        "epoch_osculation" : "2458000.5",
        "eccentricity" : ".1246907818564904",
        "semi_major_axis" : "1.000117991815979",
        "inclination" : "6.390692956226514",
        "ascending_node_longitude" : "136.9814284476378",
        "orbital_period" : "365.3215462203134",
        "perihelion_distance" : ".8754124974677014",
        "perihelion_argument" : "118.7268402721825",
        "aphelion_distance" : "1.124823486164256",
        "perihelion_time" : "2457895.427361925122",
        "mean_anomaly" : "103.5420716306294",
        "mean_motion" : ".9854332538680756",
        "equinox" : "J2000"
      }
    }, {
      "links" : {
        "self" : "https://api.nasa.gov/neo/rest/v1/neo/2489235?api_key=t0TVs3DtDT2H8Oy2Zy8m2eVrNsAVKAexjcZXUckd"
      },
      "neo_reference_id" : "2489235",
      "name" : "489235 (2006 QA58)",
      "nasa_jpl_url" : "http://ssd.jpl.nasa.gov/sbdb.cgi?sstr=2489235",
      "absolute_magnitude_h" : 20.4,
      "estimated_diameter" : {
        "kilometers" : {
          "estimated_diameter_min" : 0.2210828104,
          "estimated_diameter_max" : 0.4943561926
        },
        "meters" : {
          "estimated_diameter_min" : 221.0828103591,
          "estimated_diameter_max" : 494.3561926196
        },
        "miles" : {
          "estimated_diameter_min" : 0.137374447,
          "estimated_diameter_max" : 0.3071786018
        },
        "feet" : {
          "estimated_diameter_min" : 725.3373275385,
          "estimated_diameter_max" : 1621.9035709942
        }
      },
      "is_potentially_hazardous_asteroid" : false,
      "close_approach_data" : [ {
        "close_approach_date" : "2007-02-15",
        "epoch_date_close_approach" : 1171526400000,
        "relative_velocity" : {
          "kilometers_per_second" : "17.7904122006",
          "kilometers_per_hour" : "64045.4839222442",
          "miles_per_hour" : "39795.3730515745"
        },
        "miss_distance" : {
          "astronomical" : "0.3420882551",
          "lunar" : "133.0723266602",
          "kilometers" : "51175676",
          "miles" : "31799090"
        },
        "orbiting_body" : "Earth"
      } ],
      "orbital_data" : {
        "orbit_id" : "39",
        "orbit_determination_date" : "2017-08-08 06:17:38",
        "orbit_uncertainty" : "0",
        "minimum_orbit_intersection" : ".166702",
        "jupiter_tisserand_invariant" : "5.027",
        "epoch_osculation" : "2458000.5",
        "eccentricity" : ".1729557498952629",
        "semi_major_axis" : "1.249662877873385",
        "inclination" : "26.60443529139089",
        "ascending_node_longitude" : "152.481136969519",
        "orbital_period" : "510.255541961275",
        "perihelion_distance" : "1.033526497714522",
        "perihelion_argument" : "283.673897758612",
        "aphelion_distance" : "1.465799258032249",
        "perihelion_time" : "2458174.271499859570",
        "mean_anomaly" : "237.3991954913588",
        "mean_motion" : ".7055288387780443",
        "equinox" : "J2000"
      }
    } ]
  }
}