{
  "links" : {
    "next" : "https://api.nasa.gov/neo/rest/v1/feed?start_date=1997-11-16&end_date=1997-11-16&detailed=true&api_key=t0TVs3DtDT2H8Oy2Zy8m2eVrNsAVKAexjcZXUckd",
    "prev" : "https://api.nasa.gov/neo/rest/v1/feed?start_date=1997-11-14&end_date=1997-11-14&detailed=true&api_key=t0TVs3DtDT2H8Oy2Zy8m2eVrNsAVKAexjcZXUckd",
    "self" : "https://api.nasa.gov/neo/rest/v1/feed?start_date=1997-11-15&end_date=1997-11-15&detailed=true&api_key=t0TVs3DtDT2H8Oy2Zy8m2eVrNsAVKAexjcZXUckd"
  },
  "element_count" : 6,
  "near_earth_objects" : {
    "1997-11-15" : [ {
      "links" : {
        "self" : "https://api.nasa.gov/neo/rest/v1/neo/3358222?api_key=t0TVs3DtDT2H8Oy2Zy8m2eVrNsAVKAexjcZXUckd"
      },
      "neo_reference_id" : "3358222",
      "name" : "(2006 VX2)",
      "nasa_jpl_url" : "http://ssd.jpl.nasa.gov/sbdb.cgi?sstr=3358222",
      "absolute_magnitude_h" : 24.6,
      "estimated_diameter" : {
        "kilometers" : {
          "estimated_diameter_min" : 0.0319561887,
          "estimated_diameter_max" : 0.0714562102
        },
        "meters" : {
          "estimated_diameter_min" : 31.9561886721,
          "estimated_diameter_max" : 71.4562101727
        },
        "miles" : {
          "estimated_diameter_min" : 0.0198566489,
          "estimated_diameter_max" : 0.0444008168
        },
        "feet" : {
          "estimated_diameter_min" : 104.8431420431,
          "estimated_diameter_max" : 234.436392583
        }
      },
      "is_potentially_hazardous_asteroid" : false,
      "close_approach_data" : [ {
        "close_approach_date" : "1997-11-15",
        "epoch_date_close_approach" : 879580800000,
        "relative_velocity" : {
          "kilometers_per_second" : "9.8266364454",
          "kilometers_per_hour" : "35375.8912034249",
          "miles_per_hour" : "21981.2030647059"
        },
        "miss_distance" : {
          "astronomical" : "0.0250153578",
          "lunar" : "9.7309741974",
          "kilometers" : "3742244.25",
          "miles" : "2325322.75"
        },
        "orbiting_body" : "Earth"
      } ],
      "orbital_data" : {
        "orbit_id" : "9",
        "orbit_determination_date" : "2017-04-06 09:07:40",
        "orbit_uncertainty" : "3",
        "minimum_orbit_intersection" : ".0229498",
        "jupiter_tisserand_invariant" : "6.369",
        "epoch_osculation" : "2458000.5",
        "eccentricity" : ".2905494026388007",
        "semi_major_axis" : ".9341333812727444",
        "inclination" : "9.817652545581334",
        "ascending_node_longitude" : "47.27364766014583",
        "orbital_period" : "329.7704711105523",
        "perihelion_distance" : ".6627214853589855",
        "perihelion_argument" : "126.5422880699391",
        "aphelion_distance" : "1.205545277186503",
        "perihelion_time" : "2458093.687053184270",
        "mean_anomaly" : "258.2706394742939",
        "mean_motion" : "1.09166839222337",
        "equinox" : "J2000"
      }
    }, {
      "links" : {
        "self" : "https://api.nasa.gov/neo/rest/v1/neo/3740808?api_key=t0TVs3DtDT2H8Oy2Zy8m2eVrNsAVKAexjcZXUckd"
      },
      "neo_reference_id" : "3740808",
      "name" : "(2016 BE1)",
      "nasa_jpl_url" : "http://ssd.jpl.nasa.gov/sbdb.cgi?sstr=3740808",
      "absolute_magnitude_h" : 20.3,
      "estimated_diameter" : {
        "kilometers" : {
          "estimated_diameter_min" : 0.2315021222,
          "estimated_diameter_max" : 0.5176544822
        },
        "meters" : {
          "estimated_diameter_min" : 231.5021222103,
          "estimated_diameter_max" : 517.6544821978
        },
        "miles" : {
          "estimated_diameter_min" : 0.1438487052,
          "estimated_diameter_max" : 0.3216554833
        },
        "feet" : {
          "estimated_diameter_min" : 759.5214226325,
          "estimated_diameter_max" : 1698.3415313737
        }
      },
      "is_potentially_hazardous_asteroid" : true,
      "close_approach_data" : [ {
        "close_approach_date" : "1997-11-15",
        "epoch_date_close_approach" : 879580800000,
        "relative_velocity" : {
          "kilometers_per_second" : "10.2405041226",
          "kilometers_per_hour" : "36865.8148413434",
          "miles_per_hour" : "22906.9836718337"
        },
        "miss_distance" : {
          "astronomical" : "0.0300887146",
          "lunar" : "11.7045106888",
          "kilometers" : "4501208",
          "miles" : "2796920.75"
        },
        "orbiting_body" : "Earth"
      } ],
      "orbital_data" : {
        "orbit_id" : "22",
        "orbit_determination_date" : "2017-04-06 08:28:58",
        "orbit_uncertainty" : "4",
        "minimum_orbit_intersection" : ".0340857",
        "jupiter_tisserand_invariant" : "3.276",
        "epoch_osculation" : "2458000.5",
        "eccentricity" : ".6071770830011158",
        "semi_major_axis" : "2.346066833065701",
        "inclination" : "7.519662740125911",
        "ascending_node_longitude" : "57.75195890545618",
        "orbital_period" : "1312.529268357479",
        "perihelion_distance" : ".9215888168392029",
        "perihelion_argument" : "17.42766291524056",
        "aphelion_distance" : "3.770544849292199",
        "perihelion_time" : "2457363.193339345520",
        "mean_anomaly" : "174.8002146441472",
        "mean_motion" : ".2742795979327075",
        "equinox" : "J2000"
      }
    }, {
      "links" : {
        "self" : "https://api.nasa.gov/neo/rest/v1/neo/3752517?api_key=t0TVs3DtDT2H8Oy2Zy8m2eVrNsAVKAexjcZXUckd"
      },
      "neo_reference_id" : "3752517",
      "name" : "(2016 HS6)",
      "nasa_jpl_url" : "http://ssd.jpl.nasa.gov/sbdb.cgi?sstr=3752517",
      "absolute_magnitude_h" : 20.8,
      "estimated_diameter" : {
        "kilometers" : {
          "estimated_diameter_min" : 0.1838886721,
          "estimated_diameter_max" : 0.411187571
        },
        "meters" : {
          "estimated_diameter_min" : 183.8886720703,
          "estimated_diameter_max" : 411.1875710413
        },
        "miles" : {
          "estimated_diameter_min" : 0.1142630881,
          "estimated_diameter_max" : 0.2555000322
        },
        "feet" : {
          "estimated_diameter_min" : 603.309310875,
          "estimated_diameter_max" : 1349.040630575
        }
      },
      "is_potentially_hazardous_asteroid" : false,
      "close_approach_data" : [ {
        "close_approach_date" : "1997-11-15",
        "epoch_date_close_approach" : 879580800000,
        "relative_velocity" : {
          "kilometers_per_second" : "18.3253629689",
          "kilometers_per_hour" : "65971.3066882002",
          "miles_per_hour" : "40992.004425232"
        },
        "miss_distance" : {
          "astronomical" : "0.257380724",
          "lunar" : "100.1211013794",
          "kilometers" : "38503608",
          "miles" : "23925034"
        },
        "orbiting_body" : "Earth"
      } ],
      "orbital_data" : {
        "orbit_id" : "12",
        "orbit_determination_date" : "2017-04-06 08:26:19",
        "orbit_uncertainty" : "5",
        "minimum_orbit_intersection" : ".256543",
        "jupiter_tisserand_invariant" : "4.869",
        "epoch_osculation" : "2458000.5",
        "eccentricity" : ".4798839241345654",
        "semi_major_axis" : "1.281898886035673",
        "inclination" : "21.55770057328936",
        "ascending_node_longitude" : "200.1805954199016",
        "orbital_period" : "530.1259723864684",
        "perihelion_distance" : ".6667362182611465",
        "perihelion_argument" : "150.9807823930107",
        "aphelion_distance" : "1.8970615538102",
        "perihelion_time" : "2458156.733966626077",
        "mean_anomaly" : "253.90403240914",
        "mean_motion" : ".6790838758180207",
        "equinox" : "J2000"
      }
    }, {
      "links" : {
        "self" : "https://api.nasa.gov/neo/rest/v1/neo/3758834?api_key=t0TVs3DtDT2H8Oy2Zy8m2eVrNsAVKAexjcZXUckd"
      },
      "neo_reference_id" : "3758834",
      "name" : "(2016 QZ83)",
      "nasa_jpl_url" : "http://ssd.jpl.nasa.gov/sbdb.cgi?sstr=3758834",
      "absolute_magnitude_h" : 20.8,
      "estimated_diameter" : {
        "kilometers" : {
          "estimated_diameter_min" : 0.1838886721,
          "estimated_diameter_max" : 0.411187571
        },
        "meters" : {
          "estimated_diameter_min" : 183.8886720703,
          "estimated_diameter_max" : 411.1875710413
        },
        "miles" : {
          "estimated_diameter_min" : 0.1142630881,
          "estimated_diameter_max" : 0.2555000322
        },
        "feet" : {
          "estimated_diameter_min" : 603.309310875,
          "estimated_diameter_max" : 1349.040630575
        }
      },
      "is_potentially_hazardous_asteroid" : false,
      "close_approach_data" : [ {
        "close_approach_date" : "1997-11-15",
        "epoch_date_close_approach" : 879580800000,
        "relative_velocity" : {
          "kilometers_per_second" : "2.0822065298",
          "kilometers_per_hour" : "7495.9435074472",
          "miles_per_hour" : "4657.6877866135"
        },
        "miss_distance" : {
          "astronomical" : "0.2626351715",
          "lunar" : "102.1650848389",
          "kilometers" : "39289664",
          "miles" : "24413464"
        },
        "orbiting_body" : "Earth"
      } ],
      "orbital_data" : {
        "orbit_id" : "10",
        "orbit_determination_date" : "2017-04-06 08:24:17",
        "orbit_uncertainty" : "2",
        "minimum_orbit_intersection" : ".258474",
        "jupiter_tisserand_invariant" : "3.801",
        "epoch_osculation" : "2458000.5",
        "eccentricity" : ".3661000063123206",
        "semi_major_axis" : "1.952931860068172",
        "inclination" : "4.627696294255238",
        "ascending_node_longitude" : "282.6386814437361",
        "orbital_period" : "996.8482773086514",
        "perihelion_distance" : "1.237963493769683",
        "perihelion_argument" : "134.1040740050058",
        "aphelion_distance" : "2.667900226366662",
        "perihelion_time" : "2457751.585765408653",
        "mean_anomaly" : "89.89244049738123",
        "mean_motion" : ".3611382074832379",
        "equinox" : "J2000"
      }
    }, {
      "links" : {
        "self" : "https://api.nasa.gov/neo/rest/v1/neo/3167348?api_key=t0TVs3DtDT2H8Oy2Zy8m2eVrNsAVKAexjcZXUckd"
      },
      "neo_reference_id" : "3167348",
      "name" : "(2003 WU21)",
      "nasa_jpl_url" : "http://ssd.jpl.nasa.gov/sbdb.cgi?sstr=3167348",
      "absolute_magnitude_h" : 21.9,
      "estimated_diameter" : {
        "kilometers" : {
          "estimated_diameter_min" : 0.1108038821,
          "estimated_diameter_max" : 0.2477650126
        },
        "meters" : {
          "estimated_diameter_min" : 110.8038821264,
          "estimated_diameter_max" : 247.7650126055
        },
        "miles" : {
          "estimated_diameter_min" : 0.068850319,
          "estimated_diameter_max" : 0.1539539936
        },
        "feet" : {
          "estimated_diameter_min" : 363.5298086356,
          "estimated_diameter_max" : 812.8773639568
        }
      },
      "is_potentially_hazardous_asteroid" : false,
      "close_approach_data" : [ {
        "close_approach_date" : "1997-11-15",
        "epoch_date_close_approach" : 879580800000,
        "relative_velocity" : {
          "kilometers_per_second" : "30.1607598492",
          "kilometers_per_hour" : "108578.7354572993",
          "miles_per_hour" : "67466.6037067869"
        },
        "miss_distance" : {
          "astronomical" : "0.3554767264",
          "lunar" : "138.280456543",
          "kilometers" : "53178564",
          "miles" : "33043628"
        },
        "orbiting_body" : "Earth"
      } ],
      "orbital_data" : {
        "orbit_id" : "20",
        "orbit_determination_date" : "2017-04-06 09:13:32",
        "orbit_uncertainty" : "0",
        "minimum_orbit_intersection" : ".070206",
        "jupiter_tisserand_invariant" : "6.339",
        "epoch_osculation" : "2458000.5",
        "eccentricity" : ".545002705101218",
        "semi_major_axis" : ".9091721255511108",
        "inclination" : "28.5952346722244",
        "ascending_node_longitude" : "57.54541171739623",
        "orbital_period" : "316.641325664771",
        "perihelion_distance" : ".4136708577231313",
        "perihelion_argument" : "140.672118189214",
        "aphelion_distance" : "1.40467339337909",
        "perihelion_time" : "2458102.058006068313",
        "mean_anomaly" : "244.5353426062281",
        "mean_motion" : "1.136933087442707",
        "equinox" : "J2000"
      }
    }, {
      "links" : {
        "self" : "https://api.nasa.gov/neo/rest/v1/neo/3776113?api_key=t0TVs3DtDT2H8Oy2Zy8m2eVrNsAVKAexjcZXUckd"
      },
      "neo_reference_id" : "3776113",
      "name" : "(2017 ME7)",
      "nasa_jpl_url" : "http://ssd.jpl.nasa.gov/sbdb.cgi?sstr=3776113",
      "absolute_magnitude_h" : 20.397,
      "estimated_diameter" : {
        "kilometers" : {
          "estimated_diameter_min" : 0.2213884586,
          "estimated_diameter_max" : 0.4950396429
        },
        "meters" : {
          "estimated_diameter_min" : 221.3884586349,
          "estimated_diameter_max" : 495.0396429415
        },
        "miles" : {
          "estimated_diameter_min" : 0.1375643679,
          "estimated_diameter_max" : 0.307603278
        },
        "feet" : {
          "estimated_diameter_min" : 726.3401106277,
          "estimated_diameter_max" : 1624.1458621483
        }
      },
      "is_potentially_hazardous_asteroid" : false,
      "close_approach_data" : [ {
        "close_approach_date" : "1997-11-15",
        "epoch_date_close_approach" : 879580800000,
        "relative_velocity" : {
          "kilometers_per_second" : "11.0750365572",
          "kilometers_per_hour" : "39870.1316058167",
          "miles_per_hour" : "24773.7492747365"
        },
        "miss_distance" : {
          "astronomical" : "0.2274695195",
          "lunar" : "88.4856414795",
          "kilometers" : "34028956",
          "miles" : "21144612"
        },
        "orbiting_body" : "Earth"
      } ],
      "orbital_data" : {
        "orbit_id" : "4",
        "orbit_determination_date" : "2017-08-11 06:16:45",
        "orbit_uncertainty" : "5",
        "minimum_orbit_intersection" : ".225141",
        "jupiter_tisserand_invariant" : "4.053",
        "epoch_osculation" : "2458000.5",
        "eccentricity" : ".3774204268304362",
        "semi_major_axis" : "1.707360395533344",
        "inclination" : "18.62425832747502",
        "ascending_node_longitude" : "257.8223309547911",
        "orbital_period" : "814.8660642280329",
        "perihelion_distance" : "1.062967706297767",
        "perihelion_argument" : "108.8694909148629",
        "aphelion_distance" : "2.351753084768921",
        "perihelion_time" : "2458055.489500622413",
        "mean_anomaly" : "335.7061668253141",
        "mean_motion" : ".4417903945245868",
        "equinox" : "J2000"
      }
    } ]
  }
}