{
  "links" : {
    "next" : "https://api.nasa.gov/neo/rest/v1/feed?start_date=2000-05-23&end_date=2000-05-23&detailed=true&api_key=t0TVs3DtDT2H8Oy2Zy8m2eVrNsAVKAexjcZXUckd",
    "prev" : "https://api.nasa.gov/neo/rest/v1/feed?start_date=2000-05-21&end_date=2000-05-21&detailed=true&api_key=t0TVs3DtDT2H8Oy2Zy8m2eVrNsAVKAexjcZXUckd",
    "self" : "https://api.nasa.gov/neo/rest/v1/feed?start_date=2000-05-22&end_date=2000-05-22&detailed=true&api_key=t0TVs3DtDT2H8Oy2Zy8m2eVrNsAVKAexjcZXUckd"
  },
  "element_count" : 8,
  "near_earth_objects" : {
    "2000-05-22" : [ {
      "links" : {
        "self" : "https://api.nasa.gov/neo/rest/v1/neo/2162385?api_key=t0TVs3DtDT2H8Oy2Zy8m2eVrNsAVKAexjcZXUckd"
      },
      "neo_reference_id" : "2162385",
      "name" : "162385 (2000 BM19)",
      "nasa_jpl_url" : "http://ssd.jpl.nasa.gov/sbdb.cgi?sstr=2162385",
      "absolute_magnitude_h" : 18.4,
      "estimated_diameter" : {
        "kilometers" : {
          "estimated_diameter_min" : 0.5553349116,
          "estimated_diameter_max" : 1.2417666126
        },
        "meters" : {
          "estimated_diameter_min" : 555.334911581,
          "estimated_diameter_max" : 1241.766612574
        },
        "miles" : {
          "estimated_diameter_min" : 0.3450690093,
          "estimated_diameter_max" : 0.7715977618
        },
        "feet" : {
          "estimated_diameter_min" : 1821.9649913114,
          "estimated_diameter_max" : 4074.0375731972
        }
      },
      "is_potentially_hazardous_asteroid" : false,
      "close_approach_data" : [ {
        "close_approach_date" : "2000-05-22",
        "epoch_date_close_approach" : 958978800000,
        "relative_velocity" : {
          "kilometers_per_second" : "11.2770592417",
          "kilometers_per_hour" : "40597.4132701142",
          "miles_per_hour" : "25225.6538177552"
        },
        "miss_distance" : {
          "astronomical" : "0.4154387309",
          "lunar" : "161.6056671143",
          "kilometers" : "62148752",
          "miles" : "38617444"
        },
        "orbiting_body" : "Earth"
      } ],
      "orbital_data" : {
        "orbit_id" : "45",
        "orbit_determination_date" : "2017-04-06 09:26:32",
        "orbit_uncertainty" : "0",
        "minimum_orbit_intersection" : ".0825817",
        "jupiter_tisserand_invariant" : "7.726",
        "epoch_osculation" : "2458000.5",
        "eccentricity" : ".3586132343374367",
        "semi_major_axis" : ".7405485360126517",
        "inclination" : "6.888517683523446",
        "ascending_node_longitude" : "70.34308158363289",
        "orbital_period" : "232.7709175141198",
        "perihelion_distance" : ".4749780303293009",
        "perihelion_argument" : "247.5894951723102",
        "aphelion_distance" : "1.006119041696002",
        "perihelion_time" : "2458009.419028495842",
        "mean_anomaly" : "346.205964676372",
        "mean_motion" : "1.546584959343826",
        "equinox" : "J2000"
      }
    }, {
      "links" : {
        "self" : "https://api.nasa.gov/neo/rest/v1/neo/2380818?api_key=t0TVs3DtDT2H8Oy2Zy8m2eVrNsAVKAexjcZXUckd"
      },
      "neo_reference_id" : "2380818",
      "name" : "380818 (2005 YV128)",
      "nasa_jpl_url" : "http://ssd.jpl.nasa.gov/sbdb.cgi?sstr=2380818",
      "absolute_magnitude_h" : 20.6,
      "estimated_diameter" : {
        "kilometers" : {
          "estimated_diameter_min" : 0.2016299194,
          "estimated_diameter_max" : 0.4508582062
        },
        "meters" : {
          "estimated_diameter_min" : 201.6299194428,
          "estimated_diameter_max" : 450.8582061718
        },
        "miles" : {
          "estimated_diameter_min" : 0.1252869847,
          "estimated_diameter_max" : 0.2801502144
        },
        "feet" : {
          "estimated_diameter_min" : 661.5155049046,
          "estimated_diameter_max" : 1479.1936371367
        }
      },
      "is_potentially_hazardous_asteroid" : false,
      "close_approach_data" : [ {
        "close_approach_date" : "2000-05-22",
        "epoch_date_close_approach" : 958978800000,
        "relative_velocity" : {
          "kilometers_per_second" : "12.9776762225",
          "kilometers_per_hour" : "46719.6344011206",
          "miles_per_hour" : "29029.7639421852"
        },
        "miss_distance" : {
          "astronomical" : "0.4382767055",
          "lunar" : "170.4896392822",
          "kilometers" : "65565264",
          "miles" : "40740364"
        },
        "orbiting_body" : "Earth"
      } ],
      "orbital_data" : {
        "orbit_id" : "47",
        "orbit_determination_date" : "2017-04-06 09:22:16",
        "orbit_uncertainty" : "0",
        "minimum_orbit_intersection" : ".15467",
        "jupiter_tisserand_invariant" : "6.339",
        "epoch_osculation" : "2458000.5",
        "eccentricity" : ".5123071881778112",
        "semi_major_axis" : ".9230151479271127",
        "inclination" : "14.13913548317718",
        "ascending_node_longitude" : "127.738105425979",
        "orbital_period" : "323.9005381199465",
        "perihelion_distance" : ".4501478528470472",
        "perihelion_argument" : "191.7910413062148",
        "aphelion_distance" : "1.395882443007178",
        "perihelion_time" : "2457874.006490418138",
        "mean_anomaly" : "140.5915029156479",
        "mean_motion" : "1.11145230597513",
        "equinox" : "J2000"
      }
    }, {
      "links" : {
        "self" : "https://api.nasa.gov/neo/rest/v1/neo/3255464?api_key=t0TVs3DtDT2H8Oy2Zy8m2eVrNsAVKAexjcZXUckd"
      },
      "neo_reference_id" : "3255464",
      "name" : "(2004 SB56)",
      "nasa_jpl_url" : "http://ssd.jpl.nasa.gov/sbdb.cgi?sstr=3255464",
      "absolute_magnitude_h" : 19.2,
      "estimated_diameter" : {
        "kilometers" : {
          "estimated_diameter_min" : 0.3841978911,
          "estimated_diameter_max" : 0.8590926012
        },
        "meters" : {
          "estimated_diameter_min" : 384.1978910643,
          "estimated_diameter_max" : 859.0926012318
        },
        "miles" : {
          "estimated_diameter_min" : 0.2387294278,
          "estimated_diameter_max" : 0.5338152287
        },
        "feet" : {
          "estimated_diameter_min" : 1260.4918089193,
          "estimated_diameter_max" : 2818.5453698252
        }
      },
      "is_potentially_hazardous_asteroid" : false,
      "close_approach_data" : [ {
        "close_approach_date" : "2000-05-22",
        "epoch_date_close_approach" : 958978800000,
        "relative_velocity" : {
          "kilometers_per_second" : "7.8255642795",
          "kilometers_per_hour" : "28172.0314060437",
          "miles_per_hour" : "17505.0047367164"
        },
        "miss_distance" : {
          "astronomical" : "0.3857071539",
          "lunar" : "150.0400848389",
          "kilometers" : "57700968",
          "miles" : "35853720"
        },
        "orbiting_body" : "Earth"
      } ],
      "orbital_data" : {
        "orbit_id" : "44",
        "orbit_determination_date" : "2016-10-12 06:15:27",
        "orbit_uncertainty" : "0",
        "minimum_orbit_intersection" : ".0531025",
        "jupiter_tisserand_invariant" : "6.759",
        "epoch_osculation" : "2457600.5",
        "eccentricity" : ".2379076856654274",
        "semi_major_axis" : ".8660348767813092",
        "inclination" : "18.69322621886014",
        "ascending_node_longitude" : "302.073173563842",
        "orbital_period" : "294.3753902099971",
        "perihelion_distance" : ".6599985235407243",
        "perihelion_argument" : "233.5035827569634",
        "aphelion_distance" : "1.072071230021894",
        "perihelion_time" : "2457529.116968401744",
        "mean_anomaly" : "87.29633056975361",
        "mean_motion" : "1.222928315248053",
        "equinox" : "J2000"
      }
    }, {
      "links" : {
        "self" : "https://api.nasa.gov/neo/rest/v1/neo/3363380?api_key=t0TVs3DtDT2H8Oy2Zy8m2eVrNsAVKAexjcZXUckd"
      },
      "neo_reference_id" : "3363380",
      "name" : "(2006 XE2)",
      "nasa_jpl_url" : "http://ssd.jpl.nasa.gov/sbdb.cgi?sstr=3363380",
      "absolute_magnitude_h" : 22.0,
      "estimated_diameter" : {
        "kilometers" : {
          "estimated_diameter_min" : 0.1058168859,
          "estimated_diameter_max" : 0.2366137501
        },
        "meters" : {
          "estimated_diameter_min" : 105.8168859331,
          "estimated_diameter_max" : 236.6137501138
        },
        "miles" : {
          "estimated_diameter_min" : 0.0657515442,
          "estimated_diameter_max" : 0.1470249225
        },
        "feet" : {
          "estimated_diameter_min" : 347.1682720448,
          "estimated_diameter_max" : 776.2918559233
        }
      },
      "is_potentially_hazardous_asteroid" : false,
      "close_approach_data" : [ {
        "close_approach_date" : "2000-05-22",
        "epoch_date_close_approach" : 958978800000,
        "relative_velocity" : {
          "kilometers_per_second" : "22.1465895506",
          "kilometers_per_hour" : "79727.7223822122",
          "miles_per_hour" : "49539.7061657696"
        },
        "miss_distance" : {
          "astronomical" : "0.3601948404",
          "lunar" : "140.1157836914",
          "kilometers" : "53884380",
          "miles" : "33482202"
        },
        "orbiting_body" : "Earth"
      } ],
      "orbital_data" : {
        "orbit_id" : "17",
        "orbit_determination_date" : "2017-04-06 09:07:25",
        "orbit_uncertainty" : "7",
        "minimum_orbit_intersection" : ".0589302",
        "jupiter_tisserand_invariant" : "5.364",
        "epoch_osculation" : "2458000.5",
        "eccentricity" : ".30977234666475",
        "semi_major_axis" : "1.150231297936064",
        "inclination" : "20.01862819566331",
        "ascending_node_longitude" : "268.0963340337385",
        "orbital_period" : "450.5844479129489",
        "perihelion_distance" : ".7939214495671685",
        "perihelion_argument" : "70.13595363127099",
        "aphelion_distance" : "1.50654114630496",
        "perihelion_time" : "2458052.234193380179",
        "mean_anomaly" : "318.6663283583578",
        "mean_motion" : ".7989623291870707",
        "equinox" : "J2000"
      }
    }, {
      "links" : {
        "self" : "https://api.nasa.gov/neo/rest/v1/neo/3376345?api_key=t0TVs3DtDT2H8Oy2Zy8m2eVrNsAVKAexjcZXUckd"
      },
      "neo_reference_id" : "3376345",
      "name" : "(2007 JB21)",
      "nasa_jpl_url" : "http://ssd.jpl.nasa.gov/sbdb.cgi?sstr=3376345",
      "absolute_magnitude_h" : 25.4,
      "estimated_diameter" : {
        "kilometers" : {
          "estimated_diameter_min" : 0.022108281,
          "estimated_diameter_max" : 0.0494356193
        },
        "meters" : {
          "estimated_diameter_min" : 22.1082810359,
          "estimated_diameter_max" : 49.435619262
        },
        "miles" : {
          "estimated_diameter_min" : 0.0137374447,
          "estimated_diameter_max" : 0.0307178602
        },
        "feet" : {
          "estimated_diameter_min" : 72.5337327539,
          "estimated_diameter_max" : 162.1903570994
        }
      },
      "is_potentially_hazardous_asteroid" : false,
      "close_approach_data" : [ {
        "close_approach_date" : "2000-05-22",
        "epoch_date_close_approach" : 958978800000,
        "relative_velocity" : {
          "kilometers_per_second" : "15.4680550081",
          "kilometers_per_hour" : "55684.998029264",
          "miles_per_hour" : "34600.4922476835"
        },
        "miss_distance" : {
          "astronomical" : "0.3741095269",
          "lunar" : "145.5286102295",
          "kilometers" : "55965992",
          "miles" : "34775656"
        },
        "orbiting_body" : "Earth"
      } ],
      "orbital_data" : {
        "orbit_id" : "10",
        "orbit_determination_date" : "2017-04-06 09:06:27",
        "orbit_uncertainty" : "6",
        "minimum_orbit_intersection" : ".00193145",
        "jupiter_tisserand_invariant" : "6.120",
        "epoch_osculation" : "2458000.5",
        "eccentricity" : ".1089270986799491",
        "semi_major_axis" : ".9858562716684772",
        "inclination" : "13.46345043397556",
        "ascending_node_longitude" : "227.8553689805934",
        "orbital_period" : "357.5352221884518",
        "perihelion_distance" : ".8784698082801983",
        "perihelion_argument" : "250.7314780320816",
        "aphelion_distance" : "1.093242735056756",
        "perihelion_time" : "2458067.556313360651",
        "mean_anomaly" : "292.4814135455717",
        "mean_motion" : "1.006893804186512",
        "equinox" : "J2000"
      }
    }, {
      "links" : {
        "self" : "https://api.nasa.gov/neo/rest/v1/neo/3409645?api_key=t0TVs3DtDT2H8Oy2Zy8m2eVrNsAVKAexjcZXUckd"
      },
      "neo_reference_id" : "3409645",
      "name" : "(2008 HZ1)",
      "nasa_jpl_url" : "http://ssd.jpl.nasa.gov/sbdb.cgi?sstr=3409645",
      "absolute_magnitude_h" : 19.2,
      "estimated_diameter" : {
        "kilometers" : {
          "estimated_diameter_min" : 0.3841978911,
          "estimated_diameter_max" : 0.8590926012
        },
        "meters" : {
          "estimated_diameter_min" : 384.1978910643,
          "estimated_diameter_max" : 859.0926012318
        },
        "miles" : {
          "estimated_diameter_min" : 0.2387294278,
          "estimated_diameter_max" : 0.5338152287
        },
        "feet" : {
          "estimated_diameter_min" : 1260.4918089193,
          "estimated_diameter_max" : 2818.5453698252
        }
      },
      "is_potentially_hazardous_asteroid" : false,
      "close_approach_data" : [ {
        "close_approach_date" : "2000-05-22",
        "epoch_date_close_approach" : 958978800000,
        "relative_velocity" : {
          "kilometers_per_second" : "24.1260567207",
          "kilometers_per_hour" : "86853.8041946057",
          "miles_per_hour" : "53967.5762785871"
        },
        "miss_distance" : {
          "astronomical" : "0.3479588782",
          "lunar" : "135.3560028076",
          "kilometers" : "52053908",
          "miles" : "32344800"
        },
        "orbiting_body" : "Earth"
      } ],
      "orbital_data" : {
        "orbit_id" : "16",
        "orbit_determination_date" : "2017-04-06 09:03:38",
        "orbit_uncertainty" : "1",
        "minimum_orbit_intersection" : ".211487",
        "jupiter_tisserand_invariant" : "3.444",
        "epoch_osculation" : "2458000.5",
        "eccentricity" : ".6745054891701667",
        "semi_major_axis" : "1.945400926995884",
        "inclination" : "31.60538811194932",
        "ascending_node_longitude" : "31.54868364904406",
        "orbital_period" : "991.0877417223127",
        "perihelion_distance" : ".6332173231004293",
        "perihelion_argument" : "311.1654405126196",
        "aphelion_distance" : "3.257584530891338",
        "perihelion_time" : "2457697.100977849285",
        "mean_anomaly" : "110.2058308020725",
        "mean_motion" : ".3632372643156617",
        "equinox" : "J2000"
      }
    }, {
      "links" : {
        "self" : "https://api.nasa.gov/neo/rest/v1/neo/3667477?api_key=t0TVs3DtDT2H8Oy2Zy8m2eVrNsAVKAexjcZXUckd"
      },
      "neo_reference_id" : "3667477",
      "name" : "(2014 GC49)",
      "nasa_jpl_url" : "http://ssd.jpl.nasa.gov/sbdb.cgi?sstr=3667477",
      "absolute_magnitude_h" : 28.6,
      "estimated_diameter" : {
        "kilometers" : {
          "estimated_diameter_min" : 0.0050647146,
          "estimated_diameter_max" : 0.0113250461
        },
        "meters" : {
          "estimated_diameter_min" : 5.0647145883,
          "estimated_diameter_max" : 11.3250461062
        },
        "miles" : {
          "estimated_diameter_min" : 0.0031470668,
          "estimated_diameter_max" : 0.0070370552
        },
        "feet" : {
          "estimated_diameter_min" : 16.61651821,
          "estimated_diameter_max" : 37.155664267
        }
      },
      "is_potentially_hazardous_asteroid" : false,
      "close_approach_data" : [ {
        "close_approach_date" : "2000-05-22",
        "epoch_date_close_approach" : 958978800000,
        "relative_velocity" : {
          "kilometers_per_second" : "13.7736169805",
          "kilometers_per_hour" : "49585.0211299231",
          "miles_per_hour" : "30810.203823757"
        },
        "miss_distance" : {
          "astronomical" : "0.161184027",
          "lunar" : "62.7005882263",
          "kilometers" : "24112788",
          "miles" : "14982992"
        },
        "orbiting_body" : "Earth"
      } ],
      "orbital_data" : {
        "orbit_id" : "4",
        "orbit_determination_date" : "2017-04-06 08:41:36",
        "orbit_uncertainty" : "6",
        "minimum_orbit_intersection" : ".000661303",
        "jupiter_tisserand_invariant" : "7.653",
        "epoch_osculation" : "2458000.5",
        "eccentricity" : ".6441143704482246",
        "semi_major_axis" : ".7347761314364714",
        "inclination" : "6.429908613912879",
        "ascending_node_longitude" : "193.2966804284787",
        "orbital_period" : "230.0546347659167",
        "perihelion_distance" : ".2614962661158867",
        "perihelion_argument" : "207.5307104653123",
        "aphelion_distance" : "1.208055996757056",
        "perihelion_time" : "2458071.175225573533",
        "mean_anomaly" : "249.4041790013897",
        "mean_motion" : "1.564845674012629",
        "equinox" : "J2000"
      }
    }, {
      "links" : {
        "self" : "https://api.nasa.gov/neo/rest/v1/neo/2474611?api_key=t0TVs3DtDT2H8Oy2Zy8m2eVrNsAVKAexjcZXUckd"
      },
      "neo_reference_id" : "2474611",
      "name" : "474611 (2004 SB56)",
      "nasa_jpl_url" : "http://ssd.jpl.nasa.gov/sbdb.cgi?sstr=2474611",
      "absolute_magnitude_h" : 19.2,
      "estimated_diameter" : {
        "kilometers" : {
          "estimated_diameter_min" : 0.3841978911,
          "estimated_diameter_max" : 0.8590926012
        },
        "meters" : {
          "estimated_diameter_min" : 384.1978910643,
          "estimated_diameter_max" : 859.0926012318
        },
        "miles" : {
          "estimated_diameter_min" : 0.2387294278,
          "estimated_diameter_max" : 0.5338152287
        },
        "feet" : {
          "estimated_diameter_min" : 1260.4918089193,
          "estimated_diameter_max" : 2818.5453698252
        }
      },
      "is_potentially_hazardous_asteroid" : false,
      "close_approach_data" : [ {
        "close_approach_date" : "2000-05-22",
        "epoch_date_close_approach" : 958978800000,
        "relative_velocity" : {
          "kilometers_per_second" : "7.8255407767",
          "kilometers_per_hour" : "28171.9467960275",
          "miles_per_hour" : "17504.9521633427"
        },
        "miss_distance" : {
          "astronomical" : "0.3857059499",
          "lunar" : "150.0396118164",
          "kilometers" : "57700788",
          "miles" : "35853608"
        },
        "orbiting_body" : "Earth"
      } ],
      "orbital_data" : {
        "orbit_id" : "49",
        "orbit_determination_date" : "2017-04-06 09:19:06",
        "orbit_uncertainty" : "0",
        "minimum_orbit_intersection" : ".053397",
        "jupiter_tisserand_invariant" : "6.760",
        "epoch_osculation" : "2458000.5",
        "eccentricity" : ".2377045233913087",
        "semi_major_axis" : ".8658131607776327",
        "inclination" : "18.69307939922778",
        "ascending_node_longitude" : "302.0620857719389",
        "orbital_period" : "294.2623516488621",
        "perihelion_distance" : ".660005456049063",
        "perihelion_argument" : "233.5455455072648",
        "aphelion_distance" : "1.071620865506202",
        "perihelion_time" : "2458117.781160641716",
        "mean_anomaly" : "216.5184516658813",
        "mean_motion" : "1.223398093513442",
        "equinox" : "J2000"
      }
    } ]
  }
}