{
  "links" : {
    "next" : "https://api.nasa.gov/neo/rest/v1/feed?start_date=2007-06-09&end_date=2007-06-09&detailed=true&api_key=t0TVs3DtDT2H8Oy2Zy8m2eVrNsAVKAexjcZXUckd",
    "prev" : "https://api.nasa.gov/neo/rest/v1/feed?start_date=2007-06-07&end_date=2007-06-07&detailed=true&api_key=t0TVs3DtDT2H8Oy2Zy8m2eVrNsAVKAexjcZXUckd",
    "self" : "https://api.nasa.gov/neo/rest/v1/feed?start_date=2007-06-08&end_date=2007-06-08&detailed=true&api_key=t0TVs3DtDT2H8Oy2Zy8m2eVrNsAVKAexjcZXUckd"
  },
  "element_count" : 8,
  "near_earth_objects" : {
    "2007-06-08" : [ {
      "links" : {
        "self" : "https://api.nasa.gov/neo/rest/v1/neo/2199003?api_key=t0TVs3DtDT2H8Oy2Zy8m2eVrNsAVKAexjcZXUckd"
      },
      "neo_reference_id" : "2199003",
      "name" : "199003 (2005 WJ56)",
      "nasa_jpl_url" : "http://ssd.jpl.nasa.gov/sbdb.cgi?sstr=2199003",
      "absolute_magnitude_h" : 18.1,
      "estimated_diameter" : {
        "kilometers" : {
          "estimated_diameter_min" : 0.6376097899,
          "estimated_diameter_max" : 1.4257388333
        },
        "meters" : {
          "estimated_diameter_min" : 637.6097898754,
          "estimated_diameter_max" : 1425.7388332807
        },
        "miles" : {
          "estimated_diameter_min" : 0.3961922327,
          "estimated_diameter_max" : 0.8859127646
        },
        "feet" : {
          "estimated_diameter_min" : 2091.8957030147,
          "estimated_diameter_max" : 4677.6209937807
        }
      },
      "is_potentially_hazardous_asteroid" : true,
      "close_approach_data" : [ {
        "close_approach_date" : "2007-06-08",
        "epoch_date_close_approach" : 1181286000000,
        "relative_velocity" : {
          "kilometers_per_second" : "12.2796811159",
          "kilometers_per_hour" : "44206.8520172299",
          "miles_per_hour" : "27468.4186881504"
        },
        "miss_distance" : {
          "astronomical" : "0.2930789141",
          "lunar" : "114.0076904297",
          "kilometers" : "43843980",
          "miles" : "27243386"
        },
        "orbiting_body" : "Earth"
      } ],
      "orbital_data" : {
        "orbit_id" : "97",
        "orbit_determination_date" : "2017-04-06 09:25:36",
        "orbit_uncertainty" : "1",
        "minimum_orbit_intersection" : ".0241048",
        "jupiter_tisserand_invariant" : "6.215",
        "epoch_osculation" : "2458000.5",
        "eccentricity" : ".1520464416365903",
        "semi_major_axis" : ".9589693533715609",
        "inclination" : "21.61493861912959",
        "ascending_node_longitude" : "288.0591075102107",
        "orbital_period" : "343.009003069363",
        "perihelion_distance" : ".8131614755528731",
        "perihelion_argument" : "297.6885867713407",
        "aphelion_distance" : "1.104777231190249",
        "perihelion_time" : "2458001.963302179912",
        "mean_anomaly" : "358.4642129505218",
        "mean_motion" : "1.049535134001136",
        "equinox" : "J2000"
      }
    }, {
      "links" : {
        "self" : "https://api.nasa.gov/neo/rest/v1/neo/2332408?api_key=t0TVs3DtDT2H8Oy2Zy8m2eVrNsAVKAexjcZXUckd"
      },
      "neo_reference_id" : "2332408",
      "name" : "332408 (2007 MM13)",
      "nasa_jpl_url" : "http://ssd.jpl.nasa.gov/sbdb.cgi?sstr=2332408",
      "absolute_magnitude_h" : 17.8,
      "estimated_diameter" : {
        "kilometers" : {
          "estimated_diameter_min" : 0.7320739893,
          "estimated_diameter_max" : 1.6369672047
        },
        "meters" : {
          "estimated_diameter_min" : 732.0739893473,
          "estimated_diameter_max" : 1636.96720474
        },
        "miles" : {
          "estimated_diameter_min" : 0.4548895468,
          "estimated_diameter_max" : 1.017163949
        },
        "feet" : {
          "estimated_diameter_min" : 2401.8176272101,
          "estimated_diameter_max" : 5370.6274839991
        }
      },
      "is_potentially_hazardous_asteroid" : false,
      "close_approach_data" : [ {
        "close_approach_date" : "2007-06-08",
        "epoch_date_close_approach" : 1181286000000,
        "relative_velocity" : {
          "kilometers_per_second" : "28.1044761612",
          "kilometers_per_hour" : "101176.1141804932",
          "miles_per_hour" : "62866.9027250959"
        },
        "miss_distance" : {
          "astronomical" : "0.219887749",
          "lunar" : "85.5363311768",
          "kilometers" : "32894740",
          "miles" : "20439844"
        },
        "orbiting_body" : "Earth"
      } ],
      "orbital_data" : {
        "orbit_id" : "77",
        "orbit_determination_date" : "2017-09-17 06:19:53",
        "orbit_uncertainty" : "0",
        "minimum_orbit_intersection" : ".163058",
        "jupiter_tisserand_invariant" : "4.385",
        "epoch_osculation" : "2458000.5",
        "eccentricity" : ".5686087459518301",
        "semi_major_axis" : "1.400998187433881",
        "inclination" : "38.19808341632958",
        "ascending_node_longitude" : "242.6311657761684",
        "orbital_period" : "605.6961134995487",
        "perihelion_distance" : ".6043783649963151",
        "perihelion_argument" : "294.4312748877084",
        "aphelion_distance" : "2.197618009871448",
        "perihelion_time" : "2457856.092292441992",
        "mean_anomaly" : "85.82979742187426",
        "mean_motion" : ".5943574541365589",
        "equinox" : "J2000"
      }
    }, {
      "links" : {
        "self" : "https://api.nasa.gov/neo/rest/v1/neo/3174187?api_key=t0TVs3DtDT2H8Oy2Zy8m2eVrNsAVKAexjcZXUckd"
      },
      "neo_reference_id" : "3174187",
      "name" : "(2004 BT58)",
      "nasa_jpl_url" : "http://ssd.jpl.nasa.gov/sbdb.cgi?sstr=3174187",
      "absolute_magnitude_h" : 22.1,
      "estimated_diameter" : {
        "kilometers" : {
          "estimated_diameter_min" : 0.1010543415,
          "estimated_diameter_max" : 0.2259643771
        },
        "meters" : {
          "estimated_diameter_min" : 101.054341542,
          "estimated_diameter_max" : 225.9643771094
        },
        "miles" : {
          "estimated_diameter_min" : 0.0627922373,
          "estimated_diameter_max" : 0.140407711
        },
        "feet" : {
          "estimated_diameter_min" : 331.5431259047,
          "estimated_diameter_max" : 741.3529669956
        }
      },
      "is_potentially_hazardous_asteroid" : false,
      "close_approach_data" : [ {
        "close_approach_date" : "2007-06-08",
        "epoch_date_close_approach" : 1181286000000,
        "relative_velocity" : {
          "kilometers_per_second" : "13.5750499943",
          "kilometers_per_hour" : "48870.1799793889",
          "miles_per_hour" : "30366.0293321931"
        },
        "miss_distance" : {
          "astronomical" : "0.2765788513",
          "lunar" : "107.5891723633",
          "kilometers" : "41375608",
          "miles" : "25709610"
        },
        "orbiting_body" : "Earth"
      } ],
      "orbital_data" : {
        "orbit_id" : "12",
        "orbit_determination_date" : "2017-04-06 09:13:14",
        "orbit_uncertainty" : "3",
        "minimum_orbit_intersection" : ".0792105",
        "jupiter_tisserand_invariant" : "6.170",
        "epoch_osculation" : "2458000.5",
        "eccentricity" : ".3850040848296821",
        "semi_major_axis" : ".9610039811358483",
        "inclination" : "17.66640725638918",
        "ascending_node_longitude" : "300.8517556903868",
        "orbital_period" : "344.1012157963448",
        "perihelion_distance" : ".59101352286096",
        "perihelion_argument" : "45.83685111438521",
        "aphelion_distance" : "1.330994439410737",
        "perihelion_time" : "2458092.305089597770",
        "mean_anomaly" : "263.9531662836156",
        "mean_motion" : "1.046203801305558",
        "equinox" : "J2000"
      }
    }, {
      "links" : {
        "self" : "https://api.nasa.gov/neo/rest/v1/neo/3359282?api_key=t0TVs3DtDT2H8Oy2Zy8m2eVrNsAVKAexjcZXUckd"
      },
      "neo_reference_id" : "3359282",
      "name" : "(2006 WN3)",
      "nasa_jpl_url" : "http://ssd.jpl.nasa.gov/sbdb.cgi?sstr=3359282",
      "absolute_magnitude_h" : 19.8,
      "estimated_diameter" : {
        "kilometers" : {
          "estimated_diameter_min" : 0.2914439045,
          "estimated_diameter_max" : 0.6516883822
        },
        "meters" : {
          "estimated_diameter_min" : 291.4439045349,
          "estimated_diameter_max" : 651.6883821679
        },
        "miles" : {
          "estimated_diameter_min" : 0.1810947904,
          "estimated_diameter_max" : 0.4049402617
        },
        "feet" : {
          "estimated_diameter_min" : 956.1808197541,
          "estimated_diameter_max" : 2138.0853117517
        }
      },
      "is_potentially_hazardous_asteroid" : false,
      "close_approach_data" : [ {
        "close_approach_date" : "2007-06-08",
        "epoch_date_close_approach" : 1181286000000,
        "relative_velocity" : {
          "kilometers_per_second" : "26.2215682645",
          "kilometers_per_hour" : "94397.645752052",
          "miles_per_hour" : "58655.0260507681"
        },
        "miss_distance" : {
          "astronomical" : "0.3998402072",
          "lunar" : "155.5378417969",
          "kilometers" : "59815244",
          "miles" : "37167468"
        },
        "orbiting_body" : "Earth"
      } ],
      "orbital_data" : {
        "orbit_id" : "21",
        "orbit_determination_date" : "2017-04-06 09:07:35",
        "orbit_uncertainty" : "0",
        "minimum_orbit_intersection" : ".0774422",
        "jupiter_tisserand_invariant" : "3.799",
        "epoch_osculation" : "2458000.5",
        "eccentricity" : ".5033261138710857",
        "semi_major_axis" : "1.803858929735558",
        "inclination" : "26.00855437327913",
        "ascending_node_longitude" : "245.035014796077",
        "orbital_period" : "884.9164794246959",
        "perihelion_distance" : ".8959296246601037",
        "perihelion_argument" : "294.5954333439843",
        "aphelion_distance" : "2.711788234811013",
        "perihelion_time" : "2457757.773343225997",
        "mean_anomaly" : "98.74558613198144",
        "mean_motion" : ".4068180538733374",
        "equinox" : "J2000"
      }
    }, {
      "links" : {
        "self" : "https://api.nasa.gov/neo/rest/v1/neo/3566605?api_key=t0TVs3DtDT2H8Oy2Zy8m2eVrNsAVKAexjcZXUckd"
      },
      "neo_reference_id" : "3566605",
      "name" : "(2011 KR12)",
      "nasa_jpl_url" : "http://ssd.jpl.nasa.gov/sbdb.cgi?sstr=3566605",
      "absolute_magnitude_h" : 21.2,
      "estimated_diameter" : {
        "kilometers" : {
          "estimated_diameter_min" : 0.1529519353,
          "estimated_diameter_max" : 0.3420109247
        },
        "meters" : {
          "estimated_diameter_min" : 152.9519353442,
          "estimated_diameter_max" : 342.0109247198
        },
        "miles" : {
          "estimated_diameter_min" : 0.095039897,
          "estimated_diameter_max" : 0.2125156703
        },
        "feet" : {
          "estimated_diameter_min" : 501.8108275547,
          "estimated_diameter_max" : 1122.0831222578
        }
      },
      "is_potentially_hazardous_asteroid" : false,
      "close_approach_data" : [ {
        "close_approach_date" : "2007-06-08",
        "epoch_date_close_approach" : 1181286000000,
        "relative_velocity" : {
          "kilometers_per_second" : "19.9910539611",
          "kilometers_per_hour" : "71967.7942601382",
          "miles_per_hour" : "44717.9886056953"
        },
        "miss_distance" : {
          "astronomical" : "0.3071458665",
          "lunar" : "119.4797439575",
          "kilometers" : "45948368",
          "miles" : "28550992"
        },
        "orbiting_body" : "Earth"
      } ],
      "orbital_data" : {
        "orbit_id" : "23",
        "orbit_determination_date" : "2017-05-24 06:17:22",
        "orbit_uncertainty" : "1",
        "minimum_orbit_intersection" : ".119044",
        "jupiter_tisserand_invariant" : "5.970",
        "epoch_osculation" : "2458000.5",
        "eccentricity" : ".3805393889932386",
        "semi_major_axis" : "1.007804671536975",
        "inclination" : "7.422343302172266",
        "ascending_node_longitude" : "20.30306609987332",
        "orbital_period" : "369.5412960032762",
        "perihelion_distance" : ".6242952976057631",
        "perihelion_argument" : "1.567125831780297",
        "aphelion_distance" : "1.391314045468187",
        "perihelion_time" : "2458019.322504126321",
        "mean_anomaly" : "341.6634796739586",
        "mean_motion" : ".9741807042772518",
        "equinox" : "J2000"
      }
    }, {
      "links" : {
        "self" : "https://api.nasa.gov/neo/rest/v1/neo/3739056?api_key=t0TVs3DtDT2H8Oy2Zy8m2eVrNsAVKAexjcZXUckd"
      },
      "neo_reference_id" : "3739056",
      "name" : "(2015 YT9)",
      "nasa_jpl_url" : "http://ssd.jpl.nasa.gov/sbdb.cgi?sstr=3739056",
      "absolute_magnitude_h" : 20.7,
      "estimated_diameter" : {
        "kilometers" : {
          "estimated_diameter_min" : 0.1925550782,
          "estimated_diameter_max" : 0.4305662442
        },
        "meters" : {
          "estimated_diameter_min" : 192.5550781879,
          "estimated_diameter_max" : 430.566244241
        },
        "miles" : {
          "estimated_diameter_min" : 0.1196481415,
          "estimated_diameter_max" : 0.2675413778
        },
        "feet" : {
          "estimated_diameter_min" : 631.7424027221,
          "estimated_diameter_max" : 1412.6189567557
        }
      },
      "is_potentially_hazardous_asteroid" : false,
      "close_approach_data" : [ {
        "close_approach_date" : "2007-06-08",
        "epoch_date_close_approach" : 1181286000000,
        "relative_velocity" : {
          "kilometers_per_second" : "25.6892485799",
          "kilometers_per_hour" : "92481.2948877613",
          "miles_per_hour" : "57464.2801484537"
        },
        "miss_distance" : {
          "astronomical" : "0.2542012151",
          "lunar" : "98.8842697144",
          "kilometers" : "38027960",
          "miles" : "23629478"
        },
        "orbiting_body" : "Earth"
      } ],
      "orbital_data" : {
        "orbit_id" : "14",
        "orbit_determination_date" : "2017-04-06 08:29:35",
        "orbit_uncertainty" : "6",
        "minimum_orbit_intersection" : ".109481",
        "jupiter_tisserand_invariant" : "4.078",
        "epoch_osculation" : "2458000.5",
        "eccentricity" : ".6204091628671289",
        "semi_major_axis" : "1.616750199149076",
        "inclination" : "10.41605768089966",
        "ascending_node_longitude" : "125.9556863604443",
        "orbital_period" : "750.8666432996556",
        "perihelion_distance" : ".6137035615297338",
        "perihelion_argument" : "232.4511779795397",
        "aphelion_distance" : "2.619796836768418",
        "perihelion_time" : "2458062.941481125158",
        "mean_anomaly" : "330.0626823609131",
        "mean_motion" : ".4794459884620701",
        "equinox" : "J2000"
      }
    }, {
      "links" : {
        "self" : "https://api.nasa.gov/neo/rest/v1/neo/3742333?api_key=t0TVs3DtDT2H8Oy2Zy8m2eVrNsAVKAexjcZXUckd"
      },
      "neo_reference_id" : "3742333",
      "name" : "(2016 CY135)",
      "nasa_jpl_url" : "http://ssd.jpl.nasa.gov/sbdb.cgi?sstr=3742333",
      "absolute_magnitude_h" : 24.5,
      "estimated_diameter" : {
        "kilometers" : {
          "estimated_diameter_min" : 0.0334622374,
          "estimated_diameter_max" : 0.0748238376
        },
        "meters" : {
          "estimated_diameter_min" : 33.4622374455,
          "estimated_diameter_max" : 74.8238376074
        },
        "miles" : {
          "estimated_diameter_min" : 0.0207924639,
          "estimated_diameter_max" : 0.0464933628
        },
        "feet" : {
          "estimated_diameter_min" : 109.7842471007,
          "estimated_diameter_max" : 245.4850393757
        }
      },
      "is_potentially_hazardous_asteroid" : false,
      "close_approach_data" : [ {
        "close_approach_date" : "2007-06-08",
        "epoch_date_close_approach" : 1181286000000,
        "relative_velocity" : {
          "kilometers_per_second" : "11.4934935447",
          "kilometers_per_hour" : "41376.5767607947",
          "miles_per_hour" : "25709.7957100616"
        },
        "miss_distance" : {
          "astronomical" : "0.1550788733",
          "lunar" : "60.3256797791",
          "kilometers" : "23199470",
          "miles" : "14415482"
        },
        "orbiting_body" : "Earth"
      } ],
      "orbital_data" : {
        "orbit_id" : "33",
        "orbit_determination_date" : "2017-04-06 08:28:31",
        "orbit_uncertainty" : "4",
        "minimum_orbit_intersection" : ".00157849",
        "jupiter_tisserand_invariant" : "4.523",
        "epoch_osculation" : "2458000.5",
        "eccentricity" : ".353518279457482",
        "semi_major_axis" : "1.475090298235249",
        "inclination" : "1.103625991175084",
        "ascending_node_longitude" : "173.4988117478319",
        "orbital_period" : "654.3744542557896",
        "perihelion_distance" : ".9536189139586995",
        "perihelion_argument" : "26.54002405391352",
        "aphelion_distance" : "1.996561682511798",
        "perihelion_time" : "2458140.196863248707",
        "mean_anomaly" : "283.1466472407918",
        "mean_motion" : ".5501437252916951",
        "equinox" : "J2000"
      }
    }, {
      "links" : {
        "self" : "https://api.nasa.gov/neo/rest/v1/neo/3781304?api_key=t0TVs3DtDT2H8Oy2Zy8m2eVrNsAVKAexjcZXUckd"
      },
      "neo_reference_id" : "3781304",
      "name" : "(2017 QB35)",
      "nasa_jpl_url" : "http://ssd.jpl.nasa.gov/sbdb.cgi?sstr=3781304",
      "absolute_magnitude_h" : 29.345,
      "estimated_diameter" : {
        "kilometers" : {
          "estimated_diameter_min" : 0.0035938089,
          "estimated_diameter_max" : 0.0080360009
        },
        "meters" : {
          "estimated_diameter_min" : 3.593808873,
          "estimated_diameter_max" : 8.0360009381
        },
        "miles" : {
          "estimated_diameter_min" : 0.0022330886,
          "estimated_diameter_max" : 0.0049933379
        },
        "feet" : {
          "estimated_diameter_min" : 11.7907119028,
          "estimated_diameter_max" : 26.3648333178
        }
      },
      "is_potentially_hazardous_asteroid" : false,
      "close_approach_data" : [ {
        "close_approach_date" : "2007-06-08",
        "epoch_date_close_approach" : 1181286000000,
        "relative_velocity" : {
          "kilometers_per_second" : "11.6296397565",
          "kilometers_per_hour" : "41866.7031235631",
          "miles_per_hour" : "26014.3411714162"
        },
        "miss_distance" : {
          "astronomical" : "0.3125353976",
          "lunar" : "121.5762710571",
          "kilometers" : "46754632",
          "miles" : "29051982"
        },
        "orbiting_body" : "Earth"
      } ],
      "orbital_data" : {
        "orbit_id" : "3",
        "orbit_determination_date" : "2017-09-05 07:19:54",
        "orbit_uncertainty" : "5",
        "minimum_orbit_intersection" : ".00240555",
        "jupiter_tisserand_invariant" : "6.439",
        "epoch_osculation" : "2458000.5",
        "eccentricity" : ".1428640958623025",
        "semi_major_axis" : ".9280320656465102",
        "inclination" : "5.325681281677517",
        "ascending_node_longitude" : "159.7608629697673",
        "orbital_period" : "326.5448963083647",
        "perihelion_distance" : ".7954496036566965",
        "perihelion_argument" : "315.5833375017925",
        "aphelion_distance" : "1.060614527636324",
        "perihelion_time" : "2458110.465932556814",
        "mean_anomaly" : "238.7678626492166",
        "mean_motion" : "1.102451773308509",
        "equinox" : "J2000"
      }
    } ]
  }
}