{
  "links" : {
    "next" : "https://api.nasa.gov/neo/rest/v1/feed?start_date=2001-10-16&end_date=2001-10-16&detailed=true&api_key=t0TVs3DtDT2H8Oy2Zy8m2eVrNsAVKAexjcZXUckd",
    "prev" : "https://api.nasa.gov/neo/rest/v1/feed?start_date=2001-10-14&end_date=2001-10-14&detailed=true&api_key=t0TVs3DtDT2H8Oy2Zy8m2eVrNsAVKAexjcZXUckd",
    "self" : "https://api.nasa.gov/neo/rest/v1/feed?start_date=2001-10-15&end_date=2001-10-15&detailed=true&api_key=t0TVs3DtDT2H8Oy2Zy8m2eVrNsAVKAexjcZXUckd"
  },
  "element_count" : 7,
  "near_earth_objects" : {
    "2001-10-15" : [ {
      "links" : {
        "self" : "https://api.nasa.gov/neo/rest/v1/neo/2354030?api_key=t0TVs3DtDT2H8Oy2Zy8m2eVrNsAVKAexjcZXUckd"
      },
      "neo_reference_id" : "2354030",
      "name" : "354030 (2001 RB18)",
      "nasa_jpl_url" : "http://ssd.jpl.nasa.gov/sbdb.cgi?sstr=2354030",
      "absolute_magnitude_h" : 18.5,
      "estimated_diameter" : {
        "kilometers" : {
          "estimated_diameter_min" : 0.5303407233,
          "estimated_diameter_max" : 1.1858779086
        },
        "meters" : {
          "estimated_diameter_min" : 530.3407233187,
          "estimated_diameter_max" : 1185.8779085771
        },
        "miles" : {
          "estimated_diameter_min" : 0.3295383456,
          "estimated_diameter_max" : 0.7368701419
        },
        "feet" : {
          "estimated_diameter_min" : 1739.963058693,
          "estimated_diameter_max" : 3890.675677576
        }
      },
      "is_potentially_hazardous_asteroid" : false,
      "close_approach_data" : [ {
        "close_approach_date" : "2001-10-15",
        "epoch_date_close_approach" : 1003129200000,
        "relative_velocity" : {
          "kilometers_per_second" : "6.9665184207",
          "kilometers_per_hour" : "25079.4663145346",
          "miles_per_hour" : "15583.4050552729"
        },
        "miss_distance" : {
          "astronomical" : "0.0945317227",
          "lunar" : "36.7728385925",
          "kilometers" : "14141745",
          "miles" : "8787273"
        },
        "orbiting_body" : "Earth"
      } ],
      "orbital_data" : {
        "orbit_id" : "67",
        "orbit_determination_date" : "2017-04-12 06:15:42",
        "orbit_uncertainty" : "0",
        "minimum_orbit_intersection" : ".0782697",
        "jupiter_tisserand_invariant" : "3.342",
        "epoch_osculation" : "2458000.5",
        "eccentricity" : ".5412899141421154",
        "semi_major_axis" : "2.348898487604583",
        "inclination" : "4.181419268645895",
        "ascending_node_longitude" : "198.3329270548201",
        "orbital_period" : "1314.906279099123",
        "perihelion_distance" : "1.077463426920554",
        "perihelion_argument" : "175.1744348493079",
        "aphelion_distance" : "3.620333548288612",
        "perihelion_time" : "2457444.834122547270",
        "mean_anomaly" : "152.1322995126582",
        "mean_motion" : ".2737837713016669",
        "equinox" : "J2000"
      }
    }, {
      "links" : {
        "self" : "https://api.nasa.gov/neo/rest/v1/neo/3549640?api_key=t0TVs3DtDT2H8Oy2Zy8m2eVrNsAVKAexjcZXUckd"
      },
      "neo_reference_id" : "3549640",
      "name" : "(2010 UK)",
      "nasa_jpl_url" : "http://ssd.jpl.nasa.gov/sbdb.cgi?sstr=3549640",
      "absolute_magnitude_h" : 26.8,
      "estimated_diameter" : {
        "kilometers" : {
          "estimated_diameter_min" : 0.0116025908,
          "estimated_diameter_max" : 0.0259441818
        },
        "meters" : {
          "estimated_diameter_min" : 11.6025908209,
          "estimated_diameter_max" : 25.9441817907
        },
        "miles" : {
          "estimated_diameter_min" : 0.0072095135,
          "estimated_diameter_max" : 0.0161209622
        },
        "feet" : {
          "estimated_diameter_min" : 38.066244069,
          "estimated_diameter_max" : 85.1187093863
        }
      },
      "is_potentially_hazardous_asteroid" : false,
      "close_approach_data" : [ {
        "close_approach_date" : "2001-10-15",
        "epoch_date_close_approach" : 1003129200000,
        "relative_velocity" : {
          "kilometers_per_second" : "12.0240255656",
          "kilometers_per_hour" : "43286.492036219",
          "miles_per_hour" : "26896.5427877273"
        },
        "miss_distance" : {
          "astronomical" : "0.1950924356",
          "lunar" : "75.8909606934",
          "kilometers" : "29185414",
          "miles" : "18134976"
        },
        "orbiting_body" : "Earth"
      } ],
      "orbital_data" : {
        "orbit_id" : "10",
        "orbit_determination_date" : "2017-04-06 08:56:11",
        "orbit_uncertainty" : "6",
        "minimum_orbit_intersection" : ".00192973",
        "jupiter_tisserand_invariant" : "6.800",
        "epoch_osculation" : "2458000.5",
        "eccentricity" : ".2184388460320869",
        "semi_major_axis" : ".8663040536137506",
        "inclination" : "4.922640287064777",
        "ascending_node_longitude" : "203.4728097269254",
        "orbital_period" : "294.5126454073325",
        "perihelion_distance" : ".6770695958294437",
        "perihelion_argument" : "36.47153104243805",
        "aphelion_distance" : "1.055538511398058",
        "perihelion_time" : "2458032.826744308137",
        "mean_anomaly" : "320.4851332110595",
        "mean_motion" : "1.222358379559878",
        "equinox" : "J2000"
      }
    }, {
      "links" : {
        "self" : "https://api.nasa.gov/neo/rest/v1/neo/3674756?api_key=t0TVs3DtDT2H8Oy2Zy8m2eVrNsAVKAexjcZXUckd"
      },
      "neo_reference_id" : "3674756",
      "name" : "(2014 NC64)",
      "nasa_jpl_url" : "http://ssd.jpl.nasa.gov/sbdb.cgi?sstr=3674756",
      "absolute_magnitude_h" : 20.2,
      "estimated_diameter" : {
        "kilometers" : {
          "estimated_diameter_min" : 0.2424124811,
          "estimated_diameter_max" : 0.5420507863
        },
        "meters" : {
          "estimated_diameter_min" : 242.4124811008,
          "estimated_diameter_max" : 542.0507863358
        },
        "miles" : {
          "estimated_diameter_min" : 0.1506280858,
          "estimated_diameter_max" : 0.3368146392
        },
        "feet" : {
          "estimated_diameter_min" : 795.3165644948,
          "estimated_diameter_max" : 1778.3819018419
        }
      },
      "is_potentially_hazardous_asteroid" : false,
      "close_approach_data" : [ {
        "close_approach_date" : "2001-10-15",
        "epoch_date_close_approach" : 1003129200000,
        "relative_velocity" : {
          "kilometers_per_second" : "19.0555168521",
          "kilometers_per_hour" : "68599.860667556",
          "miles_per_hour" : "42625.28564646"
        },
        "miss_distance" : {
          "astronomical" : "0.206993041",
          "lunar" : "80.5202941895",
          "kilometers" : "30965718",
          "miles" : "19241206"
        },
        "orbiting_body" : "Earth"
      } ],
      "orbital_data" : {
        "orbit_id" : "14",
        "orbit_determination_date" : "2017-04-06 08:39:38",
        "orbit_uncertainty" : "0",
        "minimum_orbit_intersection" : ".200098",
        "jupiter_tisserand_invariant" : "3.306",
        "epoch_osculation" : "2458000.5",
        "eccentricity" : ".6371317976777907",
        "semi_major_axis" : "2.181001717089292",
        "inclination" : "22.7150534290127",
        "ascending_node_longitude" : "17.06652911695132",
        "orbital_period" : "1176.474282748424",
        "perihelion_distance" : ".7914161723418431",
        "perihelion_argument" : "9.65737368413706",
        "aphelion_distance" : "3.570587261836741",
        "perihelion_time" : "2458088.126240910863",
        "mean_anomaly" : "333.1864544848224",
        "mean_motion" : ".3059990390601526",
        "equinox" : "J2000"
      }
    }, {
      "links" : {
        "self" : "https://api.nasa.gov/neo/rest/v1/neo/3727664?api_key=t0TVs3DtDT2H8Oy2Zy8m2eVrNsAVKAexjcZXUckd"
      },
      "neo_reference_id" : "3727664",
      "name" : "(2015 SB)",
      "nasa_jpl_url" : "http://ssd.jpl.nasa.gov/sbdb.cgi?sstr=3727664",
      "absolute_magnitude_h" : 26.6,
      "estimated_diameter" : {
        "kilometers" : {
          "estimated_diameter_min" : 0.0127219879,
          "estimated_diameter_max" : 0.0284472297
        },
        "meters" : {
          "estimated_diameter_min" : 12.7219878539,
          "estimated_diameter_max" : 28.4472296503
        },
        "miles" : {
          "estimated_diameter_min" : 0.0079050743,
          "estimated_diameter_max" : 0.0176762835
        },
        "feet" : {
          "estimated_diameter_min" : 41.7388066307,
          "estimated_diameter_max" : 93.330808926
        }
      },
      "is_potentially_hazardous_asteroid" : false,
      "close_approach_data" : [ {
        "close_approach_date" : "2001-10-15",
        "epoch_date_close_approach" : 1003129200000,
        "relative_velocity" : {
          "kilometers_per_second" : "14.0369773878",
          "kilometers_per_hour" : "50533.1185959155",
          "miles_per_hour" : "31399.3147186676"
        },
        "miss_distance" : {
          "astronomical" : "0.3942065908",
          "lunar" : "153.3463592529",
          "kilometers" : "58972468",
          "miles" : "36643792"
        },
        "orbiting_body" : "Earth"
      } ],
      "orbital_data" : {
        "orbit_id" : "6",
        "orbit_determination_date" : "2017-04-06 08:31:53",
        "orbit_uncertainty" : "7",
        "minimum_orbit_intersection" : ".0254085",
        "jupiter_tisserand_invariant" : "5.113",
        "epoch_osculation" : "2458000.5",
        "eccentricity" : ".1746715661812409",
        "semi_major_axis" : "1.247332759352797",
        "inclination" : "12.56249550381363",
        "ascending_node_longitude" : "175.642734008768",
        "orbital_period" : "508.8290754644224",
        "perihelion_distance" : "1.029459192727475",
        "perihelion_argument" : "184.8979342849367",
        "aphelion_distance" : "1.465206325978119",
        "perihelion_time" : "2457797.994558966564",
        "mean_anomaly" : "143.273964259014",
        "mean_motion" : ".7075067392157534",
        "equinox" : "J2000"
      }
    }, {
      "links" : {
        "self" : "https://api.nasa.gov/neo/rest/v1/neo/3745113?api_key=t0TVs3DtDT2H8Oy2Zy8m2eVrNsAVKAexjcZXUckd"
      },
      "neo_reference_id" : "3745113",
      "name" : "(2016 EL27)",
      "nasa_jpl_url" : "http://ssd.jpl.nasa.gov/sbdb.cgi?sstr=3745113",
      "absolute_magnitude_h" : 26.1,
      "estimated_diameter" : {
        "kilometers" : {
          "estimated_diameter_min" : 0.0160160338,
          "estimated_diameter_max" : 0.0358129403
        },
        "meters" : {
          "estimated_diameter_min" : 16.0160337979,
          "estimated_diameter_max" : 35.8129403019
        },
        "miles" : {
          "estimated_diameter_min" : 0.0099518989,
          "estimated_diameter_max" : 0.0222531225
        },
        "feet" : {
          "estimated_diameter_min" : 52.5460443254,
          "estimated_diameter_max" : 117.4965270602
        }
      },
      "is_potentially_hazardous_asteroid" : false,
      "close_approach_data" : [ {
        "close_approach_date" : "2001-10-15",
        "epoch_date_close_approach" : 1003129200000,
        "relative_velocity" : {
          "kilometers_per_second" : "10.9191622009",
          "kilometers_per_hour" : "39308.9839234052",
          "miles_per_hour" : "24425.0739272959"
        },
        "miss_distance" : {
          "astronomical" : "0.2649676181",
          "lunar" : "103.0724029541",
          "kilometers" : "39638592",
          "miles" : "24630280"
        },
        "orbiting_body" : "Earth"
      } ],
      "orbital_data" : {
        "orbit_id" : "8",
        "orbit_determination_date" : "2017-04-06 08:27:48",
        "orbit_uncertainty" : "6",
        "minimum_orbit_intersection" : ".029105",
        "jupiter_tisserand_invariant" : "6.697",
        "epoch_osculation" : "2458000.5",
        "eccentricity" : ".2297953176533559",
        "semi_major_axis" : ".8779817977579761",
        "inclination" : "15.57264136140617",
        "ascending_node_longitude" : "166.6009517990764",
        "orbital_period" : "300.4876970300288",
        "perihelion_distance" : ".6762256916483175",
        "perihelion_argument" : "145.581248333875",
        "aphelion_distance" : "1.079737903867635",
        "perihelion_time" : "2457861.597286773575",
        "mean_anomaly" : "166.4127258977795",
        "mean_motion" : "1.198052378044696",
        "equinox" : "J2000"
      }
    }, {
      "links" : {
        "self" : "https://api.nasa.gov/neo/rest/v1/neo/3773837?api_key=t0TVs3DtDT2H8Oy2Zy8m2eVrNsAVKAexjcZXUckd"
      },
      "neo_reference_id" : "3773837",
      "name" : "(2017 GT5)",
      "nasa_jpl_url" : "http://ssd.jpl.nasa.gov/sbdb.cgi?sstr=3773837",
      "absolute_magnitude_h" : 21.308,
      "estimated_diameter" : {
        "kilometers" : {
          "estimated_diameter_min" : 0.1455308201,
          "estimated_diameter_max" : 0.3254168065
        },
        "meters" : {
          "estimated_diameter_min" : 145.5308200677,
          "estimated_diameter_max" : 325.4168064928
        },
        "miles" : {
          "estimated_diameter_min" : 0.0904286312,
          "estimated_diameter_max" : 0.2022045665
        },
        "feet" : {
          "estimated_diameter_min" : 477.463335711,
          "estimated_diameter_max" : 1067.6404754137
        }
      },
      "is_potentially_hazardous_asteroid" : false,
      "close_approach_data" : [ {
        "close_approach_date" : "2001-10-15",
        "epoch_date_close_approach" : 1003129200000,
        "relative_velocity" : {
          "kilometers_per_second" : "14.7880843937",
          "kilometers_per_hour" : "53237.1038173841",
          "miles_per_hour" : "33079.4659803073"
        },
        "miss_distance" : {
          "astronomical" : "0.2371495531",
          "lunar" : "92.2511749268",
          "kilometers" : "35477068",
          "miles" : "22044428"
        },
        "orbiting_body" : "Earth"
      } ],
      "orbital_data" : {
        "orbit_id" : "21",
        "orbit_determination_date" : "2017-06-14 06:17:38",
        "orbit_uncertainty" : "4",
        "minimum_orbit_intersection" : ".133663",
        "jupiter_tisserand_invariant" : "6.189",
        "epoch_osculation" : "2458000.5",
        "eccentricity" : ".2285740525866768",
        "semi_major_axis" : ".9615679735918294",
        "inclination" : "21.70083900781722",
        "ascending_node_longitude" : "205.3372978055089",
        "orbital_period" : "344.4041785802231",
        "perihelion_distance" : ".7417784850303863",
        "perihelion_argument" : "206.7912512304114",
        "aphelion_distance" : "1.181357462153273",
        "perihelion_time" : "2458071.054894815921",
        "mean_anomaly" : "286.2501336701553",
        "mean_motion" : "1.045283484898672",
        "equinox" : "J2000"
      }
    }, {
      "links" : {
        "self" : "https://api.nasa.gov/neo/rest/v1/neo/3780786?api_key=t0TVs3DtDT2H8Oy2Zy8m2eVrNsAVKAexjcZXUckd"
      },
      "neo_reference_id" : "3780786",
      "name" : "(2017 QY2)",
      "nasa_jpl_url" : "http://ssd.jpl.nasa.gov/sbdb.cgi?sstr=3780786",
      "absolute_magnitude_h" : 21.378,
      "estimated_diameter" : {
        "kilometers" : {
          "estimated_diameter_min" : 0.1409142705,
          "estimated_diameter_max" : 0.3150938878
        },
        "meters" : {
          "estimated_diameter_min" : 140.9142704751,
          "estimated_diameter_max" : 315.0938877822
        },
        "miles" : {
          "estimated_diameter_min" : 0.0875600412,
          "estimated_diameter_max" : 0.1957902041
        },
        "feet" : {
          "estimated_diameter_min" : 462.3171751456,
          "estimated_diameter_max" : 1033.7726307913
        }
      },
      "is_potentially_hazardous_asteroid" : false,
      "close_approach_data" : [ {
        "close_approach_date" : "2001-10-15",
        "epoch_date_close_approach" : 1003129200000,
        "relative_velocity" : {
          "kilometers_per_second" : "13.9409246161",
          "kilometers_per_hour" : "50187.32861801",
          "miles_per_hour" : "31184.4542737852"
        },
        "miss_distance" : {
          "astronomical" : "0.4587318162",
          "lunar" : "178.446685791",
          "kilometers" : "68625304",
          "miles" : "42641788"
        },
        "orbiting_body" : "Earth"
      } ],
      "orbital_data" : {
        "orbit_id" : "6",
        "orbit_determination_date" : "2017-08-31 06:18:05",
        "orbit_uncertainty" : "4",
        "minimum_orbit_intersection" : ".239149",
        "jupiter_tisserand_invariant" : "5.528",
        "epoch_osculation" : "2458000.5",
        "eccentricity" : ".3077252219037515",
        "semi_major_axis" : "1.099363863767209",
        "inclination" : "24.60649083154923",
        "ascending_node_longitude" : "214.7836033081332",
        "orbital_period" : "421.0276453003469",
        "perihelion_distance" : ".7610618748364794",
        "perihelion_argument" : "348.0392807203724",
        "aphelion_distance" : "1.437665852697939",
        "perihelion_time" : "2457888.125084776200",
        "mean_anomaly" : "96.08625450642003",
        "mean_motion" : ".8550507407730629",
        "equinox" : "J2000"
      }
    } ]
  }
}