{
  "links" : {
    "next" : "https://api.nasa.gov/neo/rest/v1/feed?start_date=1997-05-23&end_date=1997-05-23&detailed=true&api_key=t0TVs3DtDT2H8Oy2Zy8m2eVrNsAVKAexjcZXUckd",
    "prev" : "https://api.nasa.gov/neo/rest/v1/feed?start_date=1997-05-21&end_date=1997-05-21&detailed=true&api_key=t0TVs3DtDT2H8Oy2Zy8m2eVrNsAVKAexjcZXUckd",
    "self" : "https://api.nasa.gov/neo/rest/v1/feed?start_date=1997-05-22&end_date=1997-05-22&detailed=true&api_key=t0TVs3DtDT2H8Oy2Zy8m2eVrNsAVKAexjcZXUckd"
  },
  "element_count" : 7,
  "near_earth_objects" : {
    "1997-05-22" : [ {
      "links" : {
        "self" : "https://api.nasa.gov/neo/rest/v1/neo/2446963?api_key=t0TVs3DtDT2H8Oy2Zy8m2eVrNsAVKAexjcZXUckd"
      },
      "neo_reference_id" : "2446963",
      "name" : "446963 (2003 TK)",
      "nasa_jpl_url" : "http://ssd.jpl.nasa.gov/sbdb.cgi?sstr=2446963",
      "absolute_magnitude_h" : 19.5,
      "estimated_diameter" : {
        "kilometers" : {
          "estimated_diameter_min" : 0.3346223745,
          "estimated_diameter_max" : 0.7482383761
        },
        "meters" : {
          "estimated_diameter_min" : 334.6223744549,
          "estimated_diameter_max" : 748.2383760735
        },
        "miles" : {
          "estimated_diameter_min" : 0.2079246394,
          "estimated_diameter_max" : 0.464933628
        },
        "feet" : {
          "estimated_diameter_min" : 1097.8424710066,
          "estimated_diameter_max" : 2454.8503937571
        }
      },
      "is_potentially_hazardous_asteroid" : false,
      "close_approach_data" : [ {
        "close_approach_date" : "1997-05-22",
        "epoch_date_close_approach" : 864284400000,
        "relative_velocity" : {
          "kilometers_per_second" : "14.6212017643",
          "kilometers_per_hour" : "52636.3263513796",
          "miles_per_hour" : "32706.1662265003"
        },
        "miss_distance" : {
          "astronomical" : "0.4504169339",
          "lunar" : "175.2121887207",
          "kilometers" : "67381416",
          "miles" : "41868868"
        },
        "orbiting_body" : "Earth"
      } ],
      "orbital_data" : {
        "orbit_id" : "26",
        "orbit_determination_date" : "2017-04-06 09:20:18",
        "orbit_uncertainty" : "2",
        "minimum_orbit_intersection" : ".126817",
        "jupiter_tisserand_invariant" : "3.640",
        "epoch_osculation" : "2458000.5",
        "eccentricity" : ".4478811364200224",
        "semi_major_axis" : "2.067833086700562",
        "inclination" : "4.387444139742767",
        "ascending_node_longitude" : "258.7609064138496",
        "orbital_period" : "1086.104584651721",
        "perihelion_distance" : "1.141689653902191",
        "perihelion_argument" : "11.19286356649483",
        "aphelion_distance" : "2.993976519498932",
        "perihelion_time" : "2458198.593331334504",
        "mean_anomaly" : "294.3400255480097",
        "mean_motion" : ".3314597922588096",
        "equinox" : "J2000"
      }
    }, {
      "links" : {
        "self" : "https://api.nasa.gov/neo/rest/v1/neo/3120890?api_key=t0TVs3DtDT2H8Oy2Zy8m2eVrNsAVKAexjcZXUckd"
      },
      "neo_reference_id" : "3120890",
      "name" : "(2002 GK8)",
      "nasa_jpl_url" : "http://ssd.jpl.nasa.gov/sbdb.cgi?sstr=3120890",
      "absolute_magnitude_h" : 19.6,
      "estimated_diameter" : {
        "kilometers" : {
          "estimated_diameter_min" : 0.3195618867,
          "estimated_diameter_max" : 0.7145621017
        },
        "meters" : {
          "estimated_diameter_min" : 319.5618867213,
          "estimated_diameter_max" : 714.5621017269
        },
        "miles" : {
          "estimated_diameter_min" : 0.1985664891,
          "estimated_diameter_max" : 0.4440081677
        },
        "feet" : {
          "estimated_diameter_min" : 1048.4314204307,
          "estimated_diameter_max" : 2344.3639258298
        }
      },
      "is_potentially_hazardous_asteroid" : false,
      "close_approach_data" : [ {
        "close_approach_date" : "1997-05-22",
        "epoch_date_close_approach" : 864284400000,
        "relative_velocity" : {
          "kilometers_per_second" : "18.9838265929",
          "kilometers_per_hour" : "68341.775734571",
          "miles_per_hour" : "42464.9217057394"
        },
        "miss_distance" : {
          "astronomical" : "0.4895392315",
          "lunar" : "190.4307556152",
          "kilometers" : "73234024",
          "miles" : "45505516"
        },
        "orbiting_body" : "Earth"
      } ],
      "orbital_data" : {
        "orbit_id" : "35",
        "orbit_determination_date" : "2017-05-03 06:18:20",
        "orbit_uncertainty" : "0",
        "minimum_orbit_intersection" : ".406718",
        "jupiter_tisserand_invariant" : "3.673",
        "epoch_osculation" : "2457800.5",
        "eccentricity" : ".4012957792921322",
        "semi_major_axis" : "1.841464897268924",
        "inclination" : "38.9971698204352",
        "ascending_node_longitude" : "47.82086755153809",
        "orbital_period" : "912.7326657090537",
        "perihelion_distance" : "1.102492806280285",
        "perihelion_argument" : "266.7702286041829",
        "aphelion_distance" : "2.580436988257564",
        "perihelion_time" : "2457989.087724045779",
        "mean_anomaly" : "285.6172336028545",
        "mean_motion" : ".3944199802691789",
        "equinox" : "J2000"
      }
    }, {
      "links" : {
        "self" : "https://api.nasa.gov/neo/rest/v1/neo/3010076?api_key=t0TVs3DtDT2H8Oy2Zy8m2eVrNsAVKAexjcZXUckd"
      },
      "neo_reference_id" : "3010076",
      "name" : "(1997 GC32)",
      "nasa_jpl_url" : "http://ssd.jpl.nasa.gov/sbdb.cgi?sstr=3010076",
      "absolute_magnitude_h" : 18.5,
      "estimated_diameter" : {
        "kilometers" : {
          "estimated_diameter_min" : 0.5303407233,
          "estimated_diameter_max" : 1.1858779086
        },
        "meters" : {
          "estimated_diameter_min" : 530.3407233187,
          "estimated_diameter_max" : 1185.8779085771
        },
        "miles" : {
          "estimated_diameter_min" : 0.3295383456,
          "estimated_diameter_max" : 0.7368701419
        },
        "feet" : {
          "estimated_diameter_min" : 1739.963058693,
          "estimated_diameter_max" : 3890.675677576
        }
      },
      "is_potentially_hazardous_asteroid" : false,
      "close_approach_data" : [ {
        "close_approach_date" : "1997-05-22",
        "epoch_date_close_approach" : 864284400000,
        "relative_velocity" : {
          "kilometers_per_second" : "22.3316009064",
          "kilometers_per_hour" : "80393.7632629194",
          "miles_per_hour" : "49953.5580674512"
        },
        "miss_distance" : {
          "astronomical" : "0.1736541236",
          "lunar" : "67.5514526367",
          "kilometers" : "25978288",
          "miles" : "16142159"
        },
        "orbiting_body" : "Earth"
      } ],
      "orbital_data" : {
        "orbit_id" : "14",
        "orbit_determination_date" : "2017-04-06 09:18:00",
        "orbit_uncertainty" : "1",
        "minimum_orbit_intersection" : ".070664",
        "jupiter_tisserand_invariant" : "3.503",
        "epoch_osculation" : "2458000.5",
        "eccentricity" : ".6529524275557843",
        "semi_major_axis" : "2.03167269683131",
        "inclination" : "5.917820168470237",
        "ascending_node_longitude" : "177.2462529394035",
        "orbital_period" : "1057.740280340699",
        "perihelion_distance" : ".7050870774364991",
        "perihelion_argument" : "150.12557875",
        "aphelion_distance" : "3.358258316226121",
        "perihelion_time" : "2458035.582495384765",
        "mean_anomaly" : "348.0597358602556",
        "mean_motion" : ".3403481995448293",
        "equinox" : "J2000"
      }
    }, {
      "links" : {
        "self" : "https://api.nasa.gov/neo/rest/v1/neo/3519490?api_key=t0TVs3DtDT2H8Oy2Zy8m2eVrNsAVKAexjcZXUckd"
      },
      "neo_reference_id" : "3519490",
      "name" : "(2010 JG)",
      "nasa_jpl_url" : "http://ssd.jpl.nasa.gov/sbdb.cgi?sstr=3519490",
      "absolute_magnitude_h" : 20.9,
      "estimated_diameter" : {
        "kilometers" : {
          "estimated_diameter_min" : 0.1756123185,
          "estimated_diameter_max" : 0.3926810818
        },
        "meters" : {
          "estimated_diameter_min" : 175.6123184804,
          "estimated_diameter_max" : 392.6810818086
        },
        "miles" : {
          "estimated_diameter_min" : 0.1091204019,
          "estimated_diameter_max" : 0.2440006365
        },
        "feet" : {
          "estimated_diameter_min" : 576.1559189633,
          "estimated_diameter_max" : 1288.3238004408
        }
      },
      "is_potentially_hazardous_asteroid" : true,
      "close_approach_data" : [ {
        "close_approach_date" : "1997-05-22",
        "epoch_date_close_approach" : 864284400000,
        "relative_velocity" : {
          "kilometers_per_second" : "12.7146709572",
          "kilometers_per_hour" : "45772.815446082",
          "miles_per_hour" : "28441.4474642613"
        },
        "miss_distance" : {
          "astronomical" : "0.2202479055",
          "lunar" : "85.6764373779",
          "kilometers" : "32948618",
          "miles" : "20473322"
        },
        "orbiting_body" : "Earth"
      } ],
      "orbital_data" : {
        "orbit_id" : "27",
        "orbit_determination_date" : "2017-04-06 08:57:40",
        "orbit_uncertainty" : "1",
        "minimum_orbit_intersection" : ".0287327",
        "jupiter_tisserand_invariant" : "5.203",
        "epoch_osculation" : "2458000.5",
        "eccentricity" : ".3198292493628673",
        "semi_major_axis" : "1.190598312793419",
        "inclination" : "23.30995717448816",
        "ascending_node_longitude" : "49.75422713904511",
        "orbital_period" : "474.5110398148883",
        "perihelion_distance" : ".8098101481200036",
        "perihelion_argument" : "292.0808495992504",
        "aphelion_distance" : "1.571386477466835",
        "perihelion_time" : "2457799.710671111606",
        "mean_anomaly" : "152.33398664027",
        "mean_motion" : ".7586757099275072",
        "equinox" : "J2000"
      }
    }, {
      "links" : {
        "self" : "https://api.nasa.gov/neo/rest/v1/neo/3695816?api_key=t0TVs3DtDT2H8Oy2Zy8m2eVrNsAVKAexjcZXUckd"
      },
      "neo_reference_id" : "3695816",
      "name" : "(2014 UT192)",
      "nasa_jpl_url" : "http://ssd.jpl.nasa.gov/sbdb.cgi?sstr=3695816",
      "absolute_magnitude_h" : 19.6,
      "estimated_diameter" : {
        "kilometers" : {
          "estimated_diameter_min" : 0.3195618867,
          "estimated_diameter_max" : 0.7145621017
        },
        "meters" : {
          "estimated_diameter_min" : 319.5618867213,
          "estimated_diameter_max" : 714.5621017269
        },
        "miles" : {
          "estimated_diameter_min" : 0.1985664891,
          "estimated_diameter_max" : 0.4440081677
        },
        "feet" : {
          "estimated_diameter_min" : 1048.4314204307,
          "estimated_diameter_max" : 2344.3639258298
        }
      },
      "is_potentially_hazardous_asteroid" : false,
      "close_approach_data" : [ {
        "close_approach_date" : "1997-05-22",
        "epoch_date_close_approach" : 864284400000,
        "relative_velocity" : {
          "kilometers_per_second" : "25.91240984",
          "kilometers_per_hour" : "93284.6754241771",
          "miles_per_hour" : "57963.4695712061"
        },
        "miss_distance" : {
          "astronomical" : "0.2876973796",
          "lunar" : "111.914276123",
          "kilometers" : "43038916",
          "miles" : "26743142"
        },
        "orbiting_body" : "Earth"
      } ],
      "orbital_data" : {
        "orbit_id" : "23",
        "orbit_determination_date" : "2017-04-06 08:37:37",
        "orbit_uncertainty" : "2",
        "minimum_orbit_intersection" : ".254285",
        "jupiter_tisserand_invariant" : "4.333",
        "epoch_osculation" : "2458000.5",
        "eccentricity" : ".5440215417699487",
        "semi_major_axis" : "1.431607228971959",
        "inclination" : "37.48130665372541",
        "ascending_node_longitude" : "59.47799735806129",
        "orbital_period" : "625.654036667999",
        "perihelion_distance" : ".6527820570576299",
        "perihelion_argument" : "225.6655113270099",
        "aphelion_distance" : "2.210432400886288",
        "perihelion_time" : "2458124.919181694793",
        "mean_anomaly" : "288.4094678767435",
        "mean_motion" : ".5753978699110235",
        "equinox" : "J2000"
      }
    }, {
      "links" : {
        "self" : "https://api.nasa.gov/neo/rest/v1/neo/3740860?api_key=t0TVs3DtDT2H8Oy2Zy8m2eVrNsAVKAexjcZXUckd"
      },
      "neo_reference_id" : "3740860",
      "name" : "(2016 BU13)",
      "nasa_jpl_url" : "http://ssd.jpl.nasa.gov/sbdb.cgi?sstr=3740860",
      "absolute_magnitude_h" : 20.1,
      "estimated_diameter" : {
        "kilometers" : {
          "estimated_diameter_min" : 0.2538370294,
          "estimated_diameter_max" : 0.5675968529
        },
        "meters" : {
          "estimated_diameter_min" : 253.8370293645,
          "estimated_diameter_max" : 567.5968528656
        },
        "miles" : {
          "estimated_diameter_min" : 0.1577269688,
          "estimated_diameter_max" : 0.3526882241
        },
        "feet" : {
          "estimated_diameter_min" : 832.7986794202,
          "estimated_diameter_max" : 1862.1944587557
        }
      },
      "is_potentially_hazardous_asteroid" : false,
      "close_approach_data" : [ {
        "close_approach_date" : "1997-05-22",
        "epoch_date_close_approach" : 864284400000,
        "relative_velocity" : {
          "kilometers_per_second" : "23.3324099581",
          "kilometers_per_hour" : "83996.6758493278",
          "miles_per_hour" : "52192.2678353781"
        },
        "miss_distance" : {
          "astronomical" : "0.4192793142",
          "lunar" : "163.0996551514",
          "kilometers" : "62723292",
          "miles" : "38974448"
        },
        "orbiting_body" : "Earth"
      } ],
      "orbital_data" : {
        "orbit_id" : "68",
        "orbit_determination_date" : "2017-04-06 08:28:55",
        "orbit_uncertainty" : "4",
        "minimum_orbit_intersection" : ".0661242",
        "jupiter_tisserand_invariant" : "3.444",
        "epoch_osculation" : "2458000.5",
        "eccentricity" : ".5459035455454931",
        "semi_major_axis" : "2.15148970697034",
        "inclination" : "17.87939204787489",
        "ascending_node_longitude" : "223.7168349726958",
        "orbital_period" : "1152.67622602025",
        "perihelion_distance" : ".9769838477305974",
        "perihelion_argument" : "314.2769388212429",
        "aphelion_distance" : "3.325995566210084",
        "perihelion_time" : "2457470.825138250562",
        "mean_anomaly" : "165.4262887750822",
        "mean_motion" : ".3123166695672576",
        "equinox" : "J2000"
      }
    }, {
      "links" : {
        "self" : "https://api.nasa.gov/neo/rest/v1/neo/2488580?api_key=t0TVs3DtDT2H8Oy2Zy8m2eVrNsAVKAexjcZXUckd"
      },
      "neo_reference_id" : "2488580",
      "name" : "488580 (2002 GK8)",
      "nasa_jpl_url" : "http://ssd.jpl.nasa.gov/sbdb.cgi?sstr=2488580",
      "absolute_magnitude_h" : 19.6,
      "estimated_diameter" : {
        "kilometers" : {
          "estimated_diameter_min" : 0.3195618867,
          "estimated_diameter_max" : 0.7145621017
        },
        "meters" : {
          "estimated_diameter_min" : 319.5618867213,
          "estimated_diameter_max" : 714.5621017269
        },
        "miles" : {
          "estimated_diameter_min" : 0.1985664891,
          "estimated_diameter_max" : 0.4440081677
        },
        "feet" : {
          "estimated_diameter_min" : 1048.4314204307,
          "estimated_diameter_max" : 2344.3639258298
        }
      },
      "is_potentially_hazardous_asteroid" : false,
      "close_approach_data" : [ {
        "close_approach_date" : "1997-05-22",
        "epoch_date_close_approach" : 864284400000,
        "relative_velocity" : {
          "kilometers_per_second" : "18.9838265743",
          "kilometers_per_hour" : "68341.7756674948",
          "miles_per_hour" : "42464.9216640608"
        },
        "miss_distance" : {
          "astronomical" : "0.4895392315",
          "lunar" : "190.4307556152",
          "kilometers" : "73234024",
          "miles" : "45505516"
        },
        "orbiting_body" : "Earth"
      } ],
      "orbital_data" : {
        "orbit_id" : "36",
        "orbit_determination_date" : "2017-05-15 19:01:32",
        "orbit_uncertainty" : "0",
        "minimum_orbit_intersection" : ".407205",
        "jupiter_tisserand_invariant" : "3.673",
        "epoch_osculation" : "2458000.5",
        "eccentricity" : ".4012636659770433",
        "semi_major_axis" : "1.841313730287187",
        "inclination" : "38.99895641793801",
        "ascending_node_longitude" : "47.81972372115175",
        "orbital_period" : "912.6202778399499",
        "perihelion_distance" : "1.102461432658285",
        "perihelion_argument" : "266.7821251782493",
        "aphelion_distance" : "2.580166027916088",
        "perihelion_time" : "2457989.101591941197",
        "mean_anomaly" : "4.496313527989394",
        "mean_motion" : ".3944685525200819",
        "equinox" : "J2000"
      }
    } ]
  }
}