{
  "links" : {
    "next" : "https://api.nasa.gov/neo/rest/v1/feed?start_date=2006-11-23&end_date=2006-11-23&detailed=true&api_key=t0TVs3DtDT2H8Oy2Zy8m2eVrNsAVKAexjcZXUckd",
    "prev" : "https://api.nasa.gov/neo/rest/v1/feed?start_date=2006-11-21&end_date=2006-11-21&detailed=true&api_key=t0TVs3DtDT2H8Oy2Zy8m2eVrNsAVKAexjcZXUckd",
    "self" : "https://api.nasa.gov/neo/rest/v1/feed?start_date=2006-11-22&end_date=2006-11-22&detailed=true&api_key=t0TVs3DtDT2H8Oy2Zy8m2eVrNsAVKAexjcZXUckd"
  },
  "element_count" : 10,
  "near_earth_objects" : {
    "2006-11-22" : [ {
      "links" : {
        "self" : "https://api.nasa.gov/neo/rest/v1/neo/3362875?api_key=t0TVs3DtDT2H8Oy2Zy8m2eVrNsAVKAexjcZXUckd"
      },
      "neo_reference_id" : "3362875",
      "name" : "(2006 WG130)",
      "nasa_jpl_url" : "http://ssd.jpl.nasa.gov/sbdb.cgi?sstr=3362875",
      "absolute_magnitude_h" : 24.7,
      "estimated_diameter" : {
        "kilometers" : {
          "estimated_diameter_min" : 0.0305179233,
          "estimated_diameter_max" : 0.0682401509
        },
        "meters" : {
          "estimated_diameter_min" : 30.5179232594,
          "estimated_diameter_max" : 68.2401509401
        },
        "miles" : {
          "estimated_diameter_min" : 0.0189629525,
          "estimated_diameter_max" : 0.0424024508
        },
        "feet" : {
          "estimated_diameter_min" : 100.1244233463,
          "estimated_diameter_max" : 223.8850168104
        }
      },
      "is_potentially_hazardous_asteroid" : false,
      "close_approach_data" : [ {
        "close_approach_date" : "2006-11-22",
        "epoch_date_close_approach" : 1164182400000,
        "relative_velocity" : {
          "kilometers_per_second" : "12.1007248933",
          "kilometers_per_hour" : "43562.6096159336",
          "miles_per_hour" : "27068.1115138561"
        },
        "miss_distance" : {
          "astronomical" : "0.0365477543",
          "lunar" : "14.2170763016",
          "kilometers" : "5467466",
          "miles" : "3397326"
        },
        "orbiting_body" : "Earth"
      } ],
      "orbital_data" : {
        "orbit_id" : "6",
        "orbit_determination_date" : "2017-04-06 09:07:27",
        "orbit_uncertainty" : "9",
        "minimum_orbit_intersection" : ".030538",
        "jupiter_tisserand_invariant" : "3.229",
        "epoch_osculation" : "2454067.5",
        "eccentricity" : ".5993325754839774",
        "semi_major_axis" : "2.407365271626892",
        "inclination" : "11.27766597147078",
        "ascending_node_longitude" : "64.06730846358022",
        "orbital_period" : "1364.304820416754",
        "perihelion_distance" : ".9645528432520618",
        "perihelion_argument" : "325.3674884371886",
        "aphelion_distance" : "3.850177700001721",
        "perihelion_time" : "2454038.963840122235",
        "mean_anomaly" : "7.529855060438255",
        "mean_motion" : ".2638706501748127",
        "equinox" : "J2000"
      }
    }, {
      "links" : {
        "self" : "https://api.nasa.gov/neo/rest/v1/neo/3363347?api_key=t0TVs3DtDT2H8Oy2Zy8m2eVrNsAVKAexjcZXUckd"
      },
      "neo_reference_id" : "3363347",
      "name" : "(2006 XX)",
      "nasa_jpl_url" : "http://ssd.jpl.nasa.gov/sbdb.cgi?sstr=3363347",
      "absolute_magnitude_h" : 23.4,
      "estimated_diameter" : {
        "kilometers" : {
          "estimated_diameter_min" : 0.0555334912,
          "estimated_diameter_max" : 0.1241766613
        },
        "meters" : {
          "estimated_diameter_min" : 55.5334911581,
          "estimated_diameter_max" : 124.1766612574
        },
        "miles" : {
          "estimated_diameter_min" : 0.0345069009,
          "estimated_diameter_max" : 0.0771597762
        },
        "feet" : {
          "estimated_diameter_min" : 182.1964991311,
          "estimated_diameter_max" : 407.4037573197
        }
      },
      "is_potentially_hazardous_asteroid" : false,
      "close_approach_data" : [ {
        "close_approach_date" : "2006-11-22",
        "epoch_date_close_approach" : 1164182400000,
        "relative_velocity" : {
          "kilometers_per_second" : "6.837098799",
          "kilometers_per_hour" : "24613.5556763703",
          "miles_per_hour" : "15293.9063034647"
        },
        "miss_distance" : {
          "astronomical" : "0.0809413694",
          "lunar" : "31.4861927032",
          "kilometers" : "12108657",
          "miles" : "7523970.5"
        },
        "orbiting_body" : "Earth"
      } ],
      "orbital_data" : {
        "orbit_id" : "14",
        "orbit_determination_date" : "2017-04-06 09:07:26",
        "orbit_uncertainty" : "7",
        "minimum_orbit_intersection" : ".0794922",
        "jupiter_tisserand_invariant" : "3.181",
        "epoch_osculation" : "2458000.5",
        "eccentricity" : ".5826842347156093",
        "semi_major_axis" : "2.537919066039408",
        "inclination" : "5.241605852367598",
        "ascending_node_longitude" : "81.25983409793885",
        "orbital_period" : "1476.777542705895",
        "perihelion_distance" : "1.059113637274082",
        "perihelion_argument" : "337.5213592210093",
        "aphelion_distance" : "4.016724494804734",
        "perihelion_time" : "2458492.002724728212",
        "mean_anomaly" : "240.1844043633356",
        "mean_motion" : ".2437740211977852",
        "equinox" : "J2000"
      }
    }, {
      "links" : {
        "self" : "https://api.nasa.gov/neo/rest/v1/neo/3435084?api_key=t0TVs3DtDT2H8Oy2Zy8m2eVrNsAVKAexjcZXUckd"
      },
      "neo_reference_id" : "3435084",
      "name" : "(2008 UP100)",
      "nasa_jpl_url" : "http://ssd.jpl.nasa.gov/sbdb.cgi?sstr=3435084",
      "absolute_magnitude_h" : 23.9,
      "estimated_diameter" : {
        "kilometers" : {
          "estimated_diameter_min" : 0.04411182,
          "estimated_diameter_max" : 0.0986370281
        },
        "meters" : {
          "estimated_diameter_min" : 44.1118199997,
          "estimated_diameter_max" : 98.6370281305
        },
        "miles" : {
          "estimated_diameter_min" : 0.0274098057,
          "estimated_diameter_max" : 0.0612901888
        },
        "feet" : {
          "estimated_diameter_min" : 144.7238235278,
          "estimated_diameter_max" : 323.6123073718
        }
      },
      "is_potentially_hazardous_asteroid" : false,
      "close_approach_data" : [ {
        "close_approach_date" : "2006-11-22",
        "epoch_date_close_approach" : 1164182400000,
        "relative_velocity" : {
          "kilometers_per_second" : "24.1556245794",
          "kilometers_per_hour" : "86960.2484858648",
          "miles_per_hour" : "54033.7166216753"
        },
        "miss_distance" : {
          "astronomical" : "0.4893954119",
          "lunar" : "190.3748168945",
          "kilometers" : "73212512",
          "miles" : "45492144"
        },
        "orbiting_body" : "Earth"
      } ],
      "orbital_data" : {
        "orbit_id" : "13",
        "orbit_determination_date" : "2017-04-06 09:02:20",
        "orbit_uncertainty" : "8",
        "minimum_orbit_intersection" : ".0403774",
        "jupiter_tisserand_invariant" : "4.343",
        "epoch_osculation" : "2454778.5",
        "eccentricity" : ".4152241700933654",
        "semi_major_axis" : "1.550929941096031",
        "inclination" : "5.855362065738268",
        "ascending_node_longitude" : "232.155177676366",
        "orbital_period" : "705.483234191221",
        "perihelion_distance" : ".9069463434314793",
        "perihelion_argument" : "109.2379985438077",
        "aphelion_distance" : "2.194913538760582",
        "perihelion_time" : "2454726.507312265694",
        "mean_anomaly" : "26.53127200933145",
        "mean_motion" : ".5102885264349487",
        "equinox" : "J2000"
      }
    }, {
      "links" : {
        "self" : "https://api.nasa.gov/neo/rest/v1/neo/2333578?api_key=t0TVs3DtDT2H8Oy2Zy8m2eVrNsAVKAexjcZXUckd"
      },
      "neo_reference_id" : "2333578",
      "name" : "333578 (2006 KM103)",
      "nasa_jpl_url" : "http://ssd.jpl.nasa.gov/sbdb.cgi?sstr=2333578",
      "absolute_magnitude_h" : 20.2,
      "estimated_diameter" : {
        "kilometers" : {
          "estimated_diameter_min" : 0.2424124811,
          "estimated_diameter_max" : 0.5420507863
        },
        "meters" : {
          "estimated_diameter_min" : 242.4124811008,
          "estimated_diameter_max" : 542.0507863358
        },
        "miles" : {
          "estimated_diameter_min" : 0.1506280858,
          "estimated_diameter_max" : 0.3368146392
        },
        "feet" : {
          "estimated_diameter_min" : 795.3165644948,
          "estimated_diameter_max" : 1778.3819018419
        }
      },
      "is_potentially_hazardous_asteroid" : true,
      "close_approach_data" : [ {
        "close_approach_date" : "2006-11-22",
        "epoch_date_close_approach" : 1164182400000,
        "relative_velocity" : {
          "kilometers_per_second" : "18.9276295793",
          "kilometers_per_hour" : "68139.4664854346",
          "miles_per_hour" : "42339.214605908"
        },
        "miss_distance" : {
          "astronomical" : "0.4528051379",
          "lunar" : "176.1411895752",
          "kilometers" : "67738688",
          "miles" : "42090868"
        },
        "orbiting_body" : "Earth"
      } ],
      "orbital_data" : {
        "orbit_id" : "83",
        "orbit_determination_date" : "2017-04-06 09:23:27",
        "orbit_uncertainty" : "0",
        "minimum_orbit_intersection" : ".0130652",
        "jupiter_tisserand_invariant" : "4.304",
        "epoch_osculation" : "2458000.5",
        "eccentricity" : ".3768073209959183",
        "semi_major_axis" : "1.573763858961513",
        "inclination" : "11.68216017014653",
        "ascending_node_longitude" : "169.5007233624131",
        "orbital_period" : "721.1203945244606",
        "perihelion_distance" : ".9807581153860272",
        "perihelion_argument" : "196.94841610692",
        "aphelion_distance" : "2.166769602536999",
        "perihelion_time" : "2457645.294567264879",
        "mean_anomaly" : "177.3267775472767",
        "mean_motion" : ".4992231570948708",
        "equinox" : "J2000"
      }
    }, {
      "links" : {
        "self" : "https://api.nasa.gov/neo/rest/v1/neo/3092144?api_key=t0TVs3DtDT2H8Oy2Zy8m2eVrNsAVKAexjcZXUckd"
      },
      "neo_reference_id" : "3092144",
      "name" : "(1996 BG1)",
      "nasa_jpl_url" : "http://ssd.jpl.nasa.gov/sbdb.cgi?sstr=3092144",
      "absolute_magnitude_h" : 23.8,
      "estimated_diameter" : {
        "kilometers" : {
          "estimated_diameter_min" : 0.046190746,
          "estimated_diameter_max" : 0.1032856481
        },
        "meters" : {
          "estimated_diameter_min" : 46.1907460282,
          "estimated_diameter_max" : 103.2856480504
        },
        "miles" : {
          "estimated_diameter_min" : 0.0287015901,
          "estimated_diameter_max" : 0.0641787064
        },
        "feet" : {
          "estimated_diameter_min" : 151.544447199,
          "estimated_diameter_max" : 338.8636855496
        }
      },
      "is_potentially_hazardous_asteroid" : false,
      "close_approach_data" : [ {
        "close_approach_date" : "2006-11-22",
        "epoch_date_close_approach" : 1164182400000,
        "relative_velocity" : {
          "kilometers_per_second" : "6.6574433449",
          "kilometers_per_hour" : "23966.7960416189",
          "miles_per_hour" : "14892.0350181937"
        },
        "miss_distance" : {
          "astronomical" : "0.0885766493",
          "lunar" : "34.4563179016",
          "kilometers" : "13250879",
          "miles" : "8233714.5"
        },
        "orbiting_body" : "Earth"
      } ],
      "orbital_data" : {
        "orbit_id" : "13",
        "orbit_determination_date" : "2017-04-06 09:18:06",
        "orbit_uncertainty" : "3",
        "minimum_orbit_intersection" : ".0269997",
        "jupiter_tisserand_invariant" : "6.595",
        "epoch_osculation" : "2458000.5",
        "eccentricity" : ".2798040398881472",
        "semi_major_axis" : ".8971796540339466",
        "inclination" : "3.830794406071819",
        "ascending_node_longitude" : "139.4945444119541",
        "orbital_period" : "310.397025783636",
        "perihelion_distance" : ".6461451623297981",
        "perihelion_argument" : "150.7001025224535",
        "aphelion_distance" : "1.148214145738095",
        "perihelion_time" : "2458007.763736847393",
        "mean_anomaly" : "351.5754822119841",
        "mean_motion" : "1.159804927547663",
        "equinox" : "J2000"
      }
    }, {
      "links" : {
        "self" : "https://api.nasa.gov/neo/rest/v1/neo/3370021?api_key=t0TVs3DtDT2H8Oy2Zy8m2eVrNsAVKAexjcZXUckd"
      },
      "neo_reference_id" : "3370021",
      "name" : "(2007 EC)",
      "nasa_jpl_url" : "http://ssd.jpl.nasa.gov/sbdb.cgi?sstr=3370021",
      "absolute_magnitude_h" : 22.2,
      "estimated_diameter" : {
        "kilometers" : {
          "estimated_diameter_min" : 0.096506147,
          "estimated_diameter_max" : 0.2157943048
        },
        "meters" : {
          "estimated_diameter_min" : 96.5061469579,
          "estimated_diameter_max" : 215.7943048444
        },
        "miles" : {
          "estimated_diameter_min" : 0.059966121,
          "estimated_diameter_max" : 0.134088323
        },
        "feet" : {
          "estimated_diameter_min" : 316.6212271853,
          "estimated_diameter_max" : 707.9865871058
        }
      },
      "is_potentially_hazardous_asteroid" : true,
      "close_approach_data" : [ {
        "close_approach_date" : "2006-11-22",
        "epoch_date_close_approach" : 1164182400000,
        "relative_velocity" : {
          "kilometers_per_second" : "4.2740811798",
          "kilometers_per_hour" : "15386.692247346",
          "miles_per_hour" : "9560.6921911356"
        },
        "miss_distance" : {
          "astronomical" : "0.2028229738",
          "lunar" : "78.8981323242",
          "kilometers" : "30341884",
          "miles" : "18853572"
        },
        "orbiting_body" : "Earth"
      } ],
      "orbital_data" : {
        "orbit_id" : "44",
        "orbit_determination_date" : "2017-04-06 09:06:52",
        "orbit_uncertainty" : "0",
        "minimum_orbit_intersection" : ".0245325",
        "jupiter_tisserand_invariant" : "6.430",
        "epoch_osculation" : "2458000.5",
        "eccentricity" : ".1958245756801665",
        "semi_major_axis" : ".9282530691577595",
        "inclination" : "5.851242109102129",
        "ascending_node_longitude" : "307.6796838709373",
        "orbital_period" : "326.6615493870136",
        "perihelion_distance" : ".7464783057661291",
        "perihelion_argument" : "46.27532227227935",
        "aphelion_distance" : "1.11002783254939",
        "perihelion_time" : "2457927.999112423733",
        "mean_anomaly" : "79.90018897673681",
        "mean_motion" : "1.102058080222624",
        "equinox" : "J2000"
      }
    }, {
      "links" : {
        "self" : "https://api.nasa.gov/neo/rest/v1/neo/3469637?api_key=t0TVs3DtDT2H8Oy2Zy8m2eVrNsAVKAexjcZXUckd"
      },
      "neo_reference_id" : "3469637",
      "name" : "(2009 SP171)",
      "nasa_jpl_url" : "http://ssd.jpl.nasa.gov/sbdb.cgi?sstr=3469637",
      "absolute_magnitude_h" : 19.2,
      "estimated_diameter" : {
        "kilometers" : {
          "estimated_diameter_min" : 0.3841978911,
          "estimated_diameter_max" : 0.8590926012
        },
        "meters" : {
          "estimated_diameter_min" : 384.1978910643,
          "estimated_diameter_max" : 859.0926012318
        },
        "miles" : {
          "estimated_diameter_min" : 0.2387294278,
          "estimated_diameter_max" : 0.5338152287
        },
        "feet" : {
          "estimated_diameter_min" : 1260.4918089193,
          "estimated_diameter_max" : 2818.5453698252
        }
      },
      "is_potentially_hazardous_asteroid" : false,
      "close_approach_data" : [ {
        "close_approach_date" : "2006-11-22",
        "epoch_date_close_approach" : 1164182400000,
        "relative_velocity" : {
          "kilometers_per_second" : "17.3318146967",
          "kilometers_per_hour" : "62394.5329081834",
          "miles_per_hour" : "38769.5362950876"
        },
        "miss_distance" : {
          "astronomical" : "0.249499855",
          "lunar" : "97.0554428101",
          "kilometers" : "37324648",
          "miles" : "23192460"
        },
        "orbiting_body" : "Earth"
      } ],
      "orbital_data" : {
        "orbit_id" : "23",
        "orbit_determination_date" : "2017-08-24 06:18:25",
        "orbit_uncertainty" : "1",
        "minimum_orbit_intersection" : ".0619874",
        "jupiter_tisserand_invariant" : "4.698",
        "epoch_osculation" : "2458000.5",
        "eccentricity" : ".3559123621765669",
        "semi_major_axis" : "1.355716269263526",
        "inclination" : "25.62228363726704",
        "ascending_node_longitude" : "223.128453745921",
        "orbital_period" : "576.5694651326584",
        "perihelion_distance" : ".8732000894287421",
        "perihelion_argument" : "285.1872613417388",
        "aphelion_distance" : "1.838232449098311",
        "perihelion_time" : "2458166.795744305957",
        "mean_anomaly" : "256.1678139920743",
        "mean_motion" : ".6243827010803814",
        "equinox" : "J2000"
      }
    }, {
      "links" : {
        "self" : "https://api.nasa.gov/neo/rest/v1/neo/3617959?api_key=t0TVs3DtDT2H8Oy2Zy8m2eVrNsAVKAexjcZXUckd"
      },
      "neo_reference_id" : "3617959",
      "name" : "(2012 VJ77)",
      "nasa_jpl_url" : "http://ssd.jpl.nasa.gov/sbdb.cgi?sstr=3617959",
      "absolute_magnitude_h" : 22.7,
      "estimated_diameter" : {
        "kilometers" : {
          "estimated_diameter_min" : 0.0766575574,
          "estimated_diameter_max" : 0.1714115092
        },
        "meters" : {
          "estimated_diameter_min" : 76.6575573531,
          "estimated_diameter_max" : 171.4115092306
        },
        "miles" : {
          "estimated_diameter_min" : 0.0476327831,
          "estimated_diameter_max" : 0.1065101409
        },
        "feet" : {
          "estimated_diameter_min" : 251.5011804664,
          "estimated_diameter_max" : 562.3737359442
        }
      },
      "is_potentially_hazardous_asteroid" : false,
      "close_approach_data" : [ {
        "close_approach_date" : "2006-11-22",
        "epoch_date_close_approach" : 1164182400000,
        "relative_velocity" : {
          "kilometers_per_second" : "28.7684570397",
          "kilometers_per_hour" : "103566.4453430824",
          "miles_per_hour" : "64352.1615522058"
        },
        "miss_distance" : {
          "astronomical" : "0.4766500751",
          "lunar" : "185.416885376",
          "kilometers" : "71305840",
          "miles" : "44307396"
        },
        "orbiting_body" : "Earth"
      } ],
      "orbital_data" : {
        "orbit_id" : "11",
        "orbit_determination_date" : "2017-04-06 08:47:59",
        "orbit_uncertainty" : "7",
        "minimum_orbit_intersection" : ".0616999",
        "jupiter_tisserand_invariant" : "6.502",
        "epoch_osculation" : "2458000.5",
        "eccentricity" : ".3464003289042275",
        "semi_major_axis" : ".8927286872521734",
        "inclination" : "29.94006250857649",
        "ascending_node_longitude" : "51.52294204799269",
        "orbital_period" : "308.0900431501307",
        "perihelion_distance" : ".5834871763657813",
        "perihelion_argument" : "221.0509991015695",
        "aphelion_distance" : "1.201970198138565",
        "perihelion_time" : "2457999.892622131666",
        "mean_anomaly" : ".7097147001713523",
        "mean_motion" : "1.168489563372789",
        "equinox" : "J2000"
      }
    }, {
      "links" : {
        "self" : "https://api.nasa.gov/neo/rest/v1/neo/3645085?api_key=t0TVs3DtDT2H8Oy2Zy8m2eVrNsAVKAexjcZXUckd"
      },
      "neo_reference_id" : "3645085",
      "name" : "(2013 OF)",
      "nasa_jpl_url" : "http://ssd.jpl.nasa.gov/sbdb.cgi?sstr=3645085",
      "absolute_magnitude_h" : 23.6,
      "estimated_diameter" : {
        "kilometers" : {
          "estimated_diameter_min" : 0.0506471459,
          "estimated_diameter_max" : 0.1132504611
        },
        "meters" : {
          "estimated_diameter_min" : 50.6471458835,
          "estimated_diameter_max" : 113.2504610618
        },
        "miles" : {
          "estimated_diameter_min" : 0.0314706677,
          "estimated_diameter_max" : 0.0703705522
        },
        "feet" : {
          "estimated_diameter_min" : 166.1651821003,
          "estimated_diameter_max" : 371.5566426699
        }
      },
      "is_potentially_hazardous_asteroid" : false,
      "close_approach_data" : [ {
        "close_approach_date" : "2006-11-22",
        "epoch_date_close_approach" : 1164182400000,
        "relative_velocity" : {
          "kilometers_per_second" : "25.5606967456",
          "kilometers_per_hour" : "92018.5082840603",
          "miles_per_hour" : "57176.7225501707"
        },
        "miss_distance" : {
          "astronomical" : "0.4939708746",
          "lunar" : "192.1546630859",
          "kilometers" : "73896992",
          "miles" : "45917460"
        },
        "orbiting_body" : "Earth"
      } ],
      "orbital_data" : {
        "orbit_id" : "15",
        "orbit_determination_date" : "2017-04-06 08:45:20",
        "orbit_uncertainty" : "5",
        "minimum_orbit_intersection" : ".0586937",
        "jupiter_tisserand_invariant" : "3.345",
        "epoch_osculation" : "2458000.5",
        "eccentricity" : ".592579253900344",
        "semi_major_axis" : "2.274176722638621",
        "inclination" : "7.188051075383802",
        "ascending_node_longitude" : "279.2241662454485",
        "orbital_period" : "1252.664419209041",
        "perihelion_distance" : ".9265467770998974",
        "perihelion_argument" : "69.62346895273238",
        "aphelion_distance" : "3.621806668177345",
        "perihelion_time" : "2457793.008079242879",
        "mean_anomaly" : "59.63056851229867",
        "mean_motion" : ".2873874235426209",
        "equinox" : "J2000"
      }
    }, {
      "links" : {
        "self" : "https://api.nasa.gov/neo/rest/v1/neo/3774688?api_key=t0TVs3DtDT2H8Oy2Zy8m2eVrNsAVKAexjcZXUckd"
      },
      "neo_reference_id" : "3774688",
      "name" : "(2017 KB3)",
      "nasa_jpl_url" : "http://ssd.jpl.nasa.gov/sbdb.cgi?sstr=3774688",
      "absolute_magnitude_h" : 24.932,
      "estimated_diameter" : {
        "kilometers" : {
          "estimated_diameter_min" : 0.0274255267,
          "estimated_diameter_max" : 0.061325342
        },
        "meters" : {
          "estimated_diameter_min" : 27.4255266854,
          "estimated_diameter_max" : 61.3253419873
        },
        "miles" : {
          "estimated_diameter_min" : 0.0170414269,
          "estimated_diameter_max" : 0.0381057891
        },
        "feet" : {
          "estimated_diameter_min" : 89.9787649706,
          "estimated_diameter_max" : 201.1986350057
        }
      },
      "is_potentially_hazardous_asteroid" : false,
      "close_approach_data" : [ {
        "close_approach_date" : "2006-11-22",
        "epoch_date_close_approach" : 1164182400000,
        "relative_velocity" : {
          "kilometers_per_second" : "11.1105419296",
          "kilometers_per_hour" : "39997.9509465082",
          "miles_per_hour" : "24853.17124229"
        },
        "miss_distance" : {
          "astronomical" : "0.0234881349",
          "lunar" : "9.1368837357",
          "kilometers" : "3513775",
          "miles" : "2183358.5"
        },
        "orbiting_body" : "Earth"
      } ],
      "orbital_data" : {
        "orbit_id" : "7",
        "orbit_determination_date" : "2017-05-29 06:18:19",
        "orbit_uncertainty" : "7",
        "minimum_orbit_intersection" : ".000929391",
        "jupiter_tisserand_invariant" : "5.667",
        "epoch_osculation" : "2458000.5",
        "eccentricity" : ".2037890115020895",
        "semi_major_axis" : "1.078649131371292",
        "inclination" : "18.9551991229746",
        "ascending_node_longitude" : "58.86838843257519",
        "orbital_period" : "409.184075831791",
        "perihelion_distance" : ".8588322911315488",
        "perihelion_argument" : "76.23182656775306",
        "aphelion_distance" : "1.298465971611035",
        "perihelion_time" : "2457805.632768110422",
        "mean_anomaly" : "171.4441192210188",
        "mean_motion" : ".879799633620127",
        "equinox" : "J2000"
      }
    } ]
  }
}