{
  "links" : {
    "next" : "https://api.nasa.gov/neo/rest/v1/feed?start_date=2005-12-23&end_date=2005-12-23&detailed=true&api_key=t0TVs3DtDT2H8Oy2Zy8m2eVrNsAVKAexjcZXUckd",
    "prev" : "https://api.nasa.gov/neo/rest/v1/feed?start_date=2005-12-21&end_date=2005-12-21&detailed=true&api_key=t0TVs3DtDT2H8Oy2Zy8m2eVrNsAVKAexjcZXUckd",
    "self" : "https://api.nasa.gov/neo/rest/v1/feed?start_date=2005-12-22&end_date=2005-12-22&detailed=true&api_key=t0TVs3DtDT2H8Oy2Zy8m2eVrNsAVKAexjcZXUckd"
  },
  "element_count" : 8,
  "near_earth_objects" : {
    "2005-12-22" : [ {
      "links" : {
        "self" : "https://api.nasa.gov/neo/rest/v1/neo/3311676?api_key=t0TVs3DtDT2H8Oy2Zy8m2eVrNsAVKAexjcZXUckd"
      },
      "neo_reference_id" : "3311676",
      "name" : "(2006 AC3)",
      "nasa_jpl_url" : "http://ssd.jpl.nasa.gov/sbdb.cgi?sstr=3311676",
      "absolute_magnitude_h" : 24.2,
      "estimated_diameter" : {
        "kilometers" : {
          "estimated_diameter_min" : 0.0384197891,
          "estimated_diameter_max" : 0.0859092601
        },
        "meters" : {
          "estimated_diameter_min" : 38.4197891064,
          "estimated_diameter_max" : 85.9092601232
        },
        "miles" : {
          "estimated_diameter_min" : 0.0238729428,
          "estimated_diameter_max" : 0.0533815229
        },
        "feet" : {
          "estimated_diameter_min" : 126.0491808919,
          "estimated_diameter_max" : 281.8545369825
        }
      },
      "is_potentially_hazardous_asteroid" : false,
      "close_approach_data" : [ {
        "close_approach_date" : "2005-12-22",
        "epoch_date_close_approach" : 1135238400000,
        "relative_velocity" : {
          "kilometers_per_second" : "8.2979113219",
          "kilometers_per_hour" : "29872.480758805",
          "miles_per_hour" : "18561.5978359363"
        },
        "miss_distance" : {
          "astronomical" : "0.0441954124",
          "lunar" : "17.1920166016",
          "kilometers" : "6611540",
          "miles" : "4108220.5"
        },
        "orbiting_body" : "Earth"
      } ],
      "orbital_data" : {
        "orbit_id" : "9",
        "orbit_determination_date" : "2017-04-06 09:09:29",
        "orbit_uncertainty" : "8",
        "minimum_orbit_intersection" : ".0320169",
        "jupiter_tisserand_invariant" : "3.315",
        "epoch_osculation" : "2453744.5",
        "eccentricity" : ".5739768663953265",
        "semi_major_axis" : "2.347099164836612",
        "inclination" : "3.058972644084391",
        "ascending_node_longitude" : "108.7373252938905",
        "orbital_period" : "1313.395685304244",
        "perihelion_distance" : ".9999185410846054",
        "perihelion_argument" : "322.6728679795228",
        "aphelion_distance" : "3.694279788588619",
        "perihelion_time" : "2453712.268790449380",
        "mean_anomaly" : "8.834531412013396",
        "mean_motion" : ".2740986619859401",
        "equinox" : "J2000"
      }
    }, {
      "links" : {
        "self" : "https://api.nasa.gov/neo/rest/v1/neo/2370061?api_key=t0TVs3DtDT2H8Oy2Zy8m2eVrNsAVKAexjcZXUckd"
      },
      "neo_reference_id" : "2370061",
      "name" : "370061 (2000 YO29)",
      "nasa_jpl_url" : "http://ssd.jpl.nasa.gov/sbdb.cgi?sstr=2370061",
      "absolute_magnitude_h" : 17.5,
      "estimated_diameter" : {
        "kilometers" : {
          "estimated_diameter_min" : 0.8405334021,
          "estimated_diameter_max" : 1.8794898244
        },
        "meters" : {
          "estimated_diameter_min" : 840.5334020728,
          "estimated_diameter_max" : 1879.4898243938
        },
        "miles" : {
          "estimated_diameter_min" : 0.5222830806,
          "estimated_diameter_max" : 1.1678604717
        },
        "feet" : {
          "estimated_diameter_min" : 2757.6556068564,
          "estimated_diameter_max" : 6166.3053954643
        }
      },
      "is_potentially_hazardous_asteroid" : false,
      "close_approach_data" : [ {
        "close_approach_date" : "2005-12-22",
        "epoch_date_close_approach" : 1135238400000,
        "relative_velocity" : {
          "kilometers_per_second" : "35.1695159598",
          "kilometers_per_hour" : "126610.2574551965",
          "miles_per_hour" : "78670.6902504247"
        },
        "miss_distance" : {
          "astronomical" : "0.416663466",
          "lunar" : "162.0820922852",
          "kilometers" : "62331968",
          "miles" : "38731288"
        },
        "orbiting_body" : "Earth"
      } ],
      "orbital_data" : {
        "orbit_id" : "22",
        "orbit_determination_date" : "2017-04-06 09:22:31",
        "orbit_uncertainty" : "0",
        "minimum_orbit_intersection" : ".334778",
        "jupiter_tisserand_invariant" : "3.359",
        "epoch_osculation" : "2458000.5",
        "eccentricity" : ".6938127129228893",
        "semi_major_axis" : "1.815157434336184",
        "inclination" : "54.60897608076609",
        "ascending_node_longitude" : "262.6327286920435",
        "orbital_period" : "893.2435213628302",
        "perihelion_distance" : ".555778130437245",
        "perihelion_argument" : "309.3334571064389",
        "aphelion_distance" : "3.074536738235123",
        "perihelion_time" : "2458252.005137575489",
        "mean_anomaly" : "258.6369927553064",
        "mean_motion" : ".4030255931224047",
        "equinox" : "J2000"
      }
    }, {
      "links" : {
        "self" : "https://api.nasa.gov/neo/rest/v1/neo/3179348?api_key=t0TVs3DtDT2H8Oy2Zy8m2eVrNsAVKAexjcZXUckd"
      },
      "neo_reference_id" : "3179348",
      "name" : "(2004 GD)",
      "nasa_jpl_url" : "http://ssd.jpl.nasa.gov/sbdb.cgi?sstr=3179348",
      "absolute_magnitude_h" : 23.7,
      "estimated_diameter" : {
        "kilometers" : {
          "estimated_diameter_min" : 0.0483676488,
          "estimated_diameter_max" : 0.1081533507
        },
        "meters" : {
          "estimated_diameter_min" : 48.3676488219,
          "estimated_diameter_max" : 108.1533506775
        },
        "miles" : {
          "estimated_diameter_min" : 0.0300542543,
          "estimated_diameter_max" : 0.0672033557
        },
        "feet" : {
          "estimated_diameter_min" : 158.6865169607,
          "estimated_diameter_max" : 354.8338390368
        }
      },
      "is_potentially_hazardous_asteroid" : false,
      "close_approach_data" : [ {
        "close_approach_date" : "2005-12-22",
        "epoch_date_close_approach" : 1135238400000,
        "relative_velocity" : {
          "kilometers_per_second" : "8.1019972578",
          "kilometers_per_hour" : "29167.1901279178",
          "miles_per_hour" : "18123.357665872"
        },
        "miss_distance" : {
          "astronomical" : "0.3615356311",
          "lunar" : "140.6373596191",
          "kilometers" : "54084964",
          "miles" : "33606836"
        },
        "orbiting_body" : "Earth"
      } ],
      "orbital_data" : {
        "orbit_id" : "17",
        "orbit_determination_date" : "2017-04-06 09:12:58",
        "orbit_uncertainty" : "7",
        "minimum_orbit_intersection" : ".00709691",
        "jupiter_tisserand_invariant" : "5.742",
        "epoch_osculation" : "2458000.5",
        "eccentricity" : ".307743936109016",
        "semi_major_axis" : "1.06502186540257",
        "inclination" : "6.219566678457151",
        "ascending_node_longitude" : "26.5807378024219",
        "orbital_period" : "401.4543915568394",
        "perihelion_distance" : ".7372678445014162",
        "perihelion_argument" : "281.2682697976887",
        "aphelion_distance" : "1.392775886303723",
        "perihelion_time" : "2457999.008521969918",
        "mean_anomaly" : "1.337467224476838",
        "mean_motion" : ".896739474200097",
        "equinox" : "J2000"
      }
    }, {
      "links" : {
        "self" : "https://api.nasa.gov/neo/rest/v1/neo/3309691?api_key=t0TVs3DtDT2H8Oy2Zy8m2eVrNsAVKAexjcZXUckd"
      },
      "neo_reference_id" : "3309691",
      "name" : "(2005 YV55)",
      "nasa_jpl_url" : "http://ssd.jpl.nasa.gov/sbdb.cgi?sstr=3309691",
      "absolute_magnitude_h" : 20.2,
      "estimated_diameter" : {
        "kilometers" : {
          "estimated_diameter_min" : 0.2424124811,
          "estimated_diameter_max" : 0.5420507863
        },
        "meters" : {
          "estimated_diameter_min" : 242.4124811008,
          "estimated_diameter_max" : 542.0507863358
        },
        "miles" : {
          "estimated_diameter_min" : 0.1506280858,
          "estimated_diameter_max" : 0.3368146392
        },
        "feet" : {
          "estimated_diameter_min" : 795.3165644948,
          "estimated_diameter_max" : 1778.3819018419
        }
      },
      "is_potentially_hazardous_asteroid" : false,
      "close_approach_data" : [ {
        "close_approach_date" : "2005-12-22",
        "epoch_date_close_approach" : 1135238400000,
        "relative_velocity" : {
          "kilometers_per_second" : "2.9634262204",
          "kilometers_per_hour" : "10668.3343933988",
          "miles_per_hour" : "6628.8881123871"
        },
        "miss_distance" : {
          "astronomical" : "0.2753239651",
          "lunar" : "107.101020813",
          "kilometers" : "41187880",
          "miles" : "25592960"
        },
        "orbiting_body" : "Earth"
      } ],
      "orbital_data" : {
        "orbit_id" : "31",
        "orbit_determination_date" : "2017-02-25 06:19:06",
        "orbit_uncertainty" : "0",
        "minimum_orbit_intersection" : ".223383",
        "jupiter_tisserand_invariant" : "3.780",
        "epoch_osculation" : "2457800.5",
        "eccentricity" : ".3919713511413264",
        "semi_major_axis" : "1.958386291939719",
        "inclination" : "5.929267696986181",
        "ascending_node_longitude" : "126.6539896205281",
        "orbital_period" : "1001.027406012461",
        "perihelion_distance" : "1.190754971031456",
        "perihelion_argument" : "308.2453119516545",
        "aphelion_distance" : "2.726017612847984",
        "perihelion_time" : "2457706.369132843532",
        "mean_anomaly" : "33.85233208680661",
        "mean_motion" : ".3596305134482189",
        "equinox" : "J2000"
      }
    }, {
      "links" : {
        "self" : "https://api.nasa.gov/neo/rest/v1/neo/3703783?api_key=t0TVs3DtDT2H8Oy2Zy8m2eVrNsAVKAexjcZXUckd"
      },
      "neo_reference_id" : "3703783",
      "name" : "(2015 AF45)",
      "nasa_jpl_url" : "http://ssd.jpl.nasa.gov/sbdb.cgi?sstr=3703783",
      "absolute_magnitude_h" : 24.9,
      "estimated_diameter" : {
        "kilometers" : {
          "estimated_diameter_min" : 0.0278326768,
          "estimated_diameter_max" : 0.0622357573
        },
        "meters" : {
          "estimated_diameter_min" : 27.8326768072,
          "estimated_diameter_max" : 62.2357573367
        },
        "miles" : {
          "estimated_diameter_min" : 0.0172944182,
          "estimated_diameter_max" : 0.0386714948
        },
        "feet" : {
          "estimated_diameter_min" : 91.3145593761,
          "estimated_diameter_max" : 204.1855621004
        }
      },
      "is_potentially_hazardous_asteroid" : false,
      "close_approach_data" : [ {
        "close_approach_date" : "2005-12-22",
        "epoch_date_close_approach" : 1135238400000,
        "relative_velocity" : {
          "kilometers_per_second" : "7.5126210289",
          "kilometers_per_hour" : "27045.4357040376",
          "miles_per_hour" : "16804.9819795449"
        },
        "miss_distance" : {
          "astronomical" : "0.0938892562",
          "lunar" : "36.5229225159",
          "kilometers" : "14045633",
          "miles" : "8727552"
        },
        "orbiting_body" : "Earth"
      } ],
      "orbital_data" : {
        "orbit_id" : "6",
        "orbit_determination_date" : "2017-04-06 08:36:23",
        "orbit_uncertainty" : "6",
        "minimum_orbit_intersection" : ".00637285",
        "jupiter_tisserand_invariant" : "4.903",
        "epoch_osculation" : "2458000.5",
        "eccentricity" : ".3698295170597243",
        "semi_major_axis" : "1.309437049795553",
        "inclination" : "4.484025732881697",
        "ascending_node_longitude" : "288.6372816191418",
        "orbital_period" : "547.2998942053252",
        "perihelion_distance" : ".8251685780495536",
        "perihelion_argument" : "109.1914024102917",
        "aphelion_distance" : "1.793705521541553",
        "perihelion_time" : "2458070.005390812606",
        "mean_anomaly" : "314.2811154223414",
        "mean_motion" : ".6577746566582421",
        "equinox" : "J2000"
      }
    }, {
      "links" : {
        "self" : "https://api.nasa.gov/neo/rest/v1/neo/3723829?api_key=t0TVs3DtDT2H8Oy2Zy8m2eVrNsAVKAexjcZXUckd"
      },
      "neo_reference_id" : "3723829",
      "name" : "(2015 MQ116)",
      "nasa_jpl_url" : "http://ssd.jpl.nasa.gov/sbdb.cgi?sstr=3723829",
      "absolute_magnitude_h" : 23.4,
      "estimated_diameter" : {
        "kilometers" : {
          "estimated_diameter_min" : 0.0555334912,
          "estimated_diameter_max" : 0.1241766613
        },
        "meters" : {
          "estimated_diameter_min" : 55.5334911581,
          "estimated_diameter_max" : 124.1766612574
        },
        "miles" : {
          "estimated_diameter_min" : 0.0345069009,
          "estimated_diameter_max" : 0.0771597762
        },
        "feet" : {
          "estimated_diameter_min" : 182.1964991311,
          "estimated_diameter_max" : 407.4037573197
        }
      },
      "is_potentially_hazardous_asteroid" : false,
      "close_approach_data" : [ {
        "close_approach_date" : "2005-12-22",
        "epoch_date_close_approach" : 1135238400000,
        "relative_velocity" : {
          "kilometers_per_second" : "18.7801691406",
          "kilometers_per_hour" : "67608.6089059944",
          "miles_per_hour" : "42009.3603505052"
        },
        "miss_distance" : {
          "astronomical" : "0.3985094576",
          "lunar" : "155.0201721191",
          "kilometers" : "59616164",
          "miles" : "37043768"
        },
        "orbiting_body" : "Earth"
      } ],
      "orbital_data" : {
        "orbit_id" : "10",
        "orbit_determination_date" : "2017-04-06 08:32:54",
        "orbit_uncertainty" : "6",
        "minimum_orbit_intersection" : ".0305581",
        "jupiter_tisserand_invariant" : "5.641",
        "epoch_osculation" : "2458000.5",
        "eccentricity" : ".1813516565741239",
        "semi_major_axis" : "1.090677056358233",
        "inclination" : "14.80055727225129",
        "ascending_node_longitude" : "281.6352286954482",
        "orbital_period" : "416.0472855887982",
        "perihelion_distance" : ".8928809654002785",
        "perihelion_argument" : "258.7950719631891",
        "aphelion_distance" : "1.288473147316188",
        "perihelion_time" : "2457943.867012951340",
        "mean_anomaly" : "49.0037455926777",
        "mean_motion" : ".8652862606482842",
        "equinox" : "J2000"
      }
    }, {
      "links" : {
        "self" : "https://api.nasa.gov/neo/rest/v1/neo/3736499?api_key=t0TVs3DtDT2H8Oy2Zy8m2eVrNsAVKAexjcZXUckd"
      },
      "neo_reference_id" : "3736499",
      "name" : "(2015 XJ261)",
      "nasa_jpl_url" : "http://ssd.jpl.nasa.gov/sbdb.cgi?sstr=3736499",
      "absolute_magnitude_h" : 19.6,
      "estimated_diameter" : {
        "kilometers" : {
          "estimated_diameter_min" : 0.3195618867,
          "estimated_diameter_max" : 0.7145621017
        },
        "meters" : {
          "estimated_diameter_min" : 319.5618867213,
          "estimated_diameter_max" : 714.5621017269
        },
        "miles" : {
          "estimated_diameter_min" : 0.1985664891,
          "estimated_diameter_max" : 0.4440081677
        },
        "feet" : {
          "estimated_diameter_min" : 1048.4314204307,
          "estimated_diameter_max" : 2344.3639258298
        }
      },
      "is_potentially_hazardous_asteroid" : false,
      "close_approach_data" : [ {
        "close_approach_date" : "2005-12-22",
        "epoch_date_close_approach" : 1135238400000,
        "relative_velocity" : {
          "kilometers_per_second" : "7.7900125787",
          "kilometers_per_hour" : "28044.0452832248",
          "miles_per_hour" : "17425.4791372349"
        },
        "miss_distance" : {
          "astronomical" : "0.3722982796",
          "lunar" : "144.8240203857",
          "kilometers" : "55695028",
          "miles" : "34607288"
        },
        "orbiting_body" : "Earth"
      } ],
      "orbital_data" : {
        "orbit_id" : "38",
        "orbit_determination_date" : "2017-04-06 08:29:57",
        "orbit_uncertainty" : "0",
        "minimum_orbit_intersection" : ".357591",
        "jupiter_tisserand_invariant" : "3.906",
        "epoch_osculation" : "2458000.5",
        "eccentricity" : ".3327688927001275",
        "semi_major_axis" : "1.838269761609721",
        "inclination" : "16.37351846052427",
        "ascending_node_longitude" : "125.2544043205656",
        "orbital_period" : "910.3581654116584",
        "perihelion_distance" : "1.226550768554726",
        "perihelion_argument" : "287.2220376002417",
        "aphelion_distance" : "2.449988754664715",
        "perihelion_time" : "2458229.550662994798",
        "mean_anomaly" : "269.422201270815",
        "mean_motion" : ".3954487515770347",
        "equinox" : "J2000"
      }
    }, {
      "links" : {
        "self" : "https://api.nasa.gov/neo/rest/v1/neo/2483856?api_key=t0TVs3DtDT2H8Oy2Zy8m2eVrNsAVKAexjcZXUckd"
      },
      "neo_reference_id" : "2483856",
      "name" : "483856 (2005 YV55)",
      "nasa_jpl_url" : "http://ssd.jpl.nasa.gov/sbdb.cgi?sstr=2483856",
      "absolute_magnitude_h" : 20.2,
      "estimated_diameter" : {
        "kilometers" : {
          "estimated_diameter_min" : 0.2424124811,
          "estimated_diameter_max" : 0.5420507863
        },
        "meters" : {
          "estimated_diameter_min" : 242.4124811008,
          "estimated_diameter_max" : 542.0507863358
        },
        "miles" : {
          "estimated_diameter_min" : 0.1506280858,
          "estimated_diameter_max" : 0.3368146392
        },
        "feet" : {
          "estimated_diameter_min" : 795.3165644948,
          "estimated_diameter_max" : 1778.3819018419
        }
      },
      "is_potentially_hazardous_asteroid" : false,
      "close_approach_data" : [ {
        "close_approach_date" : "2005-12-22",
        "epoch_date_close_approach" : 1135238400000,
        "relative_velocity" : {
          "kilometers_per_second" : "2.9634273591",
          "kilometers_per_hour" : "10668.3384928127",
          "miles_per_hour" : "6628.8906596036"
        },
        "miss_distance" : {
          "astronomical" : "0.2753243423",
          "lunar" : "107.1011734009",
          "kilometers" : "41187936",
          "miles" : "25592996"
        },
        "orbiting_body" : "Earth"
      } ],
      "orbital_data" : {
        "orbit_id" : "33",
        "orbit_determination_date" : "2017-04-06 09:18:34",
        "orbit_uncertainty" : "0",
        "minimum_orbit_intersection" : ".223769",
        "jupiter_tisserand_invariant" : "3.779",
        "epoch_osculation" : "2458000.5",
        "eccentricity" : ".3921005200603436",
        "semi_major_axis" : "1.958763121262977",
        "inclination" : "5.9286317506836",
        "ascending_node_longitude" : "126.6351484626725",
        "orbital_period" : "1001.316343869188",
        "perihelion_distance" : "1.190731082740742",
        "perihelion_argument" : "308.2887506529961",
        "aphelion_distance" : "2.726795159785212",
        "perihelion_time" : "2457706.434668959538",
        "mean_anomaly" : "105.7243495751792",
        "mean_motion" : ".3595267391810698",
        "equinox" : "J2000"
      }
    } ]
  }
}