{
  "links" : {
    "next" : "https://api.nasa.gov/neo/rest/v1/feed?start_date=2004-02-23&end_date=2004-02-23&detailed=true&api_key=t0TVs3DtDT2H8Oy2Zy8m2eVrNsAVKAexjcZXUckd",
    "prev" : "https://api.nasa.gov/neo/rest/v1/feed?start_date=2004-02-21&end_date=2004-02-21&detailed=true&api_key=t0TVs3DtDT2H8Oy2Zy8m2eVrNsAVKAexjcZXUckd",
    "self" : "https://api.nasa.gov/neo/rest/v1/feed?start_date=2004-02-22&end_date=2004-02-22&detailed=true&api_key=t0TVs3DtDT2H8Oy2Zy8m2eVrNsAVKAexjcZXUckd"
  },
  "element_count" : 10,
  "near_earth_objects" : {
    "2004-02-22" : [ {
      "links" : {
        "self" : "https://api.nasa.gov/neo/rest/v1/neo/3160731?api_key=t0TVs3DtDT2H8Oy2Zy8m2eVrNsAVKAexjcZXUckd"
      },
      "neo_reference_id" : "3160731",
      "name" : "(2003 SR15)",
      "nasa_jpl_url" : "http://ssd.jpl.nasa.gov/sbdb.cgi?sstr=3160731",
      "absolute_magnitude_h" : 21.7,
      "estimated_diameter" : {
        "kilometers" : {
          "estimated_diameter_min" : 0.1214940408,
          "estimated_diameter_max" : 0.2716689341
        },
        "meters" : {
          "estimated_diameter_min" : 121.4940407996,
          "estimated_diameter_max" : 271.6689340891
        },
        "miles" : {
          "estimated_diameter_min" : 0.0754928736,
          "estimated_diameter_max" : 0.1688071972
        },
        "feet" : {
          "estimated_diameter_min" : 398.6025088171,
          "estimated_diameter_max" : 891.3023057169
        }
      },
      "is_potentially_hazardous_asteroid" : false,
      "close_approach_data" : [ {
        "close_approach_date" : "2004-02-22",
        "epoch_date_close_approach" : 1077436800000,
        "relative_velocity" : {
          "kilometers_per_second" : "7.9892415774",
          "kilometers_per_hour" : "28761.2696787255",
          "miles_per_hour" : "17871.1344845392"
        },
        "miss_distance" : {
          "astronomical" : "0.2178351908",
          "lunar" : "84.7378845215",
          "kilometers" : "32587680",
          "miles" : "20249046"
        },
        "orbiting_body" : "Earth"
      } ],
      "orbital_data" : {
        "orbit_id" : "35",
        "orbit_determination_date" : "2016-09-26 06:18:06",
        "orbit_uncertainty" : "0",
        "minimum_orbit_intersection" : ".0696136",
        "jupiter_tisserand_invariant" : "4.997",
        "epoch_osculation" : "2457600.5",
        "eccentricity" : ".2781682298941842",
        "semi_major_axis" : "1.277431312686966",
        "inclination" : "14.08928904701841",
        "ascending_node_longitude" : "176.2542088297754",
        "orbital_period" : "527.3570582725753",
        "perihelion_distance" : ".9220905056254289",
        "perihelion_argument" : "255.5503939844296",
        "aphelion_distance" : "1.632772119748504",
        "perihelion_time" : "2457722.088838356530",
        "mean_anomaly" : "276.9974477032102",
        "mean_motion" : ".6826494390332529",
        "equinox" : "J2000"
      }
    }, {
      "links" : {
        "self" : "https://api.nasa.gov/neo/rest/v1/neo/3172318?api_key=t0TVs3DtDT2H8Oy2Zy8m2eVrNsAVKAexjcZXUckd"
      },
      "neo_reference_id" : "3172318",
      "name" : "(2004 BB)",
      "nasa_jpl_url" : "http://ssd.jpl.nasa.gov/sbdb.cgi?sstr=3172318",
      "absolute_magnitude_h" : 19.5,
      "estimated_diameter" : {
        "kilometers" : {
          "estimated_diameter_min" : 0.3346223745,
          "estimated_diameter_max" : 0.7482383761
        },
        "meters" : {
          "estimated_diameter_min" : 334.6223744549,
          "estimated_diameter_max" : 748.2383760735
        },
        "miles" : {
          "estimated_diameter_min" : 0.2079246394,
          "estimated_diameter_max" : 0.464933628
        },
        "feet" : {
          "estimated_diameter_min" : 1097.8424710066,
          "estimated_diameter_max" : 2454.8503937571
        }
      },
      "is_potentially_hazardous_asteroid" : false,
      "close_approach_data" : [ {
        "close_approach_date" : "2004-02-22",
        "epoch_date_close_approach" : 1077436800000,
        "relative_velocity" : {
          "kilometers_per_second" : "13.2040144333",
          "kilometers_per_hour" : "47534.4519600582",
          "miles_per_hour" : "29536.0598859595"
        },
        "miss_distance" : {
          "astronomical" : "0.363188843",
          "lunar" : "141.280456543",
          "kilometers" : "54332276",
          "miles" : "33760512"
        },
        "orbiting_body" : "Earth"
      } ],
      "orbital_data" : {
        "orbit_id" : "21",
        "orbit_determination_date" : "2017-04-06 09:13:18",
        "orbit_uncertainty" : "1",
        "minimum_orbit_intersection" : ".118035",
        "jupiter_tisserand_invariant" : "3.586",
        "epoch_osculation" : "2458000.5",
        "eccentricity" : ".5179204581676747",
        "semi_major_axis" : "1.981961732076268",
        "inclination" : "24.50502592348668",
        "ascending_node_longitude" : "129.521318548619",
        "orbital_period" : "1019.157545300689",
        "perihelion_distance" : ".9554632037285291",
        "perihelion_argument" : "57.92389397263356",
        "aphelion_distance" : "3.008460260424007",
        "perihelion_time" : "2458198.005827577525",
        "mean_anomaly" : "290.2344389679897",
        "mean_motion" : ".3532329242519484",
        "equinox" : "J2000"
      }
    }, {
      "links" : {
        "self" : "https://api.nasa.gov/neo/rest/v1/neo/3174216?api_key=t0TVs3DtDT2H8Oy2Zy8m2eVrNsAVKAexjcZXUckd"
      },
      "neo_reference_id" : "3174216",
      "name" : "(2004 CL1)",
      "nasa_jpl_url" : "http://ssd.jpl.nasa.gov/sbdb.cgi?sstr=3174216",
      "absolute_magnitude_h" : 19.3,
      "estimated_diameter" : {
        "kilometers" : {
          "estimated_diameter_min" : 0.3669061375,
          "estimated_diameter_max" : 0.8204270649
        },
        "meters" : {
          "estimated_diameter_min" : 366.9061375314,
          "estimated_diameter_max" : 820.4270648822
        },
        "miles" : {
          "estimated_diameter_min" : 0.2279848336,
          "estimated_diameter_max" : 0.5097895857
        },
        "feet" : {
          "estimated_diameter_min" : 1203.7603322587,
          "estimated_diameter_max" : 2691.6899315481
        }
      },
      "is_potentially_hazardous_asteroid" : false,
      "close_approach_data" : [ {
        "close_approach_date" : "2004-02-22",
        "epoch_date_close_approach" : 1077436800000,
        "relative_velocity" : {
          "kilometers_per_second" : "15.1047114208",
          "kilometers_per_hour" : "54376.9611148177",
          "miles_per_hour" : "33787.7289771488"
        },
        "miss_distance" : {
          "astronomical" : "0.1685109823",
          "lunar" : "65.5507736206",
          "kilometers" : "25208886",
          "miles" : "15664075"
        },
        "orbiting_body" : "Earth"
      } ],
      "orbital_data" : {
        "orbit_id" : "16",
        "orbit_determination_date" : "2017-04-06 09:13:12",
        "orbit_uncertainty" : "1",
        "minimum_orbit_intersection" : ".0660929",
        "jupiter_tisserand_invariant" : "3.635",
        "epoch_osculation" : "2458000.5",
        "eccentricity" : ".5333927404594566",
        "semi_major_axis" : "1.980456474203861",
        "inclination" : "15.15553406833919",
        "ascending_node_longitude" : "3.225665272348597",
        "orbital_period" : "1017.996722986274",
        "perihelion_distance" : ".9240953680675904",
        "perihelion_argument" : "187.4576330655264",
        "aphelion_distance" : "3.036817580340131",
        "perihelion_time" : "2458172.542531266535",
        "mean_anomaly" : "299.1596162763014",
        "mean_motion" : ".3536357159814295",
        "equinox" : "J2000"
      }
    }, {
      "links" : {
        "self" : "https://api.nasa.gov/neo/rest/v1/neo/3276398?api_key=t0TVs3DtDT2H8Oy2Zy8m2eVrNsAVKAexjcZXUckd"
      },
      "neo_reference_id" : "3276398",
      "name" : "(2005 GE60)",
      "nasa_jpl_url" : "http://ssd.jpl.nasa.gov/sbdb.cgi?sstr=3276398",
      "absolute_magnitude_h" : 22.1,
      "estimated_diameter" : {
        "kilometers" : {
          "estimated_diameter_min" : 0.1010543415,
          "estimated_diameter_max" : 0.2259643771
        },
        "meters" : {
          "estimated_diameter_min" : 101.054341542,
          "estimated_diameter_max" : 225.9643771094
        },
        "miles" : {
          "estimated_diameter_min" : 0.0627922373,
          "estimated_diameter_max" : 0.140407711
        },
        "feet" : {
          "estimated_diameter_min" : 331.5431259047,
          "estimated_diameter_max" : 741.3529669956
        }
      },
      "is_potentially_hazardous_asteroid" : false,
      "close_approach_data" : [ {
        "close_approach_date" : "2004-02-22",
        "epoch_date_close_approach" : 1077436800000,
        "relative_velocity" : {
          "kilometers_per_second" : "6.3983119581",
          "kilometers_per_hour" : "23033.92304916",
          "miles_per_hour" : "14312.3840190739"
        },
        "miss_distance" : {
          "astronomical" : "0.2250233443",
          "lunar" : "87.5340805054",
          "kilometers" : "33663012",
          "miles" : "20917226"
        },
        "orbiting_body" : "Earth"
      } ],
      "orbital_data" : {
        "orbit_id" : "19",
        "orbit_determination_date" : "2017-04-06 09:11:07",
        "orbit_uncertainty" : "4",
        "minimum_orbit_intersection" : ".00469688",
        "jupiter_tisserand_invariant" : "6.256",
        "epoch_osculation" : "2458000.5",
        "eccentricity" : ".245748510921474",
        "semi_major_axis" : ".9586055789637062",
        "inclination" : "5.570152515847995",
        "ascending_node_longitude" : "229.9019032870426",
        "orbital_period" : "342.8138465778937",
        "perihelion_distance" : ".7230296853723579",
        "perihelion_argument" : "112.7702162941976",
        "aphelion_distance" : "1.194181472555055",
        "perihelion_time" : "2458044.213674550200",
        "mean_anomaly" : "314.0948447819005",
        "mean_motion" : "1.050132611601502",
        "equinox" : "J2000"
      }
    }, {
      "links" : {
        "self" : "https://api.nasa.gov/neo/rest/v1/neo/3358522?api_key=t0TVs3DtDT2H8Oy2Zy8m2eVrNsAVKAexjcZXUckd"
      },
      "neo_reference_id" : "3358522",
      "name" : "(2006 VG13)",
      "nasa_jpl_url" : "http://ssd.jpl.nasa.gov/sbdb.cgi?sstr=3358522",
      "absolute_magnitude_h" : 21.5,
      "estimated_diameter" : {
        "kilometers" : {
          "estimated_diameter_min" : 0.1332155667,
          "estimated_diameter_max" : 0.2978790628
        },
        "meters" : {
          "estimated_diameter_min" : 133.2155666981,
          "estimated_diameter_max" : 297.8790627982
        },
        "miles" : {
          "estimated_diameter_min" : 0.0827762899,
          "estimated_diameter_max" : 0.1850934111
        },
        "feet" : {
          "estimated_diameter_min" : 437.0589598459,
          "estimated_diameter_max" : 977.2935443908
        }
      },
      "is_potentially_hazardous_asteroid" : true,
      "close_approach_data" : [ {
        "close_approach_date" : "2004-02-22",
        "epoch_date_close_approach" : 1077436800000,
        "relative_velocity" : {
          "kilometers_per_second" : "9.9852472166",
          "kilometers_per_hour" : "35946.8899799317",
          "miles_per_hour" : "22335.9994989192"
        },
        "miss_distance" : {
          "astronomical" : "0.3577882126",
          "lunar" : "139.1796112061",
          "kilometers" : "53524356",
          "miles" : "33258492"
        },
        "orbiting_body" : "Earth"
      } ],
      "orbital_data" : {
        "orbit_id" : "18",
        "orbit_determination_date" : "2017-04-06 09:07:39",
        "orbit_uncertainty" : "1",
        "minimum_orbit_intersection" : ".0453328",
        "jupiter_tisserand_invariant" : "7.116",
        "epoch_osculation" : "2458000.5",
        "eccentricity" : ".3036622711608687",
        "semi_major_axis" : ".817523928914516",
        "inclination" : "5.86077597548589",
        "ascending_node_longitude" : "96.61086995547558",
        "orbital_period" : "269.9909063773035",
        "perihelion_distance" : ".5692727559319775",
        "perihelion_argument" : "115.2035667308124",
        "aphelion_distance" : "1.065775101897054",
        "perihelion_time" : "2457949.207396748106",
        "mean_anomaly" : "68.39244113235829",
        "mean_motion" : "1.333378241624597",
        "equinox" : "J2000"
      }
    }, {
      "links" : {
        "self" : "https://api.nasa.gov/neo/rest/v1/neo/3448993?api_key=t0TVs3DtDT2H8Oy2Zy8m2eVrNsAVKAexjcZXUckd"
      },
      "neo_reference_id" : "3448993",
      "name" : "(2009 DM45)",
      "nasa_jpl_url" : "http://ssd.jpl.nasa.gov/sbdb.cgi?sstr=3448993",
      "absolute_magnitude_h" : 21.3,
      "estimated_diameter" : {
        "kilometers" : {
          "estimated_diameter_min" : 0.1460679643,
          "estimated_diameter_max" : 0.3266178974
        },
        "meters" : {
          "estimated_diameter_min" : 146.0679642714,
          "estimated_diameter_max" : 326.6178974458
        },
        "miles" : {
          "estimated_diameter_min" : 0.090762397,
          "estimated_diameter_max" : 0.2029508896
        },
        "feet" : {
          "estimated_diameter_min" : 479.2256199,
          "estimated_diameter_max" : 1071.581062656
        }
      },
      "is_potentially_hazardous_asteroid" : true,
      "close_approach_data" : [ {
        "close_approach_date" : "2004-02-22",
        "epoch_date_close_approach" : 1077436800000,
        "relative_velocity" : {
          "kilometers_per_second" : "13.6015569459",
          "kilometers_per_hour" : "48965.6050052724",
          "miles_per_hour" : "30425.3227323038"
        },
        "miss_distance" : {
          "astronomical" : "0.4573175722",
          "lunar" : "177.8965301514",
          "kilometers" : "68413736",
          "miles" : "42510324"
        },
        "orbiting_body" : "Earth"
      } ],
      "orbital_data" : {
        "orbit_id" : "12",
        "orbit_determination_date" : "2017-04-06 09:01:10",
        "orbit_uncertainty" : "7",
        "minimum_orbit_intersection" : ".00779389",
        "jupiter_tisserand_invariant" : "5.228",
        "epoch_osculation" : "2458000.5",
        "eccentricity" : ".3673146677529465",
        "semi_major_axis" : "1.172226509864115",
        "inclination" : "26.6886308458162",
        "ascending_node_longitude" : "336.3630594632452",
        "orbital_period" : "463.5704399519308",
        "perihelion_distance" : ".7416505188621816",
        "perihelion_argument" : "90.86414378812167",
        "aphelion_distance" : "1.602802500866049",
        "perihelion_time" : "2458070.297993330047",
        "mean_anomaly" : "305.7962039136436",
        "mean_motion" : ".7765810089990415",
        "equinox" : "J2000"
      }
    }, {
      "links" : {
        "self" : "https://api.nasa.gov/neo/rest/v1/neo/3508131?api_key=t0TVs3DtDT2H8Oy2Zy8m2eVrNsAVKAexjcZXUckd"
      },
      "neo_reference_id" : "3508131",
      "name" : "(2010 CB55)",
      "nasa_jpl_url" : "http://ssd.jpl.nasa.gov/sbdb.cgi?sstr=3508131",
      "absolute_magnitude_h" : 22.7,
      "estimated_diameter" : {
        "kilometers" : {
          "estimated_diameter_min" : 0.0766575574,
          "estimated_diameter_max" : 0.1714115092
        },
        "meters" : {
          "estimated_diameter_min" : 76.6575573531,
          "estimated_diameter_max" : 171.4115092306
        },
        "miles" : {
          "estimated_diameter_min" : 0.0476327831,
          "estimated_diameter_max" : 0.1065101409
        },
        "feet" : {
          "estimated_diameter_min" : 251.5011804664,
          "estimated_diameter_max" : 562.3737359442
        }
      },
      "is_potentially_hazardous_asteroid" : false,
      "close_approach_data" : [ {
        "close_approach_date" : "2004-02-22",
        "epoch_date_close_approach" : 1077436800000,
        "relative_velocity" : {
          "kilometers_per_second" : "14.4962328713",
          "kilometers_per_hour" : "52186.4383365162",
          "miles_per_hour" : "32426.6233097092"
        },
        "miss_distance" : {
          "astronomical" : "0.1801267735",
          "lunar" : "70.0693130493",
          "kilometers" : "26946582",
          "miles" : "16743830"
        },
        "orbiting_body" : "Earth"
      } ],
      "orbital_data" : {
        "orbit_id" : "22",
        "orbit_determination_date" : "2017-04-06 08:58:23",
        "orbit_uncertainty" : "0",
        "minimum_orbit_intersection" : ".0440685",
        "jupiter_tisserand_invariant" : "5.422",
        "epoch_osculation" : "2458000.5",
        "eccentricity" : ".1480468163448711",
        "semi_major_axis" : "1.133197833343387",
        "inclination" : "25.92016783109386",
        "ascending_node_longitude" : "144.6288523073568",
        "orbital_period" : "440.6127194948093",
        "perihelion_distance" : ".965431501827993",
        "perihelion_argument" : "108.4373716680622",
        "aphelion_distance" : "1.300964164858782",
        "perihelion_time" : "2457999.800190236255",
        "mean_anomaly" : ".5717754023010517",
        "mean_motion" : ".8170440481445089",
        "equinox" : "J2000"
      }
    }, {
      "links" : {
        "self" : "https://api.nasa.gov/neo/rest/v1/neo/3744562?api_key=t0TVs3DtDT2H8Oy2Zy8m2eVrNsAVKAexjcZXUckd"
      },
      "neo_reference_id" : "3744562",
      "name" : "(2016 CO248)",
      "nasa_jpl_url" : "http://ssd.jpl.nasa.gov/sbdb.cgi?sstr=3744562",
      "absolute_magnitude_h" : 27.5,
      "estimated_diameter" : {
        "kilometers" : {
          "estimated_diameter_min" : 0.008405334,
          "estimated_diameter_max" : 0.0187948982
        },
        "meters" : {
          "estimated_diameter_min" : 8.4053340207,
          "estimated_diameter_max" : 18.7948982439
        },
        "miles" : {
          "estimated_diameter_min" : 0.0052228308,
          "estimated_diameter_max" : 0.0116786047
        },
        "feet" : {
          "estimated_diameter_min" : 27.5765560686,
          "estimated_diameter_max" : 61.6630539546
        }
      },
      "is_potentially_hazardous_asteroid" : false,
      "close_approach_data" : [ {
        "close_approach_date" : "2004-02-22",
        "epoch_date_close_approach" : 1077436800000,
        "relative_velocity" : {
          "kilometers_per_second" : "17.0481686565",
          "kilometers_per_hour" : "61373.4071635145",
          "miles_per_hour" : "38135.048467796"
        },
        "miss_distance" : {
          "astronomical" : "0.4082245792",
          "lunar" : "158.7993621826",
          "kilometers" : "61069528",
          "miles" : "37946844"
        },
        "orbiting_body" : "Earth"
      } ],
      "orbital_data" : {
        "orbit_id" : "9",
        "orbit_determination_date" : "2017-04-06 08:28:09",
        "orbit_uncertainty" : "6",
        "minimum_orbit_intersection" : ".00138759",
        "jupiter_tisserand_invariant" : "6.412",
        "epoch_osculation" : "2458000.5",
        "eccentricity" : ".1603082473123394",
        "semi_major_axis" : ".932683780968213",
        "inclination" : "4.771075355209332",
        "ascending_node_longitude" : "139.8936399594892",
        "orbital_period" : "329.0031558402296",
        "perihelion_distance" : ".7831668787445529",
        "perihelion_argument" : "240.041212998864",
        "aphelion_distance" : "1.082200683191873",
        "perihelion_time" : "2457991.509668837157",
        "mean_anomaly" : "9.837350071484725",
        "mean_motion" : "1.094214428067137",
        "equinox" : "J2000"
      }
    }, {
      "links" : {
        "self" : "https://api.nasa.gov/neo/rest/v1/neo/2474451?api_key=t0TVs3DtDT2H8Oy2Zy8m2eVrNsAVKAexjcZXUckd"
      },
      "neo_reference_id" : "2474451",
      "name" : "474451 (2003 SR15)",
      "nasa_jpl_url" : "http://ssd.jpl.nasa.gov/sbdb.cgi?sstr=2474451",
      "absolute_magnitude_h" : 21.7,
      "estimated_diameter" : {
        "kilometers" : {
          "estimated_diameter_min" : 0.1214940408,
          "estimated_diameter_max" : 0.2716689341
        },
        "meters" : {
          "estimated_diameter_min" : 121.4940407996,
          "estimated_diameter_max" : 271.6689340891
        },
        "miles" : {
          "estimated_diameter_min" : 0.0754928736,
          "estimated_diameter_max" : 0.1688071972
        },
        "feet" : {
          "estimated_diameter_min" : 398.6025088171,
          "estimated_diameter_max" : 891.3023057169
        }
      },
      "is_potentially_hazardous_asteroid" : false,
      "close_approach_data" : [ {
        "close_approach_date" : "2004-02-22",
        "epoch_date_close_approach" : 1077436800000,
        "relative_velocity" : {
          "kilometers_per_second" : "7.9892306661",
          "kilometers_per_hour" : "28761.2303980064",
          "miles_per_hour" : "17871.1100770279"
        },
        "miss_distance" : {
          "astronomical" : "0.2178352313",
          "lunar" : "84.7379074097",
          "kilometers" : "32587688",
          "miles" : "20249050"
        },
        "orbiting_body" : "Earth"
      } ],
      "orbital_data" : {
        "orbit_id" : "41",
        "orbit_determination_date" : "2017-04-06 09:19:08",
        "orbit_uncertainty" : "0",
        "minimum_orbit_intersection" : ".0700776",
        "jupiter_tisserand_invariant" : "4.996",
        "epoch_osculation" : "2458000.5",
        "eccentricity" : ".2783663129698863",
        "semi_major_axis" : "1.277604737807018",
        "inclination" : "14.08477994097692",
        "ascending_node_longitude" : "176.2299095981812",
        "orbital_period" : "527.4644535558642",
        "perihelion_distance" : ".9219626175108202",
        "perihelion_argument" : "255.5411458720839",
        "aphelion_distance" : "1.633246858103216",
        "perihelion_time" : "2458249.541209255704",
        "mean_anomaly" : "190.0267729367322",
        "mean_motion" : ".6825104470511435",
        "equinox" : "J2000"
      }
    }, {
      "links" : {
        "self" : "https://api.nasa.gov/neo/rest/v1/neo/3736807?api_key=t0TVs3DtDT2H8Oy2Zy8m2eVrNsAVKAexjcZXUckd"
      },
      "neo_reference_id" : "3736807",
      "name" : "(2015 YA)",
      "nasa_jpl_url" : "http://ssd.jpl.nasa.gov/sbdb.cgi?sstr=3736807",
      "absolute_magnitude_h" : 27.4,
      "estimated_diameter" : {
        "kilometers" : {
          "estimated_diameter_min" : 0.0088014652,
          "estimated_diameter_max" : 0.0196806745
        },
        "meters" : {
          "estimated_diameter_min" : 8.801465209,
          "estimated_diameter_max" : 19.6806745089
        },
        "miles" : {
          "estimated_diameter_min" : 0.0054689752,
          "estimated_diameter_max" : 0.0122290004
        },
        "feet" : {
          "estimated_diameter_min" : 28.8761991163,
          "estimated_diameter_max" : 64.5691441559
        }
      },
      "is_potentially_hazardous_asteroid" : false,
      "close_approach_data" : [ {
        "close_approach_date" : "2004-02-22",
        "epoch_date_close_approach" : 1077436800000,
        "relative_velocity" : {
          "kilometers_per_second" : "7.7506146043",
          "kilometers_per_hour" : "27902.2125756581",
          "miles_per_hour" : "17337.3498084694"
        },
        "miss_distance" : {
          "astronomical" : "0.2956461221",
          "lunar" : "115.0063476562",
          "kilometers" : "44228032",
          "miles" : "27482024"
        },
        "orbiting_body" : "Earth"
      } ],
      "orbital_data" : {
        "orbit_id" : "7",
        "orbit_determination_date" : "2017-04-06 08:29:46",
        "orbit_uncertainty" : "6",
        "minimum_orbit_intersection" : ".0034944",
        "jupiter_tisserand_invariant" : "6.063",
        "epoch_osculation" : "2458000.5",
        "eccentricity" : ".2793780849302993",
        "semi_major_axis" : ".9961676341362522",
        "inclination" : "1.619224650857182",
        "ascending_node_longitude" : "255.2330250849039",
        "orbital_period" : "363.1592142120169",
        "perihelion_distance" : ".7178602282417189",
        "perihelion_argument" : "83.61802548803247",
        "aphelion_distance" : "1.274475040030785",
        "perihelion_time" : "2458026.626921546686",
        "mean_anomaly" : "334.1003631775795",
        "mean_motion" : ".991300746095974",
        "equinox" : "J2000"
      }
    } ]
  }
}