{
  "links" : {
    "next" : "https://api.nasa.gov/neo/rest/v1/feed?start_date=2004-04-09&end_date=2004-04-09&detailed=true&api_key=t0TVs3DtDT2H8Oy2Zy8m2eVrNsAVKAexjcZXUckd",
    "prev" : "https://api.nasa.gov/neo/rest/v1/feed?start_date=2004-04-07&end_date=2004-04-07&detailed=true&api_key=t0TVs3DtDT2H8Oy2Zy8m2eVrNsAVKAexjcZXUckd",
    "self" : "https://api.nasa.gov/neo/rest/v1/feed?start_date=2004-04-08&end_date=2004-04-08&detailed=true&api_key=t0TVs3DtDT2H8Oy2Zy8m2eVrNsAVKAexjcZXUckd"
  },
  "element_count" : 8,
  "near_earth_objects" : {
    "2004-04-08" : [ {
      "links" : {
        "self" : "https://api.nasa.gov/neo/rest/v1/neo/2393569?api_key=t0TVs3DtDT2H8Oy2Zy8m2eVrNsAVKAexjcZXUckd"
      },
      "neo_reference_id" : "2393569",
      "name" : "393569 (2003 JC13)",
      "nasa_jpl_url" : "http://ssd.jpl.nasa.gov/sbdb.cgi?sstr=2393569",
      "absolute_magnitude_h" : 20.3,
      "estimated_diameter" : {
        "kilometers" : {
          "estimated_diameter_min" : 0.2315021222,
          "estimated_diameter_max" : 0.5176544822
        },
        "meters" : {
          "estimated_diameter_min" : 231.5021222103,
          "estimated_diameter_max" : 517.6544821978
        },
        "miles" : {
          "estimated_diameter_min" : 0.1438487052,
          "estimated_diameter_max" : 0.3216554833
        },
        "feet" : {
          "estimated_diameter_min" : 759.5214226325,
          "estimated_diameter_max" : 1698.3415313737
        }
      },
      "is_potentially_hazardous_asteroid" : false,
      "close_approach_data" : [ {
        "close_approach_date" : "2004-04-08",
        "epoch_date_close_approach" : 1081407600000,
        "relative_velocity" : {
          "kilometers_per_second" : "9.6326874991",
          "kilometers_per_hour" : "34677.6749968697",
          "miles_per_hour" : "21547.3586668049"
        },
        "miss_distance" : {
          "astronomical" : "0.401422275",
          "lunar" : "156.1532592773",
          "kilometers" : "60051916",
          "miles" : "37314532"
        },
        "orbiting_body" : "Earth"
      } ],
      "orbital_data" : {
        "orbit_id" : "82",
        "orbit_determination_date" : "2017-04-06 09:21:58",
        "orbit_uncertainty" : "0",
        "minimum_orbit_intersection" : ".142881",
        "jupiter_tisserand_invariant" : "5.729",
        "epoch_osculation" : "2458000.5",
        "eccentricity" : ".3153282790219117",
        "semi_major_axis" : "1.066380121412242",
        "inclination" : "8.50764251007133",
        "ascending_node_longitude" : "205.8281941470034",
        "orbital_period" : "402.2226175528062",
        "perihelion_distance" : ".7301203129441423",
        "perihelion_argument" : "172.0069286941316",
        "aphelion_distance" : "1.402639929880341",
        "perihelion_time" : "2458130.619937158662",
        "mean_anomaly" : "243.5391762349902",
        "mean_motion" : ".895026744617953",
        "equinox" : "J2000"
      }
    }, {
      "links" : {
        "self" : "https://api.nasa.gov/neo/rest/v1/neo/3177177?api_key=t0TVs3DtDT2H8Oy2Zy8m2eVrNsAVKAexjcZXUckd"
      },
      "neo_reference_id" : "3177177",
      "name" : "(2004 EH1)",
      "nasa_jpl_url" : "http://ssd.jpl.nasa.gov/sbdb.cgi?sstr=3177177",
      "absolute_magnitude_h" : 22.4,
      "estimated_diameter" : {
        "kilometers" : {
          "estimated_diameter_min" : 0.0880146521,
          "estimated_diameter_max" : 0.1968067451
        },
        "meters" : {
          "estimated_diameter_min" : 88.0146520901,
          "estimated_diameter_max" : 196.8067450894
        },
        "miles" : {
          "estimated_diameter_min" : 0.0546897524,
          "estimated_diameter_max" : 0.122290004
        },
        "feet" : {
          "estimated_diameter_min" : 288.7619911632,
          "estimated_diameter_max" : 645.6914415591
        }
      },
      "is_potentially_hazardous_asteroid" : false,
      "close_approach_data" : [ {
        "close_approach_date" : "2004-04-08",
        "epoch_date_close_approach" : 1081407600000,
        "relative_velocity" : {
          "kilometers_per_second" : "9.7714591934",
          "kilometers_per_hour" : "35177.2530963268",
          "miles_per_hour" : "21857.7770697704"
        },
        "miss_distance" : {
          "astronomical" : "0.0577731268",
          "lunar" : "22.4737472534",
          "kilometers" : "8642737",
          "miles" : "5370348"
        },
        "orbiting_body" : "Earth"
      } ],
      "orbital_data" : {
        "orbit_id" : "22",
        "orbit_determination_date" : "2017-04-06 09:13:08",
        "orbit_uncertainty" : "7",
        "minimum_orbit_intersection" : ".0357475",
        "jupiter_tisserand_invariant" : "3.630",
        "epoch_osculation" : "2458000.5",
        "eccentricity" : ".532932061095772",
        "semi_major_axis" : "2.011451237539834",
        "inclination" : "7.527566309186024",
        "ascending_node_longitude" : "356.8263240433372",
        "orbital_period" : "1041.987933854552",
        "perihelion_distance" : ".939484383724089",
        "perihelion_argument" : "231.9153777711934",
        "aphelion_distance" : "3.083418091355579",
        "perihelion_time" : "2458342.343668946197",
        "mean_anomaly" : "241.8952534647977",
        "mean_motion" : ".3454934441210635",
        "equinox" : "J2000"
      }
    }, {
      "links" : {
        "self" : "https://api.nasa.gov/neo/rest/v1/neo/3180148?api_key=t0TVs3DtDT2H8Oy2Zy8m2eVrNsAVKAexjcZXUckd"
      },
      "neo_reference_id" : "3180148",
      "name" : "(2004 HC2)",
      "nasa_jpl_url" : "http://ssd.jpl.nasa.gov/sbdb.cgi?sstr=3180148",
      "absolute_magnitude_h" : 19.5,
      "estimated_diameter" : {
        "kilometers" : {
          "estimated_diameter_min" : 0.3346223745,
          "estimated_diameter_max" : 0.7482383761
        },
        "meters" : {
          "estimated_diameter_min" : 334.6223744549,
          "estimated_diameter_max" : 748.2383760735
        },
        "miles" : {
          "estimated_diameter_min" : 0.2079246394,
          "estimated_diameter_max" : 0.464933628
        },
        "feet" : {
          "estimated_diameter_min" : 1097.8424710066,
          "estimated_diameter_max" : 2454.8503937571
        }
      },
      "is_potentially_hazardous_asteroid" : false,
      "close_approach_data" : [ {
        "close_approach_date" : "2004-04-08",
        "epoch_date_close_approach" : 1081407600000,
        "relative_velocity" : {
          "kilometers_per_second" : "31.6973628874",
          "kilometers_per_hour" : "114110.5063945046",
          "miles_per_hour" : "70903.831042741"
        },
        "miss_distance" : {
          "astronomical" : "0.2791015552",
          "lunar" : "108.5705032349",
          "kilometers" : "41753000",
          "miles" : "25944110"
        },
        "orbiting_body" : "Earth"
      } ],
      "orbital_data" : {
        "orbit_id" : "18",
        "orbit_determination_date" : "2016-10-21 06:47:16",
        "orbit_uncertainty" : "1",
        "minimum_orbit_intersection" : ".0678364",
        "jupiter_tisserand_invariant" : "4.314",
        "epoch_osculation" : "2457600.5",
        "eccentricity" : ".311513740878174",
        "semi_major_axis" : "1.387022207743756",
        "inclination" : "55.02905636612785",
        "ascending_node_longitude" : "190.3480860791396",
        "orbital_period" : "596.6553633456481",
        "perihelion_distance" : ".9549457311283943",
        "perihelion_argument" : "303.1694832792032",
        "aphelion_distance" : "1.819098684359117",
        "perihelion_time" : "2457835.554390475926",
        "mean_anomaly" : "218.1767871877615",
        "mean_motion" : ".6033633854916822",
        "equinox" : "J2000"
      }
    }, {
      "links" : {
        "self" : "https://api.nasa.gov/neo/rest/v1/neo/3387458?api_key=t0TVs3DtDT2H8Oy2Zy8m2eVrNsAVKAexjcZXUckd"
      },
      "neo_reference_id" : "3387458",
      "name" : "(2007 TH1)",
      "nasa_jpl_url" : "http://ssd.jpl.nasa.gov/sbdb.cgi?sstr=3387458",
      "absolute_magnitude_h" : 22.0,
      "estimated_diameter" : {
        "kilometers" : {
          "estimated_diameter_min" : 0.1058168859,
          "estimated_diameter_max" : 0.2366137501
        },
        "meters" : {
          "estimated_diameter_min" : 105.8168859331,
          "estimated_diameter_max" : 236.6137501138
        },
        "miles" : {
          "estimated_diameter_min" : 0.0657515442,
          "estimated_diameter_max" : 0.1470249225
        },
        "feet" : {
          "estimated_diameter_min" : 347.1682720448,
          "estimated_diameter_max" : 776.2918559233
        }
      },
      "is_potentially_hazardous_asteroid" : true,
      "close_approach_data" : [ {
        "close_approach_date" : "2004-04-08",
        "epoch_date_close_approach" : 1081407600000,
        "relative_velocity" : {
          "kilometers_per_second" : "24.2031049521",
          "kilometers_per_hour" : "87131.1778274588",
          "miles_per_hour" : "54139.9254672896"
        },
        "miss_distance" : {
          "astronomical" : "0.3649726217",
          "lunar" : "141.9743499756",
          "kilometers" : "54599128",
          "miles" : "33926324"
        },
        "orbiting_body" : "Earth"
      } ],
      "orbital_data" : {
        "orbit_id" : "17",
        "orbit_determination_date" : "2017-04-06 09:05:53",
        "orbit_uncertainty" : "6",
        "minimum_orbit_intersection" : ".0214794",
        "jupiter_tisserand_invariant" : "4.695",
        "epoch_osculation" : "2458000.5",
        "eccentricity" : ".4176407605097837",
        "semi_major_axis" : "1.361537431524575",
        "inclination" : "20.10798367315228",
        "ascending_node_longitude" : "13.71608744824091",
        "orbital_period" : "580.2869516717462",
        "perihelion_distance" : ".7929039031601136",
        "perihelion_argument" : "282.3640100121995",
        "aphelion_distance" : "1.930170959889035",
        "perihelion_time" : "2457803.076181656155",
        "mean_anomaly" : "122.4783262815603",
        "mean_motion" : ".6203827243795117",
        "equinox" : "J2000"
      }
    }, {
      "links" : {
        "self" : "https://api.nasa.gov/neo/rest/v1/neo/3716434?api_key=t0TVs3DtDT2H8Oy2Zy8m2eVrNsAVKAexjcZXUckd"
      },
      "neo_reference_id" : "3716434",
      "name" : "(2015 HC1)",
      "nasa_jpl_url" : "http://ssd.jpl.nasa.gov/sbdb.cgi?sstr=3716434",
      "absolute_magnitude_h" : 27.1,
      "estimated_diameter" : {
        "kilometers" : {
          "estimated_diameter_min" : 0.0101054342,
          "estimated_diameter_max" : 0.0225964377
        },
        "meters" : {
          "estimated_diameter_min" : 10.1054341542,
          "estimated_diameter_max" : 22.5964377109
        },
        "miles" : {
          "estimated_diameter_min" : 0.0062792237,
          "estimated_diameter_max" : 0.0140407711
        },
        "feet" : {
          "estimated_diameter_min" : 33.1543125905,
          "estimated_diameter_max" : 74.1352966996
        }
      },
      "is_potentially_hazardous_asteroid" : false,
      "close_approach_data" : [ {
        "close_approach_date" : "2004-04-08",
        "epoch_date_close_approach" : 1081407600000,
        "relative_velocity" : {
          "kilometers_per_second" : "6.0546724529",
          "kilometers_per_hour" : "21796.8208303168",
          "miles_per_hour" : "13543.6968098154"
        },
        "miss_distance" : {
          "astronomical" : "0.1702027393",
          "lunar" : "66.2088623047",
          "kilometers" : "25461966",
          "miles" : "15821332"
        },
        "orbiting_body" : "Earth"
      } ],
      "orbital_data" : {
        "orbit_id" : "10",
        "orbit_determination_date" : "2017-04-06 08:34:21",
        "orbit_uncertainty" : "7",
        "minimum_orbit_intersection" : ".0565635",
        "jupiter_tisserand_invariant" : "4.837",
        "epoch_osculation" : "2458000.5",
        "eccentricity" : ".2166808231813283",
        "semi_major_axis" : "1.354358856233732",
        "inclination" : "1.975985392565842",
        "ascending_node_longitude" : "228.1640862036845",
        "orbital_period" : "575.7037453091443",
        "perihelion_distance" : "1.060895264382085",
        "perihelion_argument" : "343.7178950372322",
        "aphelion_distance" : "1.647822448085379",
        "perihelion_time" : "2458287.125358122905",
        "mean_anomaly" : "180.7669660567572",
        "mean_motion" : ".6253216223331766",
        "equinox" : "J2000"
      }
    }, {
      "links" : {
        "self" : "https://api.nasa.gov/neo/rest/v1/neo/3738932?api_key=t0TVs3DtDT2H8Oy2Zy8m2eVrNsAVKAexjcZXUckd"
      },
      "neo_reference_id" : "3738932",
      "name" : "(2015 YQ1)",
      "nasa_jpl_url" : "http://ssd.jpl.nasa.gov/sbdb.cgi?sstr=3738932",
      "absolute_magnitude_h" : 28.0,
      "estimated_diameter" : {
        "kilometers" : {
          "estimated_diameter_min" : 0.0066765941,
          "estimated_diameter_max" : 0.0149293183
        },
        "meters" : {
          "estimated_diameter_min" : 6.676594135,
          "estimated_diameter_max" : 14.9293183439
        },
        "miles" : {
          "estimated_diameter_min" : 0.004148642,
          "estimated_diameter_max" : 0.0092766455
        },
        "feet" : {
          "estimated_diameter_min" : 21.9048371017,
          "estimated_diameter_max" : 48.9807047955
        }
      },
      "is_potentially_hazardous_asteroid" : false,
      "close_approach_data" : [ {
        "close_approach_date" : "2004-04-08",
        "epoch_date_close_approach" : 1081407600000,
        "relative_velocity" : {
          "kilometers_per_second" : "16.1767707015",
          "kilometers_per_hour" : "58236.3745254576",
          "miles_per_hour" : "36185.8183822211"
        },
        "miss_distance" : {
          "astronomical" : "0.4113901444",
          "lunar" : "160.0307769775",
          "kilometers" : "61543092",
          "miles" : "38241104"
        },
        "orbiting_body" : "Earth"
      } ],
      "orbital_data" : {
        "orbit_id" : "8",
        "orbit_determination_date" : "2017-04-06 08:29:39",
        "orbit_uncertainty" : "6",
        "minimum_orbit_intersection" : ".000615632",
        "jupiter_tisserand_invariant" : "5.990",
        "epoch_osculation" : "2458000.5",
        "eccentricity" : ".403957410850079",
        "semi_major_axis" : "1.003000184879345",
        "inclination" : "2.484442826425956",
        "ascending_node_longitude" : "88.87947254444529",
        "orbital_period" : "366.9018879396638",
        "perihelion_distance" : ".5978308271133341",
        "perihelion_argument" : "111.9793427923618",
        "aphelion_distance" : "1.408169542645356",
        "perihelion_time" : "2458176.955131839705",
        "mean_anomaly" : "186.8642120676685",
        "mean_motion" : ".9811887369170507",
        "equinox" : "J2000"
      }
    }, {
      "links" : {
        "self" : "https://api.nasa.gov/neo/rest/v1/neo/3745056?api_key=t0TVs3DtDT2H8Oy2Zy8m2eVrNsAVKAexjcZXUckd"
      },
      "neo_reference_id" : "3745056",
      "name" : "(2016 EN1)",
      "nasa_jpl_url" : "http://ssd.jpl.nasa.gov/sbdb.cgi?sstr=3745056",
      "absolute_magnitude_h" : 21.2,
      "estimated_diameter" : {
        "kilometers" : {
          "estimated_diameter_min" : 0.1529519353,
          "estimated_diameter_max" : 0.3420109247
        },
        "meters" : {
          "estimated_diameter_min" : 152.9519353442,
          "estimated_diameter_max" : 342.0109247198
        },
        "miles" : {
          "estimated_diameter_min" : 0.095039897,
          "estimated_diameter_max" : 0.2125156703
        },
        "feet" : {
          "estimated_diameter_min" : 501.8108275547,
          "estimated_diameter_max" : 1122.0831222578
        }
      },
      "is_potentially_hazardous_asteroid" : false,
      "close_approach_data" : [ {
        "close_approach_date" : "2004-04-08",
        "epoch_date_close_approach" : 1081407600000,
        "relative_velocity" : {
          "kilometers_per_second" : "7.8127688067",
          "kilometers_per_hour" : "28125.9677042109",
          "miles_per_hour" : "17476.3825437637"
        },
        "miss_distance" : {
          "astronomical" : "0.3403131857",
          "lunar" : "132.3818359375",
          "kilometers" : "50910128",
          "miles" : "31634088"
        },
        "orbiting_body" : "Earth"
      } ],
      "orbital_data" : {
        "orbit_id" : "11",
        "orbit_determination_date" : "2017-04-06 08:27:54",
        "orbit_uncertainty" : "5",
        "minimum_orbit_intersection" : ".319094",
        "jupiter_tisserand_invariant" : "4.628",
        "epoch_osculation" : "2458000.5",
        "eccentricity" : ".1081103356654023",
        "semi_major_axis" : "1.43903663826153",
        "inclination" : "14.58419850048058",
        "ascending_node_longitude" : "193.0430448262616",
        "orbital_period" : "630.5306521147176",
        "perihelion_distance" : "1.283461904264264",
        "perihelion_argument" : "55.86200258500084",
        "aphelion_distance" : "1.594611372258796",
        "perihelion_time" : "2458224.870254860528",
        "mean_anomaly" : "231.8963281501269",
        "mean_motion" : ".5709476593923023",
        "equinox" : "J2000"
      }
    }, {
      "links" : {
        "self" : "https://api.nasa.gov/neo/rest/v1/neo/2474585?api_key=t0TVs3DtDT2H8Oy2Zy8m2eVrNsAVKAexjcZXUckd"
      },
      "neo_reference_id" : "2474585",
      "name" : "474585 (2004 HC2)",
      "nasa_jpl_url" : "http://ssd.jpl.nasa.gov/sbdb.cgi?sstr=2474585",
      "absolute_magnitude_h" : 19.5,
      "estimated_diameter" : {
        "kilometers" : {
          "estimated_diameter_min" : 0.3346223745,
          "estimated_diameter_max" : 0.7482383761
        },
        "meters" : {
          "estimated_diameter_min" : 334.6223744549,
          "estimated_diameter_max" : 748.2383760735
        },
        "miles" : {
          "estimated_diameter_min" : 0.2079246394,
          "estimated_diameter_max" : 0.464933628
        },
        "feet" : {
          "estimated_diameter_min" : 1097.8424710066,
          "estimated_diameter_max" : 2454.8503937571
        }
      },
      "is_potentially_hazardous_asteroid" : false,
      "close_approach_data" : [ {
        "close_approach_date" : "2004-04-08",
        "epoch_date_close_approach" : 1081407600000,
        "relative_velocity" : {
          "kilometers_per_second" : "31.6973569452",
          "kilometers_per_hour" : "114110.485002581",
          "miles_per_hour" : "70903.8177506315"
        },
        "miss_distance" : {
          "astronomical" : "0.2791015633",
          "lunar" : "108.5705032349",
          "kilometers" : "41753000",
          "miles" : "25944110"
        },
        "orbiting_body" : "Earth"
      } ],
      "orbital_data" : {
        "orbit_id" : "20",
        "orbit_determination_date" : "2017-04-06 09:19:06",
        "orbit_uncertainty" : "1",
        "minimum_orbit_intersection" : ".0699609",
        "jupiter_tisserand_invariant" : "4.314",
        "epoch_osculation" : "2458000.5",
        "eccentricity" : ".3115292614121766",
        "semi_major_axis" : "1.386980448476082",
        "inclination" : "55.02857202231772",
        "ascending_node_longitude" : "190.3478021394976",
        "orbital_period" : "596.6284181712846",
        "perihelion_distance" : ".9548954537691987",
        "perihelion_argument" : "303.1652780279638",
        "aphelion_distance" : "1.819065443182965",
        "perihelion_time" : "2457835.559873300801",
        "mean_anomaly" : "99.52332775852582",
        "mean_motion" : ".6033906348333687",
        "equinox" : "J2000"
      }
    } ]
  }
}