{
  "links" : {
    "next" : "https://api.nasa.gov/neo/rest/v1/feed?start_date=2001-12-09&end_date=2001-12-09&detailed=true&api_key=t0TVs3DtDT2H8Oy2Zy8m2eVrNsAVKAexjcZXUckd",
    "prev" : "https://api.nasa.gov/neo/rest/v1/feed?start_date=2001-12-07&end_date=2001-12-07&detailed=true&api_key=t0TVs3DtDT2H8Oy2Zy8m2eVrNsAVKAexjcZXUckd",
    "self" : "https://api.nasa.gov/neo/rest/v1/feed?start_date=2001-12-08&end_date=2001-12-08&detailed=true&api_key=t0TVs3DtDT2H8Oy2Zy8m2eVrNsAVKAexjcZXUckd"
  },
  "element_count" : 6,
  "near_earth_objects" : {
    "2001-12-08" : [ {
      "links" : {
        "self" : "https://api.nasa.gov/neo/rest/v1/neo/3102702?api_key=t0TVs3DtDT2H8Oy2Zy8m2eVrNsAVKAexjcZXUckd"
      },
      "neo_reference_id" : "3102702",
      "name" : "(2001 YA1)",
      "nasa_jpl_url" : "http://ssd.jpl.nasa.gov/sbdb.cgi?sstr=3102702",
      "absolute_magnitude_h" : 20.8,
      "estimated_diameter" : {
        "kilometers" : {
          "estimated_diameter_min" : 0.1838886721,
          "estimated_diameter_max" : 0.411187571
        },
        "meters" : {
          "estimated_diameter_min" : 183.8886720703,
          "estimated_diameter_max" : 411.1875710413
        },
        "miles" : {
          "estimated_diameter_min" : 0.1142630881,
          "estimated_diameter_max" : 0.2555000322
        },
        "feet" : {
          "estimated_diameter_min" : 603.309310875,
          "estimated_diameter_max" : 1349.040630575
        }
      },
      "is_potentially_hazardous_asteroid" : false,
      "close_approach_data" : [ {
        "close_approach_date" : "2001-12-08",
        "epoch_date_close_approach" : 1007798400000,
        "relative_velocity" : {
          "kilometers_per_second" : "16.7591412308",
          "kilometers_per_hour" : "60332.9084309995",
          "miles_per_hour" : "37488.5230192508"
        },
        "miss_distance" : {
          "astronomical" : "0.2155024768",
          "lunar" : "83.8304595947",
          "kilometers" : "32238712",
          "miles" : "20032206"
        },
        "orbiting_body" : "Earth"
      } ],
      "orbital_data" : {
        "orbit_id" : "10",
        "orbit_determination_date" : "2017-04-06 09:15:42",
        "orbit_uncertainty" : "6",
        "minimum_orbit_intersection" : ".161359",
        "jupiter_tisserand_invariant" : "3.410",
        "epoch_osculation" : "2458000.5",
        "eccentricity" : ".4729401357224174",
        "semi_major_axis" : "2.161511187847877",
        "inclination" : "27.98554011009342",
        "ascending_node_longitude" : "255.2857881321976",
        "orbital_period" : "1160.739218720847",
        "perihelion_distance" : "1.139245793301578",
        "perihelion_argument" : "167.90659427",
        "aphelion_distance" : "3.183776582394176",
        "perihelion_time" : "2458052.131853815255",
        "mean_anomaly" : "343.9865259364843",
        "mean_motion" : ".3101471839615496",
        "equinox" : "J2000"
      }
    }, {
      "links" : {
        "self" : "https://api.nasa.gov/neo/rest/v1/neo/2329390?api_key=t0TVs3DtDT2H8Oy2Zy8m2eVrNsAVKAexjcZXUckd"
      },
      "neo_reference_id" : "2329390",
      "name" : "329390 (2001 YP2)",
      "nasa_jpl_url" : "http://ssd.jpl.nasa.gov/sbdb.cgi?sstr=2329390",
      "absolute_magnitude_h" : 19.0,
      "estimated_diameter" : {
        "kilometers" : {
          "estimated_diameter_min" : 0.4212646106,
          "estimated_diameter_max" : 0.9419763057
        },
        "meters" : {
          "estimated_diameter_min" : 421.2646105562,
          "estimated_diameter_max" : 941.9763057186
        },
        "miles" : {
          "estimated_diameter_min" : 0.2617616123,
          "estimated_diameter_max" : 0.5853167591
        },
        "feet" : {
          "estimated_diameter_min" : 1382.1017848971,
          "estimated_diameter_max" : 3090.4735428537
        }
      },
      "is_potentially_hazardous_asteroid" : false,
      "close_approach_data" : [ {
        "close_approach_date" : "2001-12-08",
        "epoch_date_close_approach" : 1007798400000,
        "relative_velocity" : {
          "kilometers_per_second" : "14.2652633571",
          "kilometers_per_hour" : "51354.9480854369",
          "miles_per_hour" : "31909.9676034205"
        },
        "miss_distance" : {
          "astronomical" : "0.4315079265",
          "lunar" : "167.8565826416",
          "kilometers" : "64552664",
          "miles" : "40111168"
        },
        "orbiting_body" : "Earth"
      } ],
      "orbital_data" : {
        "orbit_id" : "23",
        "orbit_determination_date" : "2017-04-06 09:23:37",
        "orbit_uncertainty" : "0",
        "minimum_orbit_intersection" : ".265745",
        "jupiter_tisserand_invariant" : "3.561",
        "epoch_osculation" : "2458000.5",
        "eccentricity" : ".4797015202674",
        "semi_major_axis" : "2.00209207055624",
        "inclination" : "27.93419922611771",
        "ascending_node_longitude" : "92.67060962410335",
        "orbital_period" : "1034.723935077569",
        "perihelion_distance" : "1.041685460595105",
        "perihelion_argument" : "288.6770279146171",
        "aphelion_distance" : "2.962498680517375",
        "perihelion_time" : "2458386.608944626000",
        "mean_anomaly" : "225.6654056669329",
        "mean_motion" : ".3479188871503319",
        "equinox" : "J2000"
      }
    }, {
      "links" : {
        "self" : "https://api.nasa.gov/neo/rest/v1/neo/2350713?api_key=t0TVs3DtDT2H8Oy2Zy8m2eVrNsAVKAexjcZXUckd"
      },
      "neo_reference_id" : "2350713",
      "name" : "350713 (2001 XP88)",
      "nasa_jpl_url" : "http://ssd.jpl.nasa.gov/sbdb.cgi?sstr=2350713",
      "absolute_magnitude_h" : 20.7,
      "estimated_diameter" : {
        "kilometers" : {
          "estimated_diameter_min" : 0.1925550782,
          "estimated_diameter_max" : 0.4305662442
        },
        "meters" : {
          "estimated_diameter_min" : 192.5550781879,
          "estimated_diameter_max" : 430.566244241
        },
        "miles" : {
          "estimated_diameter_min" : 0.1196481415,
          "estimated_diameter_max" : 0.2675413778
        },
        "feet" : {
          "estimated_diameter_min" : 631.7424027221,
          "estimated_diameter_max" : 1412.6189567557
        }
      },
      "is_potentially_hazardous_asteroid" : false,
      "close_approach_data" : [ {
        "close_approach_date" : "2001-12-08",
        "epoch_date_close_approach" : 1007798400000,
        "relative_velocity" : {
          "kilometers_per_second" : "4.8621430618",
          "kilometers_per_hour" : "17503.7150226083",
          "miles_per_hour" : "10876.1278150201"
        },
        "miss_distance" : {
          "astronomical" : "0.3145976945",
          "lunar" : "122.3785018921",
          "kilometers" : "47063144",
          "miles" : "29243684"
        },
        "orbiting_body" : "Earth"
      } ],
      "orbital_data" : {
        "orbit_id" : "56",
        "orbit_determination_date" : "2017-04-06 09:23:06",
        "orbit_uncertainty" : "0",
        "minimum_orbit_intersection" : ".137719",
        "jupiter_tisserand_invariant" : "4.854",
        "epoch_osculation" : "2458000.5",
        "eccentricity" : ".1946945986532002",
        "semi_major_axis" : "1.347063762870818",
        "inclination" : "6.745458483604939",
        "ascending_node_longitude" : "97.80945903086813",
        "orbital_period" : "571.0585746256131",
        "perihelion_distance" : "1.084797724198414",
        "perihelion_argument" : "261.3772166679892",
        "aphelion_distance" : "1.609329801543222",
        "perihelion_time" : "2457862.624815703364",
        "mean_anomaly" : "86.91764479559718",
        "mean_motion" : ".6304081857732661",
        "equinox" : "J2000"
      }
    }, {
      "links" : {
        "self" : "https://api.nasa.gov/neo/rest/v1/neo/2413123?api_key=t0TVs3DtDT2H8Oy2Zy8m2eVrNsAVKAexjcZXUckd"
      },
      "neo_reference_id" : "2413123",
      "name" : "413123 (2001 XS1)",
      "nasa_jpl_url" : "http://ssd.jpl.nasa.gov/sbdb.cgi?sstr=2413123",
      "absolute_magnitude_h" : 19.0,
      "estimated_diameter" : {
        "kilometers" : {
          "estimated_diameter_min" : 0.4212646106,
          "estimated_diameter_max" : 0.9419763057
        },
        "meters" : {
          "estimated_diameter_min" : 421.2646105562,
          "estimated_diameter_max" : 941.9763057186
        },
        "miles" : {
          "estimated_diameter_min" : 0.2617616123,
          "estimated_diameter_max" : 0.5853167591
        },
        "feet" : {
          "estimated_diameter_min" : 1382.1017848971,
          "estimated_diameter_max" : 3090.4735428537
        }
      },
      "is_potentially_hazardous_asteroid" : false,
      "close_approach_data" : [ {
        "close_approach_date" : "2001-12-08",
        "epoch_date_close_approach" : 1007798400000,
        "relative_velocity" : {
          "kilometers_per_second" : "7.3131092717",
          "kilometers_per_hour" : "26327.1933781623",
          "miles_per_hour" : "16358.694129892"
        },
        "miss_distance" : {
          "astronomical" : "0.1944313332",
          "lunar" : "75.6337890625",
          "kilometers" : "29086514",
          "miles" : "18073522"
        },
        "orbiting_body" : "Earth"
      } ],
      "orbital_data" : {
        "orbit_id" : "64",
        "orbit_determination_date" : "2017-04-06 09:21:35",
        "orbit_uncertainty" : "0",
        "minimum_orbit_intersection" : ".206278",
        "jupiter_tisserand_invariant" : "3.118",
        "epoch_osculation" : "2458000.5",
        "eccentricity" : ".5560099490842421",
        "semi_major_axis" : "2.670033345646399",
        "inclination" : "10.93590309556891",
        "ascending_node_longitude" : "266.923916726781",
        "orbital_period" : "1593.578474148391",
        "perihelion_distance" : "1.185468241080316",
        "perihelion_argument" : "164.8463866470759",
        "aphelion_distance" : "4.154598450212482",
        "perihelion_time" : "2458613.868480452209",
        "mean_anomaly" : "221.4359715916734",
        "mean_motion" : ".2259066659345936",
        "equinox" : "J2000"
      }
    }, {
      "links" : {
        "self" : "https://api.nasa.gov/neo/rest/v1/neo/3309287?api_key=t0TVs3DtDT2H8Oy2Zy8m2eVrNsAVKAexjcZXUckd"
      },
      "neo_reference_id" : "3309287",
      "name" : "(2005 YT8)",
      "nasa_jpl_url" : "http://ssd.jpl.nasa.gov/sbdb.cgi?sstr=3309287",
      "absolute_magnitude_h" : 21.6,
      "estimated_diameter" : {
        "kilometers" : {
          "estimated_diameter_min" : 0.1272198785,
          "estimated_diameter_max" : 0.2844722965
        },
        "meters" : {
          "estimated_diameter_min" : 127.2198785394,
          "estimated_diameter_max" : 284.4722965033
        },
        "miles" : {
          "estimated_diameter_min" : 0.0790507431,
          "estimated_diameter_max" : 0.1767628354
        },
        "feet" : {
          "estimated_diameter_min" : 417.3880663071,
          "estimated_diameter_max" : 933.3080892598
        }
      },
      "is_potentially_hazardous_asteroid" : false,
      "close_approach_data" : [ {
        "close_approach_date" : "2001-12-08",
        "epoch_date_close_approach" : 1007798400000,
        "relative_velocity" : {
          "kilometers_per_second" : "10.0091033087",
          "kilometers_per_hour" : "36032.7719111965",
          "miles_per_hour" : "22389.3631911543"
        },
        "miss_distance" : {
          "astronomical" : "0.1252906705",
          "lunar" : "48.7380714417",
          "kilometers" : "18743218",
          "miles" : "11646496"
        },
        "orbiting_body" : "Earth"
      } ],
      "orbital_data" : {
        "orbit_id" : "25",
        "orbit_determination_date" : "2017-04-06 09:09:36",
        "orbit_uncertainty" : "5",
        "minimum_orbit_intersection" : ".0592846",
        "jupiter_tisserand_invariant" : "3.153",
        "epoch_osculation" : "2458000.5",
        "eccentricity" : ".5929358996644919",
        "semi_major_axis" : "2.540138629899797",
        "inclination" : "10.9307018060901",
        "ascending_node_longitude" : "283.0866943555334",
        "orbital_period" : "1478.71526325547",
        "perihelion_distance" : "1.033999246107631",
        "perihelion_argument" : "165.753616652442",
        "aphelion_distance" : "4.046278013691963",
        "perihelion_time" : "2458174.359515489124",
        "mean_anomaly" : "317.6731050721078",
        "mean_motion" : ".2434545777308344",
        "equinox" : "J2000"
      }
    }, {
      "links" : {
        "self" : "https://api.nasa.gov/neo/rest/v1/neo/3619732?api_key=t0TVs3DtDT2H8Oy2Zy8m2eVrNsAVKAexjcZXUckd"
      },
      "neo_reference_id" : "3619732",
      "name" : "(2012 XN55)",
      "nasa_jpl_url" : "http://ssd.jpl.nasa.gov/sbdb.cgi?sstr=3619732",
      "absolute_magnitude_h" : 23.9,
      "estimated_diameter" : {
        "kilometers" : {
          "estimated_diameter_min" : 0.04411182,
          "estimated_diameter_max" : 0.0986370281
        },
        "meters" : {
          "estimated_diameter_min" : 44.1118199997,
          "estimated_diameter_max" : 98.6370281305
        },
        "miles" : {
          "estimated_diameter_min" : 0.0274098057,
          "estimated_diameter_max" : 0.0612901888
        },
        "feet" : {
          "estimated_diameter_min" : 144.7238235278,
          "estimated_diameter_max" : 323.6123073718
        }
      },
      "is_potentially_hazardous_asteroid" : false,
      "close_approach_data" : [ {
        "close_approach_date" : "2001-12-08",
        "epoch_date_close_approach" : 1007798400000,
        "relative_velocity" : {
          "kilometers_per_second" : "15.6984645508",
          "kilometers_per_hour" : "56514.4723828418",
          "miles_per_hour" : "35115.8953536608"
        },
        "miss_distance" : {
          "astronomical" : "0.0992074289",
          "lunar" : "38.5916900635",
          "kilometers" : "14841221",
          "miles" : "9221907"
        },
        "orbiting_body" : "Earth"
      } ],
      "orbital_data" : {
        "orbit_id" : "9",
        "orbit_determination_date" : "2017-04-06 08:47:43",
        "orbit_uncertainty" : "7",
        "minimum_orbit_intersection" : ".0663382",
        "jupiter_tisserand_invariant" : "7.542",
        "epoch_osculation" : "2458000.5",
        "eccentricity" : ".4539877207312187",
        "semi_major_axis" : ".7485708009210011",
        "inclination" : "29.06260463753233",
        "ascending_node_longitude" : "256.3002229405231",
        "orbital_period" : "236.5635076704708",
        "perihelion_distance" : ".408728849204933",
        "perihelion_argument" : "14.98105047504602",
        "aphelion_distance" : "1.088412752637069",
        "perihelion_time" : "2458066.546637794894",
        "mean_anomaly" : "259.490881580592",
        "mean_motion" : "1.521790083115754",
        "equinox" : "J2000"
      }
    } ]
  }
}