{
  "links" : {
    "next" : "https://api.nasa.gov/neo/rest/v1/feed?start_date=1997-07-23&end_date=1997-07-23&detailed=true&api_key=t0TVs3DtDT2H8Oy2Zy8m2eVrNsAVKAexjcZXUckd",
    "prev" : "https://api.nasa.gov/neo/rest/v1/feed?start_date=1997-07-21&end_date=1997-07-21&detailed=true&api_key=t0TVs3DtDT2H8Oy2Zy8m2eVrNsAVKAexjcZXUckd",
    "self" : "https://api.nasa.gov/neo/rest/v1/feed?start_date=1997-07-22&end_date=1997-07-22&detailed=true&api_key=t0TVs3DtDT2H8Oy2Zy8m2eVrNsAVKAexjcZXUckd"
  },
  "element_count" : 7,
  "near_earth_objects" : {
    "1997-07-22" : [ {
      "links" : {
        "self" : "https://api.nasa.gov/neo/rest/v1/neo/3025767?api_key=t0TVs3DtDT2H8Oy2Zy8m2eVrNsAVKAexjcZXUckd"
      },
      "neo_reference_id" : "3025767",
      "name" : "(2000 AF205)",
      "nasa_jpl_url" : "http://ssd.jpl.nasa.gov/sbdb.cgi?sstr=3025767",
      "absolute_magnitude_h" : 21.7,
      "estimated_diameter" : {
        "kilometers" : {
          "estimated_diameter_min" : 0.1214940408,
          "estimated_diameter_max" : 0.2716689341
        },
        "meters" : {
          "estimated_diameter_min" : 121.4940407996,
          "estimated_diameter_max" : 271.6689340891
        },
        "miles" : {
          "estimated_diameter_min" : 0.0754928736,
          "estimated_diameter_max" : 0.1688071972
        },
        "feet" : {
          "estimated_diameter_min" : 398.6025088171,
          "estimated_diameter_max" : 891.3023057169
        }
      },
      "is_potentially_hazardous_asteroid" : true,
      "close_approach_data" : [ {
        "close_approach_date" : "1997-07-22",
        "epoch_date_close_approach" : 869554800000,
        "relative_velocity" : {
          "kilometers_per_second" : "7.280170356",
          "kilometers_per_hour" : "26208.6132817005",
          "miles_per_hour" : "16285.0130693989"
        },
        "miss_distance" : {
          "astronomical" : "0.2210612618",
          "lunar" : "85.9928283691",
          "kilometers" : "33070294",
          "miles" : "20548928"
        },
        "orbiting_body" : "Earth"
      } ],
      "orbital_data" : {
        "orbit_id" : "32",
        "orbit_determination_date" : "2017-05-05 06:17:53",
        "orbit_uncertainty" : "1",
        "minimum_orbit_intersection" : ".0181098",
        "jupiter_tisserand_invariant" : "5.889",
        "epoch_osculation" : "2457800.5",
        "eccentricity" : ".2768393823938556",
        "semi_major_axis" : "1.033858498481567",
        "inclination" : "2.409314764131289",
        "ascending_node_longitude" : "220.0946417577138",
        "orbital_period" : "383.9636221543913",
        "perihelion_distance" : ".7476457502792913",
        "perihelion_argument" : "127.3831632099929",
        "aphelion_distance" : "1.320071246683843",
        "perihelion_time" : "2457982.817862024249",
        "mean_anomaly" : "189.0608106037239",
        "mean_motion" : ".9375888215140454",
        "equinox" : "J2000"
      }
    }, {
      "links" : {
        "self" : "https://api.nasa.gov/neo/rest/v1/neo/3483296?api_key=t0TVs3DtDT2H8Oy2Zy8m2eVrNsAVKAexjcZXUckd"
      },
      "neo_reference_id" : "3483296",
      "name" : "(2009 XF2)",
      "nasa_jpl_url" : "http://ssd.jpl.nasa.gov/sbdb.cgi?sstr=3483296",
      "absolute_magnitude_h" : 19.9,
      "estimated_diameter" : {
        "kilometers" : {
          "estimated_diameter_min" : 0.2783267681,
          "estimated_diameter_max" : 0.6223575734
        },
        "meters" : {
          "estimated_diameter_min" : 278.3267680719,
          "estimated_diameter_max" : 622.3575733667
        },
        "miles" : {
          "estimated_diameter_min" : 0.1729441822,
          "estimated_diameter_max" : 0.3867149477
        },
        "feet" : {
          "estimated_diameter_min" : 913.1455937611,
          "estimated_diameter_max" : 2041.8556210042
        }
      },
      "is_potentially_hazardous_asteroid" : false,
      "close_approach_data" : [ {
        "close_approach_date" : "1997-07-22",
        "epoch_date_close_approach" : 869554800000,
        "relative_velocity" : {
          "kilometers_per_second" : "6.9150166667",
          "kilometers_per_hour" : "24894.0599999584",
          "miles_per_hour" : "15468.2007816408"
        },
        "miss_distance" : {
          "astronomical" : "0.4455647312",
          "lunar" : "173.3246765137",
          "kilometers" : "66655532",
          "miles" : "41417828"
        },
        "orbiting_body" : "Earth"
      } ],
      "orbital_data" : {
        "orbit_id" : "35",
        "orbit_determination_date" : "2016-08-02 06:16:43",
        "orbit_uncertainty" : "0",
        "minimum_orbit_intersection" : ".0643258",
        "jupiter_tisserand_invariant" : "4.982",
        "epoch_osculation" : "2457600.5",
        "eccentricity" : ".2468998184558027",
        "semi_major_axis" : "1.28557742750609",
        "inclination" : "14.01266604706248",
        "ascending_node_longitude" : "88.50663490758316",
        "orbital_period" : "532.4094856066256",
        "perihelion_distance" : ".9681685940439588",
        "perihelion_argument" : "113.3646125695602",
        "aphelion_distance" : "1.602986260968222",
        "perihelion_time" : "2457451.362863599336",
        "mean_anomaly" : "100.8422474724799",
        "mean_motion" : ".6761712736763457",
        "equinox" : "J2000"
      }
    }, {
      "links" : {
        "self" : "https://api.nasa.gov/neo/rest/v1/neo/3617713?api_key=t0TVs3DtDT2H8Oy2Zy8m2eVrNsAVKAexjcZXUckd"
      },
      "neo_reference_id" : "3617713",
      "name" : "(2012 VS76)",
      "nasa_jpl_url" : "http://ssd.jpl.nasa.gov/sbdb.cgi?sstr=3617713",
      "absolute_magnitude_h" : 26.9,
      "estimated_diameter" : {
        "kilometers" : {
          "estimated_diameter_min" : 0.0110803882,
          "estimated_diameter_max" : 0.0247765013
        },
        "meters" : {
          "estimated_diameter_min" : 11.0803882126,
          "estimated_diameter_max" : 24.7765012606
        },
        "miles" : {
          "estimated_diameter_min" : 0.0068850319,
          "estimated_diameter_max" : 0.0153953994
        },
        "feet" : {
          "estimated_diameter_min" : 36.3529808636,
          "estimated_diameter_max" : 81.2877363957
        }
      },
      "is_potentially_hazardous_asteroid" : false,
      "close_approach_data" : [ {
        "close_approach_date" : "1997-07-22",
        "epoch_date_close_approach" : 869554800000,
        "relative_velocity" : {
          "kilometers_per_second" : "23.6043785515",
          "kilometers_per_hour" : "84975.7627854133",
          "miles_per_hour" : "52800.6343818586"
        },
        "miss_distance" : {
          "astronomical" : "0.4010310902",
          "lunar" : "156.001083374",
          "kilometers" : "59993396",
          "miles" : "37278168"
        },
        "orbiting_body" : "Earth"
      } ],
      "orbital_data" : {
        "orbit_id" : "7",
        "orbit_determination_date" : "2017-04-06 08:48:00",
        "orbit_uncertainty" : "6",
        "minimum_orbit_intersection" : ".00190346",
        "jupiter_tisserand_invariant" : "6.055",
        "epoch_osculation" : "2458000.5",
        "eccentricity" : ".3862441671716078",
        "semi_major_axis" : ".991089878325892",
        "inclination" : ".8057978515425388",
        "ascending_node_longitude" : "242.3344398777288",
        "orbital_period" : "360.3860636105049",
        "perihelion_distance" : ".6082871936796979",
        "perihelion_argument" : "284.4250658581834",
        "aphelion_distance" : "1.373892562972086",
        "perihelion_time" : "2458118.235928402428",
        "mean_anomaly" : "242.3901962238961",
        "mean_motion" : ".9989287498893903",
        "equinox" : "J2000"
      }
    }, {
      "links" : {
        "self" : "https://api.nasa.gov/neo/rest/v1/neo/3631822?api_key=t0TVs3DtDT2H8Oy2Zy8m2eVrNsAVKAexjcZXUckd"
      },
      "neo_reference_id" : "3631822",
      "name" : "(2013 EY27)",
      "nasa_jpl_url" : "http://ssd.jpl.nasa.gov/sbdb.cgi?sstr=3631822",
      "absolute_magnitude_h" : 21.0,
      "estimated_diameter" : {
        "kilometers" : {
          "estimated_diameter_min" : 0.1677084622,
          "estimated_diameter_max" : 0.3750075218
        },
        "meters" : {
          "estimated_diameter_min" : 167.7084621628,
          "estimated_diameter_max" : 375.0075217981
        },
        "miles" : {
          "estimated_diameter_min" : 0.1042091748,
          "estimated_diameter_max" : 0.2330187988
        },
        "feet" : {
          "estimated_diameter_min" : 550.2246310023,
          "estimated_diameter_max" : 1230.3396778159
        }
      },
      "is_potentially_hazardous_asteroid" : false,
      "close_approach_data" : [ {
        "close_approach_date" : "1997-07-22",
        "epoch_date_close_approach" : 869554800000,
        "relative_velocity" : {
          "kilometers_per_second" : "11.1105748391",
          "kilometers_per_hour" : "39998.0694208691",
          "miles_per_hour" : "24853.2448576506"
        },
        "miss_distance" : {
          "astronomical" : "0.2006324565",
          "lunar" : "78.0460205078",
          "kilometers" : "30014188",
          "miles" : "18649952"
        },
        "orbiting_body" : "Earth"
      } ],
      "orbital_data" : {
        "orbit_id" : "15",
        "orbit_determination_date" : "2017-04-06 08:46:33",
        "orbit_uncertainty" : "4",
        "minimum_orbit_intersection" : ".192668",
        "jupiter_tisserand_invariant" : "5.373",
        "epoch_osculation" : "2458000.5",
        "eccentricity" : ".300204787511954",
        "semi_major_axis" : "1.1556894504033",
        "inclination" : "14.47482686058351",
        "ascending_node_longitude" : "337.7081471440158",
        "orbital_period" : "453.7954636812278",
        "perihelion_distance" : ".8087459445151703",
        "perihelion_argument" : "11.70543609690605",
        "aphelion_distance" : "1.50263295629143",
        "perihelion_time" : "2457948.346946506114",
        "mean_anomaly" : "41.3734837838476",
        "mean_motion" : ".7933089438128117",
        "equinox" : "J2000"
      }
    }, {
      "links" : {
        "self" : "https://api.nasa.gov/neo/rest/v1/neo/2471083?api_key=t0TVs3DtDT2H8Oy2Zy8m2eVrNsAVKAexjcZXUckd"
      },
      "neo_reference_id" : "2471083",
      "name" : "471083 (2009 XF2)",
      "nasa_jpl_url" : "http://ssd.jpl.nasa.gov/sbdb.cgi?sstr=2471083",
      "absolute_magnitude_h" : 19.9,
      "estimated_diameter" : {
        "kilometers" : {
          "estimated_diameter_min" : 0.2783267681,
          "estimated_diameter_max" : 0.6223575734
        },
        "meters" : {
          "estimated_diameter_min" : 278.3267680719,
          "estimated_diameter_max" : 622.3575733667
        },
        "miles" : {
          "estimated_diameter_min" : 0.1729441822,
          "estimated_diameter_max" : 0.3867149477
        },
        "feet" : {
          "estimated_diameter_min" : 913.1455937611,
          "estimated_diameter_max" : 2041.8556210042
        }
      },
      "is_potentially_hazardous_asteroid" : false,
      "close_approach_data" : [ {
        "close_approach_date" : "1997-07-22",
        "epoch_date_close_approach" : 869554800000,
        "relative_velocity" : {
          "kilometers_per_second" : "6.9150141974",
          "kilometers_per_hour" : "24894.0511106175",
          "miles_per_hour" : "15468.1952581501"
        },
        "miss_distance" : {
          "astronomical" : "0.4455650831",
          "lunar" : "173.3248138428",
          "kilometers" : "66655588",
          "miles" : "41417860"
        },
        "orbiting_body" : "Earth"
      } ],
      "orbital_data" : {
        "orbit_id" : "37",
        "orbit_determination_date" : "2017-04-06 09:19:12",
        "orbit_uncertainty" : "0",
        "minimum_orbit_intersection" : ".0647323",
        "jupiter_tisserand_invariant" : "4.982",
        "epoch_osculation" : "2458000.5",
        "eccentricity" : ".246945251153436",
        "semi_major_axis" : "1.285529414204267",
        "inclination" : "14.01328687299597",
        "ascending_node_longitude" : "88.50034523056725",
        "orbital_period" : "532.3796595166903",
        "perihelion_distance" : ".9680740301484645",
        "perihelion_argument" : "113.3836032352632",
        "aphelion_distance" : "1.602984798260069",
        "perihelion_time" : "2457983.785336079957",
        "mean_anomaly" : "11.30260877486977",
        "mean_motion" : ".6762091555616878",
        "equinox" : "J2000"
      }
    }, {
      "links" : {
        "self" : "https://api.nasa.gov/neo/rest/v1/neo/2488490?api_key=t0TVs3DtDT2H8Oy2Zy8m2eVrNsAVKAexjcZXUckd"
      },
      "neo_reference_id" : "2488490",
      "name" : "488490 (2000 AF205)",
      "nasa_jpl_url" : "http://ssd.jpl.nasa.gov/sbdb.cgi?sstr=2488490",
      "absolute_magnitude_h" : 21.7,
      "estimated_diameter" : {
        "kilometers" : {
          "estimated_diameter_min" : 0.1214940408,
          "estimated_diameter_max" : 0.2716689341
        },
        "meters" : {
          "estimated_diameter_min" : 121.4940407996,
          "estimated_diameter_max" : 271.6689340891
        },
        "miles" : {
          "estimated_diameter_min" : 0.0754928736,
          "estimated_diameter_max" : 0.1688071972
        },
        "feet" : {
          "estimated_diameter_min" : 398.6025088171,
          "estimated_diameter_max" : 891.3023057169
        }
      },
      "is_potentially_hazardous_asteroid" : true,
      "close_approach_data" : [ {
        "close_approach_date" : "1997-07-22",
        "epoch_date_close_approach" : 869554800000,
        "relative_velocity" : {
          "kilometers_per_second" : "7.2801011336",
          "kilometers_per_hour" : "26208.3640810266",
          "miles_per_hour" : "16284.8582257912"
        },
        "miss_distance" : {
          "astronomical" : "0.2210595657",
          "lunar" : "85.9921722412",
          "kilometers" : "33070040",
          "miles" : "20548770"
        },
        "orbiting_body" : "Earth"
      } ],
      "orbital_data" : {
        "orbit_id" : "34",
        "orbit_determination_date" : "2017-05-17 06:20:06",
        "orbit_uncertainty" : "1",
        "minimum_orbit_intersection" : ".0181806",
        "jupiter_tisserand_invariant" : "5.888",
        "epoch_osculation" : "2458000.5",
        "eccentricity" : ".276832342773757",
        "semi_major_axis" : "1.034084544486993",
        "inclination" : "2.408373826125851",
        "ascending_node_longitude" : "220.066541216687",
        "orbital_period" : "384.0895555202742",
        "perihelion_distance" : ".747816497410525",
        "perihelion_argument" : "127.3508145029687",
        "aphelion_distance" : "1.32035259156346",
        "perihelion_time" : "2457982.778879424392",
        "mean_anomaly" : "16.60967687230428",
        "mean_motion" : ".9372814095721939",
        "equinox" : "J2000"
      }
    }, {
      "links" : {
        "self" : "https://api.nasa.gov/neo/rest/v1/neo/3781300?api_key=t0TVs3DtDT2H8Oy2Zy8m2eVrNsAVKAexjcZXUckd"
      },
      "neo_reference_id" : "3781300",
      "name" : "(2017 QX34)",
      "nasa_jpl_url" : "http://ssd.jpl.nasa.gov/sbdb.cgi?sstr=3781300",
      "absolute_magnitude_h" : 21.553,
      "estimated_diameter" : {
        "kilometers" : {
          "estimated_diameter_min" : 0.1300034796,
          "estimated_diameter_max" : 0.2906966177
        },
        "meters" : {
          "estimated_diameter_min" : 130.0034796187,
          "estimated_diameter_max" : 290.696617739
        },
        "miles" : {
          "estimated_diameter_min" : 0.0807803921,
          "estimated_diameter_max" : 0.1806304481
        },
        "feet" : {
          "estimated_diameter_min" : 426.5206160723,
          "estimated_diameter_max" : 953.7290913427
        }
      },
      "is_potentially_hazardous_asteroid" : false,
      "close_approach_data" : [ {
        "close_approach_date" : "1997-07-22",
        "epoch_date_close_approach" : 869554800000,
        "relative_velocity" : {
          "kilometers_per_second" : "12.899991826",
          "kilometers_per_hour" : "46439.9705736385",
          "miles_per_hour" : "28855.9917156033"
        },
        "miss_distance" : {
          "astronomical" : "0.2692808862",
          "lunar" : "104.7502593994",
          "kilometers" : "40283848",
          "miles" : "25031222"
        },
        "orbiting_body" : "Earth"
      } ],
      "orbital_data" : {
        "orbit_id" : "2",
        "orbit_determination_date" : "2017-09-20 06:19:13",
        "orbit_uncertainty" : "5",
        "minimum_orbit_intersection" : ".240279",
        "jupiter_tisserand_invariant" : "5.816",
        "epoch_osculation" : "2458000.5",
        "eccentricity" : ".3980760445356228",
        "semi_major_axis" : "1.029245673947589",
        "inclination" : "21.27331031091566",
        "ascending_node_longitude" : "142.7486732491324",
        "orbital_period" : "381.3967625745072",
        "perihelion_distance" : ".6195276272071317",
        "perihelion_argument" : "21.20882237682118",
        "aphelion_distance" : "1.438963720688047",
        "perihelion_time" : "2458173.791673407573",
        "mean_anomaly" : "196.430173120468",
        "mean_motion" : ".9438989402267742",
        "equinox" : "J2000"
      }
    } ]
  }
}