{
  "links" : {
    "next" : "https://api.nasa.gov/neo/rest/v1/feed?start_date=2006-09-23&end_date=2006-09-23&detailed=true&api_key=t0TVs3DtDT2H8Oy2Zy8m2eVrNsAVKAexjcZXUckd",
    "prev" : "https://api.nasa.gov/neo/rest/v1/feed?start_date=2006-09-21&end_date=2006-09-21&detailed=true&api_key=t0TVs3DtDT2H8Oy2Zy8m2eVrNsAVKAexjcZXUckd",
    "self" : "https://api.nasa.gov/neo/rest/v1/feed?start_date=2006-09-22&end_date=2006-09-22&detailed=true&api_key=t0TVs3DtDT2H8Oy2Zy8m2eVrNsAVKAexjcZXUckd"
  },
  "element_count" : 10,
  "near_earth_objects" : {
    "2006-09-22" : [ {
      "links" : {
        "self" : "https://api.nasa.gov/neo/rest/v1/neo/3343101?api_key=t0TVs3DtDT2H8Oy2Zy8m2eVrNsAVKAexjcZXUckd"
      },
      "neo_reference_id" : "3343101",
      "name" : "(2006 SQ19)",
      "nasa_jpl_url" : "http://ssd.jpl.nasa.gov/sbdb.cgi?sstr=3343101",
      "absolute_magnitude_h" : 23.2,
      "estimated_diameter" : {
        "kilometers" : {
          "estimated_diameter_min" : 0.0608912622,
          "estimated_diameter_max" : 0.1361570015
        },
        "meters" : {
          "estimated_diameter_min" : 60.8912622106,
          "estimated_diameter_max" : 136.1570015386
        },
        "miles" : {
          "estimated_diameter_min" : 0.0378360645,
          "estimated_diameter_max" : 0.0846040122
        },
        "feet" : {
          "estimated_diameter_min" : 199.7744887109,
          "estimated_diameter_max" : 446.7093369279
        }
      },
      "is_potentially_hazardous_asteroid" : false,
      "close_approach_data" : [ {
        "close_approach_date" : "2006-09-22",
        "epoch_date_close_approach" : 1158908400000,
        "relative_velocity" : {
          "kilometers_per_second" : "5.5918324779",
          "kilometers_per_hour" : "20130.5969204962",
          "miles_per_hour" : "12508.3700698494"
        },
        "miss_distance" : {
          "astronomical" : "0.1499764506",
          "lunar" : "58.340839386",
          "kilometers" : "22436158",
          "miles" : "13941182"
        },
        "orbiting_body" : "Earth"
      } ],
      "orbital_data" : {
        "orbit_id" : "11",
        "orbit_determination_date" : "2017-04-06 09:08:06",
        "orbit_uncertainty" : "7",
        "minimum_orbit_intersection" : ".142193",
        "jupiter_tisserand_invariant" : "3.358",
        "epoch_osculation" : "2458000.5",
        "eccentricity" : ".5140456805962408",
        "semi_major_axis" : "2.352710848844281",
        "inclination" : "6.242607087355781",
        "ascending_node_longitude" : "349.570878505938",
        "orbital_period" : "1318.108800139255",
        "perihelion_distance" : "1.143309999303963",
        "perihelion_argument" : "14.04785996315922",
        "aphelion_distance" : "3.562111698384599",
        "perihelion_time" : "2457965.634978291715",
        "mean_anomaly" : "9.522285120664218",
        "mean_motion" : ".2731185771326062",
        "equinox" : "J2000"
      }
    }, {
      "links" : {
        "self" : "https://api.nasa.gov/neo/rest/v1/neo/3344171?api_key=t0TVs3DtDT2H8Oy2Zy8m2eVrNsAVKAexjcZXUckd"
      },
      "neo_reference_id" : "3344171",
      "name" : "(2006 SO77)",
      "nasa_jpl_url" : "http://ssd.jpl.nasa.gov/sbdb.cgi?sstr=3344171",
      "absolute_magnitude_h" : 26.5,
      "estimated_diameter" : {
        "kilometers" : {
          "estimated_diameter_min" : 0.0133215567,
          "estimated_diameter_max" : 0.0297879063
        },
        "meters" : {
          "estimated_diameter_min" : 13.3215566698,
          "estimated_diameter_max" : 29.7879062798
        },
        "miles" : {
          "estimated_diameter_min" : 0.008277629,
          "estimated_diameter_max" : 0.0185093411
        },
        "feet" : {
          "estimated_diameter_min" : 43.7058959846,
          "estimated_diameter_max" : 97.7293544391
        }
      },
      "is_potentially_hazardous_asteroid" : false,
      "close_approach_data" : [ {
        "close_approach_date" : "2006-09-22",
        "epoch_date_close_approach" : 1158908400000,
        "relative_velocity" : {
          "kilometers_per_second" : "7.9945667486",
          "kilometers_per_hour" : "28780.4402948777",
          "miles_per_hour" : "17883.0463598922"
        },
        "miss_distance" : {
          "astronomical" : "0.0040945511",
          "lunar" : "1.5927804708",
          "kilometers" : "612536.1875",
          "miles" : "380612.3125"
        },
        "orbiting_body" : "Earth"
      } ],
      "orbital_data" : {
        "orbit_id" : "8",
        "orbit_determination_date" : "2017-04-06 09:08:04",
        "orbit_uncertainty" : "7",
        "minimum_orbit_intersection" : ".00253393",
        "jupiter_tisserand_invariant" : "3.910",
        "epoch_osculation" : "2458000.5",
        "eccentricity" : ".4630129630253308",
        "semi_major_axis" : "1.817528078469182",
        "inclination" : "2.146349421845863",
        "ascending_node_longitude" : "354.5843046669433",
        "orbital_period" : "894.9939924688698",
        "perihelion_distance" : ".9759890174754301",
        "perihelion_argument" : "339.8631545921094",
        "aphelion_distance" : "2.659067139462934",
        "perihelion_time" : "2457562.411519179296",
        "mean_anomaly" : "176.2155438165572",
        "mean_motion" : ".4022373368193549",
        "equinox" : "J2000"
      }
    }, {
      "links" : {
        "self" : "https://api.nasa.gov/neo/rest/v1/neo/3345301?api_key=t0TVs3DtDT2H8Oy2Zy8m2eVrNsAVKAexjcZXUckd"
      },
      "neo_reference_id" : "3345301",
      "name" : "(2006 SQ131)",
      "nasa_jpl_url" : "http://ssd.jpl.nasa.gov/sbdb.cgi?sstr=3345301",
      "absolute_magnitude_h" : 22.6,
      "estimated_diameter" : {
        "kilometers" : {
          "estimated_diameter_min" : 0.0802703167,
          "estimated_diameter_max" : 0.1794898848
        },
        "meters" : {
          "estimated_diameter_min" : 80.2703167283,
          "estimated_diameter_max" : 179.4898847799
        },
        "miles" : {
          "estimated_diameter_min" : 0.049877647,
          "estimated_diameter_max" : 0.1115298092
        },
        "feet" : {
          "estimated_diameter_min" : 263.3540659348,
          "estimated_diameter_max" : 588.8775935812
        }
      },
      "is_potentially_hazardous_asteroid" : false,
      "close_approach_data" : [ {
        "close_approach_date" : "2006-09-22",
        "epoch_date_close_approach" : 1158908400000,
        "relative_velocity" : {
          "kilometers_per_second" : "6.8883636416",
          "kilometers_per_hour" : "24798.1091096372",
          "miles_per_hour" : "15408.5806298187"
        },
        "miss_distance" : {
          "astronomical" : "0.2113724757",
          "lunar" : "82.2238922119",
          "kilometers" : "31620874",
          "miles" : "19648300"
        },
        "orbiting_body" : "Earth"
      } ],
      "orbital_data" : {
        "orbit_id" : "10",
        "orbit_determination_date" : "2017-04-06 09:08:03",
        "orbit_uncertainty" : "7",
        "minimum_orbit_intersection" : ".196213",
        "jupiter_tisserand_invariant" : "4.090",
        "epoch_osculation" : "2458000.5",
        "eccentricity" : ".305365761964529",
        "semi_major_axis" : "1.722002693999244",
        "inclination" : "12.84628738092724",
        "ascending_node_longitude" : "184.962354205721",
        "orbital_period" : "825.3709261419583",
        "perihelion_distance" : "1.196162029241194",
        "perihelion_argument" : "166.510278435459",
        "aphelion_distance" : "2.247843358757295",
        "perihelion_time" : "2458114.200699970426",
        "mean_anomaly" : "310.4074462851707",
        "mean_motion" : ".4361675321939828",
        "equinox" : "J2000"
      }
    }, {
      "links" : {
        "self" : "https://api.nasa.gov/neo/rest/v1/neo/3346474?api_key=t0TVs3DtDT2H8Oy2Zy8m2eVrNsAVKAexjcZXUckd"
      },
      "neo_reference_id" : "3346474",
      "name" : "(2006 SM198)",
      "nasa_jpl_url" : "http://ssd.jpl.nasa.gov/sbdb.cgi?sstr=3346474",
      "absolute_magnitude_h" : 21.6,
      "estimated_diameter" : {
        "kilometers" : {
          "estimated_diameter_min" : 0.1272198785,
          "estimated_diameter_max" : 0.2844722965
        },
        "meters" : {
          "estimated_diameter_min" : 127.2198785394,
          "estimated_diameter_max" : 284.4722965033
        },
        "miles" : {
          "estimated_diameter_min" : 0.0790507431,
          "estimated_diameter_max" : 0.1767628354
        },
        "feet" : {
          "estimated_diameter_min" : 417.3880663071,
          "estimated_diameter_max" : 933.3080892598
        }
      },
      "is_potentially_hazardous_asteroid" : false,
      "close_approach_data" : [ {
        "close_approach_date" : "2006-09-22",
        "epoch_date_close_approach" : 1158908400000,
        "relative_velocity" : {
          "kilometers_per_second" : "9.9149586636",
          "kilometers_per_hour" : "35693.8511888133",
          "miles_per_hour" : "22178.7710345157"
        },
        "miss_distance" : {
          "astronomical" : "0.1524954144",
          "lunar" : "59.3207168579",
          "kilometers" : "22812990",
          "miles" : "14175334"
        },
        "orbiting_body" : "Earth"
      } ],
      "orbital_data" : {
        "orbit_id" : "15",
        "orbit_determination_date" : "2017-04-06 09:08:00",
        "orbit_uncertainty" : "6",
        "minimum_orbit_intersection" : ".100461",
        "jupiter_tisserand_invariant" : "3.317",
        "epoch_osculation" : "2458000.5",
        "eccentricity" : ".5350858034166772",
        "semi_major_axis" : "2.365922594215145",
        "inclination" : "11.10957231829545",
        "ascending_node_longitude" : "359.1507905302618",
        "orbital_period" : "1329.227214669799",
        "perihelion_distance" : "1.099951002067865",
        "perihelion_argument" : "345.7221000245898",
        "aphelion_distance" : "3.631894186362425",
        "perihelion_time" : "2457988.869305999422",
        "mean_anomaly" : "3.149988048693583",
        "mean_motion" : ".2708340575839246",
        "equinox" : "J2000"
      }
    }, {
      "links" : {
        "self" : "https://api.nasa.gov/neo/rest/v1/neo/2066063?api_key=t0TVs3DtDT2H8Oy2Zy8m2eVrNsAVKAexjcZXUckd"
      },
      "neo_reference_id" : "2066063",
      "name" : "66063 (1998 RO1)",
      "nasa_jpl_url" : "http://ssd.jpl.nasa.gov/sbdb.cgi?sstr=2066063",
      "absolute_magnitude_h" : 18.1,
      "estimated_diameter" : {
        "kilometers" : {
          "estimated_diameter_min" : 0.6376097899,
          "estimated_diameter_max" : 1.4257388333
        },
        "meters" : {
          "estimated_diameter_min" : 637.6097898754,
          "estimated_diameter_max" : 1425.7388332807
        },
        "miles" : {
          "estimated_diameter_min" : 0.3961922327,
          "estimated_diameter_max" : 0.8859127646
        },
        "feet" : {
          "estimated_diameter_min" : 2091.8957030147,
          "estimated_diameter_max" : 4677.6209937807
        }
      },
      "is_potentially_hazardous_asteroid" : false,
      "close_approach_data" : [ {
        "close_approach_date" : "2006-09-22",
        "epoch_date_close_approach" : 1158908400000,
        "relative_velocity" : {
          "kilometers_per_second" : "28.3620078267",
          "kilometers_per_hour" : "102103.2281762525",
          "miles_per_hour" : "63442.9753076276"
        },
        "miss_distance" : {
          "astronomical" : "0.1684406124",
          "lunar" : "65.523399353",
          "kilometers" : "25198356",
          "miles" : "15657533"
        },
        "orbiting_body" : "Earth"
      } ],
      "orbital_data" : {
        "orbit_id" : "120",
        "orbit_determination_date" : "2017-04-06 09:28:54",
        "orbit_uncertainty" : "0",
        "minimum_orbit_intersection" : ".0920815",
        "jupiter_tisserand_invariant" : "5.810",
        "epoch_osculation" : "2458000.5",
        "eccentricity" : ".7200434971207683",
        "semi_major_axis" : ".9909675638965778",
        "inclination" : "22.67803717390146",
        "ascending_node_longitude" : "351.8751141992348",
        "orbital_period" : "360.3193506060588",
        "perihelion_distance" : ".2774278136552375",
        "perihelion_argument" : "151.1313673774323",
        "aphelion_distance" : "1.704507314137918",
        "perihelion_time" : "2458011.535810189743",
        "mean_anomaly" : "348.9739708355243",
        "mean_motion" : ".9991137012055511",
        "equinox" : "J2000"
      }
    }, {
      "links" : {
        "self" : "https://api.nasa.gov/neo/rest/v1/neo/3256739?api_key=t0TVs3DtDT2H8Oy2Zy8m2eVrNsAVKAexjcZXUckd"
      },
      "neo_reference_id" : "3256739",
      "name" : "(2004 TK14)",
      "nasa_jpl_url" : "http://ssd.jpl.nasa.gov/sbdb.cgi?sstr=3256739",
      "absolute_magnitude_h" : 20.1,
      "estimated_diameter" : {
        "kilometers" : {
          "estimated_diameter_min" : 0.2538370294,
          "estimated_diameter_max" : 0.5675968529
        },
        "meters" : {
          "estimated_diameter_min" : 253.8370293645,
          "estimated_diameter_max" : 567.5968528656
        },
        "miles" : {
          "estimated_diameter_min" : 0.1577269688,
          "estimated_diameter_max" : 0.3526882241
        },
        "feet" : {
          "estimated_diameter_min" : 832.7986794202,
          "estimated_diameter_max" : 1862.1944587557
        }
      },
      "is_potentially_hazardous_asteroid" : false,
      "close_approach_data" : [ {
        "close_approach_date" : "2006-09-22",
        "epoch_date_close_approach" : 1158908400000,
        "relative_velocity" : {
          "kilometers_per_second" : "6.4778561379",
          "kilometers_per_hour" : "23320.2820962864",
          "miles_per_hour" : "14490.3163947731"
        },
        "miss_distance" : {
          "astronomical" : "0.4828550134",
          "lunar" : "187.8305969238",
          "kilometers" : "72234080",
          "miles" : "44884180"
        },
        "orbiting_body" : "Earth"
      } ],
      "orbital_data" : {
        "orbit_id" : "19",
        "orbit_determination_date" : "2017-04-06 09:11:59",
        "orbit_uncertainty" : "1",
        "minimum_orbit_intersection" : ".307314",
        "jupiter_tisserand_invariant" : "4.279",
        "epoch_osculation" : "2458000.5",
        "eccentricity" : ".2349307073742521",
        "semi_major_axis" : "1.620393042576359",
        "inclination" : "10.21845850725357",
        "ascending_node_longitude" : "357.7300415025319",
        "orbital_period" : "753.4058387368392",
        "perihelion_distance" : "1.239712958859579",
        "perihelion_argument" : "71.93795221688076",
        "aphelion_distance" : "2.00107312629314",
        "perihelion_time" : "2457878.934890570701",
        "mean_anomaly" : "58.08747045008484",
        "mean_motion" : ".4778301169042919",
        "equinox" : "J2000"
      }
    }, {
      "links" : {
        "self" : "https://api.nasa.gov/neo/rest/v1/neo/3401381?api_key=t0TVs3DtDT2H8Oy2Zy8m2eVrNsAVKAexjcZXUckd"
      },
      "neo_reference_id" : "3401381",
      "name" : "(2008 CG)",
      "nasa_jpl_url" : "http://ssd.jpl.nasa.gov/sbdb.cgi?sstr=3401381",
      "absolute_magnitude_h" : 22.0,
      "estimated_diameter" : {
        "kilometers" : {
          "estimated_diameter_min" : 0.1058168859,
          "estimated_diameter_max" : 0.2366137501
        },
        "meters" : {
          "estimated_diameter_min" : 105.8168859331,
          "estimated_diameter_max" : 236.6137501138
        },
        "miles" : {
          "estimated_diameter_min" : 0.0657515442,
          "estimated_diameter_max" : 0.1470249225
        },
        "feet" : {
          "estimated_diameter_min" : 347.1682720448,
          "estimated_diameter_max" : 776.2918559233
        }
      },
      "is_potentially_hazardous_asteroid" : false,
      "close_approach_data" : [ {
        "close_approach_date" : "2006-09-22",
        "epoch_date_close_approach" : 1158908400000,
        "relative_velocity" : {
          "kilometers_per_second" : "12.2663684781",
          "kilometers_per_hour" : "44158.9265212162",
          "miles_per_hour" : "27438.6396486968"
        },
        "miss_distance" : {
          "astronomical" : "0.310771469",
          "lunar" : "120.8900985718",
          "kilometers" : "46490748",
          "miles" : "28888012"
        },
        "orbiting_body" : "Earth"
      } ],
      "orbital_data" : {
        "orbit_id" : "18",
        "orbit_determination_date" : "2017-04-06 09:04:34",
        "orbit_uncertainty" : "2",
        "minimum_orbit_intersection" : ".125474",
        "jupiter_tisserand_invariant" : "5.873",
        "epoch_osculation" : "2458000.5",
        "eccentricity" : ".2517472918268898",
        "semi_major_axis" : "1.028003018192032",
        "inclination" : "19.35467934607657",
        "ascending_node_longitude" : "138.9980415811181",
        "orbital_period" : "380.7062542564041",
        "perihelion_distance" : ".7692060423723193",
        "perihelion_argument" : "230.975952671315",
        "aphelion_distance" : "1.286799994011745",
        "perihelion_time" : "2457819.258713986548",
        "mean_anomaly" : "171.3837433332502",
        "mean_motion" : ".9456109427546767",
        "equinox" : "J2000"
      }
    }, {
      "links" : {
        "self" : "https://api.nasa.gov/neo/rest/v1/neo/3512346?api_key=t0TVs3DtDT2H8Oy2Zy8m2eVrNsAVKAexjcZXUckd"
      },
      "neo_reference_id" : "3512346",
      "name" : "(2010 FB6)",
      "nasa_jpl_url" : "http://ssd.jpl.nasa.gov/sbdb.cgi?sstr=3512346",
      "absolute_magnitude_h" : 22.0,
      "estimated_diameter" : {
        "kilometers" : {
          "estimated_diameter_min" : 0.1058168859,
          "estimated_diameter_max" : 0.2366137501
        },
        "meters" : {
          "estimated_diameter_min" : 105.8168859331,
          "estimated_diameter_max" : 236.6137501138
        },
        "miles" : {
          "estimated_diameter_min" : 0.0657515442,
          "estimated_diameter_max" : 0.1470249225
        },
        "feet" : {
          "estimated_diameter_min" : 347.1682720448,
          "estimated_diameter_max" : 776.2918559233
        }
      },
      "is_potentially_hazardous_asteroid" : false,
      "close_approach_data" : [ {
        "close_approach_date" : "2006-09-22",
        "epoch_date_close_approach" : 1158908400000,
        "relative_velocity" : {
          "kilometers_per_second" : "18.4447405771",
          "kilometers_per_hour" : "66401.066077704",
          "miles_per_hour" : "41259.0401970045"
        },
        "miss_distance" : {
          "astronomical" : "0.3854894305",
          "lunar" : "149.9553833008",
          "kilometers" : "57668400",
          "miles" : "35833480"
        },
        "orbiting_body" : "Earth"
      } ],
      "orbital_data" : {
        "orbit_id" : "11",
        "orbit_determination_date" : "2017-04-06 08:58:05",
        "orbit_uncertainty" : "7",
        "minimum_orbit_intersection" : ".1105",
        "jupiter_tisserand_invariant" : "4.898",
        "epoch_osculation" : "2458000.5",
        "eccentricity" : ".1863157960772002",
        "semi_major_axis" : "1.296696356108867",
        "inclination" : "25.49686007933858",
        "ascending_node_longitude" : "2.976721501898416",
        "orbital_period" : "539.3315946622242",
        "perihelion_distance" : "1.055101342250039",
        "perihelion_argument" : "49.61523110902252",
        "aphelion_distance" : "1.538291369967695",
        "perihelion_time" : "2457809.421788887427",
        "mean_anomaly" : "127.54334565474",
        "mean_motion" : ".6674928811197551",
        "equinox" : "J2000"
      }
    }, {
      "links" : {
        "self" : "https://api.nasa.gov/neo/rest/v1/neo/3686160?api_key=t0TVs3DtDT2H8Oy2Zy8m2eVrNsAVKAexjcZXUckd"
      },
      "neo_reference_id" : "3686160",
      "name" : "(2014 QK434)",
      "nasa_jpl_url" : "http://ssd.jpl.nasa.gov/sbdb.cgi?sstr=3686160",
      "absolute_magnitude_h" : 19.1,
      "estimated_diameter" : {
        "kilometers" : {
          "estimated_diameter_min" : 0.4023045798,
          "estimated_diameter_max" : 0.8995803882
        },
        "meters" : {
          "estimated_diameter_min" : 402.3045798343,
          "estimated_diameter_max" : 899.5803881691
        },
        "miles" : {
          "estimated_diameter_min" : 0.2499803991,
          "estimated_diameter_max" : 0.5589731654
        },
        "feet" : {
          "estimated_diameter_min" : 1319.8969577037,
          "estimated_diameter_max" : 2951.3793207207
        }
      },
      "is_potentially_hazardous_asteroid" : true,
      "close_approach_data" : [ {
        "close_approach_date" : "2006-09-22",
        "epoch_date_close_approach" : 1158908400000,
        "relative_velocity" : {
          "kilometers_per_second" : "17.97602406",
          "kilometers_per_hour" : "64713.6866161458",
          "miles_per_hour" : "40210.5682199046"
        },
        "miss_distance" : {
          "astronomical" : "0.3374681007",
          "lunar" : "131.2750854492",
          "kilometers" : "50484508",
          "miles" : "31369618"
        },
        "orbiting_body" : "Earth"
      } ],
      "orbital_data" : {
        "orbit_id" : "54",
        "orbit_determination_date" : "2017-04-06 08:38:51",
        "orbit_uncertainty" : "3",
        "minimum_orbit_intersection" : ".00834162",
        "jupiter_tisserand_invariant" : "3.731",
        "epoch_osculation" : "2458000.5",
        "eccentricity" : ".5036470276163041",
        "semi_major_axis" : "1.940609937118224",
        "inclination" : "5.972736362771182",
        "ascending_node_longitude" : "252.3131967393653",
        "orbital_period" : "987.4288301045307",
        "perihelion_distance" : ".9632275105259676",
        "perihelion_argument" : "165.9196405928521",
        "aphelion_distance" : "2.91799236371048",
        "perihelion_time" : "2457982.330893926284",
        "mean_anomaly" : "6.62415152071811",
        "mean_motion" : ".3645832378237223",
        "equinox" : "J2000"
      }
    }, {
      "links" : {
        "self" : "https://api.nasa.gov/neo/rest/v1/neo/3692287?api_key=t0TVs3DtDT2H8Oy2Zy8m2eVrNsAVKAexjcZXUckd"
      },
      "neo_reference_id" : "3692287",
      "name" : "(2014 TC)",
      "nasa_jpl_url" : "http://ssd.jpl.nasa.gov/sbdb.cgi?sstr=3692287",
      "absolute_magnitude_h" : 26.2,
      "estimated_diameter" : {
        "kilometers" : {
          "estimated_diameter_min" : 0.0152951935,
          "estimated_diameter_max" : 0.0342010925
        },
        "meters" : {
          "estimated_diameter_min" : 15.2951935344,
          "estimated_diameter_max" : 34.201092472
        },
        "miles" : {
          "estimated_diameter_min" : 0.0095039897,
          "estimated_diameter_max" : 0.021251567
        },
        "feet" : {
          "estimated_diameter_min" : 50.1810827555,
          "estimated_diameter_max" : 112.2083122258
        }
      },
      "is_potentially_hazardous_asteroid" : false,
      "close_approach_data" : [ {
        "close_approach_date" : "2006-09-22",
        "epoch_date_close_approach" : 1158908400000,
        "relative_velocity" : {
          "kilometers_per_second" : "19.6864866601",
          "kilometers_per_hour" : "70871.3519764248",
          "miles_per_hour" : "44036.702010018"
        },
        "miss_distance" : {
          "astronomical" : "0.3804831466",
          "lunar" : "148.0079498291",
          "kilometers" : "56919468",
          "miles" : "35368120"
        },
        "orbiting_body" : "Earth"
      } ],
      "orbital_data" : {
        "orbit_id" : "3",
        "orbit_determination_date" : "2017-04-06 08:38:17",
        "orbit_uncertainty" : "6",
        "minimum_orbit_intersection" : ".0155137",
        "jupiter_tisserand_invariant" : "6.388",
        "epoch_osculation" : "2458000.5",
        "eccentricity" : ".244284104276878",
        "semi_major_axis" : ".929131053110323",
        "inclination" : "15.95315003758984",
        "ascending_node_longitude" : "188.0441622448986",
        "orbital_period" : "327.125115975312",
        "perihelion_distance" : ".7021591060454354",
        "perihelion_argument" : "306.1451095106948",
        "aphelion_distance" : "1.156103000175211",
        "perihelion_time" : "2458004.887491543605",
        "mean_anomaly" : "355.1715815186231",
        "mean_motion" : "1.100496361848196",
        "equinox" : "J2000"
      }
    } ]
  }
}