{
  "links" : {
    "next" : "https://api.nasa.gov/neo/rest/v1/feed?start_date=2002-03-09&end_date=2002-03-09&detailed=true&api_key=t0TVs3DtDT2H8Oy2Zy8m2eVrNsAVKAexjcZXUckd",
    "prev" : "https://api.nasa.gov/neo/rest/v1/feed?start_date=2002-03-07&end_date=2002-03-07&detailed=true&api_key=t0TVs3DtDT2H8Oy2Zy8m2eVrNsAVKAexjcZXUckd",
    "self" : "https://api.nasa.gov/neo/rest/v1/feed?start_date=2002-03-08&end_date=2002-03-08&detailed=true&api_key=t0TVs3DtDT2H8Oy2Zy8m2eVrNsAVKAexjcZXUckd"
  },
  "element_count" : 7,
  "near_earth_objects" : {
    "2002-03-08" : [ {
      "links" : {
        "self" : "https://api.nasa.gov/neo/rest/v1/neo/2334412?api_key=t0TVs3DtDT2H8Oy2Zy8m2eVrNsAVKAexjcZXUckd"
      },
      "neo_reference_id" : "2334412",
      "name" : "334412 (2002 EZ2)",
      "nasa_jpl_url" : "http://ssd.jpl.nasa.gov/sbdb.cgi?sstr=2334412",
      "absolute_magnitude_h" : 20.2,
      "estimated_diameter" : {
        "kilometers" : {
          "estimated_diameter_min" : 0.2424124811,
          "estimated_diameter_max" : 0.5420507863
        },
        "meters" : {
          "estimated_diameter_min" : 242.4124811008,
          "estimated_diameter_max" : 542.0507863358
        },
        "miles" : {
          "estimated_diameter_min" : 0.1506280858,
          "estimated_diameter_max" : 0.3368146392
        },
        "feet" : {
          "estimated_diameter_min" : 795.3165644948,
          "estimated_diameter_max" : 1778.3819018419
        }
      },
      "is_potentially_hazardous_asteroid" : false,
      "close_approach_data" : [ {
        "close_approach_date" : "2002-03-08",
        "epoch_date_close_approach" : 1015574400000,
        "relative_velocity" : {
          "kilometers_per_second" : "7.587485281",
          "kilometers_per_hour" : "27314.9470115383",
          "miles_per_hour" : "16972.4458250306"
        },
        "miss_distance" : {
          "astronomical" : "0.3176490128",
          "lunar" : "123.5654602051",
          "kilometers" : "47519616",
          "miles" : "29527320"
        },
        "orbiting_body" : "Earth"
      } ],
      "orbital_data" : {
        "orbit_id" : "99",
        "orbit_determination_date" : "2017-04-06 09:23:25",
        "orbit_uncertainty" : "0",
        "minimum_orbit_intersection" : ".188858",
        "jupiter_tisserand_invariant" : "5.119",
        "epoch_osculation" : "2458000.5",
        "eccentricity" : ".04605183130870918",
        "semi_major_axis" : "1.249268667291931",
        "inclination" : "13.02565861435315",
        "ascending_node_longitude" : "181.1006254985462",
        "orbital_period" : "510.0141181260258",
        "perihelion_distance" : "1.191737557366547",
        "perihelion_argument" : "186.2452100303755",
        "aphelion_distance" : "1.306799777217315",
        "perihelion_time" : "2458239.782021581506",
        "mean_anomaly" : "191.0997191884475",
        "mean_motion" : ".7058628128232385",
        "equinox" : "J2000"
      }
    }, {
      "links" : {
        "self" : "https://api.nasa.gov/neo/rest/v1/neo/2366470?api_key=t0TVs3DtDT2H8Oy2Zy8m2eVrNsAVKAexjcZXUckd"
      },
      "neo_reference_id" : "2366470",
      "name" : "366470 (2002 FD)",
      "nasa_jpl_url" : "http://ssd.jpl.nasa.gov/sbdb.cgi?sstr=2366470",
      "absolute_magnitude_h" : 19.4,
      "estimated_diameter" : {
        "kilometers" : {
          "estimated_diameter_min" : 0.3503926411,
          "estimated_diameter_max" : 0.7835017643
        },
        "meters" : {
          "estimated_diameter_min" : 350.3926411083,
          "estimated_diameter_max" : 783.5017643338
        },
        "miles" : {
          "estimated_diameter_min" : 0.2177238258,
          "estimated_diameter_max" : 0.4868452748
        },
        "feet" : {
          "estimated_diameter_min" : 1149.5821926537,
          "estimated_diameter_max" : 2570.543928497
        }
      },
      "is_potentially_hazardous_asteroid" : false,
      "close_approach_data" : [ {
        "close_approach_date" : "2002-03-08",
        "epoch_date_close_approach" : 1015574400000,
        "relative_velocity" : {
          "kilometers_per_second" : "11.9200165078",
          "kilometers_per_hour" : "42912.0594279014",
          "miles_per_hour" : "26663.8849261869"
        },
        "miss_distance" : {
          "astronomical" : "0.3064980455",
          "lunar" : "119.2277450562",
          "kilometers" : "45851456",
          "miles" : "28490774"
        },
        "orbiting_body" : "Earth"
      } ],
      "orbital_data" : {
        "orbit_id" : "43",
        "orbit_determination_date" : "2017-04-06 09:22:38",
        "orbit_uncertainty" : "0",
        "minimum_orbit_intersection" : ".233191",
        "jupiter_tisserand_invariant" : "4.579",
        "epoch_osculation" : "2458000.5",
        "eccentricity" : ".2822307254486634",
        "semi_major_axis" : "1.423905009305708",
        "inclination" : "22.81163393068277",
        "ascending_node_longitude" : "182.213576535154",
        "orbital_period" : "620.6116926803154",
        "perihelion_distance" : "1.022035265559373",
        "perihelion_argument" : "267.132152473681",
        "aphelion_distance" : "1.825774753052044",
        "perihelion_time" : "2457836.659562200062",
        "mean_anomaly" : "95.0393914643183",
        "mean_motion" : ".5800728607693835",
        "equinox" : "J2000"
      }
    }, {
      "links" : {
        "self" : "https://api.nasa.gov/neo/rest/v1/neo/3117427?api_key=t0TVs3DtDT2H8Oy2Zy8m2eVrNsAVKAexjcZXUckd"
      },
      "neo_reference_id" : "3117427",
      "name" : "(2002 EM7)",
      "nasa_jpl_url" : "http://ssd.jpl.nasa.gov/sbdb.cgi?sstr=3117427",
      "absolute_magnitude_h" : 24.4,
      "estimated_diameter" : {
        "kilometers" : {
          "estimated_diameter_min" : 0.0350392641,
          "estimated_diameter_max" : 0.0783501764
        },
        "meters" : {
          "estimated_diameter_min" : 35.0392641108,
          "estimated_diameter_max" : 78.3501764334
        },
        "miles" : {
          "estimated_diameter_min" : 0.0217723826,
          "estimated_diameter_max" : 0.0486845275
        },
        "feet" : {
          "estimated_diameter_min" : 114.9582192654,
          "estimated_diameter_max" : 257.0543928497
        }
      },
      "is_potentially_hazardous_asteroid" : false,
      "close_approach_data" : [ {
        "close_approach_date" : "2002-03-08",
        "epoch_date_close_approach" : 1015574400000,
        "relative_velocity" : {
          "kilometers_per_second" : "10.2861022881",
          "kilometers_per_hour" : "37029.9682370052",
          "miles_per_hour" : "23008.9822081547"
        },
        "miss_distance" : {
          "astronomical" : "0.003110141",
          "lunar" : "1.2098448277",
          "kilometers" : "465270.46875",
          "miles" : "289105.6875"
        },
        "orbiting_body" : "Earth"
      } ],
      "orbital_data" : {
        "orbit_id" : "16",
        "orbit_determination_date" : "2017-04-06 09:15:22",
        "orbit_uncertainty" : "5",
        "minimum_orbit_intersection" : ".000518411",
        "jupiter_tisserand_invariant" : "6.434",
        "epoch_osculation" : "2458000.5",
        "eccentricity" : ".363321385022962",
        "semi_major_axis" : ".9208226691135825",
        "inclination" : "1.557553733122076",
        "ascending_node_longitude" : "345.9633342947247",
        "orbital_period" : "322.7471607475732",
        "perihelion_distance" : ".5862681016106951",
        "perihelion_argument" : "58.95174491868227",
        "aphelion_distance" : "1.25537723661647",
        "perihelion_time" : "2458079.804995047641",
        "mean_anomaly" : "271.5412877652546",
        "mean_motion" : "1.115424219894418",
        "equinox" : "J2000"
      }
    }, {
      "links" : {
        "self" : "https://api.nasa.gov/neo/rest/v1/neo/3117446?api_key=t0TVs3DtDT2H8Oy2Zy8m2eVrNsAVKAexjcZXUckd"
      },
      "neo_reference_id" : "3117446",
      "name" : "(2002 FW1)",
      "nasa_jpl_url" : "http://ssd.jpl.nasa.gov/sbdb.cgi?sstr=3117446",
      "absolute_magnitude_h" : 24.0,
      "estimated_diameter" : {
        "kilometers" : {
          "estimated_diameter_min" : 0.0421264611,
          "estimated_diameter_max" : 0.0941976306
        },
        "meters" : {
          "estimated_diameter_min" : 42.1264610556,
          "estimated_diameter_max" : 94.1976305719
        },
        "miles" : {
          "estimated_diameter_min" : 0.0261761612,
          "estimated_diameter_max" : 0.0585316759
        },
        "feet" : {
          "estimated_diameter_min" : 138.2101784897,
          "estimated_diameter_max" : 309.0473542854
        }
      },
      "is_potentially_hazardous_asteroid" : false,
      "close_approach_data" : [ {
        "close_approach_date" : "2002-03-08",
        "epoch_date_close_approach" : 1015574400000,
        "relative_velocity" : {
          "kilometers_per_second" : "9.1810557682",
          "kilometers_per_hour" : "33051.8007655715",
          "miles_per_hour" : "20537.1036479186"
        },
        "miss_distance" : {
          "astronomical" : "0.0122559603",
          "lunar" : "4.7675685883",
          "kilometers" : "1833465.5",
          "miles" : "1139262.625"
        },
        "orbiting_body" : "Earth"
      } ],
      "orbital_data" : {
        "orbit_id" : "8",
        "orbit_determination_date" : "2017-04-06 09:15:19",
        "orbit_uncertainty" : "8",
        "minimum_orbit_intersection" : ".00849026",
        "jupiter_tisserand_invariant" : "7.057",
        "epoch_osculation" : "2452358.5",
        "eccentricity" : ".3420395941822435",
        "semi_major_axis" : ".8240252786422374",
        "inclination" : "6.628118117921677",
        "ascending_node_longitude" : "164.2963041743963",
        "orbital_period" : "273.2179503692442",
        "perihelion_distance" : ".5421760067395364",
        "perihelion_argument" : "223.2220307604914",
        "aphelion_distance" : "1.105874550544939",
        "perihelion_time" : "2452259.501451589731",
        "mean_anomaly" : "130.4433964881567",
        "mean_motion" : "1.317629385307492",
        "equinox" : "J2000"
      }
    }, {
      "links" : {
        "self" : "https://api.nasa.gov/neo/rest/v1/neo/3645650?api_key=t0TVs3DtDT2H8Oy2Zy8m2eVrNsAVKAexjcZXUckd"
      },
      "neo_reference_id" : "3645650",
      "name" : "(2013 PZ38)",
      "nasa_jpl_url" : "http://ssd.jpl.nasa.gov/sbdb.cgi?sstr=3645650",
      "absolute_magnitude_h" : 24.0,
      "estimated_diameter" : {
        "kilometers" : {
          "estimated_diameter_min" : 0.0421264611,
          "estimated_diameter_max" : 0.0941976306
        },
        "meters" : {
          "estimated_diameter_min" : 42.1264610556,
          "estimated_diameter_max" : 94.1976305719
        },
        "miles" : {
          "estimated_diameter_min" : 0.0261761612,
          "estimated_diameter_max" : 0.0585316759
        },
        "feet" : {
          "estimated_diameter_min" : 138.2101784897,
          "estimated_diameter_max" : 309.0473542854
        }
      },
      "is_potentially_hazardous_asteroid" : false,
      "close_approach_data" : [ {
        "close_approach_date" : "2002-03-08",
        "epoch_date_close_approach" : 1015574400000,
        "relative_velocity" : {
          "kilometers_per_second" : "6.9594903259",
          "kilometers_per_hour" : "25054.1651731318",
          "miles_per_hour" : "15567.6839099385"
        },
        "miss_distance" : {
          "astronomical" : "0.3497708111",
          "lunar" : "136.0608520508",
          "kilometers" : "52324968",
          "miles" : "32513228"
        },
        "orbiting_body" : "Earth"
      } ],
      "orbital_data" : {
        "orbit_id" : "12",
        "orbit_determination_date" : "2017-04-06 08:45:08",
        "orbit_uncertainty" : "6",
        "minimum_orbit_intersection" : ".0951041",
        "jupiter_tisserand_invariant" : "5.193",
        "epoch_osculation" : "2458000.5",
        "eccentricity" : ".09646506673921017",
        "semi_major_axis" : "1.226650338522575",
        "inclination" : "10.21647757530511",
        "ascending_node_longitude" : "320.4758377431419",
        "orbital_period" : "496.2260980467263",
        "perihelion_distance" : "1.10832143175132",
        "perihelion_argument" : ".006917624573690205",
        "aphelion_distance" : "1.34497924529383",
        "perihelion_time" : "2458004.911354479767",
        "mean_anomaly" : "356.7996693060541",
        "mean_motion" : ".7254757486900683",
        "equinox" : "J2000"
      }
    }, {
      "links" : {
        "self" : "https://api.nasa.gov/neo/rest/v1/neo/3729843?api_key=t0TVs3DtDT2H8Oy2Zy8m2eVrNsAVKAexjcZXUckd"
      },
      "neo_reference_id" : "3729843",
      "name" : "(2015 TD145)",
      "nasa_jpl_url" : "http://ssd.jpl.nasa.gov/sbdb.cgi?sstr=3729843",
      "absolute_magnitude_h" : 22.2,
      "estimated_diameter" : {
        "kilometers" : {
          "estimated_diameter_min" : 0.096506147,
          "estimated_diameter_max" : 0.2157943048
        },
        "meters" : {
          "estimated_diameter_min" : 96.5061469579,
          "estimated_diameter_max" : 215.7943048444
        },
        "miles" : {
          "estimated_diameter_min" : 0.059966121,
          "estimated_diameter_max" : 0.134088323
        },
        "feet" : {
          "estimated_diameter_min" : 316.6212271853,
          "estimated_diameter_max" : 707.9865871058
        }
      },
      "is_potentially_hazardous_asteroid" : false,
      "close_approach_data" : [ {
        "close_approach_date" : "2002-03-08",
        "epoch_date_close_approach" : 1015574400000,
        "relative_velocity" : {
          "kilometers_per_second" : "22.1957154506",
          "kilometers_per_hour" : "79904.5756220567",
          "miles_per_hour" : "49649.5958913829"
        },
        "miss_distance" : {
          "astronomical" : "0.2915941967",
          "lunar" : "113.4301452637",
          "kilometers" : "43621872",
          "miles" : "27105376"
        },
        "orbiting_body" : "Earth"
      } ],
      "orbital_data" : {
        "orbit_id" : "8",
        "orbit_determination_date" : "2017-04-06 08:31:25",
        "orbit_uncertainty" : "5",
        "minimum_orbit_intersection" : ".0640711",
        "jupiter_tisserand_invariant" : "3.626",
        "epoch_osculation" : "2458000.5",
        "eccentricity" : ".589714489330877",
        "semi_major_axis" : "1.973928902262559",
        "inclination" : "5.716347666475077",
        "ascending_node_longitude" : "286.0442726814936",
        "orbital_period" : "1012.967906338076",
        "perihelion_distance" : ".8098744276893355",
        "perihelion_argument" : "163.2511099935979",
        "aphelion_distance" : "3.137983376835783",
        "perihelion_time" : "2458376.429053788280",
        "mean_anomaly" : "226.3980778492569",
        "mean_motion" : ".3553913186661717",
        "equinox" : "J2000"
      }
    }, {
      "links" : {
        "self" : "https://api.nasa.gov/neo/rest/v1/neo/3150768?api_key=t0TVs3DtDT2H8Oy2Zy8m2eVrNsAVKAexjcZXUckd"
      },
      "neo_reference_id" : "3150768",
      "name" : "(2003 EM1)",
      "nasa_jpl_url" : "http://ssd.jpl.nasa.gov/sbdb.cgi?sstr=3150768",
      "absolute_magnitude_h" : 24.5,
      "estimated_diameter" : {
        "kilometers" : {
          "estimated_diameter_min" : 0.0334622374,
          "estimated_diameter_max" : 0.0748238376
        },
        "meters" : {
          "estimated_diameter_min" : 33.4622374455,
          "estimated_diameter_max" : 74.8238376074
        },
        "miles" : {
          "estimated_diameter_min" : 0.0207924639,
          "estimated_diameter_max" : 0.0464933628
        },
        "feet" : {
          "estimated_diameter_min" : 109.7842471007,
          "estimated_diameter_max" : 245.4850393757
        }
      },
      "is_potentially_hazardous_asteroid" : false,
      "close_approach_data" : [ {
        "close_approach_date" : "2002-03-08",
        "epoch_date_close_approach" : 1015574400000,
        "relative_velocity" : {
          "kilometers_per_second" : "14.6636971983",
          "kilometers_per_hour" : "52789.3099137374",
          "miles_per_hour" : "32801.2242627887"
        },
        "miss_distance" : {
          "astronomical" : "0.3939314703",
          "lunar" : "153.2393493652",
          "kilometers" : "58931312",
          "miles" : "36618220"
        },
        "orbiting_body" : "Earth"
      } ],
      "orbital_data" : {
        "orbit_id" : "14",
        "orbit_determination_date" : "2017-04-06 09:14:18",
        "orbit_uncertainty" : "5",
        "minimum_orbit_intersection" : ".0119604",
        "jupiter_tisserand_invariant" : "6.260",
        "epoch_osculation" : "2458000.5",
        "eccentricity" : ".05179046430244431",
        "semi_major_axis" : ".9577259428219536",
        "inclination" : "15.2670628659249",
        "ascending_node_longitude" : "346.0135121767952",
        "orbital_period" : "342.3420953155494",
        "perihelion_distance" : ".9081248715687084",
        "perihelion_argument" : "23.81002917084772",
        "aphelion_distance" : "1.007327014075199",
        "perihelion_time" : "2458035.740513622795",
        "mean_anomaly" : "322.9417910394202",
        "mean_motion" : "1.051579706165479",
        "equinox" : "J2000"
      }
    } ]
  }
}