{
  "links" : {
    "next" : "https://api.nasa.gov/neo/rest/v1/feed?start_date=2008-04-16&end_date=2008-04-16&detailed=true&api_key=t0TVs3DtDT2H8Oy2Zy8m2eVrNsAVKAexjcZXUckd",
    "prev" : "https://api.nasa.gov/neo/rest/v1/feed?start_date=2008-04-14&end_date=2008-04-14&detailed=true&api_key=t0TVs3DtDT2H8Oy2Zy8m2eVrNsAVKAexjcZXUckd",
    "self" : "https://api.nasa.gov/neo/rest/v1/feed?start_date=2008-04-15&end_date=2008-04-15&detailed=true&api_key=t0TVs3DtDT2H8Oy2Zy8m2eVrNsAVKAexjcZXUckd"
  },
  "element_count" : 7,
  "near_earth_objects" : {
    "2008-04-15" : [ {
      "links" : {
        "self" : "https://api.nasa.gov/neo/rest/v1/neo/3404524?api_key=t0TVs3DtDT2H8Oy2Zy8m2eVrNsAVKAexjcZXUckd"
      },
      "neo_reference_id" : "3404524",
      "name" : "(2008 EH)",
      "nasa_jpl_url" : "http://ssd.jpl.nasa.gov/sbdb.cgi?sstr=3404524",
      "absolute_magnitude_h" : 22.8,
      "estimated_diameter" : {
        "kilometers" : {
          "estimated_diameter_min" : 0.0732073989,
          "estimated_diameter_max" : 0.1636967205
        },
        "meters" : {
          "estimated_diameter_min" : 73.2073989347,
          "estimated_diameter_max" : 163.696720474
        },
        "miles" : {
          "estimated_diameter_min" : 0.0454889547,
          "estimated_diameter_max" : 0.1017163949
        },
        "feet" : {
          "estimated_diameter_min" : 240.181762721,
          "estimated_diameter_max" : 537.0627483999
        }
      },
      "is_potentially_hazardous_asteroid" : false,
      "close_approach_data" : [ {
        "close_approach_date" : "2008-04-15",
        "epoch_date_close_approach" : 1208242800000,
        "relative_velocity" : {
          "kilometers_per_second" : "8.9604454706",
          "kilometers_per_hour" : "32257.6036941557",
          "miles_per_hour" : "20043.6204731825"
        },
        "miss_distance" : {
          "astronomical" : "0.0336347552",
          "lunar" : "13.0839195251",
          "kilometers" : "5031688",
          "miles" : "3126546"
        },
        "orbiting_body" : "Earth"
      } ],
      "orbital_data" : {
        "orbit_id" : "11",
        "orbit_determination_date" : "2017-04-06 09:04:11",
        "orbit_uncertainty" : "7",
        "minimum_orbit_intersection" : ".0189179",
        "jupiter_tisserand_invariant" : "3.312",
        "epoch_osculation" : "2458000.5",
        "eccentricity" : ".5865772940630555",
        "semi_major_axis" : "2.334399630615021",
        "inclination" : "3.723405682523515",
        "ascending_node_longitude" : "28.50709352845438",
        "orbital_period" : "1302.750461274665",
        "perihelion_distance" : ".9650938120270659",
        "perihelion_argument" : "186.0209410266384",
        "aphelion_distance" : "3.703705449202977",
        "perihelion_time" : "2458484.784971627513",
        "mean_anomaly" : "226.1734576433613",
        "mean_motion" : ".2763384168352249",
        "equinox" : "J2000"
      }
    }, {
      "links" : {
        "self" : "https://api.nasa.gov/neo/rest/v1/neo/2009856?api_key=t0TVs3DtDT2H8Oy2Zy8m2eVrNsAVKAexjcZXUckd"
      },
      "neo_reference_id" : "2009856",
      "name" : "9856 (1991 EE)",
      "nasa_jpl_url" : "http://ssd.jpl.nasa.gov/sbdb.cgi?sstr=2009856",
      "absolute_magnitude_h" : 17.4,
      "estimated_diameter" : {
        "kilometers" : {
          "estimated_diameter_min" : 0.8801465209,
          "estimated_diameter_max" : 1.9680674509
        },
        "meters" : {
          "estimated_diameter_min" : 880.1465209007,
          "estimated_diameter_max" : 1968.067450894
        },
        "miles" : {
          "estimated_diameter_min" : 0.5468975238,
          "estimated_diameter_max" : 1.22290004
        },
        "feet" : {
          "estimated_diameter_min" : 2887.6199116319,
          "estimated_diameter_max" : 6456.914415591
        }
      },
      "is_potentially_hazardous_asteroid" : true,
      "close_approach_data" : [ {
        "close_approach_date" : "2008-04-15",
        "epoch_date_close_approach" : 1208242800000,
        "relative_velocity" : {
          "kilometers_per_second" : "24.7243549484",
          "kilometers_per_hour" : "89007.6778143066",
          "miles_per_hour" : "55305.9095841173"
        },
        "miss_distance" : {
          "astronomical" : "0.3695169062",
          "lunar" : "143.7420806885",
          "kilometers" : "55278944",
          "miles" : "34348744"
        },
        "orbiting_body" : "Earth"
      } ],
      "orbital_data" : {
        "orbit_id" : "80",
        "orbit_determination_date" : "2017-04-06 09:29:57",
        "orbit_uncertainty" : "0",
        "minimum_orbit_intersection" : ".0223148",
        "jupiter_tisserand_invariant" : "3.329",
        "epoch_osculation" : "2458000.5",
        "eccentricity" : ".6259301955301843",
        "semi_major_axis" : "2.242335391272294",
        "inclination" : "9.826916676082615",
        "ascending_node_longitude" : "168.162897580468",
        "orbital_period" : "1226.448409042803",
        "perihelion_distance" : ".8387899613689749",
        "perihelion_argument" : "116.1550876754223",
        "aphelion_distance" : "3.645880821175614",
        "perihelion_time" : "2458301.881283160650",
        "mean_anomaly" : "271.5354048830215",
        "mean_motion" : ".2935304879892718",
        "equinox" : "J2000"
      }
    }, {
      "links" : {
        "self" : "https://api.nasa.gov/neo/rest/v1/neo/2175706?api_key=t0TVs3DtDT2H8Oy2Zy8m2eVrNsAVKAexjcZXUckd"
      },
      "neo_reference_id" : "2175706",
      "name" : "175706 (1996 FG3)",
      "nasa_jpl_url" : "http://ssd.jpl.nasa.gov/sbdb.cgi?sstr=2175706",
      "absolute_magnitude_h" : 18.4,
      "estimated_diameter" : {
        "kilometers" : {
          "estimated_diameter_min" : 0.5553349116,
          "estimated_diameter_max" : 1.2417666126
        },
        "meters" : {
          "estimated_diameter_min" : 555.334911581,
          "estimated_diameter_max" : 1241.766612574
        },
        "miles" : {
          "estimated_diameter_min" : 0.3450690093,
          "estimated_diameter_max" : 0.7715977618
        },
        "feet" : {
          "estimated_diameter_min" : 1821.9649913114,
          "estimated_diameter_max" : 4074.0375731972
        }
      },
      "is_potentially_hazardous_asteroid" : true,
      "close_approach_data" : [ {
        "close_approach_date" : "2008-04-15",
        "epoch_date_close_approach" : 1208242800000,
        "relative_velocity" : {
          "kilometers_per_second" : "21.7110840246",
          "kilometers_per_hour" : "78159.9024887065",
          "miles_per_hour" : "48565.5238547188"
        },
        "miss_distance" : {
          "astronomical" : "0.3560394185",
          "lunar" : "138.4993286133",
          "kilometers" : "53262736",
          "miles" : "33095930"
        },
        "orbiting_body" : "Earth"
      } ],
      "orbital_data" : {
        "orbit_id" : "143",
        "orbit_determination_date" : "2017-04-06 09:25:56",
        "orbit_uncertainty" : "0",
        "minimum_orbit_intersection" : ".028314",
        "jupiter_tisserand_invariant" : "5.779",
        "epoch_osculation" : "2458000.5",
        "eccentricity" : ".3498175834077441",
        "semi_major_axis" : "1.054028686106748",
        "inclination" : "1.991106291938947",
        "ascending_node_longitude" : "299.7065641824987",
        "orbital_period" : "395.2547272990419",
        "perihelion_distance" : ".6853109182904454",
        "perihelion_argument" : "24.02903301999085",
        "aphelion_distance" : "1.42274645392305",
        "perihelion_time" : "2458192.870282498097",
        "mean_anomaly" : "184.7881760388938",
        "mean_motion" : ".910805045799316",
        "equinox" : "J2000"
      }
    }, {
      "links" : {
        "self" : "https://api.nasa.gov/neo/rest/v1/neo/2434326?api_key=t0TVs3DtDT2H8Oy2Zy8m2eVrNsAVKAexjcZXUckd"
      },
      "neo_reference_id" : "2434326",
      "name" : "434326 (2004 JG6)",
      "nasa_jpl_url" : "http://ssd.jpl.nasa.gov/sbdb.cgi?sstr=2434326",
      "absolute_magnitude_h" : 18.4,
      "estimated_diameter" : {
        "kilometers" : {
          "estimated_diameter_min" : 0.5553349116,
          "estimated_diameter_max" : 1.2417666126
        },
        "meters" : {
          "estimated_diameter_min" : 555.334911581,
          "estimated_diameter_max" : 1241.766612574
        },
        "miles" : {
          "estimated_diameter_min" : 0.3450690093,
          "estimated_diameter_max" : 0.7715977618
        },
        "feet" : {
          "estimated_diameter_min" : 1821.9649913114,
          "estimated_diameter_max" : 4074.0375731972
        }
      },
      "is_potentially_hazardous_asteroid" : true,
      "close_approach_data" : [ {
        "close_approach_date" : "2008-04-15",
        "epoch_date_close_approach" : 1208242800000,
        "relative_velocity" : {
          "kilometers_per_second" : "20.0876215225",
          "kilometers_per_hour" : "72315.4374809842",
          "miles_per_hour" : "44934.0005836704"
        },
        "miss_distance" : {
          "astronomical" : "0.3377500138",
          "lunar" : "131.3847503662",
          "kilometers" : "50526684",
          "miles" : "31395826"
        },
        "orbiting_body" : "Earth"
      } ],
      "orbital_data" : {
        "orbit_id" : "33",
        "orbit_determination_date" : "2017-04-06 09:20:49",
        "orbit_uncertainty" : "1",
        "minimum_orbit_intersection" : ".03814",
        "jupiter_tisserand_invariant" : "8.751",
        "epoch_osculation" : "2458000.5",
        "eccentricity" : ".5311980211575074",
        "semi_major_axis" : ".6352164510266495",
        "inclination" : "18.94493054984403",
        "ascending_node_longitude" : "37.03187445787724",
        "orbital_period" : "184.9187855050641",
        "perihelion_distance" : ".2977907292345986",
        "perihelion_argument" : "352.9927365644639",
        "aphelion_distance" : ".9726421728187004",
        "perihelion_time" : "2458023.337663671835",
        "mean_anomaly" : "315.5396229787827",
        "mean_motion" : "1.946800586088324",
        "equinox" : "J2000"
      }
    }, {
      "links" : {
        "self" : "https://api.nasa.gov/neo/rest/v1/neo/3278402?api_key=t0TVs3DtDT2H8Oy2Zy8m2eVrNsAVKAexjcZXUckd"
      },
      "neo_reference_id" : "3278402",
      "name" : "(2005 KA)",
      "nasa_jpl_url" : "http://ssd.jpl.nasa.gov/sbdb.cgi?sstr=3278402",
      "absolute_magnitude_h" : 24.7,
      "estimated_diameter" : {
        "kilometers" : {
          "estimated_diameter_min" : 0.0305179233,
          "estimated_diameter_max" : 0.0682401509
        },
        "meters" : {
          "estimated_diameter_min" : 30.5179232594,
          "estimated_diameter_max" : 68.2401509401
        },
        "miles" : {
          "estimated_diameter_min" : 0.0189629525,
          "estimated_diameter_max" : 0.0424024508
        },
        "feet" : {
          "estimated_diameter_min" : 100.1244233463,
          "estimated_diameter_max" : 223.8850168104
        }
      },
      "is_potentially_hazardous_asteroid" : false,
      "close_approach_data" : [ {
        "close_approach_date" : "2008-04-15",
        "epoch_date_close_approach" : 1208242800000,
        "relative_velocity" : {
          "kilometers_per_second" : "17.1356721761",
          "kilometers_per_hour" : "61688.4198340036",
          "miles_per_hour" : "38330.7850907452"
        },
        "miss_distance" : {
          "astronomical" : "0.4193845454",
          "lunar" : "163.1405792236",
          "kilometers" : "62739036",
          "miles" : "38984228"
        },
        "orbiting_body" : "Earth"
      } ],
      "orbital_data" : {
        "orbit_id" : "15",
        "orbit_determination_date" : "2017-04-06 09:10:56",
        "orbit_uncertainty" : "0",
        "minimum_orbit_intersection" : ".0118219",
        "jupiter_tisserand_invariant" : "6.969",
        "epoch_osculation" : "2458000.5",
        "eccentricity" : ".2127186945259936",
        "semi_major_axis" : ".8414116326471931",
        "inclination" : "2.968786323461875",
        "ascending_node_longitude" : "225.516238794765",
        "orbital_period" : "281.9104629294483",
        "perihelion_distance" : ".6624276485914973",
        "perihelion_argument" : "182.4322048096083",
        "aphelion_distance" : "1.020395616702889",
        "perihelion_time" : "2457860.824001957218",
        "mean_anomaly" : "178.3664173826192",
        "mean_motion" : "1.277001201938697",
        "equinox" : "J2000"
      }
    }, {
      "links" : {
        "self" : "https://api.nasa.gov/neo/rest/v1/neo/3407944?api_key=t0TVs3DtDT2H8Oy2Zy8m2eVrNsAVKAexjcZXUckd"
      },
      "neo_reference_id" : "3407944",
      "name" : "(2008 GD)",
      "nasa_jpl_url" : "http://ssd.jpl.nasa.gov/sbdb.cgi?sstr=3407944",
      "absolute_magnitude_h" : 19.8,
      "estimated_diameter" : {
        "kilometers" : {
          "estimated_diameter_min" : 0.2914439045,
          "estimated_diameter_max" : 0.6516883822
        },
        "meters" : {
          "estimated_diameter_min" : 291.4439045349,
          "estimated_diameter_max" : 651.6883821679
        },
        "miles" : {
          "estimated_diameter_min" : 0.1810947904,
          "estimated_diameter_max" : 0.4049402617
        },
        "feet" : {
          "estimated_diameter_min" : 956.1808197541,
          "estimated_diameter_max" : 2138.0853117517
        }
      },
      "is_potentially_hazardous_asteroid" : false,
      "close_approach_data" : [ {
        "close_approach_date" : "2008-04-15",
        "epoch_date_close_approach" : 1208242800000,
        "relative_velocity" : {
          "kilometers_per_second" : "21.2643827631",
          "kilometers_per_hour" : "76551.7779472892",
          "miles_per_hour" : "47566.2978028587"
        },
        "miss_distance" : {
          "astronomical" : "0.3034683976",
          "lunar" : "118.0492095947",
          "kilometers" : "45398228",
          "miles" : "28209150"
        },
        "orbiting_body" : "Earth"
      } ],
      "orbital_data" : {
        "orbit_id" : "22",
        "orbit_determination_date" : "2017-04-06 09:03:51",
        "orbit_uncertainty" : "0",
        "minimum_orbit_intersection" : ".117307",
        "jupiter_tisserand_invariant" : "4.906",
        "epoch_osculation" : "2458000.5",
        "eccentricity" : ".7765953627328233",
        "semi_major_axis" : "1.197747169436027",
        "inclination" : "21.77340385753661",
        "ascending_node_longitude" : "31.94881815541783",
        "orbital_period" : "478.7911967074186",
        "perihelion_distance" : ".2675822719256433",
        "perihelion_argument" : "292.8493423590704",
        "aphelion_distance" : "2.12791206694641",
        "perihelion_time" : "2457972.673086527114",
        "mean_anomaly" : "20.92287602430696",
        "mean_motion" : ".7518935236814517",
        "equinox" : "J2000"
      }
    }, {
      "links" : {
        "self" : "https://api.nasa.gov/neo/rest/v1/neo/3409437?api_key=t0TVs3DtDT2H8Oy2Zy8m2eVrNsAVKAexjcZXUckd"
      },
      "neo_reference_id" : "3409437",
      "name" : "(2008 GH110)",
      "nasa_jpl_url" : "http://ssd.jpl.nasa.gov/sbdb.cgi?sstr=3409437",
      "absolute_magnitude_h" : 19.8,
      "estimated_diameter" : {
        "kilometers" : {
          "estimated_diameter_min" : 0.2914439045,
          "estimated_diameter_max" : 0.6516883822
        },
        "meters" : {
          "estimated_diameter_min" : 291.4439045349,
          "estimated_diameter_max" : 651.6883821679
        },
        "miles" : {
          "estimated_diameter_min" : 0.1810947904,
          "estimated_diameter_max" : 0.4049402617
        },
        "feet" : {
          "estimated_diameter_min" : 956.1808197541,
          "estimated_diameter_max" : 2138.0853117517
        }
      },
      "is_potentially_hazardous_asteroid" : false,
      "close_approach_data" : [ {
        "close_approach_date" : "2008-04-15",
        "epoch_date_close_approach" : 1208242800000,
        "relative_velocity" : {
          "kilometers_per_second" : "14.6560106893",
          "kilometers_per_hour" : "52761.6384815488",
          "miles_per_hour" : "32784.0303109379"
        },
        "miss_distance" : {
          "astronomical" : "0.445036357",
          "lunar" : "173.119140625",
          "kilometers" : "66576492",
          "miles" : "41368712"
        },
        "orbiting_body" : "Earth"
      } ],
      "orbital_data" : {
        "orbit_id" : "28",
        "orbit_determination_date" : "2017-09-27 06:50:16",
        "orbit_uncertainty" : "1",
        "minimum_orbit_intersection" : ".0617808",
        "jupiter_tisserand_invariant" : "4.916",
        "epoch_osculation" : "2458000.5",
        "eccentricity" : ".280810658219128",
        "semi_major_axis" : "1.272906571946217",
        "inclination" : "29.24423436194582",
        "ascending_node_longitude" : "205.922336061426",
        "orbital_period" : "524.5576438725311",
        "perihelion_distance" : ".9154608396265459",
        "perihelion_argument" : "248.643227818863",
        "aphelion_distance" : "1.630352304265888",
        "perihelion_time" : "2458108.871587300882",
        "mean_anomaly" : "285.6253876308056",
        "mean_motion" : ".6862925442136555",
        "equinox" : "J2000"
      }
    } ]
  }
}