{
  "links" : {
    "next" : "https://api.nasa.gov/neo/rest/v1/feed?start_date=2004-03-23&end_date=2004-03-23&detailed=true&api_key=t0TVs3DtDT2H8Oy2Zy8m2eVrNsAVKAexjcZXUckd",
    "prev" : "https://api.nasa.gov/neo/rest/v1/feed?start_date=2004-03-21&end_date=2004-03-21&detailed=true&api_key=t0TVs3DtDT2H8Oy2Zy8m2eVrNsAVKAexjcZXUckd",
    "self" : "https://api.nasa.gov/neo/rest/v1/feed?start_date=2004-03-22&end_date=2004-03-22&detailed=true&api_key=t0TVs3DtDT2H8Oy2Zy8m2eVrNsAVKAexjcZXUckd"
  },
  "element_count" : 9,
  "near_earth_objects" : {
    "2004-03-22" : [ {
      "links" : {
        "self" : "https://api.nasa.gov/neo/rest/v1/neo/3177216?api_key=t0TVs3DtDT2H8Oy2Zy8m2eVrNsAVKAexjcZXUckd"
      },
      "neo_reference_id" : "3177216",
      "name" : "(2004 FA5)",
      "nasa_jpl_url" : "http://ssd.jpl.nasa.gov/sbdb.cgi?sstr=3177216",
      "absolute_magnitude_h" : 24.5,
      "estimated_diameter" : {
        "kilometers" : {
          "estimated_diameter_min" : 0.0334622374,
          "estimated_diameter_max" : 0.0748238376
        },
        "meters" : {
          "estimated_diameter_min" : 33.4622374455,
          "estimated_diameter_max" : 74.8238376074
        },
        "miles" : {
          "estimated_diameter_min" : 0.0207924639,
          "estimated_diameter_max" : 0.0464933628
        },
        "feet" : {
          "estimated_diameter_min" : 109.7842471007,
          "estimated_diameter_max" : 245.4850393757
        }
      },
      "is_potentially_hazardous_asteroid" : false,
      "close_approach_data" : [ {
        "close_approach_date" : "2004-03-22",
        "epoch_date_close_approach" : 1079942400000,
        "relative_velocity" : {
          "kilometers_per_second" : "10.828619276",
          "kilometers_per_hour" : "38983.0293936202",
          "miles_per_hour" : "24222.5384584969"
        },
        "miss_distance" : {
          "astronomical" : "0.0261986605",
          "lunar" : "10.1912794113",
          "kilometers" : "3919264",
          "miles" : "2435317.75"
        },
        "orbiting_body" : "Earth"
      } ],
      "orbital_data" : {
        "orbit_id" : "9",
        "orbit_determination_date" : "2017-04-06 09:13:02",
        "orbit_uncertainty" : "8",
        "minimum_orbit_intersection" : ".0245861",
        "jupiter_tisserand_invariant" : "4.906",
        "epoch_osculation" : "2453087.5",
        "eccentricity" : ".2995072993921791",
        "semi_major_axis" : "1.306730533155599",
        "inclination" : "15.01237211877831",
        "ascending_node_longitude" : "178.5147071508579",
        "orbital_period" : "545.6039242658861",
        "perihelion_distance" : ".9153552001368633",
        "perihelion_argument" : "58.55112812731652",
        "aphelion_distance" : "1.698105866174335",
        "perihelion_time" : "2453133.385060547205",
        "mean_anomaly" : "329.7241514176795",
        "mean_motion" : ".6598193011246803",
        "equinox" : "J2000"
      }
    }, {
      "links" : {
        "self" : "https://api.nasa.gov/neo/rest/v1/neo/2141526?api_key=t0TVs3DtDT2H8Oy2Zy8m2eVrNsAVKAexjcZXUckd"
      },
      "neo_reference_id" : "2141526",
      "name" : "141526 (2002 FA6)",
      "nasa_jpl_url" : "http://ssd.jpl.nasa.gov/sbdb.cgi?sstr=2141526",
      "absolute_magnitude_h" : 19.9,
      "estimated_diameter" : {
        "kilometers" : {
          "estimated_diameter_min" : 0.2783267681,
          "estimated_diameter_max" : 0.6223575734
        },
        "meters" : {
          "estimated_diameter_min" : 278.3267680719,
          "estimated_diameter_max" : 622.3575733667
        },
        "miles" : {
          "estimated_diameter_min" : 0.1729441822,
          "estimated_diameter_max" : 0.3867149477
        },
        "feet" : {
          "estimated_diameter_min" : 913.1455937611,
          "estimated_diameter_max" : 2041.8556210042
        }
      },
      "is_potentially_hazardous_asteroid" : false,
      "close_approach_data" : [ {
        "close_approach_date" : "2004-03-22",
        "epoch_date_close_approach" : 1079942400000,
        "relative_velocity" : {
          "kilometers_per_second" : "15.7656116859",
          "kilometers_per_hour" : "56756.2020691766",
          "miles_per_hour" : "35266.0967801503"
        },
        "miss_distance" : {
          "astronomical" : "0.3333856416",
          "lunar" : "129.6870117188",
          "kilometers" : "49873784",
          "miles" : "30990132"
        },
        "orbiting_body" : "Earth"
      } ],
      "orbital_data" : {
        "orbit_id" : "34",
        "orbit_determination_date" : "2017-04-06 09:27:32",
        "orbit_uncertainty" : "1",
        "minimum_orbit_intersection" : ".315195",
        "jupiter_tisserand_invariant" : "5.854",
        "epoch_osculation" : "2458000.5",
        "eccentricity" : ".3225545587749515",
        "semi_major_axis" : "1.014162124874651",
        "inclination" : "30.09730112914286",
        "ascending_node_longitude" : "174.687380124222",
        "orbital_period" : "373.0435262964753",
        "perihelion_distance" : ".6870395081594407",
        "perihelion_argument" : "173.4019726397771",
        "aphelion_distance" : "1.341284741589861",
        "perihelion_time" : "2458092.774892490880",
        "mean_anomaly" : "270.9515138179449",
        "mean_motion" : ".9650348407705405",
        "equinox" : "J2000"
      }
    }, {
      "links" : {
        "self" : "https://api.nasa.gov/neo/rest/v1/neo/2141531?api_key=t0TVs3DtDT2H8Oy2Zy8m2eVrNsAVKAexjcZXUckd"
      },
      "neo_reference_id" : "2141531",
      "name" : "141531 (2002 GB)",
      "nasa_jpl_url" : "http://ssd.jpl.nasa.gov/sbdb.cgi?sstr=2141531",
      "absolute_magnitude_h" : 19.1,
      "estimated_diameter" : {
        "kilometers" : {
          "estimated_diameter_min" : 0.4023045798,
          "estimated_diameter_max" : 0.8995803882
        },
        "meters" : {
          "estimated_diameter_min" : 402.3045798343,
          "estimated_diameter_max" : 899.5803881691
        },
        "miles" : {
          "estimated_diameter_min" : 0.2499803991,
          "estimated_diameter_max" : 0.5589731654
        },
        "feet" : {
          "estimated_diameter_min" : 1319.8969577037,
          "estimated_diameter_max" : 2951.3793207207
        }
      },
      "is_potentially_hazardous_asteroid" : false,
      "close_approach_data" : [ {
        "close_approach_date" : "2004-03-22",
        "epoch_date_close_approach" : 1079942400000,
        "relative_velocity" : {
          "kilometers_per_second" : "18.1655602582",
          "kilometers_per_hour" : "65396.0169296852",
          "miles_per_hour" : "40634.5417416703"
        },
        "miss_distance" : {
          "astronomical" : "0.2837124089",
          "lunar" : "110.3641281128",
          "kilometers" : "42442772",
          "miles" : "26372716"
        },
        "orbiting_body" : "Earth"
      } ],
      "orbital_data" : {
        "orbit_id" : "158",
        "orbit_determination_date" : "2017-05-19 05:49:14",
        "orbit_uncertainty" : "0",
        "minimum_orbit_intersection" : ".280942",
        "jupiter_tisserand_invariant" : "5.929",
        "epoch_osculation" : "2458000.5",
        "eccentricity" : ".5290537246532754",
        "semi_major_axis" : ".9920469515681014",
        "inclination" : "22.55638706557275",
        "ascending_node_longitude" : "40.8276420539291",
        "orbital_period" : "360.9082147118372",
        "perihelion_distance" : ".4672008168100699",
        "perihelion_argument" : "8.313840617243045",
        "aphelion_distance" : "1.516893086326133",
        "perihelion_time" : "2458072.143123497748",
        "mean_anomaly" : "288.537164276568",
        "mean_motion" : ".997483529953558",
        "equinox" : "J2000"
      }
    }, {
      "links" : {
        "self" : "https://api.nasa.gov/neo/rest/v1/neo/2267940?api_key=t0TVs3DtDT2H8Oy2Zy8m2eVrNsAVKAexjcZXUckd"
      },
      "neo_reference_id" : "2267940",
      "name" : "267940 (2004 EM20)",
      "nasa_jpl_url" : "http://ssd.jpl.nasa.gov/sbdb.cgi?sstr=2267940",
      "absolute_magnitude_h" : 20.3,
      "estimated_diameter" : {
        "kilometers" : {
          "estimated_diameter_min" : 0.2315021222,
          "estimated_diameter_max" : 0.5176544822
        },
        "meters" : {
          "estimated_diameter_min" : 231.5021222103,
          "estimated_diameter_max" : 517.6544821978
        },
        "miles" : {
          "estimated_diameter_min" : 0.1438487052,
          "estimated_diameter_max" : 0.3216554833
        },
        "feet" : {
          "estimated_diameter_min" : 759.5214226325,
          "estimated_diameter_max" : 1698.3415313737
        }
      },
      "is_potentially_hazardous_asteroid" : false,
      "close_approach_data" : [ {
        "close_approach_date" : "2004-03-22",
        "epoch_date_close_approach" : 1079942400000,
        "relative_velocity" : {
          "kilometers_per_second" : "12.2191506736",
          "kilometers_per_hour" : "43988.9424247897",
          "miles_per_hour" : "27333.01814167"
        },
        "miss_distance" : {
          "astronomical" : "0.2946587995",
          "lunar" : "114.6222763062",
          "kilometers" : "44080332",
          "miles" : "27390248"
        },
        "orbiting_body" : "Earth"
      } ],
      "orbital_data" : {
        "orbit_id" : "33",
        "orbit_determination_date" : "2017-04-06 09:24:34",
        "orbit_uncertainty" : "0",
        "minimum_orbit_intersection" : ".0906137",
        "jupiter_tisserand_invariant" : "5.468",
        "epoch_osculation" : "2458000.5",
        "eccentricity" : ".5238940880329553",
        "semi_major_axis" : "1.105511149044649",
        "inclination" : "14.14001237920333",
        "ascending_node_longitude" : "343.8115001623438",
        "orbital_period" : "424.5639518323956",
        "perihelion_distance" : ".526340393805638",
        "perihelion_argument" : "314.8349150778836",
        "aphelion_distance" : "1.68468190428366",
        "perihelion_time" : "2457837.215290120164",
        "mean_anomaly" : "138.4538072604584",
        "mean_motion" : ".8479287948170329",
        "equinox" : "J2000"
      }
    }, {
      "links" : {
        "self" : "https://api.nasa.gov/neo/rest/v1/neo/3177211?api_key=t0TVs3DtDT2H8Oy2Zy8m2eVrNsAVKAexjcZXUckd"
      },
      "neo_reference_id" : "3177211",
      "name" : "(2004 FD4)",
      "nasa_jpl_url" : "http://ssd.jpl.nasa.gov/sbdb.cgi?sstr=3177211",
      "absolute_magnitude_h" : 21.1,
      "estimated_diameter" : {
        "kilometers" : {
          "estimated_diameter_min" : 0.160160338,
          "estimated_diameter_max" : 0.358129403
        },
        "meters" : {
          "estimated_diameter_min" : 160.1603379786,
          "estimated_diameter_max" : 358.1294030194
        },
        "miles" : {
          "estimated_diameter_min" : 0.0995189894,
          "estimated_diameter_max" : 0.2225312253
        },
        "feet" : {
          "estimated_diameter_min" : 525.4604432536,
          "estimated_diameter_max" : 1174.9652706022
        }
      },
      "is_potentially_hazardous_asteroid" : false,
      "close_approach_data" : [ {
        "close_approach_date" : "2004-03-22",
        "epoch_date_close_approach" : 1079942400000,
        "relative_velocity" : {
          "kilometers_per_second" : "11.8458126725",
          "kilometers_per_hour" : "42644.9256210486",
          "miles_per_hour" : "26497.8983671454"
        },
        "miss_distance" : {
          "astronomical" : "0.4674677203",
          "lunar" : "181.8449401855",
          "kilometers" : "69932176",
          "miles" : "43453840"
        },
        "orbiting_body" : "Earth"
      } ],
      "orbital_data" : {
        "orbit_id" : "12",
        "orbit_determination_date" : "2017-04-06 09:13:04",
        "orbit_uncertainty" : "1",
        "minimum_orbit_intersection" : ".40806",
        "jupiter_tisserand_invariant" : "3.798",
        "epoch_osculation" : "2458000.5",
        "eccentricity" : ".3246147331002503",
        "semi_major_axis" : "1.890801787819276",
        "inclination" : "23.42317457730284",
        "ascending_node_longitude" : "345.8662243721379",
        "orbital_period" : "949.6584420375922",
        "perihelion_distance" : "1.277019670120846",
        "perihelion_argument" : "245.1723146905954",
        "aphelion_distance" : "2.504583905517706",
        "perihelion_time" : "2457912.319785471147",
        "mean_anomaly" : "33.42767865283768",
        "mean_motion" : ".3790836621507645",
        "equinox" : "J2000"
      }
    }, {
      "links" : {
        "self" : "https://api.nasa.gov/neo/rest/v1/neo/3177208?api_key=t0TVs3DtDT2H8Oy2Zy8m2eVrNsAVKAexjcZXUckd"
      },
      "neo_reference_id" : "3177208",
      "name" : "(2004 FK2)",
      "nasa_jpl_url" : "http://ssd.jpl.nasa.gov/sbdb.cgi?sstr=3177208",
      "absolute_magnitude_h" : 24.3,
      "estimated_diameter" : {
        "kilometers" : {
          "estimated_diameter_min" : 0.0366906138,
          "estimated_diameter_max" : 0.0820427065
        },
        "meters" : {
          "estimated_diameter_min" : 36.6906137531,
          "estimated_diameter_max" : 82.0427064882
        },
        "miles" : {
          "estimated_diameter_min" : 0.0227984834,
          "estimated_diameter_max" : 0.0509789586
        },
        "feet" : {
          "estimated_diameter_min" : 120.3760332259,
          "estimated_diameter_max" : 269.1689931548
        }
      },
      "is_potentially_hazardous_asteroid" : false,
      "close_approach_data" : [ {
        "close_approach_date" : "2004-03-22",
        "epoch_date_close_approach" : 1079942400000,
        "relative_velocity" : {
          "kilometers_per_second" : "6.9157539741",
          "kilometers_per_hour" : "24896.7143068522",
          "miles_per_hour" : "15469.8500647216"
        },
        "miss_distance" : {
          "astronomical" : "0.0398892619",
          "lunar" : "15.5169229507",
          "kilometers" : "5967348.5",
          "miles" : "3707938.5"
        },
        "orbiting_body" : "Earth"
      } ],
      "orbital_data" : {
        "orbit_id" : "13",
        "orbit_determination_date" : "2017-04-06 09:13:04",
        "orbit_uncertainty" : "7",
        "minimum_orbit_intersection" : ".0390489",
        "jupiter_tisserand_invariant" : "4.869",
        "epoch_osculation" : "2458000.5",
        "eccentricity" : ".2313482743270195",
        "semi_major_axis" : "1.332912465986569",
        "inclination" : "11.44378240472597",
        "ascending_node_longitude" : "177.858933663087",
        "orbital_period" : "562.083544877466",
        "perihelion_distance" : "1.024545467151604",
        "perihelion_argument" : "19.43121890089621",
        "aphelion_distance" : "1.641279464821534",
        "perihelion_time" : "2458160.971665058324",
        "mean_anomaly" : "257.2220411939108",
        "mean_motion" : ".6404741844532734",
        "equinox" : "J2000"
      }
    }, {
      "links" : {
        "self" : "https://api.nasa.gov/neo/rest/v1/neo/3378868?api_key=t0TVs3DtDT2H8Oy2Zy8m2eVrNsAVKAexjcZXUckd"
      },
      "neo_reference_id" : "3378868",
      "name" : "(2007 ML13)",
      "nasa_jpl_url" : "http://ssd.jpl.nasa.gov/sbdb.cgi?sstr=3378868",
      "absolute_magnitude_h" : 20.1,
      "estimated_diameter" : {
        "kilometers" : {
          "estimated_diameter_min" : 0.2538370294,
          "estimated_diameter_max" : 0.5675968529
        },
        "meters" : {
          "estimated_diameter_min" : 253.8370293645,
          "estimated_diameter_max" : 567.5968528656
        },
        "miles" : {
          "estimated_diameter_min" : 0.1577269688,
          "estimated_diameter_max" : 0.3526882241
        },
        "feet" : {
          "estimated_diameter_min" : 832.7986794202,
          "estimated_diameter_max" : 1862.1944587557
        }
      },
      "is_potentially_hazardous_asteroid" : false,
      "close_approach_data" : [ {
        "close_approach_date" : "2004-03-22",
        "epoch_date_close_approach" : 1079942400000,
        "relative_velocity" : {
          "kilometers_per_second" : "8.0375986847",
          "kilometers_per_hour" : "28935.3552649824",
          "miles_per_hour" : "17979.3044978442"
        },
        "miss_distance" : {
          "astronomical" : "0.3981034505",
          "lunar" : "154.8622436523",
          "kilometers" : "59555428",
          "miles" : "37006028"
        },
        "orbiting_body" : "Earth"
      } ],
      "orbital_data" : {
        "orbit_id" : "46",
        "orbit_determination_date" : "2017-04-06 09:06:18",
        "orbit_uncertainty" : "0",
        "minimum_orbit_intersection" : ".192687",
        "jupiter_tisserand_invariant" : "4.957",
        "epoch_osculation" : "2458000.5",
        "eccentricity" : ".08468862473110257",
        "semi_major_axis" : "1.297246032612587",
        "inclination" : "18.01199757409271",
        "ascending_node_longitude" : "135.5318979517024",
        "orbital_period" : "539.6745693137747",
        "perihelion_distance" : "1.187384050172748",
        "perihelion_argument" : "139.2775323957567",
        "aphelion_distance" : "1.407108015052426",
        "perihelion_time" : "2458063.747247683695",
        "mean_anomaly" : "317.8097422765682",
        "mean_motion" : ".667068675216176",
        "equinox" : "J2000"
      }
    }, {
      "links" : {
        "self" : "https://api.nasa.gov/neo/rest/v1/neo/3760542?api_key=t0TVs3DtDT2H8Oy2Zy8m2eVrNsAVKAexjcZXUckd"
      },
      "neo_reference_id" : "3760542",
      "name" : "(2016 TC18)",
      "nasa_jpl_url" : "http://ssd.jpl.nasa.gov/sbdb.cgi?sstr=3760542",
      "absolute_magnitude_h" : 23.6,
      "estimated_diameter" : {
        "kilometers" : {
          "estimated_diameter_min" : 0.0506471459,
          "estimated_diameter_max" : 0.1132504611
        },
        "meters" : {
          "estimated_diameter_min" : 50.6471458835,
          "estimated_diameter_max" : 113.2504610618
        },
        "miles" : {
          "estimated_diameter_min" : 0.0314706677,
          "estimated_diameter_max" : 0.0703705522
        },
        "feet" : {
          "estimated_diameter_min" : 166.1651821003,
          "estimated_diameter_max" : 371.5566426699
        }
      },
      "is_potentially_hazardous_asteroid" : false,
      "close_approach_data" : [ {
        "close_approach_date" : "2004-03-22",
        "epoch_date_close_approach" : 1079942400000,
        "relative_velocity" : {
          "kilometers_per_second" : "6.5827846266",
          "kilometers_per_hour" : "23698.0246555931",
          "miles_per_hour" : "14725.0309311378"
        },
        "miss_distance" : {
          "astronomical" : "0.3836086325",
          "lunar" : "149.2237548828",
          "kilometers" : "57387036",
          "miles" : "35658652"
        },
        "orbiting_body" : "Earth"
      } ],
      "orbital_data" : {
        "orbit_id" : "8",
        "orbit_determination_date" : "2017-04-06 08:23:13",
        "orbit_uncertainty" : "6",
        "minimum_orbit_intersection" : ".0738227",
        "jupiter_tisserand_invariant" : "5.014",
        "epoch_osculation" : "2458000.5",
        "eccentricity" : ".1874017174319511",
        "semi_major_axis" : "1.285631386076835",
        "inclination" : "8.296362196498899",
        "ascending_node_longitude" : "32.39841198699766",
        "orbital_period" : "532.4430055903965",
        "perihelion_distance" : "1.044701856341617",
        "perihelion_argument" : "34.90480969251435",
        "aphelion_distance" : "1.526560915812054",
        "perihelion_time" : "2458261.616460440941",
        "mean_anomaly" : "183.4516656773334",
        "mean_motion" : ".6761287052701838",
        "equinox" : "J2000"
      }
    }, {
      "links" : {
        "self" : "https://api.nasa.gov/neo/rest/v1/neo/3771800?api_key=t0TVs3DtDT2H8Oy2Zy8m2eVrNsAVKAexjcZXUckd"
      },
      "neo_reference_id" : "3771800",
      "name" : "(2017 FQ63)",
      "nasa_jpl_url" : "http://ssd.jpl.nasa.gov/sbdb.cgi?sstr=3771800",
      "absolute_magnitude_h" : 25.102,
      "estimated_diameter" : {
        "kilometers" : {
          "estimated_diameter_min" : 0.0253603344,
          "estimated_diameter_max" : 0.0567074318
        },
        "meters" : {
          "estimated_diameter_min" : 25.3603344453,
          "estimated_diameter_max" : 56.7074317518
        },
        "miles" : {
          "estimated_diameter_min" : 0.0157581764,
          "estimated_diameter_max" : 0.0352363536
        },
        "feet" : {
          "estimated_diameter_min" : 83.2031996615,
          "estimated_diameter_max" : 186.0480103886
        }
      },
      "is_potentially_hazardous_asteroid" : false,
      "close_approach_data" : [ {
        "close_approach_date" : "2004-03-22",
        "epoch_date_close_approach" : 1079942400000,
        "relative_velocity" : {
          "kilometers_per_second" : "10.9452561048",
          "kilometers_per_hour" : "39402.9219771634",
          "miles_per_hour" : "24483.4433807546"
        },
        "miss_distance" : {
          "astronomical" : "0.0863636853",
          "lunar" : "33.5954742432",
          "kilometers" : "12919824",
          "miles" : "8028006.5"
        },
        "orbiting_body" : "Earth"
      } ],
      "orbital_data" : {
        "orbit_id" : "9",
        "orbit_determination_date" : "2017-04-05 06:18:17",
        "orbit_uncertainty" : "7",
        "minimum_orbit_intersection" : ".0136311",
        "jupiter_tisserand_invariant" : "5.546",
        "epoch_osculation" : "2458000.5",
        "eccentricity" : ".2630817985711505",
        "semi_major_axis" : "1.11541963982189",
        "inclination" : "9.64558339129351",
        "ascending_node_longitude" : "181.4211828009646",
        "orbital_period" : "430.2846541549164",
        "perihelion_distance" : ".8219730348159623",
        "perihelion_argument" : "274.1361423475196",
        "aphelion_distance" : "1.408866244827818",
        "perihelion_time" : "2458196.576122872679",
        "mean_anomaly" : "195.9518436166433",
        "mean_motion" : ".8366554477919826",
        "equinox" : "J2000"
      }
    } ]
  }
}