{
  "links" : {
    "next" : "https://api.nasa.gov/neo/rest/v1/feed?start_date=2000-12-23&end_date=2000-12-23&detailed=true&api_key=t0TVs3DtDT2H8Oy2Zy8m2eVrNsAVKAexjcZXUckd",
    "prev" : "https://api.nasa.gov/neo/rest/v1/feed?start_date=2000-12-21&end_date=2000-12-21&detailed=true&api_key=t0TVs3DtDT2H8Oy2Zy8m2eVrNsAVKAexjcZXUckd",
    "self" : "https://api.nasa.gov/neo/rest/v1/feed?start_date=2000-12-22&end_date=2000-12-22&detailed=true&api_key=t0TVs3DtDT2H8Oy2Zy8m2eVrNsAVKAexjcZXUckd"
  },
  "element_count" : 7,
  "near_earth_objects" : {
    "2000-12-22" : [ {
      "links" : {
        "self" : "https://api.nasa.gov/neo/rest/v1/neo/3078262?api_key=t0TVs3DtDT2H8Oy2Zy8m2eVrNsAVKAexjcZXUckd"
      },
      "neo_reference_id" : "3078262",
      "name" : "(2001 LD)",
      "nasa_jpl_url" : "http://ssd.jpl.nasa.gov/sbdb.cgi?sstr=3078262",
      "absolute_magnitude_h" : 20.1,
      "estimated_diameter" : {
        "kilometers" : {
          "estimated_diameter_min" : 0.2538370294,
          "estimated_diameter_max" : 0.5675968529
        },
        "meters" : {
          "estimated_diameter_min" : 253.8370293645,
          "estimated_diameter_max" : 567.5968528656
        },
        "miles" : {
          "estimated_diameter_min" : 0.1577269688,
          "estimated_diameter_max" : 0.3526882241
        },
        "feet" : {
          "estimated_diameter_min" : 832.7986794202,
          "estimated_diameter_max" : 1862.1944587557
        }
      },
      "is_potentially_hazardous_asteroid" : true,
      "close_approach_data" : [ {
        "close_approach_date" : "2000-12-22",
        "epoch_date_close_approach" : 977472000000,
        "relative_velocity" : {
          "kilometers_per_second" : "15.63695342",
          "kilometers_per_hour" : "56293.0323118945",
          "miles_per_hour" : "34978.3011051325"
        },
        "miss_distance" : {
          "astronomical" : "0.4765609516",
          "lunar" : "185.3822021484",
          "kilometers" : "71292504",
          "miles" : "44299108"
        },
        "orbiting_body" : "Earth"
      } ],
      "orbital_data" : {
        "orbit_id" : "15",
        "orbit_determination_date" : "2017-04-06 09:16:20",
        "orbit_uncertainty" : "8",
        "minimum_orbit_intersection" : ".0358974",
        "jupiter_tisserand_invariant" : "4.511",
        "epoch_osculation" : "2452067.5",
        "eccentricity" : ".3742179206739341",
        "semi_major_axis" : "1.416288377859778",
        "inclination" : "30.07353774606891",
        "ascending_node_longitude" : "79.35498649451074",
        "orbital_period" : "615.6387728794446",
        "perihelion_distance" : ".8862878860224328",
        "perihelion_argument" : "114.0502965644864",
        "aphelion_distance" : "1.946288869697123",
        "perihelion_time" : "2452018.123392016373",
        "mean_anomaly" : "28.87339078883286",
        "mean_motion" : ".584758491276013",
        "equinox" : "J2000"
      }
    }, {
      "links" : {
        "self" : "https://api.nasa.gov/neo/rest/v1/neo/3670716?api_key=t0TVs3DtDT2H8Oy2Zy8m2eVrNsAVKAexjcZXUckd"
      },
      "neo_reference_id" : "3670716",
      "name" : "(2014 JK25)",
      "nasa_jpl_url" : "http://ssd.jpl.nasa.gov/sbdb.cgi?sstr=3670716",
      "absolute_magnitude_h" : 18.7,
      "estimated_diameter" : {
        "kilometers" : {
          "estimated_diameter_min" : 0.4836764882,
          "estimated_diameter_max" : 1.0815335068
        },
        "meters" : {
          "estimated_diameter_min" : 483.6764882185,
          "estimated_diameter_max" : 1081.533506775
        },
        "miles" : {
          "estimated_diameter_min" : 0.3005425432,
          "estimated_diameter_max" : 0.6720335566
        },
        "feet" : {
          "estimated_diameter_min" : 1586.8651696069,
          "estimated_diameter_max" : 3548.3383903678
        }
      },
      "is_potentially_hazardous_asteroid" : false,
      "close_approach_data" : [ {
        "close_approach_date" : "2000-12-22",
        "epoch_date_close_approach" : 977472000000,
        "relative_velocity" : {
          "kilometers_per_second" : "16.3578415445",
          "kilometers_per_hour" : "58888.2295603145",
          "miles_per_hour" : "36590.8557509632"
        },
        "miss_distance" : {
          "astronomical" : "0.4580116514",
          "lunar" : "178.1665344238",
          "kilometers" : "68517568",
          "miles" : "42574844"
        },
        "orbiting_body" : "Earth"
      } ],
      "orbital_data" : {
        "orbit_id" : "13",
        "orbit_determination_date" : "2017-04-06 08:40:37",
        "orbit_uncertainty" : "6",
        "minimum_orbit_intersection" : ".403586",
        "jupiter_tisserand_invariant" : "3.036",
        "epoch_osculation" : "2458000.5",
        "eccentricity" : ".5624462320761373",
        "semi_major_axis" : "2.653895136524961",
        "inclination" : "24.42216311907759",
        "ascending_node_longitude" : "237.8587821427653",
        "orbital_period" : "1579.152472845918",
        "perihelion_distance" : "1.16122181666131",
        "perihelion_argument" : "257.819276955029",
        "aphelion_distance" : "4.146568456388611",
        "perihelion_time" : "2458250.247513625508",
        "mean_anomaly" : "303.0649627244983",
        "mean_motion" : ".2279703867677925",
        "equinox" : "J2000"
      }
    }, {
      "links" : {
        "self" : "https://api.nasa.gov/neo/rest/v1/neo/2004183?api_key=t0TVs3DtDT2H8Oy2Zy8m2eVrNsAVKAexjcZXUckd"
      },
      "neo_reference_id" : "2004183",
      "name" : "4183 Cuno (1959 LM)",
      "nasa_jpl_url" : "http://ssd.jpl.nasa.gov/sbdb.cgi?sstr=2004183",
      "absolute_magnitude_h" : 14.4,
      "estimated_diameter" : {
        "kilometers" : {
          "estimated_diameter_min" : 3.5039264111,
          "estimated_diameter_max" : 7.8350176433
        },
        "meters" : {
          "estimated_diameter_min" : 3503.9264110829,
          "estimated_diameter_max" : 7835.0176433383
        },
        "miles" : {
          "estimated_diameter_min" : 2.177238258,
          "estimated_diameter_max" : 4.8684527481
        },
        "feet" : {
          "estimated_diameter_min" : 11495.8219265373,
          "estimated_diameter_max" : 25705.4392849701
        }
      },
      "is_potentially_hazardous_asteroid" : true,
      "close_approach_data" : [ {
        "close_approach_date" : "2000-12-22",
        "epoch_date_close_approach" : 977472000000,
        "relative_velocity" : {
          "kilometers_per_second" : "21.1985414443",
          "kilometers_per_hour" : "76314.7491994134",
          "miles_per_hour" : "47419.0173567133"
        },
        "miss_distance" : {
          "astronomical" : "0.1426533266",
          "lunar" : "55.4921455383",
          "kilometers" : "21340634",
          "miles" : "13260456"
        },
        "orbiting_body" : "Earth"
      } ],
      "orbital_data" : {
        "orbit_id" : "350",
        "orbit_determination_date" : "2017-04-06 09:30:37",
        "orbit_uncertainty" : "0",
        "minimum_orbit_intersection" : ".0282524",
        "jupiter_tisserand_invariant" : "3.573",
        "epoch_osculation" : "2458000.5",
        "eccentricity" : ".6343498179170188",
        "semi_major_axis" : "1.982213700330095",
        "inclination" : "6.705067646835919",
        "ascending_node_longitude" : "294.8955618648941",
        "orbital_period" : "1019.351900850835",
        "perihelion_distance" : ".7247968004530793",
        "perihelion_argument" : "236.3402692831499",
        "aphelion_distance" : "3.239630600207112",
        "perihelion_time" : "2458062.000897733498",
        "mean_anomaly" : "338.2800001004763",
        "mean_motion" : ".3531655748123042",
        "equinox" : "J2000"
      }
    }, {
      "links" : {
        "self" : "https://api.nasa.gov/neo/rest/v1/neo/2226514?api_key=t0TVs3DtDT2H8Oy2Zy8m2eVrNsAVKAexjcZXUckd"
      },
      "neo_reference_id" : "2226514",
      "name" : "226514 (2003 UX34)",
      "nasa_jpl_url" : "http://ssd.jpl.nasa.gov/sbdb.cgi?sstr=2226514",
      "absolute_magnitude_h" : 20.1,
      "estimated_diameter" : {
        "kilometers" : {
          "estimated_diameter_min" : 0.2538370294,
          "estimated_diameter_max" : 0.5675968529
        },
        "meters" : {
          "estimated_diameter_min" : 253.8370293645,
          "estimated_diameter_max" : 567.5968528656
        },
        "miles" : {
          "estimated_diameter_min" : 0.1577269688,
          "estimated_diameter_max" : 0.3526882241
        },
        "feet" : {
          "estimated_diameter_min" : 832.7986794202,
          "estimated_diameter_max" : 1862.1944587557
        }
      },
      "is_potentially_hazardous_asteroid" : true,
      "close_approach_data" : [ {
        "close_approach_date" : "2000-12-22",
        "epoch_date_close_approach" : 977472000000,
        "relative_velocity" : {
          "kilometers_per_second" : "28.6598023672",
          "kilometers_per_hour" : "103175.288522033",
          "miles_per_hour" : "64109.1119152599"
        },
        "miss_distance" : {
          "astronomical" : "0.280350936",
          "lunar" : "109.0565109253",
          "kilometers" : "41939900",
          "miles" : "26060246"
        },
        "orbiting_body" : "Earth"
      } ],
      "orbital_data" : {
        "orbit_id" : "54",
        "orbit_determination_date" : "2017-04-06 09:25:11",
        "orbit_uncertainty" : "0",
        "minimum_orbit_intersection" : ".0151298",
        "jupiter_tisserand_invariant" : "5.473",
        "epoch_osculation" : "2458000.5",
        "eccentricity" : ".6158526455447443",
        "semi_major_axis" : "1.095155739942305",
        "inclination" : "2.56444984535932",
        "ascending_node_longitude" : "4.37565356732321",
        "orbital_period" : "418.6125578316818",
        "perihelion_distance" : ".4207011802153245",
        "perihelion_argument" : "218.492085054559",
        "aphelion_distance" : "1.769610299669286",
        "perihelion_time" : "2457808.471931273398",
        "mean_anomaly" : "165.1410198959511",
        "mean_motion" : ".8599837564948324",
        "equinox" : "J2000"
      }
    }, {
      "links" : {
        "self" : "https://api.nasa.gov/neo/rest/v1/neo/3057549?api_key=t0TVs3DtDT2H8Oy2Zy8m2eVrNsAVKAexjcZXUckd"
      },
      "neo_reference_id" : "3057549",
      "name" : "(2000 YA)",
      "nasa_jpl_url" : "http://ssd.jpl.nasa.gov/sbdb.cgi?sstr=3057549",
      "absolute_magnitude_h" : 23.7,
      "estimated_diameter" : {
        "kilometers" : {
          "estimated_diameter_min" : 0.0483676488,
          "estimated_diameter_max" : 0.1081533507
        },
        "meters" : {
          "estimated_diameter_min" : 48.3676488219,
          "estimated_diameter_max" : 108.1533506775
        },
        "miles" : {
          "estimated_diameter_min" : 0.0300542543,
          "estimated_diameter_max" : 0.0672033557
        },
        "feet" : {
          "estimated_diameter_min" : 158.6865169607,
          "estimated_diameter_max" : 354.8338390368
        }
      },
      "is_potentially_hazardous_asteroid" : false,
      "close_approach_data" : [ {
        "close_approach_date" : "2000-12-22",
        "epoch_date_close_approach" : 977472000000,
        "relative_velocity" : {
          "kilometers_per_second" : "14.1889295824",
          "kilometers_per_hour" : "51080.1464965385",
          "miles_per_hour" : "31739.2165828075"
        },
        "miss_distance" : {
          "astronomical" : "0.004948512",
          "lunar" : "1.9249712229",
          "kilometers" : "740286.875",
          "miles" : "459992.9375"
        },
        "orbiting_body" : "Earth"
      } ],
      "orbital_data" : {
        "orbit_id" : "52",
        "orbit_determination_date" : "2017-04-06 09:16:37",
        "orbit_uncertainty" : "0",
        "minimum_orbit_intersection" : ".00741669",
        "jupiter_tisserand_invariant" : "3.214",
        "epoch_osculation" : "2458000.5",
        "eccentricity" : ".6456149695175794",
        "semi_major_axis" : "2.385956588418015",
        "inclination" : "2.683509244128452",
        "ascending_node_longitude" : "84.74122356647787",
        "orbital_period" : "1346.146211352318",
        "perihelion_distance" : ".8455472983162508",
        "perihelion_argument" : "59.17230578588919",
        "aphelion_distance" : "3.92636587851978",
        "perihelion_time" : "2458648.441019361839",
        "mean_anomaly" : "186.7210760590904",
        "mean_motion" : ".267430088176194",
        "equinox" : "J2000"
      }
    }, {
      "links" : {
        "self" : "https://api.nasa.gov/neo/rest/v1/neo/3756758?api_key=t0TVs3DtDT2H8Oy2Zy8m2eVrNsAVKAexjcZXUckd"
      },
      "neo_reference_id" : "3756758",
      "name" : "(2016 OK1)",
      "nasa_jpl_url" : "http://ssd.jpl.nasa.gov/sbdb.cgi?sstr=3756758",
      "absolute_magnitude_h" : 20.1,
      "estimated_diameter" : {
        "kilometers" : {
          "estimated_diameter_min" : 0.2538370294,
          "estimated_diameter_max" : 0.5675968529
        },
        "meters" : {
          "estimated_diameter_min" : 253.8370293645,
          "estimated_diameter_max" : 567.5968528656
        },
        "miles" : {
          "estimated_diameter_min" : 0.1577269688,
          "estimated_diameter_max" : 0.3526882241
        },
        "feet" : {
          "estimated_diameter_min" : 832.7986794202,
          "estimated_diameter_max" : 1862.1944587557
        }
      },
      "is_potentially_hazardous_asteroid" : true,
      "close_approach_data" : [ {
        "close_approach_date" : "2000-12-22",
        "epoch_date_close_approach" : 977472000000,
        "relative_velocity" : {
          "kilometers_per_second" : "21.4597443715",
          "kilometers_per_hour" : "77255.0797373179",
          "miles_per_hour" : "48003.3021845574"
        },
        "miss_distance" : {
          "astronomical" : "0.2492404211",
          "lunar" : "96.9545288086",
          "kilometers" : "37285836",
          "miles" : "23168346"
        },
        "orbiting_body" : "Earth"
      } ],
      "orbital_data" : {
        "orbit_id" : "23",
        "orbit_determination_date" : "2017-04-06 08:24:49",
        "orbit_uncertainty" : "4",
        "minimum_orbit_intersection" : ".0240427",
        "jupiter_tisserand_invariant" : "3.397",
        "epoch_osculation" : "2458000.5",
        "eccentricity" : ".60354037382462",
        "semi_major_axis" : "2.171090311575451",
        "inclination" : "13.72909846071964",
        "ascending_node_longitude" : "247.3980014970853",
        "orbital_period" : "1168.463796585679",
        "perihelion_distance" : ".8607496533201925",
        "perihelion_argument" : "139.2010398325516",
        "aphelion_distance" : "3.481430969830709",
        "perihelion_time" : "2457708.282088083256",
        "mean_anomaly" : "90.03141440703943",
        "mean_motion" : ".3080968371052159",
        "equinox" : "J2000"
      }
    }, {
      "links" : {
        "self" : "https://api.nasa.gov/neo/rest/v1/neo/3771633?api_key=t0TVs3DtDT2H8Oy2Zy8m2eVrNsAVKAexjcZXUckd"
      },
      "neo_reference_id" : "3771633",
      "name" : "(2017 FZ2)",
      "nasa_jpl_url" : "http://ssd.jpl.nasa.gov/sbdb.cgi?sstr=3771633",
      "absolute_magnitude_h" : 26.692,
      "estimated_diameter" : {
        "kilometers" : {
          "estimated_diameter_min" : 0.0121942467,
          "estimated_diameter_max" : 0.0272671645
        },
        "meters" : {
          "estimated_diameter_min" : 12.1942466911,
          "estimated_diameter_max" : 27.2671645358
        },
        "miles" : {
          "estimated_diameter_min" : 0.0075771513,
          "estimated_diameter_max" : 0.0169430253
        },
        "feet" : {
          "estimated_diameter_min" : 40.0073723142,
          "estimated_diameter_max" : 89.4592040956
        }
      },
      "is_potentially_hazardous_asteroid" : false,
      "close_approach_data" : [ {
        "close_approach_date" : "2000-12-22",
        "epoch_date_close_approach" : 977472000000,
        "relative_velocity" : {
          "kilometers_per_second" : "7.2776219122",
          "kilometers_per_hour" : "26199.4388839866",
          "miles_per_hour" : "16279.3124554416"
        },
        "miss_distance" : {
          "astronomical" : "0.2638949741",
          "lunar" : "102.6551437378",
          "kilometers" : "39478128",
          "miles" : "24530570"
        },
        "orbiting_body" : "Earth"
      } ],
      "orbital_data" : {
        "orbit_id" : "7",
        "orbit_determination_date" : "2017-06-20 13:03:38",
        "orbit_uncertainty" : "3",
        "minimum_orbit_intersection" : ".00138825",
        "jupiter_tisserand_invariant" : "6.015",
        "epoch_osculation" : "2458000.5",
        "eccentricity" : ".2640538859757104",
        "semi_major_axis" : "1.007138471483015",
        "inclination" : "1.811674081309308",
        "ascending_node_longitude" : "185.8691790850466",
        "orbital_period" : "369.1749337279458",
        "perihelion_distance" : ".7411996443722877",
        "perihelion_argument" : "100.3230370449916",
        "aphelion_distance" : "1.273077298593743",
        "perihelion_time" : "2457910.968954695910",
        "mean_anomaly" : "87.30597168123131",
        "mean_motion" : ".9751474629241565",
        "equinox" : "J2000"
      }
    } ]
  }
}