{
  "links" : {
    "next" : "https://api.nasa.gov/neo/rest/v1/feed?start_date=2007-11-16&end_date=2007-11-16&detailed=true&api_key=t0TVs3DtDT2H8Oy2Zy8m2eVrNsAVKAexjcZXUckd",
    "prev" : "https://api.nasa.gov/neo/rest/v1/feed?start_date=2007-11-14&end_date=2007-11-14&detailed=true&api_key=t0TVs3DtDT2H8Oy2Zy8m2eVrNsAVKAexjcZXUckd",
    "self" : "https://api.nasa.gov/neo/rest/v1/feed?start_date=2007-11-15&end_date=2007-11-15&detailed=true&api_key=t0TVs3DtDT2H8Oy2Zy8m2eVrNsAVKAexjcZXUckd"
  },
  "element_count" : 10,
  "near_earth_objects" : {
    "2007-11-15" : [ {
      "links" : {
        "self" : "https://api.nasa.gov/neo/rest/v1/neo/3388886?api_key=t0TVs3DtDT2H8Oy2Zy8m2eVrNsAVKAexjcZXUckd"
      },
      "neo_reference_id" : "3388886",
      "name" : "(2007 UR)",
      "nasa_jpl_url" : "http://ssd.jpl.nasa.gov/sbdb.cgi?sstr=3388886",
      "absolute_magnitude_h" : 23.9,
      "estimated_diameter" : {
        "kilometers" : {
          "estimated_diameter_min" : 0.04411182,
          "estimated_diameter_max" : 0.0986370281
        },
        "meters" : {
          "estimated_diameter_min" : 44.1118199997,
          "estimated_diameter_max" : 98.6370281305
        },
        "miles" : {
          "estimated_diameter_min" : 0.0274098057,
          "estimated_diameter_max" : 0.0612901888
        },
        "feet" : {
          "estimated_diameter_min" : 144.7238235278,
          "estimated_diameter_max" : 323.6123073718
        }
      },
      "is_potentially_hazardous_asteroid" : false,
      "close_approach_data" : [ {
        "close_approach_date" : "2007-11-15",
        "epoch_date_close_approach" : 1195113600000,
        "relative_velocity" : {
          "kilometers_per_second" : "6.4544541847",
          "kilometers_per_hour" : "23236.0350648199",
          "miles_per_hour" : "14437.9685656932"
        },
        "miss_distance" : {
          "astronomical" : "0.0980478323",
          "lunar" : "38.1406059265",
          "kilometers" : "14667747",
          "miles" : "9114115"
        },
        "orbiting_body" : "Earth"
      } ],
      "orbital_data" : {
        "orbit_id" : "14",
        "orbit_determination_date" : "2017-04-06 09:05:37",
        "orbit_uncertainty" : "6",
        "minimum_orbit_intersection" : ".0973158",
        "jupiter_tisserand_invariant" : "3.011",
        "epoch_osculation" : "2458000.5",
        "eccentricity" : ".6141284241808413",
        "semi_major_axis" : "2.807816619240542",
        "inclination" : "3.223359099645475",
        "ascending_node_longitude" : "30.48644766493221",
        "orbital_period" : "1718.507917130269",
        "perihelion_distance" : "1.08345662347757",
        "perihelion_argument" : "23.55496121417648",
        "aphelion_distance" : "4.532176615003513",
        "perihelion_time" : "2457856.656949466742",
        "mean_anomaly" : "30.13282492084533",
        "mean_motion" : ".2094840509092114",
        "equinox" : "J2000"
      }
    }, {
      "links" : {
        "self" : "https://api.nasa.gov/neo/rest/v1/neo/2021374?api_key=t0TVs3DtDT2H8Oy2Zy8m2eVrNsAVKAexjcZXUckd"
      },
      "neo_reference_id" : "2021374",
      "name" : "21374 (1997 WS22)",
      "nasa_jpl_url" : "http://ssd.jpl.nasa.gov/sbdb.cgi?sstr=2021374",
      "absolute_magnitude_h" : 17.4,
      "estimated_diameter" : {
        "kilometers" : {
          "estimated_diameter_min" : 0.8801465209,
          "estimated_diameter_max" : 1.9680674509
        },
        "meters" : {
          "estimated_diameter_min" : 880.1465209007,
          "estimated_diameter_max" : 1968.067450894
        },
        "miles" : {
          "estimated_diameter_min" : 0.5468975238,
          "estimated_diameter_max" : 1.22290004
        },
        "feet" : {
          "estimated_diameter_min" : 2887.6199116319,
          "estimated_diameter_max" : 6456.914415591
        }
      },
      "is_potentially_hazardous_asteroid" : false,
      "close_approach_data" : [ {
        "close_approach_date" : "2007-11-15",
        "epoch_date_close_approach" : 1195113600000,
        "relative_velocity" : {
          "kilometers_per_second" : "12.8396265015",
          "kilometers_per_hour" : "46222.655405468",
          "miles_per_hour" : "28720.9605212476"
        },
        "miss_distance" : {
          "astronomical" : "0.4212516762",
          "lunar" : "163.8669128418",
          "kilometers" : "63018356",
          "miles" : "39157792"
        },
        "orbiting_body" : "Earth"
      } ],
      "orbital_data" : {
        "orbit_id" : "143",
        "orbit_determination_date" : "2017-09-24 06:23:14",
        "orbit_uncertainty" : "0",
        "minimum_orbit_intersection" : ".110097",
        "jupiter_tisserand_invariant" : "4.995",
        "epoch_osculation" : "2458000.5",
        "eccentricity" : ".1205261152419804",
        "semi_major_axis" : "1.269430779777386",
        "inclination" : "23.98126223008048",
        "ascending_node_longitude" : "59.21947923378093",
        "orbital_period" : "522.4105796076677",
        "perihelion_distance" : "1.116431219322219",
        "perihelion_argument" : "197.2132120701405",
        "aphelion_distance" : "1.422430340232552",
        "perihelion_time" : "2457858.958196658940",
        "mean_anomaly" : "97.5383179281111",
        "mean_motion" : ".6891131497956288",
        "equinox" : "J2000"
      }
    }, {
      "links" : {
        "self" : "https://api.nasa.gov/neo/rest/v1/neo/2033342?api_key=t0TVs3DtDT2H8Oy2Zy8m2eVrNsAVKAexjcZXUckd"
      },
      "neo_reference_id" : "2033342",
      "name" : "33342 (1998 WT24)",
      "nasa_jpl_url" : "http://ssd.jpl.nasa.gov/sbdb.cgi?sstr=2033342",
      "absolute_magnitude_h" : 17.9,
      "estimated_diameter" : {
        "kilometers" : {
          "estimated_diameter_min" : 0.6991252322,
          "estimated_diameter_max" : 1.5632915441
        },
        "meters" : {
          "estimated_diameter_min" : 699.1252322458,
          "estimated_diameter_max" : 1563.2915440869
        },
        "miles" : {
          "estimated_diameter_min" : 0.4344161447,
          "estimated_diameter_max" : 0.97138403
        },
        "feet" : {
          "estimated_diameter_min" : 2293.7180269613,
          "estimated_diameter_max" : 5128.9094295021
        }
      },
      "is_potentially_hazardous_asteroid" : true,
      "close_approach_data" : [ {
        "close_approach_date" : "2007-11-15",
        "epoch_date_close_approach" : 1195113600000,
        "relative_velocity" : {
          "kilometers_per_second" : "19.5767686907",
          "kilometers_per_hour" : "70476.3672863656",
          "miles_per_hour" : "43791.2738841309"
        },
        "miss_distance" : {
          "astronomical" : "0.3235563525",
          "lunar" : "125.8634262085",
          "kilometers" : "48403344",
          "miles" : "30076444"
        },
        "orbiting_body" : "Earth"
      } ],
      "orbital_data" : {
        "orbit_id" : "167",
        "orbit_determination_date" : "2017-04-06 09:29:19",
        "orbit_uncertainty" : "0",
        "minimum_orbit_intersection" : ".010566",
        "jupiter_tisserand_invariant" : "7.912",
        "epoch_osculation" : "2454724.5",
        "eccentricity" : ".4179262386660452",
        "semi_major_axis" : ".7184976905003903",
        "inclination" : "7.341854914201308",
        "ascending_node_longitude" : "82.00123323283424",
        "orbital_period" : "222.4520906135928",
        "perihelion_distance" : ".4182186532193219",
        "perihelion_argument" : "167.2965171869824",
        "aphelion_distance" : "1.018776727781459",
        "perihelion_time" : "2454797.912344354854",
        "mean_anomaly" : "241.1948950677448",
        "mean_motion" : "1.618325991034775",
        "equinox" : "J2000"
      }
    }, {
      "links" : {
        "self" : "https://api.nasa.gov/neo/rest/v1/neo/2221787?api_key=t0TVs3DtDT2H8Oy2Zy8m2eVrNsAVKAexjcZXUckd"
      },
      "neo_reference_id" : "2221787",
      "name" : "221787 (2007 VZ30)",
      "nasa_jpl_url" : "http://ssd.jpl.nasa.gov/sbdb.cgi?sstr=2221787",
      "absolute_magnitude_h" : 21.4,
      "estimated_diameter" : {
        "kilometers" : {
          "estimated_diameter_min" : 0.1394938229,
          "estimated_diameter_max" : 0.3119176705
        },
        "meters" : {
          "estimated_diameter_min" : 139.4938229344,
          "estimated_diameter_max" : 311.9176705226
        },
        "miles" : {
          "estimated_diameter_min" : 0.0866774163,
          "estimated_diameter_max" : 0.1938165949
        },
        "feet" : {
          "estimated_diameter_min" : 457.6569140361,
          "estimated_diameter_max" : 1023.3519701574
        }
      },
      "is_potentially_hazardous_asteroid" : false,
      "close_approach_data" : [ {
        "close_approach_date" : "2007-11-15",
        "epoch_date_close_approach" : 1195113600000,
        "relative_velocity" : {
          "kilometers_per_second" : "2.2995102854",
          "kilometers_per_hour" : "8278.2370274913",
          "miles_per_hour" : "5143.7745574432"
        },
        "miss_distance" : {
          "astronomical" : "0.3508291764",
          "lunar" : "136.4725494385",
          "kilometers" : "52483300",
          "miles" : "32611610"
        },
        "orbiting_body" : "Earth"
      } ],
      "orbital_data" : {
        "orbit_id" : "24",
        "orbit_determination_date" : "2017-08-18 06:22:48",
        "orbit_uncertainty" : "0",
        "minimum_orbit_intersection" : ".312635",
        "jupiter_tisserand_invariant" : "4.331",
        "epoch_osculation" : "2458000.5",
        "eccentricity" : ".1948612818624123",
        "semi_major_axis" : "1.604868937396602",
        "inclination" : "2.453505617765841",
        "ascending_node_longitude" : "344.6983518868085",
        "orbital_period" : "742.6048542099917",
        "perihelion_distance" : "1.292142119034333",
        "perihelion_argument" : "99.17890369508362",
        "aphelion_distance" : "1.917595755758871",
        "perihelion_time" : "2458181.065098395788",
        "mean_anomaly" : "272.4656470342676",
        "mean_motion" : ".4847800252840796",
        "equinox" : "J2000"
      }
    }, {
      "links" : {
        "self" : "https://api.nasa.gov/neo/rest/v1/neo/3283835?api_key=t0TVs3DtDT2H8Oy2Zy8m2eVrNsAVKAexjcZXUckd"
      },
      "neo_reference_id" : "3283835",
      "name" : "(2005 NW44)",
      "nasa_jpl_url" : "http://ssd.jpl.nasa.gov/sbdb.cgi?sstr=3283835",
      "absolute_magnitude_h" : 20.4,
      "estimated_diameter" : {
        "kilometers" : {
          "estimated_diameter_min" : 0.2210828104,
          "estimated_diameter_max" : 0.4943561926
        },
        "meters" : {
          "estimated_diameter_min" : 221.0828103591,
          "estimated_diameter_max" : 494.3561926196
        },
        "miles" : {
          "estimated_diameter_min" : 0.137374447,
          "estimated_diameter_max" : 0.3071786018
        },
        "feet" : {
          "estimated_diameter_min" : 725.3373275385,
          "estimated_diameter_max" : 1621.9035709942
        }
      },
      "is_potentially_hazardous_asteroid" : false,
      "close_approach_data" : [ {
        "close_approach_date" : "2007-11-15",
        "epoch_date_close_approach" : 1195113600000,
        "relative_velocity" : {
          "kilometers_per_second" : "16.5078481013",
          "kilometers_per_hour" : "59428.2531648146",
          "miles_per_hour" : "36926.4054178816"
        },
        "miss_distance" : {
          "astronomical" : "0.4941501686",
          "lunar" : "192.2244110107",
          "kilometers" : "73923816",
          "miles" : "45934128"
        },
        "orbiting_body" : "Earth"
      } ],
      "orbital_data" : {
        "orbit_id" : "54",
        "orbit_determination_date" : "2016-08-01 07:47:53",
        "orbit_uncertainty" : "0",
        "minimum_orbit_intersection" : ".0538301",
        "jupiter_tisserand_invariant" : "7.351",
        "epoch_osculation" : "2457600.5",
        "eccentricity" : ".4834429433842949",
        "semi_major_axis" : ".7792537736381295",
        "inclination" : "6.059105248565197",
        "ascending_node_longitude" : "114.4535882317424",
        "orbital_period" : "251.2562062352404",
        "perihelion_distance" : ".4025290356671931",
        "perihelion_argument" : ".7517608573124086",
        "aphelion_distance" : "1.155978511609066",
        "perihelion_time" : "2457707.604409445406",
        "mean_anomaly" : "206.5407562341112",
        "mean_motion" : "1.432800428670596",
        "equinox" : "J2000"
      }
    }, {
      "links" : {
        "self" : "https://api.nasa.gov/neo/rest/v1/neo/3394074?api_key=t0TVs3DtDT2H8Oy2Zy8m2eVrNsAVKAexjcZXUckd"
      },
      "neo_reference_id" : "3394074",
      "name" : "(2007 VB138)",
      "nasa_jpl_url" : "http://ssd.jpl.nasa.gov/sbdb.cgi?sstr=3394074",
      "absolute_magnitude_h" : 26.1,
      "estimated_diameter" : {
        "kilometers" : {
          "estimated_diameter_min" : 0.0160160338,
          "estimated_diameter_max" : 0.0358129403
        },
        "meters" : {
          "estimated_diameter_min" : 16.0160337979,
          "estimated_diameter_max" : 35.8129403019
        },
        "miles" : {
          "estimated_diameter_min" : 0.0099518989,
          "estimated_diameter_max" : 0.0222531225
        },
        "feet" : {
          "estimated_diameter_min" : 52.5460443254,
          "estimated_diameter_max" : 117.4965270602
        }
      },
      "is_potentially_hazardous_asteroid" : false,
      "close_approach_data" : [ {
        "close_approach_date" : "2007-11-15",
        "epoch_date_close_approach" : 1195113600000,
        "relative_velocity" : {
          "kilometers_per_second" : "9.8715206484",
          "kilometers_per_hour" : "35537.4743343693",
          "miles_per_hour" : "22081.6045384863"
        },
        "miss_distance" : {
          "astronomical" : "0.0382374356",
          "lunar" : "14.8743619919",
          "kilometers" : "5720238.5",
          "miles" : "3554391.5"
        },
        "orbiting_body" : "Earth"
      } ],
      "orbital_data" : {
        "orbit_id" : "6",
        "orbit_determination_date" : "2017-04-06 09:05:15",
        "orbit_uncertainty" : "7",
        "minimum_orbit_intersection" : ".0245829",
        "jupiter_tisserand_invariant" : "7.425",
        "epoch_osculation" : "2458000.5",
        "eccentricity" : ".4308924751730349",
        "semi_major_axis" : ".7727222197737733",
        "inclination" : "6.031366604046489",
        "ascending_node_longitude" : "42.06401482893006",
        "orbital_period" : "248.103863860892",
        "perihelion_distance" : ".4397620298742503",
        "perihelion_argument" : "161.6088904935468",
        "aphelion_distance" : "1.105682409673296",
        "perihelion_time" : "2457975.455344271610",
        "mean_anomaly" : "36.33992603708693",
        "mean_motion" : "1.451005213694884",
        "equinox" : "J2000"
      }
    }, {
      "links" : {
        "self" : "https://api.nasa.gov/neo/rest/v1/neo/3520758?api_key=t0TVs3DtDT2H8Oy2Zy8m2eVrNsAVKAexjcZXUckd"
      },
      "neo_reference_id" : "3520758",
      "name" : "(2010 HX107)",
      "nasa_jpl_url" : "http://ssd.jpl.nasa.gov/sbdb.cgi?sstr=3520758",
      "absolute_magnitude_h" : 23.6,
      "estimated_diameter" : {
        "kilometers" : {
          "estimated_diameter_min" : 0.0506471459,
          "estimated_diameter_max" : 0.1132504611
        },
        "meters" : {
          "estimated_diameter_min" : 50.6471458835,
          "estimated_diameter_max" : 113.2504610618
        },
        "miles" : {
          "estimated_diameter_min" : 0.0314706677,
          "estimated_diameter_max" : 0.0703705522
        },
        "feet" : {
          "estimated_diameter_min" : 166.1651821003,
          "estimated_diameter_max" : 371.5566426699
        }
      },
      "is_potentially_hazardous_asteroid" : false,
      "close_approach_data" : [ {
        "close_approach_date" : "2007-11-15",
        "epoch_date_close_approach" : 1195113600000,
        "relative_velocity" : {
          "kilometers_per_second" : "15.356028722",
          "kilometers_per_hour" : "55281.7033993426",
          "miles_per_hour" : "34349.9006483304"
        },
        "miss_distance" : {
          "astronomical" : "0.4286235645",
          "lunar" : "166.7345581055",
          "kilometers" : "64121172",
          "miles" : "39843048"
        },
        "orbiting_body" : "Earth"
      } ],
      "orbital_data" : {
        "orbit_id" : "13",
        "orbit_determination_date" : "2017-04-06 08:57:40",
        "orbit_uncertainty" : "1",
        "minimum_orbit_intersection" : ".0135841",
        "jupiter_tisserand_invariant" : "7.245",
        "epoch_osculation" : "2458000.5",
        "eccentricity" : ".3005049778688926",
        "semi_major_axis" : ".8008085288113501",
        "inclination" : "3.365302320868675",
        "ascending_node_longitude" : "51.60300056349139",
        "orbital_period" : "261.7528756743129",
        "perihelion_distance" : ".5601615795836749",
        "perihelion_argument" : "353.020096352595",
        "aphelion_distance" : "1.041455478039025",
        "perihelion_time" : "2458078.556294495415",
        "mean_anomaly" : "252.6458173727455",
        "mean_motion" : "1.375343056203637",
        "equinox" : "J2000"
      }
    }, {
      "links" : {
        "self" : "https://api.nasa.gov/neo/rest/v1/neo/3605565?api_key=t0TVs3DtDT2H8Oy2Zy8m2eVrNsAVKAexjcZXUckd"
      },
      "neo_reference_id" : "3605565",
      "name" : "(2012 LD1)",
      "nasa_jpl_url" : "http://ssd.jpl.nasa.gov/sbdb.cgi?sstr=3605565",
      "absolute_magnitude_h" : 21.8,
      "estimated_diameter" : {
        "kilometers" : {
          "estimated_diameter_min" : 0.1160259082,
          "estimated_diameter_max" : 0.2594418179
        },
        "meters" : {
          "estimated_diameter_min" : 116.0259082094,
          "estimated_diameter_max" : 259.4418179074
        },
        "miles" : {
          "estimated_diameter_min" : 0.0720951346,
          "estimated_diameter_max" : 0.1612096218
        },
        "feet" : {
          "estimated_diameter_min" : 380.6624406898,
          "estimated_diameter_max" : 851.1870938635
        }
      },
      "is_potentially_hazardous_asteroid" : false,
      "close_approach_data" : [ {
        "close_approach_date" : "2007-11-15",
        "epoch_date_close_approach" : 1195113600000,
        "relative_velocity" : {
          "kilometers_per_second" : "8.7112249561",
          "kilometers_per_hour" : "31360.4098420612",
          "miles_per_hour" : "19486.139104363"
        },
        "miss_distance" : {
          "astronomical" : "0.3248255195",
          "lunar" : "126.357131958",
          "kilometers" : "48593208",
          "miles" : "30194420"
        },
        "orbiting_body" : "Earth"
      } ],
      "orbital_data" : {
        "orbit_id" : "23",
        "orbit_determination_date" : "2017-04-06 08:49:38",
        "orbit_uncertainty" : "2",
        "minimum_orbit_intersection" : ".0848699",
        "jupiter_tisserand_invariant" : "5.292",
        "epoch_osculation" : "2458000.5",
        "eccentricity" : ".1176042481012951",
        "semi_major_axis" : "1.1889502422664",
        "inclination" : "15.23965697871666",
        "ascending_node_longitude" : "246.1373132972053",
        "orbital_period" : "473.5261270689481",
        "perihelion_distance" : "1.049124642994807",
        "perihelion_argument" : "303.2352334456799",
        "aphelion_distance" : "1.328775841537992",
        "perihelion_time" : "2457908.797585617890",
        "mean_anomaly" : "69.7171017403071",
        "mean_motion" : ".7602537207996169",
        "equinox" : "J2000"
      }
    }, {
      "links" : {
        "self" : "https://api.nasa.gov/neo/rest/v1/neo/3721164?api_key=t0TVs3DtDT2H8Oy2Zy8m2eVrNsAVKAexjcZXUckd"
      },
      "neo_reference_id" : "3721164",
      "name" : "(2015 LR21)",
      "nasa_jpl_url" : "http://ssd.jpl.nasa.gov/sbdb.cgi?sstr=3721164",
      "absolute_magnitude_h" : 26.5,
      "estimated_diameter" : {
        "kilometers" : {
          "estimated_diameter_min" : 0.0133215567,
          "estimated_diameter_max" : 0.0297879063
        },
        "meters" : {
          "estimated_diameter_min" : 13.3215566698,
          "estimated_diameter_max" : 29.7879062798
        },
        "miles" : {
          "estimated_diameter_min" : 0.008277629,
          "estimated_diameter_max" : 0.0185093411
        },
        "feet" : {
          "estimated_diameter_min" : 43.7058959846,
          "estimated_diameter_max" : 97.7293544391
        }
      },
      "is_potentially_hazardous_asteroid" : false,
      "close_approach_data" : [ {
        "close_approach_date" : "2007-11-15",
        "epoch_date_close_approach" : 1195113600000,
        "relative_velocity" : {
          "kilometers_per_second" : "25.3909675348",
          "kilometers_per_hour" : "91407.4831253995",
          "miles_per_hour" : "56797.0552786684"
        },
        "miss_distance" : {
          "astronomical" : "0.3857055017",
          "lunar" : "150.0394439697",
          "kilometers" : "57700724",
          "miles" : "35853568"
        },
        "orbiting_body" : "Earth"
      } ],
      "orbital_data" : {
        "orbit_id" : "17",
        "orbit_determination_date" : "2017-04-14 06:13:06",
        "orbit_uncertainty" : "4",
        "minimum_orbit_intersection" : ".0010832",
        "jupiter_tisserand_invariant" : "3.723",
        "epoch_osculation" : "2458000.5",
        "eccentricity" : ".5686584148545474",
        "semi_major_axis" : "1.908086667132264",
        "inclination" : "1.889263124059593",
        "ascending_node_longitude" : "86.33599983049332",
        "orbital_period" : "962.7101977294782",
        "perihelion_distance" : ".8230371275957342",
        "perihelion_argument" : "243.3766867379067",
        "aphelion_distance" : "2.993136206668793",
        "perihelion_time" : "2458199.223994047447",
        "mean_anomaly" : "285.6882932934469",
        "mean_motion" : ".3739443093560749",
        "equinox" : "J2000"
      }
    }, {
      "links" : {
        "self" : "https://api.nasa.gov/neo/rest/v1/neo/2469737?api_key=t0TVs3DtDT2H8Oy2Zy8m2eVrNsAVKAexjcZXUckd"
      },
      "neo_reference_id" : "2469737",
      "name" : "469737 (2005 NW44)",
      "nasa_jpl_url" : "http://ssd.jpl.nasa.gov/sbdb.cgi?sstr=2469737",
      "absolute_magnitude_h" : 20.4,
      "estimated_diameter" : {
        "kilometers" : {
          "estimated_diameter_min" : 0.2210828104,
          "estimated_diameter_max" : 0.4943561926
        },
        "meters" : {
          "estimated_diameter_min" : 221.0828103591,
          "estimated_diameter_max" : 494.3561926196
        },
        "miles" : {
          "estimated_diameter_min" : 0.137374447,
          "estimated_diameter_max" : 0.3071786018
        },
        "feet" : {
          "estimated_diameter_min" : 725.3373275385,
          "estimated_diameter_max" : 1621.9035709942
        }
      },
      "is_potentially_hazardous_asteroid" : false,
      "close_approach_data" : [ {
        "close_approach_date" : "2007-11-15",
        "epoch_date_close_approach" : 1195113600000,
        "relative_velocity" : {
          "kilometers_per_second" : "16.5078427597",
          "kilometers_per_hour" : "59428.2339348678",
          "miles_per_hour" : "36926.3934691405"
        },
        "miss_distance" : {
          "astronomical" : "0.4941501114",
          "lunar" : "192.224395752",
          "kilometers" : "73923800",
          "miles" : "45934124"
        },
        "orbiting_body" : "Earth"
      } ],
      "orbital_data" : {
        "orbit_id" : "56",
        "orbit_determination_date" : "2017-04-06 09:19:15",
        "orbit_uncertainty" : "0",
        "minimum_orbit_intersection" : ".0539712",
        "jupiter_tisserand_invariant" : "7.350",
        "epoch_osculation" : "2458000.5",
        "eccentricity" : ".4833444866273818",
        "semi_major_axis" : ".7793443512152165",
        "inclination" : "6.057246557704326",
        "ascending_node_longitude" : "114.4423845256922",
        "orbital_period" : "251.3000151466841",
        "perihelion_distance" : ".4026525558711477",
        "perihelion_argument" : ".7495086959431972",
        "aphelion_distance" : "1.156036146559285",
        "perihelion_time" : "2457958.897327115537",
        "mean_anomaly" : "59.5979360751912",
        "mean_motion" : "1.432550649827329",
        "equinox" : "J2000"
      }
    } ]
  }
}