{
  "links" : {
    "next" : "https://api.nasa.gov/neo/rest/v1/feed?start_date=1999-07-16&end_date=1999-07-16&detailed=true&api_key=t0TVs3DtDT2H8Oy2Zy8m2eVrNsAVKAexjcZXUckd",
    "prev" : "https://api.nasa.gov/neo/rest/v1/feed?start_date=1999-07-14&end_date=1999-07-14&detailed=true&api_key=t0TVs3DtDT2H8Oy2Zy8m2eVrNsAVKAexjcZXUckd",
    "self" : "https://api.nasa.gov/neo/rest/v1/feed?start_date=1999-07-15&end_date=1999-07-15&detailed=true&api_key=t0TVs3DtDT2H8Oy2Zy8m2eVrNsAVKAexjcZXUckd"
  },
  "element_count" : 6,
  "near_earth_objects" : {
    "1999-07-15" : [ {
      "links" : {
        "self" : "https://api.nasa.gov/neo/rest/v1/neo/2438661?api_key=t0TVs3DtDT2H8Oy2Zy8m2eVrNsAVKAexjcZXUckd"
      },
      "neo_reference_id" : "2438661",
      "name" : "438661 (2008 EP6)",
      "nasa_jpl_url" : "http://ssd.jpl.nasa.gov/sbdb.cgi?sstr=2438661",
      "absolute_magnitude_h" : 19.4,
      "estimated_diameter" : {
        "kilometers" : {
          "estimated_diameter_min" : 0.3503926411,
          "estimated_diameter_max" : 0.7835017643
        },
        "meters" : {
          "estimated_diameter_min" : 350.3926411083,
          "estimated_diameter_max" : 783.5017643338
        },
        "miles" : {
          "estimated_diameter_min" : 0.2177238258,
          "estimated_diameter_max" : 0.4868452748
        },
        "feet" : {
          "estimated_diameter_min" : 1149.5821926537,
          "estimated_diameter_max" : 2570.543928497
        }
      },
      "is_potentially_hazardous_asteroid" : true,
      "close_approach_data" : [ {
        "close_approach_date" : "1999-07-15",
        "epoch_date_close_approach" : 932022000000,
        "relative_velocity" : {
          "kilometers_per_second" : "10.9394188914",
          "kilometers_per_hour" : "39381.9080090522",
          "miles_per_hour" : "24470.3861181803"
        },
        "miss_distance" : {
          "astronomical" : "0.49067414",
          "lunar" : "190.8722381592",
          "kilometers" : "73403808",
          "miles" : "45611012"
        },
        "orbiting_body" : "Earth"
      } ],
      "orbital_data" : {
        "orbit_id" : "35",
        "orbit_determination_date" : "2017-04-06 09:20:35",
        "orbit_uncertainty" : "0",
        "minimum_orbit_intersection" : ".0460421",
        "jupiter_tisserand_invariant" : "5.181",
        "epoch_osculation" : "2458000.5",
        "eccentricity" : ".2932651755106366",
        "semi_major_axis" : "1.209309895267567",
        "inclination" : "17.71974606451513",
        "ascending_node_longitude" : "303.2794898030196",
        "orbital_period" : "485.7410828814177",
        "perihelion_distance" : ".8546614165851745",
        "perihelion_argument" : "130.3284562165701",
        "aphelion_distance" : "1.56395837394996",
        "perihelion_time" : "2457859.647283270761",
        "mean_anomaly" : "104.390960142247",
        "mean_motion" : ".7411355816651926",
        "equinox" : "J2000"
      }
    }, {
      "links" : {
        "self" : "https://api.nasa.gov/neo/rest/v1/neo/3021049?api_key=t0TVs3DtDT2H8Oy2Zy8m2eVrNsAVKAexjcZXUckd"
      },
      "neo_reference_id" : "3021049",
      "name" : "(1999 NW2)",
      "nasa_jpl_url" : "http://ssd.jpl.nasa.gov/sbdb.cgi?sstr=3021049",
      "absolute_magnitude_h" : 23.2,
      "estimated_diameter" : {
        "kilometers" : {
          "estimated_diameter_min" : 0.0608912622,
          "estimated_diameter_max" : 0.1361570015
        },
        "meters" : {
          "estimated_diameter_min" : 60.8912622106,
          "estimated_diameter_max" : 136.1570015386
        },
        "miles" : {
          "estimated_diameter_min" : 0.0378360645,
          "estimated_diameter_max" : 0.0846040122
        },
        "feet" : {
          "estimated_diameter_min" : 199.7744887109,
          "estimated_diameter_max" : 446.7093369279
        }
      },
      "is_potentially_hazardous_asteroid" : false,
      "close_approach_data" : [ {
        "close_approach_date" : "1999-07-15",
        "epoch_date_close_approach" : 932022000000,
        "relative_velocity" : {
          "kilometers_per_second" : "5.2051443645",
          "kilometers_per_hour" : "18738.5197122008",
          "miles_per_hour" : "11643.3874289506"
        },
        "miss_distance" : {
          "astronomical" : "0.0163076701",
          "lunar" : "6.3436837196",
          "kilometers" : "2439592.75",
          "miles" : "1515892.75"
        },
        "orbiting_body" : "Earth"
      } ],
      "orbital_data" : {
        "orbit_id" : "36",
        "orbit_determination_date" : "2017-04-06 09:17:25",
        "orbit_uncertainty" : "0",
        "minimum_orbit_intersection" : ".0166586",
        "jupiter_tisserand_invariant" : "5.573",
        "epoch_osculation" : "2458000.5",
        "eccentricity" : ".1086593392330616",
        "semi_major_axis" : "1.116030906761442",
        "inclination" : "8.679528924007801",
        "ascending_node_longitude" : "289.550434320367",
        "orbital_period" : "430.6384064185135",
        "perihelion_distance" : ".9947637258690692",
        "perihelion_argument" : "53.00628562425536",
        "aphelion_distance" : "1.237298087653815",
        "perihelion_time" : "2457889.864641271000",
        "mean_anomaly" : "92.48763823385622",
        "mean_motion" : ".8359681687335059",
        "equinox" : "J2000"
      }
    }, {
      "links" : {
        "self" : "https://api.nasa.gov/neo/rest/v1/neo/3587874?api_key=t0TVs3DtDT2H8Oy2Zy8m2eVrNsAVKAexjcZXUckd"
      },
      "neo_reference_id" : "3587874",
      "name" : "(2011 WC)",
      "nasa_jpl_url" : "http://ssd.jpl.nasa.gov/sbdb.cgi?sstr=3587874",
      "absolute_magnitude_h" : 22.8,
      "estimated_diameter" : {
        "kilometers" : {
          "estimated_diameter_min" : 0.0732073989,
          "estimated_diameter_max" : 0.1636967205
        },
        "meters" : {
          "estimated_diameter_min" : 73.2073989347,
          "estimated_diameter_max" : 163.696720474
        },
        "miles" : {
          "estimated_diameter_min" : 0.0454889547,
          "estimated_diameter_max" : 0.1017163949
        },
        "feet" : {
          "estimated_diameter_min" : 240.181762721,
          "estimated_diameter_max" : 537.0627483999
        }
      },
      "is_potentially_hazardous_asteroid" : false,
      "close_approach_data" : [ {
        "close_approach_date" : "1999-07-15",
        "epoch_date_close_approach" : 932022000000,
        "relative_velocity" : {
          "kilometers_per_second" : "5.0431510651",
          "kilometers_per_hour" : "18155.3438344769",
          "miles_per_hour" : "11281.0246175948"
        },
        "miss_distance" : {
          "astronomical" : "0.3520580199",
          "lunar" : "136.9505767822",
          "kilometers" : "52667132",
          "miles" : "32725838"
        },
        "orbiting_body" : "Earth"
      } ],
      "orbital_data" : {
        "orbit_id" : "16",
        "orbit_determination_date" : "2017-04-06 08:52:02",
        "orbit_uncertainty" : "2",
        "minimum_orbit_intersection" : ".140952",
        "jupiter_tisserand_invariant" : "5.268",
        "epoch_osculation" : "2458000.5",
        "eccentricity" : ".09862596580220143",
        "semi_major_axis" : "1.203339682214681",
        "inclination" : "9.397169404205123",
        "ascending_node_longitude" : "226.10796971602",
        "orbital_period" : "482.1484608332754",
        "perihelion_distance" : "1.084659143868144",
        "perihelion_argument" : "245.1344229323056",
        "aphelion_distance" : "1.322020220561218",
        "perihelion_time" : "2457878.628158854180",
        "mean_anomaly" : "90.99658378390306",
        "mean_motion" : ".7466579886573282",
        "equinox" : "J2000"
      }
    }, {
      "links" : {
        "self" : "https://api.nasa.gov/neo/rest/v1/neo/3596097?api_key=t0TVs3DtDT2H8Oy2Zy8m2eVrNsAVKAexjcZXUckd"
      },
      "neo_reference_id" : "3596097",
      "name" : "(2011 YU74)",
      "nasa_jpl_url" : "http://ssd.jpl.nasa.gov/sbdb.cgi?sstr=3596097",
      "absolute_magnitude_h" : 23.0,
      "estimated_diameter" : {
        "kilometers" : {
          "estimated_diameter_min" : 0.0667659413,
          "estimated_diameter_max" : 0.1492931834
        },
        "meters" : {
          "estimated_diameter_min" : 66.7659413495,
          "estimated_diameter_max" : 149.2931834393
        },
        "miles" : {
          "estimated_diameter_min" : 0.0414864197,
          "estimated_diameter_max" : 0.0927664547
        },
        "feet" : {
          "estimated_diameter_min" : 219.0483710172,
          "estimated_diameter_max" : 489.807047955
        }
      },
      "is_potentially_hazardous_asteroid" : false,
      "close_approach_data" : [ {
        "close_approach_date" : "1999-07-15",
        "epoch_date_close_approach" : 932022000000,
        "relative_velocity" : {
          "kilometers_per_second" : "4.7329797417",
          "kilometers_per_hour" : "17038.7270701657",
          "miles_per_hour" : "10587.2023842371"
        },
        "miss_distance" : {
          "astronomical" : "0.3462614785",
          "lunar" : "134.6957092285",
          "kilometers" : "51799980",
          "miles" : "32187014"
        },
        "orbiting_body" : "Earth"
      } ],
      "orbital_data" : {
        "orbit_id" : "21",
        "orbit_determination_date" : "2017-04-06 08:51:34",
        "orbit_uncertainty" : "1",
        "minimum_orbit_intersection" : ".0212131",
        "jupiter_tisserand_invariant" : "5.024",
        "epoch_osculation" : "2458000.5",
        "eccentricity" : ".2592213387794836",
        "semi_major_axis" : "1.279638670568423",
        "inclination" : "1.955476961888733",
        "ascending_node_longitude" : "275.4029276282368",
        "orbital_period" : "528.7245311877208",
        "perihelion_distance" : ".9479290212296779",
        "perihelion_argument" : "275.7209569215889",
        "aphelion_distance" : "1.611348319907168",
        "perihelion_time" : "2458128.612370017220",
        "mean_anomaly" : "272.7703549093992",
        "mean_motion" : ".6808838606207661",
        "equinox" : "J2000"
      }
    }, {
      "links" : {
        "self" : "https://api.nasa.gov/neo/rest/v1/neo/3689353?api_key=t0TVs3DtDT2H8Oy2Zy8m2eVrNsAVKAexjcZXUckd"
      },
      "neo_reference_id" : "3689353",
      "name" : "(2014 SP142)",
      "nasa_jpl_url" : "http://ssd.jpl.nasa.gov/sbdb.cgi?sstr=3689353",
      "absolute_magnitude_h" : 21.7,
      "estimated_diameter" : {
        "kilometers" : {
          "estimated_diameter_min" : 0.1214940408,
          "estimated_diameter_max" : 0.2716689341
        },
        "meters" : {
          "estimated_diameter_min" : 121.4940407996,
          "estimated_diameter_max" : 271.6689340891
        },
        "miles" : {
          "estimated_diameter_min" : 0.0754928736,
          "estimated_diameter_max" : 0.1688071972
        },
        "feet" : {
          "estimated_diameter_min" : 398.6025088171,
          "estimated_diameter_max" : 891.3023057169
        }
      },
      "is_potentially_hazardous_asteroid" : true,
      "close_approach_data" : [ {
        "close_approach_date" : "1999-07-15",
        "epoch_date_close_approach" : 932022000000,
        "relative_velocity" : {
          "kilometers_per_second" : "8.0857295754",
          "kilometers_per_hour" : "29108.6264713311",
          "miles_per_hour" : "18086.9684871446"
        },
        "miss_distance" : {
          "astronomical" : "0.1804702541",
          "lunar" : "70.2029266357",
          "kilometers" : "26997966",
          "miles" : "16775759"
        },
        "orbiting_body" : "Earth"
      } ],
      "orbital_data" : {
        "orbit_id" : "6",
        "orbit_determination_date" : "2017-04-06 08:38:35",
        "orbit_uncertainty" : "5",
        "minimum_orbit_intersection" : ".0012832",
        "jupiter_tisserand_invariant" : "5.336",
        "epoch_osculation" : "2458000.5",
        "eccentricity" : ".4200520733989182",
        "semi_major_axis" : "1.160667954212752",
        "inclination" : "5.57236985571304",
        "ascending_node_longitude" : "125.207730692744",
        "orbital_period" : "456.7309241306481",
        "perihelion_distance" : ".6731269735180048",
        "perihelion_argument" : "81.20897329494225",
        "aphelion_distance" : "1.648208934907499",
        "perihelion_time" : "2458160.169563487341",
        "mean_anomaly" : "234.14681201004",
        "mean_motion" : ".788210258994904",
        "equinox" : "J2000"
      }
    }, {
      "links" : {
        "self" : "https://api.nasa.gov/neo/rest/v1/neo/3703783?api_key=t0TVs3DtDT2H8Oy2Zy8m2eVrNsAVKAexjcZXUckd"
      },
      "neo_reference_id" : "3703783",
      "name" : "(2015 AF45)",
      "nasa_jpl_url" : "http://ssd.jpl.nasa.gov/sbdb.cgi?sstr=3703783",
      "absolute_magnitude_h" : 24.9,
      "estimated_diameter" : {
        "kilometers" : {
          "estimated_diameter_min" : 0.0278326768,
          "estimated_diameter_max" : 0.0622357573
        },
        "meters" : {
          "estimated_diameter_min" : 27.8326768072,
          "estimated_diameter_max" : 62.2357573367
        },
        "miles" : {
          "estimated_diameter_min" : 0.0172944182,
          "estimated_diameter_max" : 0.0386714948
        },
        "feet" : {
          "estimated_diameter_min" : 91.3145593761,
          "estimated_diameter_max" : 204.1855621004
        }
      },
      "is_potentially_hazardous_asteroid" : false,
      "close_approach_data" : [ {
        "close_approach_date" : "1999-07-15",
        "epoch_date_close_approach" : 932022000000,
        "relative_velocity" : {
          "kilometers_per_second" : "6.5867489697",
          "kilometers_per_hour" : "23712.2962910177",
          "miles_per_hour" : "14733.8987703827"
        },
        "miss_distance" : {
          "astronomical" : "0.4265915549",
          "lunar" : "165.9441070557",
          "kilometers" : "63817188",
          "miles" : "39654160"
        },
        "orbiting_body" : "Earth"
      } ],
      "orbital_data" : {
        "orbit_id" : "6",
        "orbit_determination_date" : "2017-04-06 08:36:23",
        "orbit_uncertainty" : "6",
        "minimum_orbit_intersection" : ".00637285",
        "jupiter_tisserand_invariant" : "4.903",
        "epoch_osculation" : "2458000.5",
        "eccentricity" : ".3698295170597243",
        "semi_major_axis" : "1.309437049795553",
        "inclination" : "4.484025732881697",
        "ascending_node_longitude" : "288.6372816191418",
        "orbital_period" : "547.2998942053252",
        "perihelion_distance" : ".8251685780495536",
        "perihelion_argument" : "109.1914024102917",
        "aphelion_distance" : "1.793705521541553",
        "perihelion_time" : "2458070.005390812606",
        "mean_anomaly" : "314.2811154223414",
        "mean_motion" : ".6577746566582421",
        "equinox" : "J2000"
      }
    } ]
  }
}