{
  "links" : {
    "next" : "https://api.nasa.gov/neo/rest/v1/feed?start_date=2006-04-09&end_date=2006-04-09&detailed=true&api_key=t0TVs3DtDT2H8Oy2Zy8m2eVrNsAVKAexjcZXUckd",
    "prev" : "https://api.nasa.gov/neo/rest/v1/feed?start_date=2006-04-07&end_date=2006-04-07&detailed=true&api_key=t0TVs3DtDT2H8Oy2Zy8m2eVrNsAVKAexjcZXUckd",
    "self" : "https://api.nasa.gov/neo/rest/v1/feed?start_date=2006-04-08&end_date=2006-04-08&detailed=true&api_key=t0TVs3DtDT2H8Oy2Zy8m2eVrNsAVKAexjcZXUckd"
  },
  "element_count" : 8,
  "near_earth_objects" : {
    "2006-04-08" : [ {
      "links" : {
        "self" : "https://api.nasa.gov/neo/rest/v1/neo/2101955?api_key=t0TVs3DtDT2H8Oy2Zy8m2eVrNsAVKAexjcZXUckd"
      },
      "neo_reference_id" : "2101955",
      "name" : "101955 Bennu (1999 RQ36)",
      "nasa_jpl_url" : "http://ssd.jpl.nasa.gov/sbdb.cgi?sstr=2101955",
      "absolute_magnitude_h" : 20.19,
      "estimated_diameter" : {
        "kilometers" : {
          "estimated_diameter_min" : 0.2435314063,
          "estimated_diameter_max" : 0.5445527791
        },
        "meters" : {
          "estimated_diameter_min" : 243.5314062744,
          "estimated_diameter_max" : 544.5527790857
        },
        "miles" : {
          "estimated_diameter_min" : 0.1513233534,
          "estimated_diameter_max" : 0.3383693049
        },
        "feet" : {
          "estimated_diameter_min" : 798.9875789614,
          "estimated_diameter_max" : 1786.5905397357
        }
      },
      "is_potentially_hazardous_asteroid" : true,
      "close_approach_data" : [ {
        "close_approach_date" : "2006-04-08",
        "epoch_date_close_approach" : 1144479600000,
        "relative_velocity" : {
          "kilometers_per_second" : "5.8941390182",
          "kilometers_per_hour" : "21218.9004654047",
          "miles_per_hour" : "13184.59956974"
        },
        "miss_distance" : {
          "astronomical" : "0.2791466022",
          "lunar" : "108.5880355835",
          "kilometers" : "41759740",
          "miles" : "25948298"
        },
        "orbiting_body" : "Earth"
      } ],
      "orbital_data" : {
        "orbit_id" : "95",
        "orbit_determination_date" : "2017-09-02 06:19:55",
        "orbit_uncertainty" : "0",
        "minimum_orbit_intersection" : ".0032228",
        "jupiter_tisserand_invariant" : "5.525",
        "epoch_osculation" : "2455562.5",
        "eccentricity" : ".2037451095574896",
        "semi_major_axis" : "1.126391026024589",
        "inclination" : "6.034939391321328",
        "ascending_node_longitude" : "2.060867570687039",
        "orbital_period" : "436.6487281874828",
        "perihelion_distance" : ".896894363022636",
        "perihelion_argument" : "66.22306847249314",
        "aphelion_distance" : "1.355887689026542",
        "perihelion_time" : "2455439.141945873525",
        "mean_anomaly" : "101.7039478618686",
        "mean_motion" : ".8244613501895456",
        "equinox" : "J2000"
      }
    }, {
      "links" : {
        "self" : "https://api.nasa.gov/neo/rest/v1/neo/2190135?api_key=t0TVs3DtDT2H8Oy2Zy8m2eVrNsAVKAexjcZXUckd"
      },
      "neo_reference_id" : "2190135",
      "name" : "190135 (2005 QE30)",
      "nasa_jpl_url" : "http://ssd.jpl.nasa.gov/sbdb.cgi?sstr=2190135",
      "absolute_magnitude_h" : 17.2,
      "estimated_diameter" : {
        "kilometers" : {
          "estimated_diameter_min" : 0.9650614696,
          "estimated_diameter_max" : 2.1579430484
        },
        "meters" : {
          "estimated_diameter_min" : 965.0614695789,
          "estimated_diameter_max" : 2157.9430484443
        },
        "miles" : {
          "estimated_diameter_min" : 0.5996612104,
          "estimated_diameter_max" : 1.34088323
        },
        "feet" : {
          "estimated_diameter_min" : 3166.2122718533,
          "estimated_diameter_max" : 7079.8658710581
        }
      },
      "is_potentially_hazardous_asteroid" : false,
      "close_approach_data" : [ {
        "close_approach_date" : "2006-04-08",
        "epoch_date_close_approach" : 1144479600000,
        "relative_velocity" : {
          "kilometers_per_second" : "17.6494764813",
          "kilometers_per_hour" : "63538.1153325007",
          "miles_per_hour" : "39480.1139409086"
        },
        "miss_distance" : {
          "astronomical" : "0.1101069956",
          "lunar" : "42.8316230774",
          "kilometers" : "16471772",
          "miles" : "10235085"
        },
        "orbiting_body" : "Earth"
      } ],
      "orbital_data" : {
        "orbit_id" : "61",
        "orbit_determination_date" : "2017-04-06 09:25:43",
        "orbit_uncertainty" : "0",
        "minimum_orbit_intersection" : ".078411",
        "jupiter_tisserand_invariant" : "3.476",
        "epoch_osculation" : "2458000.5",
        "eccentricity" : ".6886183138967675",
        "semi_major_axis" : "2.017984306895917",
        "inclination" : "6.230435508035438",
        "ascending_node_longitude" : "259.8510183625158",
        "orbital_period" : "1047.068522295903",
        "perihelion_distance" : ".6283633560111137",
        "perihelion_argument" : "216.9534779949508",
        "aphelion_distance" : "3.407605257780721",
        "perihelion_time" : "2457974.218527873368",
        "mean_anomaly" : "9.036017953096044",
        "mean_motion" : ".3438170399876306",
        "equinox" : "J2000"
      }
    }, {
      "links" : {
        "self" : "https://api.nasa.gov/neo/rest/v1/neo/2363599?api_key=t0TVs3DtDT2H8Oy2Zy8m2eVrNsAVKAexjcZXUckd"
      },
      "neo_reference_id" : "2363599",
      "name" : "363599 (2004 FG11)",
      "nasa_jpl_url" : "http://ssd.jpl.nasa.gov/sbdb.cgi?sstr=2363599",
      "absolute_magnitude_h" : 21.0,
      "estimated_diameter" : {
        "kilometers" : {
          "estimated_diameter_min" : 0.1677084622,
          "estimated_diameter_max" : 0.3750075218
        },
        "meters" : {
          "estimated_diameter_min" : 167.7084621628,
          "estimated_diameter_max" : 375.0075217981
        },
        "miles" : {
          "estimated_diameter_min" : 0.1042091748,
          "estimated_diameter_max" : 0.2330187988
        },
        "feet" : {
          "estimated_diameter_min" : 550.2246310023,
          "estimated_diameter_max" : 1230.3396778159
        }
      },
      "is_potentially_hazardous_asteroid" : true,
      "close_approach_data" : [ {
        "close_approach_date" : "2006-04-08",
        "epoch_date_close_approach" : 1144479600000,
        "relative_velocity" : {
          "kilometers_per_second" : "26.7526674704",
          "kilometers_per_hour" : "96309.6028932683",
          "miles_per_hour" : "59843.0418644311"
        },
        "miss_distance" : {
          "astronomical" : "0.0996007984",
          "lunar" : "38.7447128296",
          "kilometers" : "14900068",
          "miles" : "9258473"
        },
        "orbiting_body" : "Earth"
      } ],
      "orbital_data" : {
        "orbit_id" : "60",
        "orbit_determination_date" : "2017-04-06 09:22:44",
        "orbit_uncertainty" : "0",
        "minimum_orbit_intersection" : ".0212101",
        "jupiter_tisserand_invariant" : "4.038",
        "epoch_osculation" : "2456484.5",
        "eccentricity" : ".7241131655030483",
        "semi_major_axis" : "1.588022608363079",
        "inclination" : "3.11472006671959",
        "ascending_node_longitude" : "84.51155304385449",
        "orbital_period" : "730.9428942320933",
        "perihelion_distance" : ".4381145305308823",
        "perihelion_argument" : "227.6711557332302",
        "aphelion_distance" : "2.737930686195275",
        "perihelion_time" : "2456806.803066432826",
        "mean_anomaly" : "201.2610549587269",
        "mean_motion" : ".4925145354593059",
        "equinox" : "J2000"
      }
    }, {
      "links" : {
        "self" : "https://api.nasa.gov/neo/rest/v1/neo/2388945?api_key=t0TVs3DtDT2H8Oy2Zy8m2eVrNsAVKAexjcZXUckd"
      },
      "neo_reference_id" : "2388945",
      "name" : "388945 (2008 TZ3)",
      "nasa_jpl_url" : "http://ssd.jpl.nasa.gov/sbdb.cgi?sstr=2388945",
      "absolute_magnitude_h" : 20.4,
      "estimated_diameter" : {
        "kilometers" : {
          "estimated_diameter_min" : 0.2210828104,
          "estimated_diameter_max" : 0.4943561926
        },
        "meters" : {
          "estimated_diameter_min" : 221.0828103591,
          "estimated_diameter_max" : 494.3561926196
        },
        "miles" : {
          "estimated_diameter_min" : 0.137374447,
          "estimated_diameter_max" : 0.3071786018
        },
        "feet" : {
          "estimated_diameter_min" : 725.3373275385,
          "estimated_diameter_max" : 1621.9035709942
        }
      },
      "is_potentially_hazardous_asteroid" : true,
      "close_approach_data" : [ {
        "close_approach_date" : "2006-04-08",
        "epoch_date_close_approach" : 1144479600000,
        "relative_velocity" : {
          "kilometers_per_second" : "20.5900039992",
          "kilometers_per_hour" : "74124.0143970588",
          "miles_per_hour" : "46057.7799457725"
        },
        "miss_distance" : {
          "astronomical" : "0.4260112961",
          "lunar" : "165.7183990479",
          "kilometers" : "63730384",
          "miles" : "39600224"
        },
        "orbiting_body" : "Earth"
      } ],
      "orbital_data" : {
        "orbit_id" : "82",
        "orbit_determination_date" : "2017-04-06 09:22:03",
        "orbit_uncertainty" : "0",
        "minimum_orbit_intersection" : ".017126",
        "jupiter_tisserand_invariant" : "4.279",
        "epoch_osculation" : "2458000.5",
        "eccentricity" : ".3903620492419989",
        "semi_major_axis" : "1.589760322348412",
        "inclination" : "8.80682264839607",
        "ascending_node_longitude" : "44.1956344762771",
        "orbital_period" : "732.142987758402",
        "perihelion_distance" : ".9691782251128649",
        "perihelion_argument" : "219.4069019675901",
        "aphelion_distance" : "2.210342419583958",
        "perihelion_time" : "2458277.652335800659",
        "mean_anomaly" : "223.7221928550908",
        "mean_motion" : ".4917072293517554",
        "equinox" : "J2000"
      }
    }, {
      "links" : {
        "self" : "https://api.nasa.gov/neo/rest/v1/neo/3345302?api_key=t0TVs3DtDT2H8Oy2Zy8m2eVrNsAVKAexjcZXUckd"
      },
      "neo_reference_id" : "3345302",
      "name" : "(2006 SR131)",
      "nasa_jpl_url" : "http://ssd.jpl.nasa.gov/sbdb.cgi?sstr=3345302",
      "absolute_magnitude_h" : 28.0,
      "estimated_diameter" : {
        "kilometers" : {
          "estimated_diameter_min" : 0.0066765941,
          "estimated_diameter_max" : 0.0149293183
        },
        "meters" : {
          "estimated_diameter_min" : 6.676594135,
          "estimated_diameter_max" : 14.9293183439
        },
        "miles" : {
          "estimated_diameter_min" : 0.004148642,
          "estimated_diameter_max" : 0.0092766455
        },
        "feet" : {
          "estimated_diameter_min" : 21.9048371017,
          "estimated_diameter_max" : 48.9807047955
        }
      },
      "is_potentially_hazardous_asteroid" : false,
      "close_approach_data" : [ {
        "close_approach_date" : "2006-04-08",
        "epoch_date_close_approach" : 1144479600000,
        "relative_velocity" : {
          "kilometers_per_second" : "6.556498051",
          "kilometers_per_hour" : "23603.3929834359",
          "miles_per_hour" : "14666.2304901799"
        },
        "miss_distance" : {
          "astronomical" : "0.4488958987",
          "lunar" : "174.6204986572",
          "kilometers" : "67153872",
          "miles" : "41727480"
        },
        "orbiting_body" : "Earth"
      } ],
      "orbital_data" : {
        "orbit_id" : "12",
        "orbit_determination_date" : "2017-04-06 09:08:03",
        "orbit_uncertainty" : "7",
        "minimum_orbit_intersection" : ".000818677",
        "jupiter_tisserand_invariant" : "4.808",
        "epoch_osculation" : "2458000.5",
        "eccentricity" : ".3368544935094236",
        "semi_major_axis" : "1.352041465835177",
        "inclination" : ".6316043838263935",
        "ascending_node_longitude" : "184.83608290",
        "orbital_period" : "574.2267813550271",
        "perihelion_distance" : ".8966002226575297",
        "perihelion_argument" : "121.0494363490574",
        "aphelion_distance" : "1.807482709012824",
        "perihelion_time" : "2457976.802245390506",
        "mean_anomaly" : "14.85683346096556",
        "mean_motion" : ".626930006905099",
        "equinox" : "J2000"
      }
    }, {
      "links" : {
        "self" : "https://api.nasa.gov/neo/rest/v1/neo/3471513?api_key=t0TVs3DtDT2H8Oy2Zy8m2eVrNsAVKAexjcZXUckd"
      },
      "neo_reference_id" : "3471513",
      "name" : "(2009 TC8)",
      "nasa_jpl_url" : "http://ssd.jpl.nasa.gov/sbdb.cgi?sstr=3471513",
      "absolute_magnitude_h" : 18.8,
      "estimated_diameter" : {
        "kilometers" : {
          "estimated_diameter_min" : 0.4619074603,
          "estimated_diameter_max" : 1.0328564805
        },
        "meters" : {
          "estimated_diameter_min" : 461.9074602816,
          "estimated_diameter_max" : 1032.8564805039
        },
        "miles" : {
          "estimated_diameter_min" : 0.2870159005,
          "estimated_diameter_max" : 0.6417870641
        },
        "feet" : {
          "estimated_diameter_min" : 1515.4444719902,
          "estimated_diameter_max" : 3388.6368554964
        }
      },
      "is_potentially_hazardous_asteroid" : false,
      "close_approach_data" : [ {
        "close_approach_date" : "2006-04-08",
        "epoch_date_close_approach" : 1144479600000,
        "relative_velocity" : {
          "kilometers_per_second" : "17.7871880434",
          "kilometers_per_hour" : "64033.8769563034",
          "miles_per_hour" : "39788.1609343208"
        },
        "miss_distance" : {
          "astronomical" : "0.3136551173",
          "lunar" : "122.0118408203",
          "kilometers" : "46922136",
          "miles" : "29156064"
        },
        "orbiting_body" : "Earth"
      } ],
      "orbital_data" : {
        "orbit_id" : "16",
        "orbit_determination_date" : "2017-04-06 08:59:39",
        "orbit_uncertainty" : "2",
        "minimum_orbit_intersection" : ".0537728",
        "jupiter_tisserand_invariant" : "3.598",
        "epoch_osculation" : "2458000.5",
        "eccentricity" : ".5258671099011332",
        "semi_major_axis" : "2.021912962733104",
        "inclination" : "14.9665305712599",
        "ascending_node_longitude" : "248.9529479705606",
        "orbital_period" : "1050.127693739915",
        "perihelion_distance" : ".958655436549009",
        "perihelion_argument" : "356.5778942728047",
        "aphelion_distance" : "3.085170488917199",
        "perihelion_time" : "2458058.317777973976",
        "mean_anomaly" : "340.1791723095093",
        "mean_motion" : ".3428154520122207",
        "equinox" : "J2000"
      }
    }, {
      "links" : {
        "self" : "https://api.nasa.gov/neo/rest/v1/neo/3548527?api_key=t0TVs3DtDT2H8Oy2Zy8m2eVrNsAVKAexjcZXUckd"
      },
      "neo_reference_id" : "3548527",
      "name" : "(2010 TD54)",
      "nasa_jpl_url" : "http://ssd.jpl.nasa.gov/sbdb.cgi?sstr=3548527",
      "absolute_magnitude_h" : 28.9,
      "estimated_diameter" : {
        "kilometers" : {
          "estimated_diameter_min" : 0.004411182,
          "estimated_diameter_max" : 0.0098637028
        },
        "meters" : {
          "estimated_diameter_min" : 4.411182,
          "estimated_diameter_max" : 9.8637028131
        },
        "miles" : {
          "estimated_diameter_min" : 0.0027409806,
          "estimated_diameter_max" : 0.0061290189
        },
        "feet" : {
          "estimated_diameter_min" : 14.4723823528,
          "estimated_diameter_max" : 32.3612307372
        }
      },
      "is_potentially_hazardous_asteroid" : false,
      "close_approach_data" : [ {
        "close_approach_date" : "2006-04-08",
        "epoch_date_close_approach" : 1144479600000,
        "relative_velocity" : {
          "kilometers_per_second" : "27.3179561166",
          "kilometers_per_hour" : "98344.6420196538",
          "miles_per_hour" : "61107.5360371566"
        },
        "miss_distance" : {
          "astronomical" : "0.3462096896",
          "lunar" : "134.675567627",
          "kilometers" : "51792232",
          "miles" : "32182200"
        },
        "orbiting_body" : "Earth"
      } ],
      "orbital_data" : {
        "orbit_id" : "11",
        "orbit_determination_date" : "2017-04-06 08:56:22",
        "orbit_uncertainty" : "6",
        "minimum_orbit_intersection" : ".000178086",
        "jupiter_tisserand_invariant" : "3.579",
        "epoch_osculation" : "2458000.5",
        "eccentricity" : ".6438025877133082",
        "semi_major_axis" : "1.97079809740504",
        "inclination" : "4.304511235493235",
        "ascending_node_longitude" : "18.60652187365495",
        "orbital_period" : "1010.558893291787",
        "perihelion_distance" : ".7019931824352107",
        "perihelion_argument" : "76.06762064667267",
        "aphelion_distance" : "3.239603012374869",
        "perihelion_time" : "2457551.441053875106",
        "mean_anomaly" : "159.9720923521517",
        "mean_motion" : ".3562385155281141",
        "equinox" : "J2000"
      }
    }, {
      "links" : {
        "self" : "https://api.nasa.gov/neo/rest/v1/neo/3663258?api_key=t0TVs3DtDT2H8Oy2Zy8m2eVrNsAVKAexjcZXUckd"
      },
      "neo_reference_id" : "3663258",
      "name" : "(2014 EL)",
      "nasa_jpl_url" : "http://ssd.jpl.nasa.gov/sbdb.cgi?sstr=3663258",
      "absolute_magnitude_h" : 27.0,
      "estimated_diameter" : {
        "kilometers" : {
          "estimated_diameter_min" : 0.0105816886,
          "estimated_diameter_max" : 0.023661375
        },
        "meters" : {
          "estimated_diameter_min" : 10.5816885933,
          "estimated_diameter_max" : 23.6613750114
        },
        "miles" : {
          "estimated_diameter_min" : 0.0065751544,
          "estimated_diameter_max" : 0.0147024923
        },
        "feet" : {
          "estimated_diameter_min" : 34.7168272045,
          "estimated_diameter_max" : 77.6291855923
        }
      },
      "is_potentially_hazardous_asteroid" : false,
      "close_approach_data" : [ {
        "close_approach_date" : "2006-04-08",
        "epoch_date_close_approach" : 1144479600000,
        "relative_velocity" : {
          "kilometers_per_second" : "9.424990042",
          "kilometers_per_hour" : "33929.9641512446",
          "miles_per_hour" : "21082.7602249775"
        },
        "miss_distance" : {
          "astronomical" : "0.2957357818",
          "lunar" : "115.0412139893",
          "kilometers" : "44241444",
          "miles" : "27490358"
        },
        "orbiting_body" : "Earth"
      } ],
      "orbital_data" : {
        "orbit_id" : "5",
        "orbit_determination_date" : "2017-04-06 08:42:10",
        "orbit_uncertainty" : "6",
        "minimum_orbit_intersection" : ".00868037",
        "jupiter_tisserand_invariant" : "6.367",
        "epoch_osculation" : "2458000.5",
        "eccentricity" : ".3886601532555771",
        "semi_major_axis" : ".9290750404534955",
        "inclination" : "10.32123161510657",
        "ascending_node_longitude" : "164.2426710948232",
        "orbital_period" : "327.0955353193154",
        "perihelion_distance" : ".5679805928449084",
        "perihelion_argument" : "235.4620122293462",
        "aphelion_distance" : "1.290169488062083",
        "perihelion_time" : "2457956.558425439994",
        "mean_anomaly" : "48.3619161177466",
        "mean_motion" : "1.100595884467096",
        "equinox" : "J2000"
      }
    } ]
  }
}