{
  "links" : {
    "next" : "https://api.nasa.gov/neo/rest/v1/feed?start_date=2000-04-09&end_date=2000-04-09&detailed=true&api_key=t0TVs3DtDT2H8Oy2Zy8m2eVrNsAVKAexjcZXUckd",
    "prev" : "https://api.nasa.gov/neo/rest/v1/feed?start_date=2000-04-07&end_date=2000-04-07&detailed=true&api_key=t0TVs3DtDT2H8Oy2Zy8m2eVrNsAVKAexjcZXUckd",
    "self" : "https://api.nasa.gov/neo/rest/v1/feed?start_date=2000-04-08&end_date=2000-04-08&detailed=true&api_key=t0TVs3DtDT2H8Oy2Zy8m2eVrNsAVKAexjcZXUckd"
  },
  "element_count" : 8,
  "near_earth_objects" : {
    "2000-04-08" : [ {
      "links" : {
        "self" : "https://api.nasa.gov/neo/rest/v1/neo/2037655?api_key=t0TVs3DtDT2H8Oy2Zy8m2eVrNsAVKAexjcZXUckd"
      },
      "neo_reference_id" : "2037655",
      "name" : "37655 Illapa (1994 PM)",
      "nasa_jpl_url" : "http://ssd.jpl.nasa.gov/sbdb.cgi?sstr=2037655",
      "absolute_magnitude_h" : 17.9,
      "estimated_diameter" : {
        "kilometers" : {
          "estimated_diameter_min" : 0.6991252322,
          "estimated_diameter_max" : 1.5632915441
        },
        "meters" : {
          "estimated_diameter_min" : 699.1252322458,
          "estimated_diameter_max" : 1563.2915440869
        },
        "miles" : {
          "estimated_diameter_min" : 0.4344161447,
          "estimated_diameter_max" : 0.97138403
        },
        "feet" : {
          "estimated_diameter_min" : 2293.7180269613,
          "estimated_diameter_max" : 5128.9094295021
        }
      },
      "is_potentially_hazardous_asteroid" : true,
      "close_approach_data" : [ {
        "close_approach_date" : "2000-04-08",
        "epoch_date_close_approach" : 955177200000,
        "relative_velocity" : {
          "kilometers_per_second" : "27.5728719334",
          "kilometers_per_hour" : "99262.3389603296",
          "miles_per_hour" : "61677.7572278782"
        },
        "miss_distance" : {
          "astronomical" : "0.2701534832",
          "lunar" : "105.0897064209",
          "kilometers" : "40414388",
          "miles" : "25112336"
        },
        "orbiting_body" : "Earth"
      } ],
      "orbital_data" : {
        "orbit_id" : "75",
        "orbit_determination_date" : "2017-04-06 09:29:13",
        "orbit_uncertainty" : "0",
        "minimum_orbit_intersection" : ".0238783",
        "jupiter_tisserand_invariant" : "4.189",
        "epoch_osculation" : "2458000.5",
        "eccentricity" : ".752413202114073",
        "semi_major_axis" : "1.477785688741725",
        "inclination" : "18.00234107825509",
        "ascending_node_longitude" : "139.6887167635624",
        "orbital_period" : "656.1688530612748",
        "perihelion_distance" : ".3658802266372129",
        "perihelion_argument" : "303.7199453078466",
        "aphelion_distance" : "2.589691150846238",
        "perihelion_time" : "2458166.974806721162",
        "mean_anomaly" : "268.6653837041825",
        "mean_motion" : ".5486392691766219",
        "equinox" : "J2000"
      }
    }, {
      "links" : {
        "self" : "https://api.nasa.gov/neo/rest/v1/neo/2087024?api_key=t0TVs3DtDT2H8Oy2Zy8m2eVrNsAVKAexjcZXUckd"
      },
      "neo_reference_id" : "2087024",
      "name" : "87024 (2000 JS66)",
      "nasa_jpl_url" : "http://ssd.jpl.nasa.gov/sbdb.cgi?sstr=2087024",
      "absolute_magnitude_h" : 18.7,
      "estimated_diameter" : {
        "kilometers" : {
          "estimated_diameter_min" : 0.4836764882,
          "estimated_diameter_max" : 1.0815335068
        },
        "meters" : {
          "estimated_diameter_min" : 483.6764882185,
          "estimated_diameter_max" : 1081.533506775
        },
        "miles" : {
          "estimated_diameter_min" : 0.3005425432,
          "estimated_diameter_max" : 0.6720335566
        },
        "feet" : {
          "estimated_diameter_min" : 1586.8651696069,
          "estimated_diameter_max" : 3548.3383903678
        }
      },
      "is_potentially_hazardous_asteroid" : false,
      "close_approach_data" : [ {
        "close_approach_date" : "2000-04-08",
        "epoch_date_close_approach" : 955177200000,
        "relative_velocity" : {
          "kilometers_per_second" : "7.5174323301",
          "kilometers_per_hour" : "27062.7563884303",
          "miles_per_hour" : "16815.7443792444"
        },
        "miss_distance" : {
          "astronomical" : "0.4004633276",
          "lunar" : "155.7802276611",
          "kilometers" : "59908460",
          "miles" : "37225392"
        },
        "orbiting_body" : "Earth"
      } ],
      "orbital_data" : {
        "orbit_id" : "112",
        "orbit_determination_date" : "2017-05-11 06:16:47",
        "orbit_uncertainty" : "0",
        "minimum_orbit_intersection" : ".0972083",
        "jupiter_tisserand_invariant" : "5.261",
        "epoch_osculation" : "2458000.5",
        "eccentricity" : ".1896982039862251",
        "semi_major_axis" : "1.196491812441151",
        "inclination" : "14.43397579266114",
        "ascending_node_longitude" : "230.5530730901893",
        "orbital_period" : "478.0386634832514",
        "perihelion_distance" : ".969519464536841",
        "perihelion_argument" : "84.92176613629096",
        "aphelion_distance" : "1.423464160345461",
        "perihelion_time" : "2458000.710960703853",
        "mean_anomaly" : "359.8411303118589",
        "mean_motion" : ".7530771619534765",
        "equinox" : "J2000"
      }
    }, {
      "links" : {
        "self" : "https://api.nasa.gov/neo/rest/v1/neo/2086878?api_key=t0TVs3DtDT2H8Oy2Zy8m2eVrNsAVKAexjcZXUckd"
      },
      "neo_reference_id" : "2086878",
      "name" : "86878 (2000 HD24)",
      "nasa_jpl_url" : "http://ssd.jpl.nasa.gov/sbdb.cgi?sstr=2086878",
      "absolute_magnitude_h" : 17.6,
      "estimated_diameter" : {
        "kilometers" : {
          "estimated_diameter_min" : 0.8027031673,
          "estimated_diameter_max" : 1.7948988478
        },
        "meters" : {
          "estimated_diameter_min" : 802.7031672829,
          "estimated_diameter_max" : 1794.8988477988
        },
        "miles" : {
          "estimated_diameter_min" : 0.4987764698,
          "estimated_diameter_max" : 1.115298092
        },
        "feet" : {
          "estimated_diameter_min" : 2633.5406593483,
          "estimated_diameter_max" : 5888.7759358124
        }
      },
      "is_potentially_hazardous_asteroid" : false,
      "close_approach_data" : [ {
        "close_approach_date" : "2000-04-08",
        "epoch_date_close_approach" : 955177200000,
        "relative_velocity" : {
          "kilometers_per_second" : "23.2669606121",
          "kilometers_per_hour" : "83761.0582037058",
          "miles_per_hour" : "52045.8641932971"
        },
        "miss_distance" : {
          "astronomical" : "0.1657285826",
          "lunar" : "64.468421936",
          "kilometers" : "24792644",
          "miles" : "15405434"
        },
        "orbiting_body" : "Earth"
      } ],
      "orbital_data" : {
        "orbit_id" : "81",
        "orbit_determination_date" : "2017-04-06 09:28:27",
        "orbit_uncertainty" : "0",
        "minimum_orbit_intersection" : ".103206",
        "jupiter_tisserand_invariant" : "4.665",
        "epoch_osculation" : "2458000.5",
        "eccentricity" : ".6185056216592995",
        "semi_major_axis" : "1.341764214989369",
        "inclination" : "9.479323240280591",
        "ascending_node_longitude" : "231.0478350525297",
        "orbital_period" : "567.6919480498716",
        "perihelion_distance" : ".5118755050771675",
        "perihelion_argument" : "214.8330557486187",
        "aphelion_distance" : "2.171652924901571",
        "perihelion_time" : "2457834.471386188151",
        "mean_anomaly" : "105.2865047277624",
        "mean_motion" : ".6341467432058312",
        "equinox" : "J2000"
      }
    }, {
      "links" : {
        "self" : "https://api.nasa.gov/neo/rest/v1/neo/2443104?api_key=t0TVs3DtDT2H8Oy2Zy8m2eVrNsAVKAexjcZXUckd"
      },
      "neo_reference_id" : "2443104",
      "name" : "443104 (2013 XK22)",
      "nasa_jpl_url" : "http://ssd.jpl.nasa.gov/sbdb.cgi?sstr=2443104",
      "absolute_magnitude_h" : 24.3,
      "estimated_diameter" : {
        "kilometers" : {
          "estimated_diameter_min" : 0.0366906138,
          "estimated_diameter_max" : 0.0820427065
        },
        "meters" : {
          "estimated_diameter_min" : 36.6906137531,
          "estimated_diameter_max" : 82.0427064882
        },
        "miles" : {
          "estimated_diameter_min" : 0.0227984834,
          "estimated_diameter_max" : 0.0509789586
        },
        "feet" : {
          "estimated_diameter_min" : 120.3760332259,
          "estimated_diameter_max" : 269.1689931548
        }
      },
      "is_potentially_hazardous_asteroid" : false,
      "close_approach_data" : [ {
        "close_approach_date" : "2000-04-08",
        "epoch_date_close_approach" : 955177200000,
        "relative_velocity" : {
          "kilometers_per_second" : "5.6036698382",
          "kilometers_per_hour" : "20173.2114173934",
          "miles_per_hour" : "12534.8490609909"
        },
        "miss_distance" : {
          "astronomical" : "0.1888780246",
          "lunar" : "73.4735565186",
          "kilometers" : "28255752",
          "miles" : "17557310"
        },
        "orbiting_body" : "Earth"
      } ],
      "orbital_data" : {
        "orbit_id" : "32",
        "orbit_determination_date" : "2017-04-06 09:20:26",
        "orbit_uncertainty" : "1",
        "minimum_orbit_intersection" : ".00120971",
        "jupiter_tisserand_invariant" : "5.847",
        "epoch_osculation" : "2458000.5",
        "eccentricity" : ".2033790298808143",
        "semi_major_axis" : "1.045736131195847",
        "inclination" : "6.992758235017535",
        "ascending_node_longitude" : "268.3829697145059",
        "orbital_period" : "390.599422841801",
        "perihelion_distance" : ".8330553313219194",
        "perihelion_argument" : "265.690015592778",
        "aphelion_distance" : "1.258416931069774",
        "perihelion_time" : "2457884.839735304097",
        "mean_anomaly" : "106.5994798138477",
        "mean_motion" : ".9216603480384704",
        "equinox" : "J2000"
      }
    }, {
      "links" : {
        "self" : "https://api.nasa.gov/neo/rest/v1/neo/3054338?api_key=t0TVs3DtDT2H8Oy2Zy8m2eVrNsAVKAexjcZXUckd"
      },
      "neo_reference_id" : "3054338",
      "name" : "(2000 SZ162)",
      "nasa_jpl_url" : "http://ssd.jpl.nasa.gov/sbdb.cgi?sstr=3054338",
      "absolute_magnitude_h" : 27.3,
      "estimated_diameter" : {
        "kilometers" : {
          "estimated_diameter_min" : 0.0092162655,
          "estimated_diameter_max" : 0.0206081961
        },
        "meters" : {
          "estimated_diameter_min" : 9.216265485,
          "estimated_diameter_max" : 20.6081961232
        },
        "miles" : {
          "estimated_diameter_min" : 0.0057267201,
          "estimated_diameter_max" : 0.0128053354
        },
        "feet" : {
          "estimated_diameter_min" : 30.2370924539,
          "estimated_diameter_max" : 67.6121941689
        }
      },
      "is_potentially_hazardous_asteroid" : false,
      "close_approach_data" : [ {
        "close_approach_date" : "2000-04-08",
        "epoch_date_close_approach" : 955177200000,
        "relative_velocity" : {
          "kilometers_per_second" : "5.0597593189",
          "kilometers_per_hour" : "18215.1335481788",
          "miles_per_hour" : "11318.1756205336"
        },
        "miss_distance" : {
          "astronomical" : "0.1884886671",
          "lunar" : "73.3220901489",
          "kilometers" : "28197502",
          "miles" : "17521116"
        },
        "orbiting_body" : "Earth"
      } ],
      "orbital_data" : {
        "orbit_id" : "11",
        "orbit_determination_date" : "2017-04-06 09:16:47",
        "orbit_uncertainty" : "7",
        "minimum_orbit_intersection" : ".00231865",
        "jupiter_tisserand_invariant" : "6.434",
        "epoch_osculation" : "2458000.5",
        "eccentricity" : ".1680377173349485",
        "semi_major_axis" : ".9289791182218895",
        "inclination" : ".8902395348895308",
        "ascending_node_longitude" : "12.62825428830821",
        "orbital_period" : "327.0448802228964",
        "perihelion_distance" : ".7728755877440499",
        "perihelion_argument" : "132.9048075639545",
        "aphelion_distance" : "1.085082648699729",
        "perihelion_time" : "2458152.866005937094",
        "mean_anomaly" : "192.2806273561909",
        "mean_motion" : "1.100766352785107",
        "equinox" : "J2000"
      }
    }, {
      "links" : {
        "self" : "https://api.nasa.gov/neo/rest/v1/neo/3408697?api_key=t0TVs3DtDT2H8Oy2Zy8m2eVrNsAVKAexjcZXUckd"
      },
      "neo_reference_id" : "3408697",
      "name" : "(2008 GU20)",
      "nasa_jpl_url" : "http://ssd.jpl.nasa.gov/sbdb.cgi?sstr=3408697",
      "absolute_magnitude_h" : 22.9,
      "estimated_diameter" : {
        "kilometers" : {
          "estimated_diameter_min" : 0.0699125232,
          "estimated_diameter_max" : 0.1563291544
        },
        "meters" : {
          "estimated_diameter_min" : 69.9125232246,
          "estimated_diameter_max" : 156.3291544087
        },
        "miles" : {
          "estimated_diameter_min" : 0.0434416145,
          "estimated_diameter_max" : 0.097138403
        },
        "feet" : {
          "estimated_diameter_min" : 229.3718026961,
          "estimated_diameter_max" : 512.8909429502
        }
      },
      "is_potentially_hazardous_asteroid" : false,
      "close_approach_data" : [ {
        "close_approach_date" : "2000-04-08",
        "epoch_date_close_approach" : 955177200000,
        "relative_velocity" : {
          "kilometers_per_second" : "4.8157256089",
          "kilometers_per_hour" : "17336.6121920187",
          "miles_per_hour" : "10772.2966145352"
        },
        "miss_distance" : {
          "astronomical" : "0.1364040241",
          "lunar" : "53.061164856",
          "kilometers" : "20405752",
          "miles" : "12679546"
        },
        "orbiting_body" : "Earth"
      } ],
      "orbital_data" : {
        "orbit_id" : "24",
        "orbit_determination_date" : "2017-04-06 09:03:43",
        "orbit_uncertainty" : "0",
        "minimum_orbit_intersection" : ".134009",
        "jupiter_tisserand_invariant" : "3.807",
        "epoch_osculation" : "2458000.5",
        "eccentricity" : ".4115852083718057",
        "semi_major_axis" : "1.924463470761617",
        "inclination" : "5.610369055748167",
        "ascending_node_longitude" : "203.5169069055555",
        "orbital_period" : "975.1309363231719",
        "perihelion_distance" : "1.132382772144268",
        "perihelion_argument" : "349.6552844608141",
        "aphelion_distance" : "2.716544169378965",
        "perihelion_time" : "2458459.924690598895",
        "mean_anomaly" : "190.389045763195",
        "mean_motion" : ".36918119053572",
        "equinox" : "J2000"
      }
    }, {
      "links" : {
        "self" : "https://api.nasa.gov/neo/rest/v1/neo/3568329?api_key=t0TVs3DtDT2H8Oy2Zy8m2eVrNsAVKAexjcZXUckd"
      },
      "neo_reference_id" : "3568329",
      "name" : "(2011 MW1)",
      "nasa_jpl_url" : "http://ssd.jpl.nasa.gov/sbdb.cgi?sstr=3568329",
      "absolute_magnitude_h" : 22.3,
      "estimated_diameter" : {
        "kilometers" : {
          "estimated_diameter_min" : 0.0921626549,
          "estimated_diameter_max" : 0.2060819612
        },
        "meters" : {
          "estimated_diameter_min" : 92.1626548503,
          "estimated_diameter_max" : 206.0819612321
        },
        "miles" : {
          "estimated_diameter_min" : 0.057267201,
          "estimated_diameter_max" : 0.1280533543
        },
        "feet" : {
          "estimated_diameter_min" : 302.370924539,
          "estimated_diameter_max" : 676.1219416887
        }
      },
      "is_potentially_hazardous_asteroid" : false,
      "close_approach_data" : [ {
        "close_approach_date" : "2000-04-08",
        "epoch_date_close_approach" : 955177200000,
        "relative_velocity" : {
          "kilometers_per_second" : "7.4155548065",
          "kilometers_per_hour" : "26695.9973035542",
          "miles_per_hour" : "16587.8545467556"
        },
        "miss_distance" : {
          "astronomical" : "0.3241922929",
          "lunar" : "126.1108016968",
          "kilometers" : "48498476",
          "miles" : "30135556"
        },
        "orbiting_body" : "Earth"
      } ],
      "orbital_data" : {
        "orbit_id" : "23",
        "orbit_determination_date" : "2017-04-06 08:53:14",
        "orbit_uncertainty" : "1",
        "minimum_orbit_intersection" : ".0252137",
        "jupiter_tisserand_invariant" : "5.794",
        "epoch_osculation" : "2458000.5",
        "eccentricity" : ".2751237856457976",
        "semi_major_axis" : "1.055501786676037",
        "inclination" : "3.261041016446758",
        "ascending_node_longitude" : "277.1279910868792",
        "orbital_period" : "396.0836231738143",
        "perihelion_distance" : ".765108139369823",
        "perihelion_argument" : "124.5015349305658",
        "aphelion_distance" : "1.345895433982252",
        "perihelion_time" : "2457818.298102542335",
        "mean_anomaly" : "165.6031182485302",
        "mean_motion" : ".9088989772294128",
        "equinox" : "J2000"
      }
    }, {
      "links" : {
        "self" : "https://api.nasa.gov/neo/rest/v1/neo/3728933?api_key=t0TVs3DtDT2H8Oy2Zy8m2eVrNsAVKAexjcZXUckd"
      },
      "neo_reference_id" : "3728933",
      "name" : "(2015 TK1)",
      "nasa_jpl_url" : "http://ssd.jpl.nasa.gov/sbdb.cgi?sstr=3728933",
      "absolute_magnitude_h" : 22.2,
      "estimated_diameter" : {
        "kilometers" : {
          "estimated_diameter_min" : 0.096506147,
          "estimated_diameter_max" : 0.2157943048
        },
        "meters" : {
          "estimated_diameter_min" : 96.5061469579,
          "estimated_diameter_max" : 215.7943048444
        },
        "miles" : {
          "estimated_diameter_min" : 0.059966121,
          "estimated_diameter_max" : 0.134088323
        },
        "feet" : {
          "estimated_diameter_min" : 316.6212271853,
          "estimated_diameter_max" : 707.9865871058
        }
      },
      "is_potentially_hazardous_asteroid" : false,
      "close_approach_data" : [ {
        "close_approach_date" : "2000-04-08",
        "epoch_date_close_approach" : 955177200000,
        "relative_velocity" : {
          "kilometers_per_second" : "17.3095273636",
          "kilometers_per_hour" : "62314.298508924",
          "miles_per_hour" : "38719.6817596145"
        },
        "miss_distance" : {
          "astronomical" : "0.0549885648",
          "lunar" : "21.3905506134",
          "kilometers" : "8226172",
          "miles" : "5111506.5"
        },
        "orbiting_body" : "Earth"
      } ],
      "orbital_data" : {
        "orbit_id" : "15",
        "orbit_determination_date" : "2017-04-06 08:31:36",
        "orbit_uncertainty" : "6",
        "minimum_orbit_intersection" : ".0445389",
        "jupiter_tisserand_invariant" : "4.646",
        "epoch_osculation" : "2458000.5",
        "eccentricity" : ".4387852735732283",
        "semi_major_axis" : "1.362064256587879",
        "inclination" : "26.02365230649243",
        "ascending_node_longitude" : "23.88673516596442",
        "orbital_period" : "580.623783337292",
        "perihelion_distance" : ".7644105191366505",
        "perihelion_argument" : "94.55029447652403",
        "aphelion_distance" : "1.959717994039107",
        "perihelion_time" : "2457970.874959538583",
        "mean_anomaly" : "18.3682013589078",
        "mean_motion" : ".6200228277436428",
        "equinox" : "J2000"
      }
    } ]
  }
}