{
  "links" : {
    "next" : "https://api.nasa.gov/neo/rest/v1/feed?start_date=2001-08-16&end_date=2001-08-16&detailed=true&api_key=t0TVs3DtDT2H8Oy2Zy8m2eVrNsAVKAexjcZXUckd",
    "prev" : "https://api.nasa.gov/neo/rest/v1/feed?start_date=2001-08-14&end_date=2001-08-14&detailed=true&api_key=t0TVs3DtDT2H8Oy2Zy8m2eVrNsAVKAexjcZXUckd",
    "self" : "https://api.nasa.gov/neo/rest/v1/feed?start_date=2001-08-15&end_date=2001-08-15&detailed=true&api_key=t0TVs3DtDT2H8Oy2Zy8m2eVrNsAVKAexjcZXUckd"
  },
  "element_count" : 6,
  "near_earth_objects" : {
    "2001-08-15" : [ {
      "links" : {
        "self" : "https://api.nasa.gov/neo/rest/v1/neo/2004769?api_key=t0TVs3DtDT2H8Oy2Zy8m2eVrNsAVKAexjcZXUckd"
      },
      "neo_reference_id" : "2004769",
      "name" : "4769 Castalia (1989 PB)",
      "nasa_jpl_url" : "http://ssd.jpl.nasa.gov/sbdb.cgi?sstr=2004769",
      "absolute_magnitude_h" : 16.9,
      "estimated_diameter" : {
        "kilometers" : {
          "estimated_diameter_min" : 1.1080388213,
          "estimated_diameter_max" : 2.4776501261
        },
        "meters" : {
          "estimated_diameter_min" : 1108.0388212642,
          "estimated_diameter_max" : 2477.6501260554
        },
        "miles" : {
          "estimated_diameter_min" : 0.6885031904,
          "estimated_diameter_max" : 1.5395399365
        },
        "feet" : {
          "estimated_diameter_min" : 3635.2980863563,
          "estimated_diameter_max" : 8128.7736395675
        }
      },
      "is_potentially_hazardous_asteroid" : true,
      "close_approach_data" : [ {
        "close_approach_date" : "2001-08-15",
        "epoch_date_close_approach" : 997858800000,
        "relative_velocity" : {
          "kilometers_per_second" : "9.7506875993",
          "kilometers_per_hour" : "35102.4753575518",
          "miles_per_hour" : "21811.3130909188"
        },
        "miss_distance" : {
          "astronomical" : "0.321239385",
          "lunar" : "124.9621200562",
          "kilometers" : "48056728",
          "miles" : "29861066"
        },
        "orbiting_body" : "Earth"
      } ],
      "orbital_data" : {
        "orbit_id" : "89",
        "orbit_determination_date" : "2017-04-06 09:46:21",
        "orbit_uncertainty" : "0",
        "minimum_orbit_intersection" : ".0203525",
        "jupiter_tisserand_invariant" : "5.676",
        "epoch_osculation" : "2458000.5",
        "eccentricity" : ".4831693230163794",
        "semi_major_axis" : "1.063298253689737",
        "inclination" : "8.88515554138232",
        "ascending_node_longitude" : "325.5773202860467",
        "orbital_period" : "400.4802264087043",
        "perihelion_distance" : ".5495451562899683",
        "perihelion_argument" : "121.3674690848725",
        "aphelion_distance" : "1.577051351089505",
        "perihelion_time" : "2457837.453987110941",
        "mean_anomaly" : "146.5654501007978",
        "mean_motion" : ".8989207862477765",
        "equinox" : "J2000"
      }
    }, {
      "links" : {
        "self" : "https://api.nasa.gov/neo/rest/v1/neo/2356991?api_key=t0TVs3DtDT2H8Oy2Zy8m2eVrNsAVKAexjcZXUckd"
      },
      "neo_reference_id" : "2356991",
      "name" : "356991 (1998 QA1)",
      "nasa_jpl_url" : "http://ssd.jpl.nasa.gov/sbdb.cgi?sstr=2356991",
      "absolute_magnitude_h" : 18.9,
      "estimated_diameter" : {
        "kilometers" : {
          "estimated_diameter_min" : 0.4411182,
          "estimated_diameter_max" : 0.9863702813
        },
        "meters" : {
          "estimated_diameter_min" : 441.1181999969,
          "estimated_diameter_max" : 986.3702813054
        },
        "miles" : {
          "estimated_diameter_min" : 0.2740980571,
          "estimated_diameter_max" : 0.6129018881
        },
        "feet" : {
          "estimated_diameter_min" : 1447.2382352778,
          "estimated_diameter_max" : 3236.1230737181
        }
      },
      "is_potentially_hazardous_asteroid" : true,
      "close_approach_data" : [ {
        "close_approach_date" : "2001-08-15",
        "epoch_date_close_approach" : 997858800000,
        "relative_velocity" : {
          "kilometers_per_second" : "16.5076717409",
          "kilometers_per_hour" : "59427.618267317",
          "miles_per_hour" : "36926.0109172671"
        },
        "miss_distance" : {
          "astronomical" : "0.2385054969",
          "lunar" : "92.7786407471",
          "kilometers" : "35679916",
          "miles" : "22170472"
        },
        "orbiting_body" : "Earth"
      } ],
      "orbital_data" : {
        "orbit_id" : "52",
        "orbit_determination_date" : "2017-04-06 09:22:57",
        "orbit_uncertainty" : "0",
        "minimum_orbit_intersection" : ".00433054",
        "jupiter_tisserand_invariant" : "3.539",
        "epoch_osculation" : "2458000.5",
        "eccentricity" : ".5324847482604941",
        "semi_major_axis" : "2.10401812174821",
        "inclination" : "8.168524524209124",
        "ascending_node_longitude" : "299.0216815675574",
        "orbital_period" : "1114.737576501411",
        "perihelion_distance" : ".9836605618535967",
        "perihelion_argument" : "332.9520294576553",
        "aphelion_distance" : "3.224375681642823",
        "perihelion_time" : "2457678.053524113697",
        "mean_anomaly" : "104.1327876318541",
        "mean_motion" : ".322945962878416",
        "equinox" : "J2000"
      }
    }, {
      "links" : {
        "self" : "https://api.nasa.gov/neo/rest/v1/neo/3081292?api_key=t0TVs3DtDT2H8Oy2Zy8m2eVrNsAVKAexjcZXUckd"
      },
      "neo_reference_id" : "3081292",
      "name" : "(2001 QE71)",
      "nasa_jpl_url" : "http://ssd.jpl.nasa.gov/sbdb.cgi?sstr=3081292",
      "absolute_magnitude_h" : 24.4,
      "estimated_diameter" : {
        "kilometers" : {
          "estimated_diameter_min" : 0.0350392641,
          "estimated_diameter_max" : 0.0783501764
        },
        "meters" : {
          "estimated_diameter_min" : 35.0392641108,
          "estimated_diameter_max" : 78.3501764334
        },
        "miles" : {
          "estimated_diameter_min" : 0.0217723826,
          "estimated_diameter_max" : 0.0486845275
        },
        "feet" : {
          "estimated_diameter_min" : 114.9582192654,
          "estimated_diameter_max" : 257.0543928497
        }
      },
      "is_potentially_hazardous_asteroid" : false,
      "close_approach_data" : [ {
        "close_approach_date" : "2001-08-15",
        "epoch_date_close_approach" : 997858800000,
        "relative_velocity" : {
          "kilometers_per_second" : "5.3260920843",
          "kilometers_per_hour" : "19173.9315035343",
          "miles_per_hour" : "11913.9353834044"
        },
        "miss_distance" : {
          "astronomical" : "0.0089827517",
          "lunar" : "3.4942903519",
          "kilometers" : "1343800.5",
          "miles" : "834998.9375"
        },
        "orbiting_body" : "Earth"
      } ],
      "orbital_data" : {
        "orbit_id" : "16",
        "orbit_determination_date" : "2017-04-06 09:16:14",
        "orbit_uncertainty" : "6",
        "minimum_orbit_intersection" : ".00658783",
        "jupiter_tisserand_invariant" : "5.724",
        "epoch_osculation" : "2458000.5",
        "eccentricity" : ".1586537124826195",
        "semi_major_axis" : "1.078189538768366",
        "inclination" : "3.035105217971874",
        "ascending_node_longitude" : "148.4224509395292",
        "orbital_period" : "408.9225849508608",
        "perihelion_distance" : ".9071307656828419",
        "perihelion_argument" : "96.25627303863335",
        "aphelion_distance" : "1.249248311853891",
        "perihelion_time" : "2458200.197222468181",
        "mean_anomaly" : "184.194107309617",
        "mean_motion" : ".8803622329719458",
        "equinox" : "J2000"
      }
    }, {
      "links" : {
        "self" : "https://api.nasa.gov/neo/rest/v1/neo/3608934?api_key=t0TVs3DtDT2H8Oy2Zy8m2eVrNsAVKAexjcZXUckd"
      },
      "neo_reference_id" : "3608934",
      "name" : "(2012 SB22)",
      "nasa_jpl_url" : "http://ssd.jpl.nasa.gov/sbdb.cgi?sstr=3608934",
      "absolute_magnitude_h" : 19.2,
      "estimated_diameter" : {
        "kilometers" : {
          "estimated_diameter_min" : 0.3841978911,
          "estimated_diameter_max" : 0.8590926012
        },
        "meters" : {
          "estimated_diameter_min" : 384.1978910643,
          "estimated_diameter_max" : 859.0926012318
        },
        "miles" : {
          "estimated_diameter_min" : 0.2387294278,
          "estimated_diameter_max" : 0.5338152287
        },
        "feet" : {
          "estimated_diameter_min" : 1260.4918089193,
          "estimated_diameter_max" : 2818.5453698252
        }
      },
      "is_potentially_hazardous_asteroid" : false,
      "close_approach_data" : [ {
        "close_approach_date" : "2001-08-15",
        "epoch_date_close_approach" : 997858800000,
        "relative_velocity" : {
          "kilometers_per_second" : "5.6069240858",
          "kilometers_per_hour" : "20184.9267088822",
          "miles_per_hour" : "12542.1284875274"
        },
        "miss_distance" : {
          "astronomical" : "0.3624923438",
          "lunar" : "141.0095214844",
          "kilometers" : "54228084",
          "miles" : "33695768"
        },
        "orbiting_body" : "Earth"
      } ],
      "orbital_data" : {
        "orbit_id" : "15",
        "orbit_determination_date" : "2017-04-06 08:48:54",
        "orbit_uncertainty" : "1",
        "minimum_orbit_intersection" : ".210193",
        "jupiter_tisserand_invariant" : "3.373",
        "epoch_osculation" : "2458000.5",
        "eccentricity" : ".4843382542673153",
        "semi_major_axis" : "2.359933139852248",
        "inclination" : "7.384810397920441",
        "ascending_node_longitude" : "135.4458068338959",
        "orbital_period" : "1324.182900249107",
        "perihelion_distance" : "1.216927242708626",
        "perihelion_argument" : "199.4155903427813",
        "aphelion_distance" : "3.50293903699587",
        "perihelion_time" : "2457476.751626720352",
        "mean_anomaly" : "142.3892532860854",
        "mean_motion" : ".2718657671325286",
        "equinox" : "J2000"
      }
    }, {
      "links" : {
        "self" : "https://api.nasa.gov/neo/rest/v1/neo/3680252?api_key=t0TVs3DtDT2H8Oy2Zy8m2eVrNsAVKAexjcZXUckd"
      },
      "neo_reference_id" : "3680252",
      "name" : "(2014 PQ58)",
      "nasa_jpl_url" : "http://ssd.jpl.nasa.gov/sbdb.cgi?sstr=3680252",
      "absolute_magnitude_h" : 24.1,
      "estimated_diameter" : {
        "kilometers" : {
          "estimated_diameter_min" : 0.040230458,
          "estimated_diameter_max" : 0.0899580388
        },
        "meters" : {
          "estimated_diameter_min" : 40.2304579834,
          "estimated_diameter_max" : 89.9580388169
        },
        "miles" : {
          "estimated_diameter_min" : 0.0249980399,
          "estimated_diameter_max" : 0.0558973165
        },
        "feet" : {
          "estimated_diameter_min" : 131.9896957704,
          "estimated_diameter_max" : 295.1379320721
        }
      },
      "is_potentially_hazardous_asteroid" : false,
      "close_approach_data" : [ {
        "close_approach_date" : "2001-08-15",
        "epoch_date_close_approach" : 997858800000,
        "relative_velocity" : {
          "kilometers_per_second" : "10.6286833957",
          "kilometers_per_hour" : "38263.2602245985",
          "miles_per_hour" : "23775.3018878901"
        },
        "miss_distance" : {
          "astronomical" : "0.3649112516",
          "lunar" : "141.9504852295",
          "kilometers" : "54589948",
          "miles" : "33920620"
        },
        "orbiting_body" : "Earth"
      } ],
      "orbital_data" : {
        "orbit_id" : "5",
        "orbit_determination_date" : "2017-04-06 08:39:20",
        "orbit_uncertainty" : "7",
        "minimum_orbit_intersection" : ".0579241",
        "jupiter_tisserand_invariant" : "5.286",
        "epoch_osculation" : "2458000.5",
        "eccentricity" : ".1031704611153602",
        "semi_major_axis" : "1.193832147915179",
        "inclination" : "13.20663622165626",
        "ascending_node_longitude" : "139.0319761380571",
        "orbital_period" : "476.4456116419354",
        "perihelion_distance" : "1.070663934720429",
        "perihelion_argument" : "172.4678274308629",
        "aphelion_distance" : "1.317000361109929",
        "perihelion_time" : "2457824.077000635675",
        "mean_anomaly" : "133.3043651137426",
        "mean_motion" : ".75559516386217",
        "equinox" : "J2000"
      }
    }, {
      "links" : {
        "self" : "https://api.nasa.gov/neo/rest/v1/neo/3725154?api_key=t0TVs3DtDT2H8Oy2Zy8m2eVrNsAVKAexjcZXUckd"
      },
      "neo_reference_id" : "3725154",
      "name" : "(2015 OT78)",
      "nasa_jpl_url" : "http://ssd.jpl.nasa.gov/sbdb.cgi?sstr=3725154",
      "absolute_magnitude_h" : 22.4,
      "estimated_diameter" : {
        "kilometers" : {
          "estimated_diameter_min" : 0.0880146521,
          "estimated_diameter_max" : 0.1968067451
        },
        "meters" : {
          "estimated_diameter_min" : 88.0146520901,
          "estimated_diameter_max" : 196.8067450894
        },
        "miles" : {
          "estimated_diameter_min" : 0.0546897524,
          "estimated_diameter_max" : 0.122290004
        },
        "feet" : {
          "estimated_diameter_min" : 288.7619911632,
          "estimated_diameter_max" : 645.6914415591
        }
      },
      "is_potentially_hazardous_asteroid" : false,
      "close_approach_data" : [ {
        "close_approach_date" : "2001-08-15",
        "epoch_date_close_approach" : 997858800000,
        "relative_velocity" : {
          "kilometers_per_second" : "6.8981510023",
          "kilometers_per_hour" : "24833.3436084023",
          "miles_per_hour" : "15430.4739771209"
        },
        "miss_distance" : {
          "astronomical" : "0.2106895618",
          "lunar" : "81.9582366943",
          "kilometers" : "31518710",
          "miles" : "19584818"
        },
        "orbiting_body" : "Earth"
      } ],
      "orbital_data" : {
        "orbit_id" : "24",
        "orbit_determination_date" : "2017-04-06 08:32:39",
        "orbit_uncertainty" : "5",
        "minimum_orbit_intersection" : ".176799",
        "jupiter_tisserand_invariant" : "3.406",
        "epoch_osculation" : "2458000.5",
        "eccentricity" : ".4840430016055265",
        "semi_major_axis" : "2.302213511457592",
        "inclination" : "10.23793726254991",
        "ascending_node_longitude" : "316.2736130450344",
        "orbital_period" : "1275.900549574725",
        "perihelion_distance" : "1.18784317303486",
        "perihelion_argument" : "9.359399737415286",
        "aphelion_distance" : "3.416583849880325",
        "perihelion_time" : "2458531.943150970473",
        "mean_anomaly" : "210.0513739780582",
        "mean_motion" : ".2821536522732849",
        "equinox" : "J2000"
      }
    } ]
  }
}