{
  "links" : {
    "next" : "https://api.nasa.gov/neo/rest/v1/feed?start_date=2000-05-16&end_date=2000-05-16&detailed=true&api_key=t0TVs3DtDT2H8Oy2Zy8m2eVrNsAVKAexjcZXUckd",
    "prev" : "https://api.nasa.gov/neo/rest/v1/feed?start_date=2000-05-14&end_date=2000-05-14&detailed=true&api_key=t0TVs3DtDT2H8Oy2Zy8m2eVrNsAVKAexjcZXUckd",
    "self" : "https://api.nasa.gov/neo/rest/v1/feed?start_date=2000-05-15&end_date=2000-05-15&detailed=true&api_key=t0TVs3DtDT2H8Oy2Zy8m2eVrNsAVKAexjcZXUckd"
  },
  "element_count" : 7,
  "near_earth_objects" : {
    "2000-05-15" : [ {
      "links" : {
        "self" : "https://api.nasa.gov/neo/rest/v1/neo/2162433?api_key=t0TVs3DtDT2H8Oy2Zy8m2eVrNsAVKAexjcZXUckd"
      },
      "neo_reference_id" : "2162433",
      "name" : "162433 (2000 FK10)",
      "nasa_jpl_url" : "http://ssd.jpl.nasa.gov/sbdb.cgi?sstr=2162433",
      "absolute_magnitude_h" : 19.2,
      "estimated_diameter" : {
        "kilometers" : {
          "estimated_diameter_min" : 0.3841978911,
          "estimated_diameter_max" : 0.8590926012
        },
        "meters" : {
          "estimated_diameter_min" : 384.1978910643,
          "estimated_diameter_max" : 859.0926012318
        },
        "miles" : {
          "estimated_diameter_min" : 0.2387294278,
          "estimated_diameter_max" : 0.5338152287
        },
        "feet" : {
          "estimated_diameter_min" : 1260.4918089193,
          "estimated_diameter_max" : 2818.5453698252
        }
      },
      "is_potentially_hazardous_asteroid" : false,
      "close_approach_data" : [ {
        "close_approach_date" : "2000-05-15",
        "epoch_date_close_approach" : 958374000000,
        "relative_velocity" : {
          "kilometers_per_second" : "12.3157992666",
          "kilometers_per_hour" : "44336.8773598453",
          "miles_per_hour" : "27549.2113795106"
        },
        "miss_distance" : {
          "astronomical" : "0.2315560549",
          "lunar" : "90.0753097534",
          "kilometers" : "34640292",
          "miles" : "21524480"
        },
        "orbiting_body" : "Earth"
      } ],
      "orbital_data" : {
        "orbit_id" : "38",
        "orbit_determination_date" : "2017-04-06 09:26:30",
        "orbit_uncertainty" : "0",
        "minimum_orbit_intersection" : ".0659272",
        "jupiter_tisserand_invariant" : "4.698",
        "epoch_osculation" : "2458000.5",
        "eccentricity" : ".4814343543625919",
        "semi_major_axis" : "1.359031169441268",
        "inclination" : "13.94234845411158",
        "ascending_node_longitude" : "41.69124016227254",
        "orbital_period" : "578.6854367212633",
        "perihelion_distance" : ".7047468758226727",
        "perihelion_argument" : "246.9719827594768",
        "aphelion_distance" : "2.013315463059862",
        "perihelion_time" : "2458082.226661151621",
        "mean_anomaly" : "309.1578737815115",
        "mean_motion" : ".6220996367900684",
        "equinox" : "J2000"
      }
    }, {
      "links" : {
        "self" : "https://api.nasa.gov/neo/rest/v1/neo/2415745?api_key=t0TVs3DtDT2H8Oy2Zy8m2eVrNsAVKAexjcZXUckd"
      },
      "neo_reference_id" : "2415745",
      "name" : "415745 (2000 GV147)",
      "nasa_jpl_url" : "http://ssd.jpl.nasa.gov/sbdb.cgi?sstr=2415745",
      "absolute_magnitude_h" : 19.3,
      "estimated_diameter" : {
        "kilometers" : {
          "estimated_diameter_min" : 0.3669061375,
          "estimated_diameter_max" : 0.8204270649
        },
        "meters" : {
          "estimated_diameter_min" : 366.9061375314,
          "estimated_diameter_max" : 820.4270648822
        },
        "miles" : {
          "estimated_diameter_min" : 0.2279848336,
          "estimated_diameter_max" : 0.5097895857
        },
        "feet" : {
          "estimated_diameter_min" : 1203.7603322587,
          "estimated_diameter_max" : 2691.6899315481
        }
      },
      "is_potentially_hazardous_asteroid" : true,
      "close_approach_data" : [ {
        "close_approach_date" : "2000-05-15",
        "epoch_date_close_approach" : 958374000000,
        "relative_velocity" : {
          "kilometers_per_second" : "14.1016108036",
          "kilometers_per_hour" : "50765.7988927994",
          "miles_per_hour" : "31543.8932064731"
        },
        "miss_distance" : {
          "astronomical" : "0.1389411569",
          "lunar" : "54.0481071472",
          "kilometers" : "20785300",
          "miles" : "12915387"
        },
        "orbiting_body" : "Earth"
      } ],
      "orbital_data" : {
        "orbit_id" : "44",
        "orbit_determination_date" : "2017-04-06 09:21:26",
        "orbit_uncertainty" : "0",
        "minimum_orbit_intersection" : ".00216071",
        "jupiter_tisserand_invariant" : "3.993",
        "epoch_osculation" : "2458000.5",
        "eccentricity" : ".4564588448118628",
        "semi_major_axis" : "1.746303935467544",
        "inclination" : "10.56588193981245",
        "ascending_node_longitude" : "68.68982085461916",
        "orbital_period" : "842.904118743062",
        "perihelion_distance" : ".9491880583936187",
        "perihelion_argument" : "216.0417140321555",
        "aphelion_distance" : "2.543419812541468",
        "perihelion_time" : "2457616.601569479990",
        "mean_anomaly" : "163.9610388822072",
        "mean_motion" : ".427094840320429",
        "equinox" : "J2000"
      }
    }, {
      "links" : {
        "self" : "https://api.nasa.gov/neo/rest/v1/neo/3151655?api_key=t0TVs3DtDT2H8Oy2Zy8m2eVrNsAVKAexjcZXUckd"
      },
      "neo_reference_id" : "3151655",
      "name" : "(2003 FY6)",
      "nasa_jpl_url" : "http://ssd.jpl.nasa.gov/sbdb.cgi?sstr=3151655",
      "absolute_magnitude_h" : 22.4,
      "estimated_diameter" : {
        "kilometers" : {
          "estimated_diameter_min" : 0.0880146521,
          "estimated_diameter_max" : 0.1968067451
        },
        "meters" : {
          "estimated_diameter_min" : 88.0146520901,
          "estimated_diameter_max" : 196.8067450894
        },
        "miles" : {
          "estimated_diameter_min" : 0.0546897524,
          "estimated_diameter_max" : 0.122290004
        },
        "feet" : {
          "estimated_diameter_min" : 288.7619911632,
          "estimated_diameter_max" : 645.6914415591
        }
      },
      "is_potentially_hazardous_asteroid" : false,
      "close_approach_data" : [ {
        "close_approach_date" : "2000-05-15",
        "epoch_date_close_approach" : 958374000000,
        "relative_velocity" : {
          "kilometers_per_second" : "17.9285455526",
          "kilometers_per_hour" : "64542.7639892466",
          "miles_per_hour" : "40104.3635465405"
        },
        "miss_distance" : {
          "astronomical" : "0.146701399",
          "lunar" : "57.0668411255",
          "kilometers" : "21946216",
          "miles" : "13636747"
        },
        "orbiting_body" : "Earth"
      } ],
      "orbital_data" : {
        "orbit_id" : "22",
        "orbit_determination_date" : "2017-04-06 09:14:13",
        "orbit_uncertainty" : "1",
        "minimum_orbit_intersection" : ".00341163",
        "jupiter_tisserand_invariant" : "7.733",
        "epoch_osculation" : "2458000.5",
        "eccentricity" : ".5820928669232597",
        "semi_major_axis" : ".7300342420693026",
        "inclination" : "6.604606154991182",
        "ascending_node_longitude" : "359.2873158856723",
        "orbital_period" : "227.8312397941655",
        "perihelion_distance" : ".3050865171510333",
        "perihelion_argument" : "29.56892377631691",
        "aphelion_distance" : "1.154981966987572",
        "perihelion_time" : "2457898.856231345907",
        "mean_anomaly" : "160.6090400444316",
        "mean_motion" : "1.58011693359191",
        "equinox" : "J2000"
      }
    }, {
      "links" : {
        "self" : "https://api.nasa.gov/neo/rest/v1/neo/3367027?api_key=t0TVs3DtDT2H8Oy2Zy8m2eVrNsAVKAexjcZXUckd"
      },
      "neo_reference_id" : "3367027",
      "name" : "(2007 BJ29)",
      "nasa_jpl_url" : "http://ssd.jpl.nasa.gov/sbdb.cgi?sstr=3367027",
      "absolute_magnitude_h" : 18.8,
      "estimated_diameter" : {
        "kilometers" : {
          "estimated_diameter_min" : 0.4619074603,
          "estimated_diameter_max" : 1.0328564805
        },
        "meters" : {
          "estimated_diameter_min" : 461.9074602816,
          "estimated_diameter_max" : 1032.8564805039
        },
        "miles" : {
          "estimated_diameter_min" : 0.2870159005,
          "estimated_diameter_max" : 0.6417870641
        },
        "feet" : {
          "estimated_diameter_min" : 1515.4444719902,
          "estimated_diameter_max" : 3388.6368554964
        }
      },
      "is_potentially_hazardous_asteroid" : true,
      "close_approach_data" : [ {
        "close_approach_date" : "2000-05-15",
        "epoch_date_close_approach" : 958374000000,
        "relative_velocity" : {
          "kilometers_per_second" : "37.4443543135",
          "kilometers_per_hour" : "134799.6755286216",
          "miles_per_hour" : "83759.2761638816"
        },
        "miss_distance" : {
          "astronomical" : "0.2973892935",
          "lunar" : "115.6844406128",
          "kilometers" : "44488808",
          "miles" : "27644062"
        },
        "orbiting_body" : "Earth"
      } ],
      "orbital_data" : {
        "orbit_id" : "29",
        "orbit_determination_date" : "2017-04-06 09:07:10",
        "orbit_uncertainty" : "0",
        "minimum_orbit_intersection" : ".0234425",
        "jupiter_tisserand_invariant" : "3.099",
        "epoch_osculation" : "2458000.5",
        "eccentricity" : ".8261275015881013",
        "semi_major_axis" : "2.183641931601529",
        "inclination" : "11.0761908830863",
        "ascending_node_longitude" : "242.1136370880905",
        "orbital_period" : "1178.611202882982",
        "perihelion_distance" : ".3796752782845421",
        "perihelion_argument" : "119.4647378399672",
        "aphelion_distance" : "3.987608584918515",
        "perihelion_time" : "2457612.314047544590",
        "mean_anomaly" : "118.5691621987937",
        "mean_motion" : ".3054442373527502",
        "equinox" : "J2000"
      }
    }, {
      "links" : {
        "self" : "https://api.nasa.gov/neo/rest/v1/neo/3458579?api_key=t0TVs3DtDT2H8Oy2Zy8m2eVrNsAVKAexjcZXUckd"
      },
      "neo_reference_id" : "3458579",
      "name" : "(2009 HU44)",
      "nasa_jpl_url" : "http://ssd.jpl.nasa.gov/sbdb.cgi?sstr=3458579",
      "absolute_magnitude_h" : 22.6,
      "estimated_diameter" : {
        "kilometers" : {
          "estimated_diameter_min" : 0.0802703167,
          "estimated_diameter_max" : 0.1794898848
        },
        "meters" : {
          "estimated_diameter_min" : 80.2703167283,
          "estimated_diameter_max" : 179.4898847799
        },
        "miles" : {
          "estimated_diameter_min" : 0.049877647,
          "estimated_diameter_max" : 0.1115298092
        },
        "feet" : {
          "estimated_diameter_min" : 263.3540659348,
          "estimated_diameter_max" : 588.8775935812
        }
      },
      "is_potentially_hazardous_asteroid" : false,
      "close_approach_data" : [ {
        "close_approach_date" : "2000-05-15",
        "epoch_date_close_approach" : 958374000000,
        "relative_velocity" : {
          "kilometers_per_second" : "14.2181905373",
          "kilometers_per_hour" : "51185.4859343045",
          "miles_per_hour" : "31804.6704129016"
        },
        "miss_distance" : {
          "astronomical" : "0.338794064",
          "lunar" : "131.7908935547",
          "kilometers" : "50682868",
          "miles" : "31492874"
        },
        "orbiting_body" : "Earth"
      } ],
      "orbital_data" : {
        "orbit_id" : "12",
        "orbit_determination_date" : "2017-04-06 09:00:43",
        "orbit_uncertainty" : "6",
        "minimum_orbit_intersection" : ".00638306",
        "jupiter_tisserand_invariant" : "6.875",
        "epoch_osculation" : "2458000.5",
        "eccentricity" : ".6440086422616678",
        "semi_major_axis" : ".8302143280954606",
        "inclination" : "6.637699366835285",
        "ascending_node_longitude" : "212.9014225156205",
        "orbital_period" : "276.3018312543434",
        "perihelion_distance" : ".2955491258725202",
        "perihelion_argument" : "213.5997860309006",
        "aphelion_distance" : "1.364879530318401",
        "perihelion_time" : "2457919.832973899789",
        "mean_anomaly" : "105.1029204701275",
        "mean_motion" : "1.302922960610457",
        "equinox" : "J2000"
      }
    }, {
      "links" : {
        "self" : "https://api.nasa.gov/neo/rest/v1/neo/3655398?api_key=t0TVs3DtDT2H8Oy2Zy8m2eVrNsAVKAexjcZXUckd"
      },
      "neo_reference_id" : "3655398",
      "name" : "(2013 YR2)",
      "nasa_jpl_url" : "http://ssd.jpl.nasa.gov/sbdb.cgi?sstr=3655398",
      "absolute_magnitude_h" : 24.2,
      "estimated_diameter" : {
        "kilometers" : {
          "estimated_diameter_min" : 0.0384197891,
          "estimated_diameter_max" : 0.0859092601
        },
        "meters" : {
          "estimated_diameter_min" : 38.4197891064,
          "estimated_diameter_max" : 85.9092601232
        },
        "miles" : {
          "estimated_diameter_min" : 0.0238729428,
          "estimated_diameter_max" : 0.0533815229
        },
        "feet" : {
          "estimated_diameter_min" : 126.0491808919,
          "estimated_diameter_max" : 281.8545369825
        }
      },
      "is_potentially_hazardous_asteroid" : false,
      "close_approach_data" : [ {
        "close_approach_date" : "2000-05-15",
        "epoch_date_close_approach" : 958374000000,
        "relative_velocity" : {
          "kilometers_per_second" : "13.8958992838",
          "kilometers_per_hour" : "50025.2374215004",
          "miles_per_hour" : "31083.7371078206"
        },
        "miss_distance" : {
          "astronomical" : "0.312187638",
          "lunar" : "121.4409942627",
          "kilometers" : "46702608",
          "miles" : "29019654"
        },
        "orbiting_body" : "Earth"
      } ],
      "orbital_data" : {
        "orbit_id" : "9",
        "orbit_determination_date" : "2017-04-06 08:43:12",
        "orbit_uncertainty" : "6",
        "minimum_orbit_intersection" : ".036039",
        "jupiter_tisserand_invariant" : "5.118",
        "epoch_osculation" : "2458000.5",
        "eccentricity" : ".2342994501420863",
        "semi_major_axis" : "1.24851465079394",
        "inclination" : "4.151419360342046",
        "ascending_node_longitude" : "97.50412046193659",
        "orbital_period" : "509.5524467856896",
        "perihelion_distance" : ".9559883546185811",
        "perihelion_argument" : "66.08044970670223",
        "aphelion_distance" : "1.541040946969299",
        "perihelion_time" : "2458250.771016468194",
        "mean_anomaly" : "183.1829392697557",
        "mean_motion" : ".7065023478366512",
        "equinox" : "J2000"
      }
    }, {
      "links" : {
        "self" : "https://api.nasa.gov/neo/rest/v1/neo/3603632?api_key=t0TVs3DtDT2H8Oy2Zy8m2eVrNsAVKAexjcZXUckd"
      },
      "neo_reference_id" : "3603632",
      "name" : "(2012 JU4)",
      "nasa_jpl_url" : "http://ssd.jpl.nasa.gov/sbdb.cgi?sstr=3603632",
      "absolute_magnitude_h" : 20.8,
      "estimated_diameter" : {
        "kilometers" : {
          "estimated_diameter_min" : 0.1838886721,
          "estimated_diameter_max" : 0.411187571
        },
        "meters" : {
          "estimated_diameter_min" : 183.8886720703,
          "estimated_diameter_max" : 411.1875710413
        },
        "miles" : {
          "estimated_diameter_min" : 0.1142630881,
          "estimated_diameter_max" : 0.2555000322
        },
        "feet" : {
          "estimated_diameter_min" : 603.309310875,
          "estimated_diameter_max" : 1349.040630575
        }
      },
      "is_potentially_hazardous_asteroid" : false,
      "close_approach_data" : [ {
        "close_approach_date" : "2000-05-15",
        "epoch_date_close_approach" : 958374000000,
        "relative_velocity" : {
          "kilometers_per_second" : "8.7514742254",
          "kilometers_per_hour" : "31505.3072114626",
          "miles_per_hour" : "19576.1726948113"
        },
        "miss_distance" : {
          "astronomical" : "0.4666430777",
          "lunar" : "181.5241546631",
          "kilometers" : "69808808",
          "miles" : "43377184"
        },
        "orbiting_body" : "Earth"
      } ],
      "orbital_data" : {
        "orbit_id" : "9",
        "orbit_determination_date" : "2017-09-20 07:42:06",
        "orbit_uncertainty" : "3",
        "minimum_orbit_intersection" : ".366627",
        "jupiter_tisserand_invariant" : "3.982",
        "epoch_osculation" : "2458000.5",
        "eccentricity" : ".2755765596399697",
        "semi_major_axis" : "1.792318610579282",
        "inclination" : "17.06954984350725",
        "ascending_node_longitude" : "224.1752651753054",
        "orbital_period" : "876.4380993084943",
        "perihelion_distance" : "1.298397614097153",
        "perihelion_argument" : "60.31851993685986",
        "aphelion_distance" : "2.286239607061411",
        "perihelion_time" : "2457897.683669962481",
        "mean_anomaly" : "42.23216544637974",
        "mean_motion" : ".4107534808037651",
        "equinox" : "J2000"
      }
    } ]
  }
}