{
  "links" : {
    "next" : "https://api.nasa.gov/neo/rest/v1/feed?start_date=1998-08-23&end_date=1998-08-23&detailed=true&api_key=t0TVs3DtDT2H8Oy2Zy8m2eVrNsAVKAexjcZXUckd",
    "prev" : "https://api.nasa.gov/neo/rest/v1/feed?start_date=1998-08-21&end_date=1998-08-21&detailed=true&api_key=t0TVs3DtDT2H8Oy2Zy8m2eVrNsAVKAexjcZXUckd",
    "self" : "https://api.nasa.gov/neo/rest/v1/feed?start_date=1998-08-22&end_date=1998-08-22&detailed=true&api_key=t0TVs3DtDT2H8Oy2Zy8m2eVrNsAVKAexjcZXUckd"
  },
  "element_count" : 8,
  "near_earth_objects" : {
    "1998-08-22" : [ {
      "links" : {
        "self" : "https://api.nasa.gov/neo/rest/v1/neo/2004034?api_key=t0TVs3DtDT2H8Oy2Zy8m2eVrNsAVKAexjcZXUckd"
      },
      "neo_reference_id" : "2004034",
      "name" : "4034 Vishnu (1986 PA)",
      "nasa_jpl_url" : "http://ssd.jpl.nasa.gov/sbdb.cgi?sstr=2004034",
      "absolute_magnitude_h" : 18.4,
      "estimated_diameter" : {
        "kilometers" : {
          "estimated_diameter_min" : 0.5553349116,
          "estimated_diameter_max" : 1.2417666126
        },
        "meters" : {
          "estimated_diameter_min" : 555.334911581,
          "estimated_diameter_max" : 1241.766612574
        },
        "miles" : {
          "estimated_diameter_min" : 0.3450690093,
          "estimated_diameter_max" : 0.7715977618
        },
        "feet" : {
          "estimated_diameter_min" : 1821.9649913114,
          "estimated_diameter_max" : 4074.0375731972
        }
      },
      "is_potentially_hazardous_asteroid" : true,
      "close_approach_data" : [ {
        "close_approach_date" : "1998-08-22",
        "epoch_date_close_approach" : 903769200000,
        "relative_velocity" : {
          "kilometers_per_second" : "9.4856301941",
          "kilometers_per_hour" : "34148.2686987036",
          "miles_per_hour" : "21218.4061811472"
        },
        "miss_distance" : {
          "astronomical" : "0.3268328339",
          "lunar" : "127.1379699707",
          "kilometers" : "48893496",
          "miles" : "30381010"
        },
        "orbiting_body" : "Earth"
      } ],
      "orbital_data" : {
        "orbit_id" : "74",
        "orbit_determination_date" : "2017-04-06 09:30:38",
        "orbit_uncertainty" : "0",
        "minimum_orbit_intersection" : ".0193934",
        "jupiter_tisserand_invariant" : "5.704",
        "epoch_osculation" : "2455202.5",
        "eccentricity" : ".4439425769671891",
        "semi_major_axis" : "1.059509941120145",
        "inclination" : "11.17043792956858",
        "ascending_node_longitude" : "158.0140756738879",
        "orbital_period" : "398.3418910704407",
        "perihelion_distance" : ".5891483675369131",
        "perihelion_argument" : "296.6030770773073",
        "aphelion_distance" : "1.529871514703377",
        "perihelion_time" : "2455132.954933544004",
        "mean_anomaly" : "62.85109471384038",
        "mean_motion" : ".9037462744191759",
        "equinox" : "J2000"
      }
    }, {
      "links" : {
        "self" : "https://api.nasa.gov/neo/rest/v1/neo/2033342?api_key=t0TVs3DtDT2H8Oy2Zy8m2eVrNsAVKAexjcZXUckd"
      },
      "neo_reference_id" : "2033342",
      "name" : "33342 (1998 WT24)",
      "nasa_jpl_url" : "http://ssd.jpl.nasa.gov/sbdb.cgi?sstr=2033342",
      "absolute_magnitude_h" : 17.9,
      "estimated_diameter" : {
        "kilometers" : {
          "estimated_diameter_min" : 0.6991252322,
          "estimated_diameter_max" : 1.5632915441
        },
        "meters" : {
          "estimated_diameter_min" : 699.1252322458,
          "estimated_diameter_max" : 1563.2915440869
        },
        "miles" : {
          "estimated_diameter_min" : 0.4344161447,
          "estimated_diameter_max" : 0.97138403
        },
        "feet" : {
          "estimated_diameter_min" : 2293.7180269613,
          "estimated_diameter_max" : 5128.9094295021
        }
      },
      "is_potentially_hazardous_asteroid" : true,
      "close_approach_data" : [ {
        "close_approach_date" : "1998-08-22",
        "epoch_date_close_approach" : 903769200000,
        "relative_velocity" : {
          "kilometers_per_second" : "11.8764336041",
          "kilometers_per_hour" : "42755.1609747118",
          "miles_per_hour" : "26566.3943289813"
        },
        "miss_distance" : {
          "astronomical" : "0.4649524358",
          "lunar" : "180.8665008545",
          "kilometers" : "69555896",
          "miles" : "43220028"
        },
        "orbiting_body" : "Earth"
      } ],
      "orbital_data" : {
        "orbit_id" : "167",
        "orbit_determination_date" : "2017-04-06 09:29:19",
        "orbit_uncertainty" : "0",
        "minimum_orbit_intersection" : ".010566",
        "jupiter_tisserand_invariant" : "7.912",
        "epoch_osculation" : "2454724.5",
        "eccentricity" : ".4179262386660452",
        "semi_major_axis" : ".7184976905003903",
        "inclination" : "7.341854914201308",
        "ascending_node_longitude" : "82.00123323283424",
        "orbital_period" : "222.4520906135928",
        "perihelion_distance" : ".4182186532193219",
        "perihelion_argument" : "167.2965171869824",
        "aphelion_distance" : "1.018776727781459",
        "perihelion_time" : "2454797.912344354854",
        "mean_anomaly" : "241.1948950677448",
        "mean_motion" : "1.618325991034775",
        "equinox" : "J2000"
      }
    }, {
      "links" : {
        "self" : "https://api.nasa.gov/neo/rest/v1/neo/3775154?api_key=t0TVs3DtDT2H8Oy2Zy8m2eVrNsAVKAexjcZXUckd"
      },
      "neo_reference_id" : "3775154",
      "name" : "(2017 KT34)",
      "nasa_jpl_url" : "http://ssd.jpl.nasa.gov/sbdb.cgi?sstr=3775154",
      "absolute_magnitude_h" : 22.605,
      "estimated_diameter" : {
        "kilometers" : {
          "estimated_diameter_min" : 0.0800857001,
          "estimated_diameter_max" : 0.1790770695
        },
        "meters" : {
          "estimated_diameter_min" : 80.0857001229,
          "estimated_diameter_max" : 179.0770695004
        },
        "miles" : {
          "estimated_diameter_min" : 0.0497629316,
          "estimated_diameter_max" : 0.1112732978
        },
        "feet" : {
          "estimated_diameter_min" : 262.7483683911,
          "estimated_diameter_max" : 587.5232126997
        }
      },
      "is_potentially_hazardous_asteroid" : false,
      "close_approach_data" : [ {
        "close_approach_date" : "1998-08-22",
        "epoch_date_close_approach" : 903769200000,
        "relative_velocity" : {
          "kilometers_per_second" : "18.9351387305",
          "kilometers_per_hour" : "68166.4994299775",
          "miles_per_hour" : "42356.0118263657"
        },
        "miss_distance" : {
          "astronomical" : "0.4955431978",
          "lunar" : "192.7663116455",
          "kilometers" : "74132208",
          "miles" : "46063620"
        },
        "orbiting_body" : "Earth"
      } ],
      "orbital_data" : {
        "orbit_id" : "8",
        "orbit_determination_date" : "2017-09-01 06:20:22",
        "orbit_uncertainty" : "6",
        "minimum_orbit_intersection" : ".0730516",
        "jupiter_tisserand_invariant" : "3.529",
        "epoch_osculation" : "2458000.5",
        "eccentricity" : ".4929963550293225",
        "semi_major_axis" : "2.147496399184448",
        "inclination" : "8.499679667095901",
        "ascending_node_longitude" : "281.3572450029174",
        "orbital_period" : "1149.468550142692",
        "perihelion_distance" : "1.08878850194792",
        "perihelion_argument" : "5.174051428989276",
        "aphelion_distance" : "3.206204296420977",
        "perihelion_time" : "2457935.594886985990",
        "mean_anomaly" : "20.32751629624232",
        "mean_motion" : ".3131882120266016",
        "equinox" : "J2000"
      }
    }, {
      "links" : {
        "self" : "https://api.nasa.gov/neo/rest/v1/neo/2222008?api_key=t0TVs3DtDT2H8Oy2Zy8m2eVrNsAVKAexjcZXUckd"
      },
      "neo_reference_id" : "2222008",
      "name" : "222008 (1998 QQ63)",
      "nasa_jpl_url" : "http://ssd.jpl.nasa.gov/sbdb.cgi?sstr=2222008",
      "absolute_magnitude_h" : 18.9,
      "estimated_diameter" : {
        "kilometers" : {
          "estimated_diameter_min" : 0.4411182,
          "estimated_diameter_max" : 0.9863702813
        },
        "meters" : {
          "estimated_diameter_min" : 441.1181999969,
          "estimated_diameter_max" : 986.3702813054
        },
        "miles" : {
          "estimated_diameter_min" : 0.2740980571,
          "estimated_diameter_max" : 0.6129018881
        },
        "feet" : {
          "estimated_diameter_min" : 1447.2382352778,
          "estimated_diameter_max" : 3236.1230737181
        }
      },
      "is_potentially_hazardous_asteroid" : false,
      "close_approach_data" : [ {
        "close_approach_date" : "1998-08-22",
        "epoch_date_close_approach" : 903769200000,
        "relative_velocity" : {
          "kilometers_per_second" : "14.4961721849",
          "kilometers_per_hour" : "52186.2198656875",
          "miles_per_hour" : "32426.4875604323"
        },
        "miss_distance" : {
          "astronomical" : "0.3085129508",
          "lunar" : "120.0115432739",
          "kilometers" : "46152880",
          "miles" : "28678072"
        },
        "orbiting_body" : "Earth"
      } ],
      "orbital_data" : {
        "orbit_id" : "24",
        "orbit_determination_date" : "2017-04-06 09:25:14",
        "orbit_uncertainty" : "0",
        "minimum_orbit_intersection" : ".0667001",
        "jupiter_tisserand_invariant" : "3.327",
        "epoch_osculation" : "2458000.5",
        "eccentricity" : ".5510723040628948",
        "semi_major_axis" : "2.362168306114708",
        "inclination" : "1.671077296391072",
        "ascending_node_longitude" : "104.4782552779432",
        "orbital_period" : "1326.064608001169",
        "perihelion_distance" : "1.060442775079731",
        "perihelion_argument" : "265.4702298985595",
        "aphelion_distance" : "3.663893837149686",
        "perihelion_time" : "2457709.489072334549",
        "mean_anomaly" : "79.00364230177077",
        "mean_motion" : ".2714799850835645",
        "equinox" : "J2000"
      }
    }, {
      "links" : {
        "self" : "https://api.nasa.gov/neo/rest/v1/neo/2446791?api_key=t0TVs3DtDT2H8Oy2Zy8m2eVrNsAVKAexjcZXUckd"
      },
      "neo_reference_id" : "2446791",
      "name" : "446791 (1998 SJ70)",
      "nasa_jpl_url" : "http://ssd.jpl.nasa.gov/sbdb.cgi?sstr=2446791",
      "absolute_magnitude_h" : 18.3,
      "estimated_diameter" : {
        "kilometers" : {
          "estimated_diameter_min" : 0.5815070396,
          "estimated_diameter_max" : 1.30028927
        },
        "meters" : {
          "estimated_diameter_min" : 581.5070396458,
          "estimated_diameter_max" : 1300.2892700427
        },
        "miles" : {
          "estimated_diameter_min" : 0.3613316107,
          "estimated_diameter_max" : 0.807962044
        },
        "feet" : {
          "estimated_diameter_min" : 1907.8315559515,
          "estimated_diameter_max" : 4266.0410487267
        }
      },
      "is_potentially_hazardous_asteroid" : true,
      "close_approach_data" : [ {
        "close_approach_date" : "1998-08-22",
        "epoch_date_close_approach" : 903769200000,
        "relative_velocity" : {
          "kilometers_per_second" : "14.4679123035",
          "kilometers_per_hour" : "52084.4842924308",
          "miles_per_hour" : "32363.273031594"
        },
        "miss_distance" : {
          "astronomical" : "0.2304843915",
          "lunar" : "89.6584320068",
          "kilometers" : "34479976",
          "miles" : "21424864"
        },
        "orbiting_body" : "Earth"
      } ],
      "orbital_data" : {
        "orbit_id" : "50",
        "orbit_determination_date" : "2017-04-06 09:20:20",
        "orbit_uncertainty" : "0",
        "minimum_orbit_intersection" : ".0271242",
        "jupiter_tisserand_invariant" : "3.247",
        "epoch_osculation" : "2458000.5",
        "eccentricity" : ".7051563927770607",
        "semi_major_axis" : "2.238273125243234",
        "inclination" : "7.306244416940888",
        "ascending_node_longitude" : "21.55620932883063",
        "orbital_period" : "1223.117125999148",
        "perihelion_distance" : ".6599405221968772",
        "perihelion_argument" : "246.8813840863509",
        "aphelion_distance" : "3.816605728289592",
        "perihelion_time" : "2458343.398764961315",
        "mean_anomaly" : "259.0746243658113",
        "mean_motion" : ".2943299479237697",
        "equinox" : "J2000"
      }
    }, {
      "links" : {
        "self" : "https://api.nasa.gov/neo/rest/v1/neo/3508128?api_key=t0TVs3DtDT2H8Oy2Zy8m2eVrNsAVKAexjcZXUckd"
      },
      "neo_reference_id" : "3508128",
      "name" : "(2010 CO44)",
      "nasa_jpl_url" : "http://ssd.jpl.nasa.gov/sbdb.cgi?sstr=3508128",
      "absolute_magnitude_h" : 24.6,
      "estimated_diameter" : {
        "kilometers" : {
          "estimated_diameter_min" : 0.0319561887,
          "estimated_diameter_max" : 0.0714562102
        },
        "meters" : {
          "estimated_diameter_min" : 31.9561886721,
          "estimated_diameter_max" : 71.4562101727
        },
        "miles" : {
          "estimated_diameter_min" : 0.0198566489,
          "estimated_diameter_max" : 0.0444008168
        },
        "feet" : {
          "estimated_diameter_min" : 104.8431420431,
          "estimated_diameter_max" : 234.436392583
        }
      },
      "is_potentially_hazardous_asteroid" : false,
      "close_approach_data" : [ {
        "close_approach_date" : "1998-08-22",
        "epoch_date_close_approach" : 903769200000,
        "relative_velocity" : {
          "kilometers_per_second" : "5.2905483852",
          "kilometers_per_hour" : "19045.9741868097",
          "miles_per_hour" : "11834.4276829096"
        },
        "miss_distance" : {
          "astronomical" : "0.0973505564",
          "lunar" : "37.8693656921",
          "kilometers" : "14563436",
          "miles" : "9049299"
        },
        "orbiting_body" : "Earth"
      } ],
      "orbital_data" : {
        "orbit_id" : "11",
        "orbit_determination_date" : "2017-04-06 08:58:23",
        "orbit_uncertainty" : "6",
        "minimum_orbit_intersection" : ".0278381",
        "jupiter_tisserand_invariant" : "5.738",
        "epoch_osculation" : "2458000.5",
        "eccentricity" : ".2307172258311521",
        "semi_major_axis" : "1.07057714636316",
        "inclination" : "6.18103402523264",
        "ascending_node_longitude" : "327.5103412772995",
        "orbital_period" : "404.5995349438589",
        "perihelion_distance" : ".8235765571160206",
        "perihelion_argument" : "73.7878626418416",
        "aphelion_distance" : "1.3175777356103",
        "perihelion_time" : "2457987.841248600185",
        "mean_anomaly" : "11.26336070694133",
        "mean_motion" : ".8897686944943042",
        "equinox" : "J2000"
      }
    }, {
      "links" : {
        "self" : "https://api.nasa.gov/neo/rest/v1/neo/3713320?api_key=t0TVs3DtDT2H8Oy2Zy8m2eVrNsAVKAexjcZXUckd"
      },
      "neo_reference_id" : "3713320",
      "name" : "(2015 FQ)",
      "nasa_jpl_url" : "http://ssd.jpl.nasa.gov/sbdb.cgi?sstr=3713320",
      "absolute_magnitude_h" : 22.3,
      "estimated_diameter" : {
        "kilometers" : {
          "estimated_diameter_min" : 0.0921626549,
          "estimated_diameter_max" : 0.2060819612
        },
        "meters" : {
          "estimated_diameter_min" : 92.1626548503,
          "estimated_diameter_max" : 206.0819612321
        },
        "miles" : {
          "estimated_diameter_min" : 0.057267201,
          "estimated_diameter_max" : 0.1280533543
        },
        "feet" : {
          "estimated_diameter_min" : 302.370924539,
          "estimated_diameter_max" : 676.1219416887
        }
      },
      "is_potentially_hazardous_asteroid" : false,
      "close_approach_data" : [ {
        "close_approach_date" : "1998-08-22",
        "epoch_date_close_approach" : 903769200000,
        "relative_velocity" : {
          "kilometers_per_second" : "14.9226194174",
          "kilometers_per_hour" : "53721.4299027343",
          "miles_per_hour" : "33380.4073748407"
        },
        "miss_distance" : {
          "astronomical" : "0.2693715764",
          "lunar" : "104.7855377197",
          "kilometers" : "40297412",
          "miles" : "25039652"
        },
        "orbiting_body" : "Earth"
      } ],
      "orbital_data" : {
        "orbit_id" : "30",
        "orbit_determination_date" : "2017-04-06 08:35:03",
        "orbit_uncertainty" : "4",
        "minimum_orbit_intersection" : ".00322616",
        "jupiter_tisserand_invariant" : "3.235",
        "epoch_osculation" : "2458000.5",
        "eccentricity" : ".7151402314521341",
        "semi_major_axis" : "2.244932542666759",
        "inclination" : "2.395770791180597",
        "ascending_node_longitude" : "192.4316751235093",
        "orbital_period" : "1228.579799168702",
        "perihelion_distance" : ".6394909645096249",
        "perihelion_argument" : "86.6082056391557",
        "aphelion_distance" : "3.850374120823893",
        "perihelion_time" : "2458397.904357432809",
        "mean_anomaly" : "243.55207470234",
        "mean_motion" : ".2930212593789902",
        "equinox" : "J2000"
      }
    }, {
      "links" : {
        "self" : "https://api.nasa.gov/neo/rest/v1/neo/3738913?api_key=t0TVs3DtDT2H8Oy2Zy8m2eVrNsAVKAexjcZXUckd"
      },
      "neo_reference_id" : "3738913",
      "name" : "(2015 YC1)",
      "nasa_jpl_url" : "http://ssd.jpl.nasa.gov/sbdb.cgi?sstr=3738913",
      "absolute_magnitude_h" : 26.1,
      "estimated_diameter" : {
        "kilometers" : {
          "estimated_diameter_min" : 0.0160160338,
          "estimated_diameter_max" : 0.0358129403
        },
        "meters" : {
          "estimated_diameter_min" : 16.0160337979,
          "estimated_diameter_max" : 35.8129403019
        },
        "miles" : {
          "estimated_diameter_min" : 0.0099518989,
          "estimated_diameter_max" : 0.0222531225
        },
        "feet" : {
          "estimated_diameter_min" : 52.5460443254,
          "estimated_diameter_max" : 117.4965270602
        }
      },
      "is_potentially_hazardous_asteroid" : false,
      "close_approach_data" : [ {
        "close_approach_date" : "1998-08-22",
        "epoch_date_close_approach" : 903769200000,
        "relative_velocity" : {
          "kilometers_per_second" : "7.0257473868",
          "kilometers_per_hour" : "25292.6905926339",
          "miles_per_hour" : "15715.8943296285"
        },
        "miss_distance" : {
          "astronomical" : "0.3462946213",
          "lunar" : "134.7086029053",
          "kilometers" : "51804936",
          "miles" : "32190096"
        },
        "orbiting_body" : "Earth"
      } ],
      "orbital_data" : {
        "orbit_id" : "9",
        "orbit_determination_date" : "2017-06-22 17:42:02",
        "orbit_uncertainty" : "1",
        "minimum_orbit_intersection" : ".00296693",
        "jupiter_tisserand_invariant" : "5.677",
        "epoch_osculation" : "2458000.5",
        "eccentricity" : ".2559717720559598",
        "semi_major_axis" : "1.084002754546022",
        "inclination" : "6.657235645335766",
        "ascending_node_longitude" : "266.1747789569795",
        "orbital_period" : "412.234187120254",
        "perihelion_distance" : ".8065286485513355",
        "perihelion_argument" : "267.8902240039794",
        "aphelion_distance" : "1.361476860540709",
        "perihelion_time" : "2457854.918490993088",
        "mean_anomaly" : "127.1348783772751",
        "mean_motion" : ".8732900163250735",
        "equinox" : "J2000"
      }
    } ]
  }
}