{
  "links" : {
    "next" : "https://api.nasa.gov/neo/rest/v1/feed?start_date=1995-11-23&end_date=1995-11-23&detailed=true&api_key=t0TVs3DtDT2H8Oy2Zy8m2eVrNsAVKAexjcZXUckd",
    "prev" : "https://api.nasa.gov/neo/rest/v1/feed?start_date=1995-11-21&end_date=1995-11-21&detailed=true&api_key=t0TVs3DtDT2H8Oy2Zy8m2eVrNsAVKAexjcZXUckd",
    "self" : "https://api.nasa.gov/neo/rest/v1/feed?start_date=1995-11-22&end_date=1995-11-22&detailed=true&api_key=t0TVs3DtDT2H8Oy2Zy8m2eVrNsAVKAexjcZXUckd"
  },
  "element_count" : 6,
  "near_earth_objects" : {
    "1995-11-22" : [ {
      "links" : {
        "self" : "https://api.nasa.gov/neo/rest/v1/neo/2152978?api_key=t0TVs3DtDT2H8Oy2Zy8m2eVrNsAVKAexjcZXUckd"
      },
      "neo_reference_id" : "2152978",
      "name" : "152978 (2000 GJ147)",
      "nasa_jpl_url" : "http://ssd.jpl.nasa.gov/sbdb.cgi?sstr=2152978",
      "absolute_magnitude_h" : 19.6,
      "estimated_diameter" : {
        "kilometers" : {
          "estimated_diameter_min" : 0.3195618867,
          "estimated_diameter_max" : 0.7145621017
        },
        "meters" : {
          "estimated_diameter_min" : 319.5618867213,
          "estimated_diameter_max" : 714.5621017269
        },
        "miles" : {
          "estimated_diameter_min" : 0.1985664891,
          "estimated_diameter_max" : 0.4440081677
        },
        "feet" : {
          "estimated_diameter_min" : 1048.4314204307,
          "estimated_diameter_max" : 2344.3639258298
        }
      },
      "is_potentially_hazardous_asteroid" : true,
      "close_approach_data" : [ {
        "close_approach_date" : "1995-11-22",
        "epoch_date_close_approach" : 817027200000,
        "relative_velocity" : {
          "kilometers_per_second" : "13.121608316",
          "kilometers_per_hour" : "47237.7899377145",
          "miles_per_hour" : "29351.7256421315"
        },
        "miss_distance" : {
          "astronomical" : "0.3612256356",
          "lunar" : "140.5167694092",
          "kilometers" : "54038588",
          "miles" : "33578020"
        },
        "orbiting_body" : "Earth"
      } ],
      "orbital_data" : {
        "orbit_id" : "109",
        "orbit_determination_date" : "2017-04-06 09:27:08",
        "orbit_uncertainty" : "0",
        "minimum_orbit_intersection" : ".0247891",
        "jupiter_tisserand_invariant" : "5.310",
        "epoch_osculation" : "2458000.5",
        "eccentricity" : ".2365803036841376",
        "semi_major_axis" : "1.162054188805341",
        "inclination" : "25.00778018028834",
        "ascending_node_longitude" : "57.87465674677426",
        "orbital_period" : "457.5494078476248",
        "perihelion_distance" : ".887135055920349",
        "perihelion_argument" : "240.7970766723728",
        "aphelion_distance" : "1.436973321690333",
        "perihelion_time" : "2458141.973627601741",
        "mean_anomaly" : "248.6885108731514",
        "mean_motion" : ".7868002751735369",
        "equinox" : "J2000"
      }
    }, {
      "links" : {
        "self" : "https://api.nasa.gov/neo/rest/v1/neo/3373683?api_key=t0TVs3DtDT2H8Oy2Zy8m2eVrNsAVKAexjcZXUckd"
      },
      "neo_reference_id" : "3373683",
      "name" : "(2007 GS3)",
      "nasa_jpl_url" : "http://ssd.jpl.nasa.gov/sbdb.cgi?sstr=3373683",
      "absolute_magnitude_h" : 19.4,
      "estimated_diameter" : {
        "kilometers" : {
          "estimated_diameter_min" : 0.3503926411,
          "estimated_diameter_max" : 0.7835017643
        },
        "meters" : {
          "estimated_diameter_min" : 350.3926411083,
          "estimated_diameter_max" : 783.5017643338
        },
        "miles" : {
          "estimated_diameter_min" : 0.2177238258,
          "estimated_diameter_max" : 0.4868452748
        },
        "feet" : {
          "estimated_diameter_min" : 1149.5821926537,
          "estimated_diameter_max" : 2570.543928497
        }
      },
      "is_potentially_hazardous_asteroid" : true,
      "close_approach_data" : [ {
        "close_approach_date" : "1995-11-22",
        "epoch_date_close_approach" : 817027200000,
        "relative_velocity" : {
          "kilometers_per_second" : "7.9524044024",
          "kilometers_per_hour" : "28628.6558485825",
          "miles_per_hour" : "17788.7334076928"
        },
        "miss_distance" : {
          "astronomical" : "0.2697244303",
          "lunar" : "104.9228057861",
          "kilometers" : "40350200",
          "miles" : "25072452"
        },
        "orbiting_body" : "Earth"
      } ],
      "orbital_data" : {
        "orbit_id" : "44",
        "orbit_determination_date" : "2017-05-03 06:18:20",
        "orbit_uncertainty" : "1",
        "minimum_orbit_intersection" : ".0215286",
        "jupiter_tisserand_invariant" : "5.768",
        "epoch_osculation" : "2457800.5",
        "eccentricity" : ".1290438595815365",
        "semi_major_axis" : "1.061197120692007",
        "inclination" : "15.08972042172532",
        "ascending_node_longitude" : "215.4436355173162",
        "orbital_period" : "399.2937581924141",
        "perihelion_distance" : ".924256148461097",
        "perihelion_argument" : "61.17301359257869",
        "aphelion_distance" : "1.198138092922917",
        "perihelion_time" : "2457865.405627994874",
        "mean_anomaly" : "301.4816144786948",
        "mean_motion" : ".9015918546528368",
        "equinox" : "J2000"
      }
    }, {
      "links" : {
        "self" : "https://api.nasa.gov/neo/rest/v1/neo/3565394?api_key=t0TVs3DtDT2H8Oy2Zy8m2eVrNsAVKAexjcZXUckd"
      },
      "neo_reference_id" : "3565394",
      "name" : "(2011 JV10)",
      "nasa_jpl_url" : "http://ssd.jpl.nasa.gov/sbdb.cgi?sstr=3565394",
      "absolute_magnitude_h" : 29.7,
      "estimated_diameter" : {
        "kilometers" : {
          "estimated_diameter_min" : 0.0030517923,
          "estimated_diameter_max" : 0.0068240151
        },
        "meters" : {
          "estimated_diameter_min" : 3.0517923259,
          "estimated_diameter_max" : 6.824015094
        },
        "miles" : {
          "estimated_diameter_min" : 0.0018962952,
          "estimated_diameter_max" : 0.0042402451
        },
        "feet" : {
          "estimated_diameter_min" : 10.0124423346,
          "estimated_diameter_max" : 22.388501681
        }
      },
      "is_potentially_hazardous_asteroid" : false,
      "close_approach_data" : [ {
        "close_approach_date" : "1995-11-22",
        "epoch_date_close_approach" : 817027200000,
        "relative_velocity" : {
          "kilometers_per_second" : "19.1262861676",
          "kilometers_per_hour" : "68854.6302035087",
          "miles_per_hour" : "42783.5895283968"
        },
        "miss_distance" : {
          "astronomical" : "0.4687864811",
          "lunar" : "182.3579406738",
          "kilometers" : "70129456",
          "miles" : "43576424"
        },
        "orbiting_body" : "Earth"
      } ],
      "orbital_data" : {
        "orbit_id" : "6",
        "orbit_determination_date" : "2017-04-06 08:53:30",
        "orbit_uncertainty" : "7",
        "minimum_orbit_intersection" : ".00110619",
        "jupiter_tisserand_invariant" : "5.481",
        "epoch_osculation" : "2458000.5",
        "eccentricity" : ".2022066654251082",
        "semi_major_axis" : "1.139867612715609",
        "inclination" : "1.404650461741398",
        "ascending_node_longitude" : "221.3622191958433",
        "orbital_period" : "444.5084774896044",
        "perihelion_distance" : ".9093787837223068",
        "perihelion_argument" : "297.5330995701773",
        "aphelion_distance" : "1.370356441708911",
        "perihelion_time" : "2457852.946091933139",
        "mean_anomaly" : "119.5014484404572",
        "mean_motion" : ".8098833165862831",
        "equinox" : "J2000"
      }
    }, {
      "links" : {
        "self" : "https://api.nasa.gov/neo/rest/v1/neo/3749346?api_key=t0TVs3DtDT2H8Oy2Zy8m2eVrNsAVKAexjcZXUckd"
      },
      "neo_reference_id" : "3749346",
      "name" : "(2016 GD134)",
      "nasa_jpl_url" : "http://ssd.jpl.nasa.gov/sbdb.cgi?sstr=3749346",
      "absolute_magnitude_h" : 23.5,
      "estimated_diameter" : {
        "kilometers" : {
          "estimated_diameter_min" : 0.0530340723,
          "estimated_diameter_max" : 0.1185877909
        },
        "meters" : {
          "estimated_diameter_min" : 53.0340723319,
          "estimated_diameter_max" : 118.5877908577
        },
        "miles" : {
          "estimated_diameter_min" : 0.0329538346,
          "estimated_diameter_max" : 0.0736870142
        },
        "feet" : {
          "estimated_diameter_min" : 173.9963058693,
          "estimated_diameter_max" : 389.0675677576
        }
      },
      "is_potentially_hazardous_asteroid" : false,
      "close_approach_data" : [ {
        "close_approach_date" : "1995-11-22",
        "epoch_date_close_approach" : 817027200000,
        "relative_velocity" : {
          "kilometers_per_second" : "6.7724555122",
          "kilometers_per_hour" : "24380.8398438743",
          "miles_per_hour" : "15149.3057352118"
        },
        "miss_distance" : {
          "astronomical" : "0.1749936632",
          "lunar" : "68.0725326538",
          "kilometers" : "26178680",
          "miles" : "16266677"
        },
        "orbiting_body" : "Earth"
      } ],
      "orbital_data" : {
        "orbit_id" : "25",
        "orbit_determination_date" : "2017-04-06 08:26:45",
        "orbit_uncertainty" : "3",
        "minimum_orbit_intersection" : ".0565851",
        "jupiter_tisserand_invariant" : "5.584",
        "epoch_osculation" : "2458000.5",
        "eccentricity" : ".1140460414326024",
        "semi_major_axis" : "1.113917071953576",
        "inclination" : "7.05651930338303",
        "ascending_node_longitude" : "192.9525065102372",
        "orbital_period" : "429.4155003990329",
        "perihelion_distance" : ".9868792394130758",
        "perihelion_argument" : "284.8134146915102",
        "aphelion_distance" : "1.240954904494077",
        "perihelion_time" : "2457830.226994351390",
        "mean_anomaly" : "142.7481820673409",
        "mean_motion" : ".8383488711177666",
        "equinox" : "J2000"
      }
    }, {
      "links" : {
        "self" : "https://api.nasa.gov/neo/rest/v1/neo/2489486?api_key=t0TVs3DtDT2H8Oy2Zy8m2eVrNsAVKAexjcZXUckd"
      },
      "neo_reference_id" : "2489486",
      "name" : "489486 (2007 GS3)",
      "nasa_jpl_url" : "http://ssd.jpl.nasa.gov/sbdb.cgi?sstr=2489486",
      "absolute_magnitude_h" : 19.4,
      "estimated_diameter" : {
        "kilometers" : {
          "estimated_diameter_min" : 0.3503926411,
          "estimated_diameter_max" : 0.7835017643
        },
        "meters" : {
          "estimated_diameter_min" : 350.3926411083,
          "estimated_diameter_max" : 783.5017643338
        },
        "miles" : {
          "estimated_diameter_min" : 0.2177238258,
          "estimated_diameter_max" : 0.4868452748
        },
        "feet" : {
          "estimated_diameter_min" : 1149.5821926537,
          "estimated_diameter_max" : 2570.543928497
        }
      },
      "is_potentially_hazardous_asteroid" : true,
      "close_approach_data" : [ {
        "close_approach_date" : "1995-11-22",
        "epoch_date_close_approach" : 817027200000,
        "relative_velocity" : {
          "kilometers_per_second" : "7.9524044759",
          "kilometers_per_hour" : "28628.6561132644",
          "miles_per_hour" : "17788.7335721559"
        },
        "miss_distance" : {
          "astronomical" : "0.2697244303",
          "lunar" : "104.9228057861",
          "kilometers" : "40350200",
          "miles" : "25072452"
        },
        "orbiting_body" : "Earth"
      } ],
      "orbital_data" : {
        "orbit_id" : "45",
        "orbit_determination_date" : "2017-05-15 19:03:44",
        "orbit_uncertainty" : "1",
        "minimum_orbit_intersection" : ".020437",
        "jupiter_tisserand_invariant" : "5.768",
        "epoch_osculation" : "2458000.5",
        "eccentricity" : ".1290153472152782",
        "semi_major_axis" : "1.061191066459368",
        "inclination" : "15.0900047631558",
        "ascending_node_longitude" : "215.4428312993687",
        "orbital_period" : "399.2903411827814",
        "perihelion_distance" : ".924281132558361",
        "perihelion_argument" : "61.18913869575113",
        "aphelion_distance" : "1.198101000360374",
        "perihelion_time" : "2457865.416955745459",
        "mean_anomaly" : "121.790814642756",
        "mean_motion" : ".9015995702115027",
        "equinox" : "J2000"
      }
    }, {
      "links" : {
        "self" : "https://api.nasa.gov/neo/rest/v1/neo/3695735?api_key=t0TVs3DtDT2H8Oy2Zy8m2eVrNsAVKAexjcZXUckd"
      },
      "neo_reference_id" : "3695735",
      "name" : "(2014 UJ192)",
      "nasa_jpl_url" : "http://ssd.jpl.nasa.gov/sbdb.cgi?sstr=3695735",
      "absolute_magnitude_h" : 21.6,
      "estimated_diameter" : {
        "kilometers" : {
          "estimated_diameter_min" : 0.1272198785,
          "estimated_diameter_max" : 0.2844722965
        },
        "meters" : {
          "estimated_diameter_min" : 127.2198785394,
          "estimated_diameter_max" : 284.4722965033
        },
        "miles" : {
          "estimated_diameter_min" : 0.0790507431,
          "estimated_diameter_max" : 0.1767628354
        },
        "feet" : {
          "estimated_diameter_min" : 417.3880663071,
          "estimated_diameter_max" : 933.3080892598
        }
      },
      "is_potentially_hazardous_asteroid" : false,
      "close_approach_data" : [ {
        "close_approach_date" : "1995-11-22",
        "epoch_date_close_approach" : 817027200000,
        "relative_velocity" : {
          "kilometers_per_second" : "8.9768962821",
          "kilometers_per_hour" : "32316.8266154128",
          "miles_per_hour" : "20080.419293338"
        },
        "miss_distance" : {
          "astronomical" : "0.4045990377",
          "lunar" : "157.3890228271",
          "kilometers" : "60527156",
          "miles" : "37609832"
        },
        "orbiting_body" : "Earth"
      } ],
      "orbital_data" : {
        "orbit_id" : "13",
        "orbit_determination_date" : "2017-06-15 06:19:18",
        "orbit_uncertainty" : "2",
        "minimum_orbit_intersection" : ".318512",
        "jupiter_tisserand_invariant" : "4.806",
        "epoch_osculation" : "2458000.5",
        "eccentricity" : ".06950169431499868",
        "semi_major_axis" : "1.360874576016335",
        "inclination" : "15.62269162411454",
        "ascending_node_longitude" : "233.8821450993128",
        "orbital_period" : "579.8632399463864",
        "perihelion_distance" : "1.266291487232994",
        "perihelion_argument" : "84.04221652066524",
        "aphelion_distance" : "1.455457664799676",
        "perihelion_time" : "2458003.960486605056",
        "mean_anomaly" : "357.8516051854995",
        "mean_motion" : ".62083604408737",
        "equinox" : "J2000"
      }
    } ]
  }
}