{
  "links" : {
    "next" : "https://api.nasa.gov/neo/rest/v1/feed?start_date=2002-12-23&end_date=2002-12-23&detailed=true&api_key=t0TVs3DtDT2H8Oy2Zy8m2eVrNsAVKAexjcZXUckd",
    "prev" : "https://api.nasa.gov/neo/rest/v1/feed?start_date=2002-12-21&end_date=2002-12-21&detailed=true&api_key=t0TVs3DtDT2H8Oy2Zy8m2eVrNsAVKAexjcZXUckd",
    "self" : "https://api.nasa.gov/neo/rest/v1/feed?start_date=2002-12-22&end_date=2002-12-22&detailed=true&api_key=t0TVs3DtDT2H8Oy2Zy8m2eVrNsAVKAexjcZXUckd"
  },
  "element_count" : 8,
  "near_earth_objects" : {
    "2002-12-22" : [ {
      "links" : {
        "self" : "https://api.nasa.gov/neo/rest/v1/neo/2152754?api_key=t0TVs3DtDT2H8Oy2Zy8m2eVrNsAVKAexjcZXUckd"
      },
      "neo_reference_id" : "2152754",
      "name" : "152754 (1999 GS6)",
      "nasa_jpl_url" : "http://ssd.jpl.nasa.gov/sbdb.cgi?sstr=2152754",
      "absolute_magnitude_h" : 19.1,
      "estimated_diameter" : {
        "kilometers" : {
          "estimated_diameter_min" : 0.4023045798,
          "estimated_diameter_max" : 0.8995803882
        },
        "meters" : {
          "estimated_diameter_min" : 402.3045798343,
          "estimated_diameter_max" : 899.5803881691
        },
        "miles" : {
          "estimated_diameter_min" : 0.2499803991,
          "estimated_diameter_max" : 0.5589731654
        },
        "feet" : {
          "estimated_diameter_min" : 1319.8969577037,
          "estimated_diameter_max" : 2951.3793207207
        }
      },
      "is_potentially_hazardous_asteroid" : true,
      "close_approach_data" : [ {
        "close_approach_date" : "2002-12-22",
        "epoch_date_close_approach" : 1040544000000,
        "relative_velocity" : {
          "kilometers_per_second" : "16.8689768282",
          "kilometers_per_hour" : "60728.3165815229",
          "miles_per_hour" : "37734.2142670024"
        },
        "miss_distance" : {
          "astronomical" : "0.3855339055",
          "lunar" : "149.9726867676",
          "kilometers" : "57675052",
          "miles" : "35837616"
        },
        "orbiting_body" : "Earth"
      } ],
      "orbital_data" : {
        "orbit_id" : "55",
        "orbit_determination_date" : "2017-04-06 09:27:13",
        "orbit_uncertainty" : "0",
        "minimum_orbit_intersection" : ".0188434",
        "jupiter_tisserand_invariant" : "5.199",
        "epoch_osculation" : "2458000.5",
        "eccentricity" : ".4973457568249125",
        "semi_major_axis" : "1.190920566209327",
        "inclination" : "2.020707347929493",
        "ascending_node_longitude" : "314.5063412859134",
        "orbital_period" : "474.7037032199969",
        "perihelion_distance" : ".598621275889596",
        "perihelion_argument" : "134.87857243",
        "aphelion_distance" : "1.783219856529058",
        "perihelion_time" : "2457852.663526954378",
        "mean_anomaly" : "112.1144198695223",
        "mean_motion" : ".7583677935479711",
        "equinox" : "J2000"
      }
    }, {
      "links" : {
        "self" : "https://api.nasa.gov/neo/rest/v1/neo/2345722?api_key=t0TVs3DtDT2H8Oy2Zy8m2eVrNsAVKAexjcZXUckd"
      },
      "neo_reference_id" : "2345722",
      "name" : "345722 (2007 BG29)",
      "nasa_jpl_url" : "http://ssd.jpl.nasa.gov/sbdb.cgi?sstr=2345722",
      "absolute_magnitude_h" : 18.2,
      "estimated_diameter" : {
        "kilometers" : {
          "estimated_diameter_min" : 0.6089126221,
          "estimated_diameter_max" : 1.3615700154
        },
        "meters" : {
          "estimated_diameter_min" : 608.9126221057,
          "estimated_diameter_max" : 1361.5700153859
        },
        "miles" : {
          "estimated_diameter_min" : 0.3783606449,
          "estimated_diameter_max" : 0.846040122
        },
        "feet" : {
          "estimated_diameter_min" : 1997.7448871092,
          "estimated_diameter_max" : 4467.0933692788
        }
      },
      "is_potentially_hazardous_asteroid" : false,
      "close_approach_data" : [ {
        "close_approach_date" : "2002-12-22",
        "epoch_date_close_approach" : 1040544000000,
        "relative_velocity" : {
          "kilometers_per_second" : "24.6871399436",
          "kilometers_per_hour" : "88873.7037971342",
          "miles_per_hour" : "55222.6633399471"
        },
        "miss_distance" : {
          "astronomical" : "0.4179885464",
          "lunar" : "162.5975341797",
          "kilometers" : "62530196",
          "miles" : "38854464"
        },
        "orbiting_body" : "Earth"
      } ],
      "orbital_data" : {
        "orbit_id" : "50",
        "orbit_determination_date" : "2017-04-06 09:23:12",
        "orbit_uncertainty" : "1",
        "minimum_orbit_intersection" : ".0865455",
        "jupiter_tisserand_invariant" : "6.965",
        "epoch_osculation" : "2458000.5",
        "eccentricity" : ".3347521815210344",
        "semi_major_axis" : ".8325240301851713",
        "inclination" : "18.5083156822812",
        "ascending_node_longitude" : "60.98718946792383",
        "orbital_period" : "277.4556632516303",
        "perihelion_distance" : ".5538347949120017",
        "perihelion_argument" : "245.0828374038714",
        "aphelion_distance" : "1.111213265458341",
        "perihelion_time" : "2458117.091024519673",
        "mean_anomaly" : "208.722609100193",
        "mean_motion" : "1.297504602288505",
        "equinox" : "J2000"
      }
    }, {
      "links" : {
        "self" : "https://api.nasa.gov/neo/rest/v1/neo/2441304?api_key=t0TVs3DtDT2H8Oy2Zy8m2eVrNsAVKAexjcZXUckd"
      },
      "neo_reference_id" : "2441304",
      "name" : "441304 (2008 AU26)",
      "nasa_jpl_url" : "http://ssd.jpl.nasa.gov/sbdb.cgi?sstr=2441304",
      "absolute_magnitude_h" : 20.9,
      "estimated_diameter" : {
        "kilometers" : {
          "estimated_diameter_min" : 0.1756123185,
          "estimated_diameter_max" : 0.3926810818
        },
        "meters" : {
          "estimated_diameter_min" : 175.6123184804,
          "estimated_diameter_max" : 392.6810818086
        },
        "miles" : {
          "estimated_diameter_min" : 0.1091204019,
          "estimated_diameter_max" : 0.2440006365
        },
        "feet" : {
          "estimated_diameter_min" : 576.1559189633,
          "estimated_diameter_max" : 1288.3238004408
        }
      },
      "is_potentially_hazardous_asteroid" : false,
      "close_approach_data" : [ {
        "close_approach_date" : "2002-12-22",
        "epoch_date_close_approach" : 1040544000000,
        "relative_velocity" : {
          "kilometers_per_second" : "2.7981866742",
          "kilometers_per_hour" : "10073.4720272839",
          "miles_per_hour" : "6259.2637716198"
        },
        "miss_distance" : {
          "astronomical" : "0.2807027337",
          "lunar" : "109.1933670044",
          "kilometers" : "41992532",
          "miles" : "26092950"
        },
        "orbiting_body" : "Earth"
      } ],
      "orbital_data" : {
        "orbit_id" : "29",
        "orbit_determination_date" : "2017-04-06 09:20:30",
        "orbit_uncertainty" : "1",
        "minimum_orbit_intersection" : ".269609",
        "jupiter_tisserand_invariant" : "4.759",
        "epoch_osculation" : "2458000.5",
        "eccentricity" : ".1024252865481716",
        "semi_major_axis" : "1.394870686677019",
        "inclination" : "2.661019351558381",
        "ascending_node_longitude" : "299.6683911927632",
        "orbital_period" : "601.7267911056591",
        "perihelion_distance" : "1.25200065689648",
        "perihelion_argument" : "128.49559884",
        "aphelion_distance" : "1.537740716457557",
        "perihelion_time" : "2458014.227412475309",
        "mean_anomaly" : "351.7871888635196",
        "mean_motion" : ".5982781643119268",
        "equinox" : "J2000"
      }
    }, {
      "links" : {
        "self" : "https://api.nasa.gov/neo/rest/v1/neo/3025766?api_key=t0TVs3DtDT2H8Oy2Zy8m2eVrNsAVKAexjcZXUckd"
      },
      "neo_reference_id" : "3025766",
      "name" : "(2000 AA6)",
      "nasa_jpl_url" : "http://ssd.jpl.nasa.gov/sbdb.cgi?sstr=3025766",
      "absolute_magnitude_h" : 22.1,
      "estimated_diameter" : {
        "kilometers" : {
          "estimated_diameter_min" : 0.1010543415,
          "estimated_diameter_max" : 0.2259643771
        },
        "meters" : {
          "estimated_diameter_min" : 101.054341542,
          "estimated_diameter_max" : 225.9643771094
        },
        "miles" : {
          "estimated_diameter_min" : 0.0627922373,
          "estimated_diameter_max" : 0.140407711
        },
        "feet" : {
          "estimated_diameter_min" : 331.5431259047,
          "estimated_diameter_max" : 741.3529669956
        }
      },
      "is_potentially_hazardous_asteroid" : true,
      "close_approach_data" : [ {
        "close_approach_date" : "2002-12-22",
        "epoch_date_close_approach" : 1040544000000,
        "relative_velocity" : {
          "kilometers_per_second" : "30.1699876617",
          "kilometers_per_hour" : "108611.9555820196",
          "miles_per_hour" : "67487.2454003943"
        },
        "miss_distance" : {
          "astronomical" : "0.459730518",
          "lunar" : "178.8351593018",
          "kilometers" : "68774704",
          "miles" : "42734620"
        },
        "orbiting_body" : "Earth"
      } ],
      "orbital_data" : {
        "orbit_id" : "24",
        "orbit_determination_date" : "2017-04-06 09:17:11",
        "orbit_uncertainty" : "0",
        "minimum_orbit_intersection" : ".00767126",
        "jupiter_tisserand_invariant" : "4.894",
        "epoch_osculation" : "2458000.5",
        "eccentricity" : ".5194540869703551",
        "semi_major_axis" : "1.2865451823245",
        "inclination" : "2.031544612122285",
        "ascending_node_longitude" : "279.8360421373115",
        "orbital_period" : "533.0107782097747",
        "perihelion_distance" : ".6182440292940176",
        "perihelion_argument" : "287.5722268219922",
        "aphelion_distance" : "1.954846335354981",
        "perihelion_time" : "2458011.875329632395",
        "mean_anomaly" : "352.317005893546",
        "mean_motion" : ".6754084808737515",
        "equinox" : "J2000"
      }
    }, {
      "links" : {
        "self" : "https://api.nasa.gov/neo/rest/v1/neo/3276398?api_key=t0TVs3DtDT2H8Oy2Zy8m2eVrNsAVKAexjcZXUckd"
      },
      "neo_reference_id" : "3276398",
      "name" : "(2005 GE60)",
      "nasa_jpl_url" : "http://ssd.jpl.nasa.gov/sbdb.cgi?sstr=3276398",
      "absolute_magnitude_h" : 22.1,
      "estimated_diameter" : {
        "kilometers" : {
          "estimated_diameter_min" : 0.1010543415,
          "estimated_diameter_max" : 0.2259643771
        },
        "meters" : {
          "estimated_diameter_min" : 101.054341542,
          "estimated_diameter_max" : 225.9643771094
        },
        "miles" : {
          "estimated_diameter_min" : 0.0627922373,
          "estimated_diameter_max" : 0.140407711
        },
        "feet" : {
          "estimated_diameter_min" : 331.5431259047,
          "estimated_diameter_max" : 741.3529669956
        }
      },
      "is_potentially_hazardous_asteroid" : false,
      "close_approach_data" : [ {
        "close_approach_date" : "2002-12-22",
        "epoch_date_close_approach" : 1040544000000,
        "relative_velocity" : {
          "kilometers_per_second" : "9.2270186166",
          "kilometers_per_hour" : "33217.2670197637",
          "miles_per_hour" : "20639.9179434748"
        },
        "miss_distance" : {
          "astronomical" : "0.0757704541",
          "lunar" : "29.4747066498",
          "kilometers" : "11335098",
          "miles" : "7043303.5"
        },
        "orbiting_body" : "Earth"
      } ],
      "orbital_data" : {
        "orbit_id" : "19",
        "orbit_determination_date" : "2017-04-06 09:11:07",
        "orbit_uncertainty" : "4",
        "minimum_orbit_intersection" : ".00469688",
        "jupiter_tisserand_invariant" : "6.256",
        "epoch_osculation" : "2458000.5",
        "eccentricity" : ".245748510921474",
        "semi_major_axis" : ".9586055789637062",
        "inclination" : "5.570152515847995",
        "ascending_node_longitude" : "229.9019032870426",
        "orbital_period" : "342.8138465778937",
        "perihelion_distance" : ".7230296853723579",
        "perihelion_argument" : "112.7702162941976",
        "aphelion_distance" : "1.194181472555055",
        "perihelion_time" : "2458044.213674550200",
        "mean_anomaly" : "314.0948447819005",
        "mean_motion" : "1.050132611601502",
        "equinox" : "J2000"
      }
    }, {
      "links" : {
        "self" : "https://api.nasa.gov/neo/rest/v1/neo/3309832?api_key=t0TVs3DtDT2H8Oy2Zy8m2eVrNsAVKAexjcZXUckd"
      },
      "neo_reference_id" : "3309832",
      "name" : "(2005 YO128)",
      "nasa_jpl_url" : "http://ssd.jpl.nasa.gov/sbdb.cgi?sstr=3309832",
      "absolute_magnitude_h" : 24.6,
      "estimated_diameter" : {
        "kilometers" : {
          "estimated_diameter_min" : 0.0319561887,
          "estimated_diameter_max" : 0.0714562102
        },
        "meters" : {
          "estimated_diameter_min" : 31.9561886721,
          "estimated_diameter_max" : 71.4562101727
        },
        "miles" : {
          "estimated_diameter_min" : 0.0198566489,
          "estimated_diameter_max" : 0.0444008168
        },
        "feet" : {
          "estimated_diameter_min" : 104.8431420431,
          "estimated_diameter_max" : 234.436392583
        }
      },
      "is_potentially_hazardous_asteroid" : false,
      "close_approach_data" : [ {
        "close_approach_date" : "2002-12-22",
        "epoch_date_close_approach" : 1040544000000,
        "relative_velocity" : {
          "kilometers_per_second" : "9.181942559",
          "kilometers_per_hour" : "33054.9932123556",
          "miles_per_hour" : "20539.0873101995"
        },
        "miss_distance" : {
          "astronomical" : "0.132173224",
          "lunar" : "51.4153862",
          "kilometers" : "19772834",
          "miles" : "12286269"
        },
        "orbiting_body" : "Earth"
      } ],
      "orbital_data" : {
        "orbit_id" : "10",
        "orbit_determination_date" : "2017-04-06 09:09:32",
        "orbit_uncertainty" : "7",
        "minimum_orbit_intersection" : ".0155322",
        "jupiter_tisserand_invariant" : "7.069",
        "epoch_osculation" : "2458000.5",
        "eccentricity" : ".296629837089032",
        "semi_major_axis" : ".8210005095448185",
        "inclination" : "15.59032967559832",
        "ascending_node_longitude" : "281.7446315157346",
        "orbital_period" : "271.7149703413027",
        "perihelion_distance" : ".5774672621485268",
        "perihelion_argument" : "328.4076682203353",
        "aphelion_distance" : "1.06453375694111",
        "perihelion_time" : "2457909.980699012466",
        "mean_anomaly" : "119.930632878195",
        "mean_motion" : "1.324917797307237",
        "equinox" : "J2000"
      }
    }, {
      "links" : {
        "self" : "https://api.nasa.gov/neo/rest/v1/neo/3627109?api_key=t0TVs3DtDT2H8Oy2Zy8m2eVrNsAVKAexjcZXUckd"
      },
      "neo_reference_id" : "3627109",
      "name" : "(2013 DA1)",
      "nasa_jpl_url" : "http://ssd.jpl.nasa.gov/sbdb.cgi?sstr=3627109",
      "absolute_magnitude_h" : 27.3,
      "estimated_diameter" : {
        "kilometers" : {
          "estimated_diameter_min" : 0.0092162655,
          "estimated_diameter_max" : 0.0206081961
        },
        "meters" : {
          "estimated_diameter_min" : 9.216265485,
          "estimated_diameter_max" : 20.6081961232
        },
        "miles" : {
          "estimated_diameter_min" : 0.0057267201,
          "estimated_diameter_max" : 0.0128053354
        },
        "feet" : {
          "estimated_diameter_min" : 30.2370924539,
          "estimated_diameter_max" : 67.6121941689
        }
      },
      "is_potentially_hazardous_asteroid" : false,
      "close_approach_data" : [ {
        "close_approach_date" : "2002-12-22",
        "epoch_date_close_approach" : 1040544000000,
        "relative_velocity" : {
          "kilometers_per_second" : "13.4732104307",
          "kilometers_per_hour" : "48503.5575504138",
          "miles_per_hour" : "30138.2244123668"
        },
        "miss_distance" : {
          "astronomical" : "0.4074206325",
          "lunar" : "158.4866333008",
          "kilometers" : "60949260",
          "miles" : "37872116"
        },
        "orbiting_body" : "Earth"
      } ],
      "orbital_data" : {
        "orbit_id" : "7",
        "orbit_determination_date" : "2017-04-06 08:46:42",
        "orbit_uncertainty" : "7",
        "minimum_orbit_intersection" : ".0250292",
        "jupiter_tisserand_invariant" : "5.394",
        "epoch_osculation" : "2458000.5",
        "eccentricity" : ".1362360123775228",
        "semi_major_axis" : "1.167800781369033",
        "inclination" : "1.888478333671854",
        "ascending_node_longitude" : "142.4727771275691",
        "orbital_period" : "460.9476117039286",
        "perihelion_distance" : "1.00870425966396",
        "perihelion_argument" : "348.3929321735357",
        "aphelion_distance" : "1.326897303074105",
        "perihelion_time" : "2458167.490761712094",
        "mean_anomaly" : "229.5802458024942",
        "mean_motion" : ".7809998161596544",
        "equinox" : "J2000"
      }
    }, {
      "links" : {
        "self" : "https://api.nasa.gov/neo/rest/v1/neo/3674659?api_key=t0TVs3DtDT2H8Oy2Zy8m2eVrNsAVKAexjcZXUckd"
      },
      "neo_reference_id" : "3674659",
      "name" : "(2014 NL52)",
      "nasa_jpl_url" : "http://ssd.jpl.nasa.gov/sbdb.cgi?sstr=3674659",
      "absolute_magnitude_h" : 23.6,
      "estimated_diameter" : {
        "kilometers" : {
          "estimated_diameter_min" : 0.0506471459,
          "estimated_diameter_max" : 0.1132504611
        },
        "meters" : {
          "estimated_diameter_min" : 50.6471458835,
          "estimated_diameter_max" : 113.2504610618
        },
        "miles" : {
          "estimated_diameter_min" : 0.0314706677,
          "estimated_diameter_max" : 0.0703705522
        },
        "feet" : {
          "estimated_diameter_min" : 166.1651821003,
          "estimated_diameter_max" : 371.5566426699
        }
      },
      "is_potentially_hazardous_asteroid" : false,
      "close_approach_data" : [ {
        "close_approach_date" : "2002-12-22",
        "epoch_date_close_approach" : 1040544000000,
        "relative_velocity" : {
          "kilometers_per_second" : "8.6924878189",
          "kilometers_per_hour" : "31292.9561480208",
          "miles_per_hour" : "19444.2260020855"
        },
        "miss_distance" : {
          "astronomical" : "0.4724117059",
          "lunar" : "183.7681427002",
          "kilometers" : "70671784",
          "miles" : "43913412"
        },
        "orbiting_body" : "Earth"
      } ],
      "orbital_data" : {
        "orbit_id" : "21",
        "orbit_determination_date" : "2017-04-06 08:39:40",
        "orbit_uncertainty" : "5",
        "minimum_orbit_intersection" : ".00695551",
        "jupiter_tisserand_invariant" : "5.194",
        "epoch_osculation" : "2458000.5",
        "eccentricity" : ".1946672083388957",
        "semi_major_axis" : "1.22398080562801",
        "inclination" : "7.756198316474172",
        "ascending_node_longitude" : "282.689919817095",
        "orbital_period" : "494.6070903344091",
        "perihelion_distance" : ".985711879136013",
        "perihelion_argument" : "329.6739845046062",
        "aphelion_distance" : "1.462249732120008",
        "perihelion_time" : "2457802.315325206635",
        "mean_anomaly" : "144.2488074268675",
        "mean_motion" : ".727850463600512",
        "equinox" : "J2000"
      }
    } ]
  }
}