{
  "links" : {
    "next" : "https://api.nasa.gov/neo/rest/v1/feed?start_date=2000-07-09&end_date=2000-07-09&detailed=true&api_key=t0TVs3DtDT2H8Oy2Zy8m2eVrNsAVKAexjcZXUckd",
    "prev" : "https://api.nasa.gov/neo/rest/v1/feed?start_date=2000-07-07&end_date=2000-07-07&detailed=true&api_key=t0TVs3DtDT2H8Oy2Zy8m2eVrNsAVKAexjcZXUckd",
    "self" : "https://api.nasa.gov/neo/rest/v1/feed?start_date=2000-07-08&end_date=2000-07-08&detailed=true&api_key=t0TVs3DtDT2H8Oy2Zy8m2eVrNsAVKAexjcZXUckd"
  },
  "element_count" : 6,
  "near_earth_objects" : {
    "2000-07-08" : [ {
      "links" : {
        "self" : "https://api.nasa.gov/neo/rest/v1/neo/2162698?api_key=t0TVs3DtDT2H8Oy2Zy8m2eVrNsAVKAexjcZXUckd"
      },
      "neo_reference_id" : "2162698",
      "name" : "162698 (2000 UN30)",
      "nasa_jpl_url" : "http://ssd.jpl.nasa.gov/sbdb.cgi?sstr=2162698",
      "absolute_magnitude_h" : 18.2,
      "estimated_diameter" : {
        "kilometers" : {
          "estimated_diameter_min" : 0.6089126221,
          "estimated_diameter_max" : 1.3615700154
        },
        "meters" : {
          "estimated_diameter_min" : 608.9126221057,
          "estimated_diameter_max" : 1361.5700153859
        },
        "miles" : {
          "estimated_diameter_min" : 0.3783606449,
          "estimated_diameter_max" : 0.846040122
        },
        "feet" : {
          "estimated_diameter_min" : 1997.7448871092,
          "estimated_diameter_max" : 4467.0933692788
        }
      },
      "is_potentially_hazardous_asteroid" : false,
      "close_approach_data" : [ {
        "close_approach_date" : "2000-07-08",
        "epoch_date_close_approach" : 963039600000,
        "relative_velocity" : {
          "kilometers_per_second" : "13.7666957698",
          "kilometers_per_hour" : "49560.1047714179",
          "miles_per_hour" : "30794.7217675513"
        },
        "miss_distance" : {
          "astronomical" : "0.3569419171",
          "lunar" : "138.850402832",
          "kilometers" : "53397748",
          "miles" : "33179824"
        },
        "orbiting_body" : "Earth"
      } ],
      "orbital_data" : {
        "orbit_id" : "23",
        "orbit_determination_date" : "2017-04-06 09:26:26",
        "orbit_uncertainty" : "0",
        "minimum_orbit_intersection" : ".335718",
        "jupiter_tisserand_invariant" : "3.498",
        "epoch_osculation" : "2458000.5",
        "eccentricity" : ".4878624816781328",
        "semi_major_axis" : "2.11862632511153",
        "inclination" : "20.68958907000189",
        "ascending_node_longitude" : "66.27093485399568",
        "orbital_period" : "1126.367143231367",
        "perihelion_distance" : "1.085028028393996",
        "perihelion_argument" : "271.8112629635094",
        "aphelion_distance" : "3.152224621829063",
        "perihelion_time" : "2458538.449895180272",
        "mean_anomaly" : "188.0649755910735",
        "mean_motion" : ".3196115957069005",
        "equinox" : "J2000"
      }
    }, {
      "links" : {
        "self" : "https://api.nasa.gov/neo/rest/v1/neo/2168791?api_key=t0TVs3DtDT2H8Oy2Zy8m2eVrNsAVKAexjcZXUckd"
      },
      "neo_reference_id" : "2168791",
      "name" : "168791 (2000 SQ43)",
      "nasa_jpl_url" : "http://ssd.jpl.nasa.gov/sbdb.cgi?sstr=2168791",
      "absolute_magnitude_h" : 18.7,
      "estimated_diameter" : {
        "kilometers" : {
          "estimated_diameter_min" : 0.4836764882,
          "estimated_diameter_max" : 1.0815335068
        },
        "meters" : {
          "estimated_diameter_min" : 483.6764882185,
          "estimated_diameter_max" : 1081.533506775
        },
        "miles" : {
          "estimated_diameter_min" : 0.3005425432,
          "estimated_diameter_max" : 0.6720335566
        },
        "feet" : {
          "estimated_diameter_min" : 1586.8651696069,
          "estimated_diameter_max" : 3548.3383903678
        }
      },
      "is_potentially_hazardous_asteroid" : false,
      "close_approach_data" : [ {
        "close_approach_date" : "2000-07-08",
        "epoch_date_close_approach" : 963039600000,
        "relative_velocity" : {
          "kilometers_per_second" : "14.0601302358",
          "kilometers_per_hour" : "50616.468848853",
          "miles_per_hour" : "31451.1053244442"
        },
        "miss_distance" : {
          "astronomical" : "0.4263841154",
          "lunar" : "165.8634185791",
          "kilometers" : "63786156",
          "miles" : "39634880"
        },
        "orbiting_body" : "Earth"
      } ],
      "orbital_data" : {
        "orbit_id" : "25",
        "orbit_determination_date" : "2017-04-06 09:26:03",
        "orbit_uncertainty" : "0",
        "minimum_orbit_intersection" : ".13439",
        "jupiter_tisserand_invariant" : "3.409",
        "epoch_osculation" : "2458000.5",
        "eccentricity" : ".5046745878216532",
        "semi_major_axis" : "2.295274730257101",
        "inclination" : "5.180898535441449",
        "ascending_node_longitude" : "170.9461303733303",
        "orbital_period" : "1270.136626798055",
        "perihelion_distance" : "1.136907901827143",
        "perihelion_argument" : "144.6803787598308",
        "aphelion_distance" : "3.45364155868706",
        "perihelion_time" : "2458087.714872607890",
        "mean_anomaly" : "335.2803332520285",
        "mean_motion" : ".2834340750471391",
        "equinox" : "J2000"
      }
    }, {
      "links" : {
        "self" : "https://api.nasa.gov/neo/rest/v1/neo/2357022?api_key=t0TVs3DtDT2H8Oy2Zy8m2eVrNsAVKAexjcZXUckd"
      },
      "neo_reference_id" : "2357022",
      "name" : "357022 (1999 YG3)",
      "nasa_jpl_url" : "http://ssd.jpl.nasa.gov/sbdb.cgi?sstr=2357022",
      "absolute_magnitude_h" : 19.1,
      "estimated_diameter" : {
        "kilometers" : {
          "estimated_diameter_min" : 0.4023045798,
          "estimated_diameter_max" : 0.8995803882
        },
        "meters" : {
          "estimated_diameter_min" : 402.3045798343,
          "estimated_diameter_max" : 899.5803881691
        },
        "miles" : {
          "estimated_diameter_min" : 0.2499803991,
          "estimated_diameter_max" : 0.5589731654
        },
        "feet" : {
          "estimated_diameter_min" : 1319.8969577037,
          "estimated_diameter_max" : 2951.3793207207
        }
      },
      "is_potentially_hazardous_asteroid" : true,
      "close_approach_data" : [ {
        "close_approach_date" : "2000-07-08",
        "epoch_date_close_approach" : 963039600000,
        "relative_velocity" : {
          "kilometers_per_second" : "16.771967542",
          "kilometers_per_hour" : "60379.0831510294",
          "miles_per_hour" : "37517.2141945938"
        },
        "miss_distance" : {
          "astronomical" : "0.3839322621",
          "lunar" : "149.3496551514",
          "kilometers" : "57435448",
          "miles" : "35688732"
        },
        "orbiting_body" : "Earth"
      } ],
      "orbital_data" : {
        "orbit_id" : "71",
        "orbit_determination_date" : "2017-04-06 09:22:57",
        "orbit_uncertainty" : "0",
        "minimum_orbit_intersection" : ".0430734",
        "jupiter_tisserand_invariant" : "4.823",
        "epoch_osculation" : "2458000.5",
        "eccentricity" : ".3295621524774158",
        "semi_major_axis" : "1.284789949497999",
        "inclination" : "34.51688657567774",
        "ascending_node_longitude" : "293.2855315685359",
        "orbital_period" : "531.9203709006454",
        "perihelion_distance" : ".8613718082600882",
        "perihelion_argument" : "250.2315182001751",
        "aphelion_distance" : "1.70820809073591",
        "perihelion_time" : "2458002.370484893225",
        "mean_anomaly" : "358.7340688599297",
        "mean_motion" : ".6767930308637164",
        "equinox" : "J2000"
      }
    }, {
      "links" : {
        "self" : "https://api.nasa.gov/neo/rest/v1/neo/3596264?api_key=t0TVs3DtDT2H8Oy2Zy8m2eVrNsAVKAexjcZXUckd"
      },
      "neo_reference_id" : "3596264",
      "name" : "(2012 BA35)",
      "nasa_jpl_url" : "http://ssd.jpl.nasa.gov/sbdb.cgi?sstr=3596264",
      "absolute_magnitude_h" : 23.8,
      "estimated_diameter" : {
        "kilometers" : {
          "estimated_diameter_min" : 0.046190746,
          "estimated_diameter_max" : 0.1032856481
        },
        "meters" : {
          "estimated_diameter_min" : 46.1907460282,
          "estimated_diameter_max" : 103.2856480504
        },
        "miles" : {
          "estimated_diameter_min" : 0.0287015901,
          "estimated_diameter_max" : 0.0641787064
        },
        "feet" : {
          "estimated_diameter_min" : 151.544447199,
          "estimated_diameter_max" : 338.8636855496
        }
      },
      "is_potentially_hazardous_asteroid" : false,
      "close_approach_data" : [ {
        "close_approach_date" : "2000-07-08",
        "epoch_date_close_approach" : 963039600000,
        "relative_velocity" : {
          "kilometers_per_second" : "15.9749051896",
          "kilometers_per_hour" : "57509.6586827242",
          "miles_per_hour" : "35734.2654187182"
        },
        "miss_distance" : {
          "astronomical" : "0.4350176635",
          "lunar" : "169.2218780518",
          "kilometers" : "65077720",
          "miles" : "40437420"
        },
        "orbiting_body" : "Earth"
      } ],
      "orbital_data" : {
        "orbit_id" : "10",
        "orbit_determination_date" : "2017-04-06 08:51:16",
        "orbit_uncertainty" : "5",
        "minimum_orbit_intersection" : ".0176518",
        "jupiter_tisserand_invariant" : "5.752",
        "epoch_osculation" : "2458000.5",
        "eccentricity" : ".1177873588957815",
        "semi_major_axis" : "1.071728188618486",
        "inclination" : "5.714631467275153",
        "ascending_node_longitude" : "145.4513170440477",
        "orbital_period" : "405.2522244566042",
        "perihelion_distance" : ".9454921558269542",
        "perihelion_argument" : "234.5395447902016",
        "aphelion_distance" : "1.197964221410017",
        "perihelion_time" : "2457873.109179202826",
        "mean_anomaly" : "113.1658081543578",
        "mean_motion" : ".8883356543760318",
        "equinox" : "J2000"
      }
    }, {
      "links" : {
        "self" : "https://api.nasa.gov/neo/rest/v1/neo/3394543?api_key=t0TVs3DtDT2H8Oy2Zy8m2eVrNsAVKAexjcZXUckd"
      },
      "neo_reference_id" : "3394543",
      "name" : "(2007 VM184)",
      "nasa_jpl_url" : "http://ssd.jpl.nasa.gov/sbdb.cgi?sstr=3394543",
      "absolute_magnitude_h" : 20.9,
      "estimated_diameter" : {
        "kilometers" : {
          "estimated_diameter_min" : 0.1756123185,
          "estimated_diameter_max" : 0.3926810818
        },
        "meters" : {
          "estimated_diameter_min" : 175.6123184804,
          "estimated_diameter_max" : 392.6810818086
        },
        "miles" : {
          "estimated_diameter_min" : 0.1091204019,
          "estimated_diameter_max" : 0.2440006365
        },
        "feet" : {
          "estimated_diameter_min" : 576.1559189633,
          "estimated_diameter_max" : 1288.3238004408
        }
      },
      "is_potentially_hazardous_asteroid" : true,
      "close_approach_data" : [ {
        "close_approach_date" : "2000-07-08",
        "epoch_date_close_approach" : 963039600000,
        "relative_velocity" : {
          "kilometers_per_second" : "27.0609731847",
          "kilometers_per_hour" : "97419.5034650697",
          "miles_per_hour" : "60532.6909169485"
        },
        "miss_distance" : {
          "astronomical" : "0.3460187043",
          "lunar" : "134.601272583",
          "kilometers" : "51763660",
          "miles" : "32164448"
        },
        "orbiting_body" : "Earth"
      } ],
      "orbital_data" : {
        "orbit_id" : "34",
        "orbit_determination_date" : "2017-09-26 06:50:10",
        "orbit_uncertainty" : "0",
        "minimum_orbit_intersection" : ".0337336",
        "jupiter_tisserand_invariant" : "5.148",
        "epoch_osculation" : "2458000.5",
        "eccentricity" : ".523263108804333",
        "semi_major_axis" : "1.182148764701506",
        "inclination" : "23.27720540354022",
        "ascending_node_longitude" : "65.77208245525733",
        "orbital_period" : "469.4686819583911",
        "perihelion_distance" : ".5635739270145939",
        "perihelion_argument" : "110.1549531441406",
        "aphelion_distance" : "1.800723602388418",
        "perihelion_time" : "2457785.992688909412",
        "mean_anomaly" : "164.4894216808606",
        "mean_motion" : ".7668243140272065",
        "equinox" : "J2000"
      }
    }, {
      "links" : {
        "self" : "https://api.nasa.gov/neo/rest/v1/neo/3781002?api_key=t0TVs3DtDT2H8Oy2Zy8m2eVrNsAVKAexjcZXUckd"
      },
      "neo_reference_id" : "3781002",
      "name" : "(2017 QC17)",
      "nasa_jpl_url" : "http://ssd.jpl.nasa.gov/sbdb.cgi?sstr=3781002",
      "absolute_magnitude_h" : 22.477,
      "estimated_diameter" : {
        "kilometers" : {
          "estimated_diameter_min" : 0.0849483556,
          "estimated_diameter_max" : 0.1899502978
        },
        "meters" : {
          "estimated_diameter_min" : 84.9483556466,
          "estimated_diameter_max" : 189.9502978026
        },
        "miles" : {
          "estimated_diameter_min" : 0.0527844447,
          "estimated_diameter_max" : 0.1180296065
        },
        "feet" : {
          "estimated_diameter_min" : 278.7019631395,
          "estimated_diameter_max" : 623.1965350426
        }
      },
      "is_potentially_hazardous_asteroid" : false,
      "close_approach_data" : [ {
        "close_approach_date" : "2000-07-08",
        "epoch_date_close_approach" : 963039600000,
        "relative_velocity" : {
          "kilometers_per_second" : "18.6350190122",
          "kilometers_per_hour" : "67086.0684438631",
          "miles_per_hour" : "41684.6740283548"
        },
        "miss_distance" : {
          "astronomical" : "0.1229496251",
          "lunar" : "47.8274040222",
          "kilometers" : "18393002",
          "miles" : "11428882"
        },
        "orbiting_body" : "Earth"
      } ],
      "orbital_data" : {
        "orbit_id" : "2",
        "orbit_determination_date" : "2017-09-04 06:17:04",
        "orbit_uncertainty" : "6",
        "minimum_orbit_intersection" : ".0202335",
        "jupiter_tisserand_invariant" : "6.713",
        "epoch_osculation" : "2458000.5",
        "eccentricity" : ".5259666222442527",
        "semi_major_axis" : ".8639937632682871",
        "inclination" : "5.33606451691132",
        "ascending_node_longitude" : "115.6164065707726",
        "orbital_period" : "293.3353060861443",
        "perihelion_distance" : ".4095618819619656",
        "perihelion_argument" : "30.42915169472788",
        "aphelion_distance" : "1.318425644574609",
        "perihelion_time" : "2458125.726672319530",
        "mean_anomaly" : "206.3137539202606",
        "mean_motion" : "1.227264473558727",
        "equinox" : "J2000"
      }
    } ]
  }
}