{
  "links" : {
    "next" : "https://api.nasa.gov/neo/rest/v1/feed?start_date=2001-09-16&end_date=2001-09-16&detailed=true&api_key=t0TVs3DtDT2H8Oy2Zy8m2eVrNsAVKAexjcZXUckd",
    "prev" : "https://api.nasa.gov/neo/rest/v1/feed?start_date=2001-09-14&end_date=2001-09-14&detailed=true&api_key=t0TVs3DtDT2H8Oy2Zy8m2eVrNsAVKAexjcZXUckd",
    "self" : "https://api.nasa.gov/neo/rest/v1/feed?start_date=2001-09-15&end_date=2001-09-15&detailed=true&api_key=t0TVs3DtDT2H8Oy2Zy8m2eVrNsAVKAexjcZXUckd"
  },
  "element_count" : 6,
  "near_earth_objects" : {
    "2001-09-15" : [ {
      "links" : {
        "self" : "https://api.nasa.gov/neo/rest/v1/neo/2361538?api_key=t0TVs3DtDT2H8Oy2Zy8m2eVrNsAVKAexjcZXUckd"
      },
      "neo_reference_id" : "2361538",
      "name" : "361538 (2007 JZ20)",
      "nasa_jpl_url" : "http://ssd.jpl.nasa.gov/sbdb.cgi?sstr=2361538",
      "absolute_magnitude_h" : 18.6,
      "estimated_diameter" : {
        "kilometers" : {
          "estimated_diameter_min" : 0.5064714588,
          "estimated_diameter_max" : 1.1325046106
        },
        "meters" : {
          "estimated_diameter_min" : 506.4714588346,
          "estimated_diameter_max" : 1132.5046106177
        },
        "miles" : {
          "estimated_diameter_min" : 0.3147066768,
          "estimated_diameter_max" : 0.7037055224
        },
        "feet" : {
          "estimated_diameter_min" : 1661.651821003,
          "estimated_diameter_max" : 3715.566426699
        }
      },
      "is_potentially_hazardous_asteroid" : false,
      "close_approach_data" : [ {
        "close_approach_date" : "2001-09-15",
        "epoch_date_close_approach" : 1000537200000,
        "relative_velocity" : {
          "kilometers_per_second" : "23.8550812822",
          "kilometers_per_hour" : "85878.2926160816",
          "miles_per_hour" : "53361.4313202536"
        },
        "miss_distance" : {
          "astronomical" : "0.4895789261",
          "lunar" : "190.4461975098",
          "kilometers" : "73239968",
          "miles" : "45509204"
        },
        "orbiting_body" : "Earth"
      } ],
      "orbital_data" : {
        "orbit_id" : "71",
        "orbit_determination_date" : "2017-04-06 09:22:49",
        "orbit_uncertainty" : "0",
        "minimum_orbit_intersection" : ".0656486",
        "jupiter_tisserand_invariant" : "4.688",
        "epoch_osculation" : "2458000.5",
        "eccentricity" : ".3351979606010909",
        "semi_major_axis" : "1.31129996904836",
        "inclination" : "40.48111953751505",
        "ascending_node_longitude" : "200.5010558688319",
        "orbital_period" : "548.4682642981471",
        "perihelion_distance" : ".871754893687076",
        "perihelion_argument" : "139.0160938903936",
        "aphelion_distance" : "1.750845044409644",
        "perihelion_time" : "2458170.148300562609",
        "mean_anomaly" : "248.6473617927698",
        "mean_motion" : ".656373437505409",
        "equinox" : "J2000"
      }
    }, {
      "links" : {
        "self" : "https://api.nasa.gov/neo/rest/v1/neo/2465617?api_key=t0TVs3DtDT2H8Oy2Zy8m2eVrNsAVKAexjcZXUckd"
      },
      "neo_reference_id" : "2465617",
      "name" : "465617 (2009 EK1)",
      "nasa_jpl_url" : "http://ssd.jpl.nasa.gov/sbdb.cgi?sstr=2465617",
      "absolute_magnitude_h" : 21.4,
      "estimated_diameter" : {
        "kilometers" : {
          "estimated_diameter_min" : 0.1394938229,
          "estimated_diameter_max" : 0.3119176705
        },
        "meters" : {
          "estimated_diameter_min" : 139.4938229344,
          "estimated_diameter_max" : 311.9176705226
        },
        "miles" : {
          "estimated_diameter_min" : 0.0866774163,
          "estimated_diameter_max" : 0.1938165949
        },
        "feet" : {
          "estimated_diameter_min" : 457.6569140361,
          "estimated_diameter_max" : 1023.3519701574
        }
      },
      "is_potentially_hazardous_asteroid" : true,
      "close_approach_data" : [ {
        "close_approach_date" : "2001-09-15",
        "epoch_date_close_approach" : 1000537200000,
        "relative_velocity" : {
          "kilometers_per_second" : "6.5715412795",
          "kilometers_per_hour" : "23657.5486063545",
          "miles_per_hour" : "14699.8806882096"
        },
        "miss_distance" : {
          "astronomical" : "0.0328423808",
          "lunar" : "12.7756853104",
          "kilometers" : "4913150",
          "miles" : "3052890"
        },
        "orbiting_body" : "Earth"
      } ],
      "orbital_data" : {
        "orbit_id" : "22",
        "orbit_determination_date" : "2017-04-06 09:19:31",
        "orbit_uncertainty" : "0",
        "minimum_orbit_intersection" : ".0321026",
        "jupiter_tisserand_invariant" : "5.128",
        "epoch_osculation" : "2458000.5",
        "eccentricity" : ".2297965278374581",
        "semi_major_axis" : "1.242059728928979",
        "inclination" : "9.111115273964812",
        "ascending_node_longitude" : "358.4847390397616",
        "orbital_period" : "505.6059176417817",
        "perihelion_distance" : ".9566387158543652",
        "perihelion_argument" : "21.731253400944",
        "aphelion_distance" : "1.527480742003593",
        "perihelion_time" : "2457752.165240384782",
        "mean_anomaly" : "176.818566282719",
        "mean_motion" : ".7120169828689733",
        "equinox" : "J2000"
      }
    }, {
      "links" : {
        "self" : "https://api.nasa.gov/neo/rest/v1/neo/3070801?api_key=t0TVs3DtDT2H8Oy2Zy8m2eVrNsAVKAexjcZXUckd"
      },
      "neo_reference_id" : "3070801",
      "name" : "(2001 CQ36)",
      "nasa_jpl_url" : "http://ssd.jpl.nasa.gov/sbdb.cgi?sstr=3070801",
      "absolute_magnitude_h" : 22.5,
      "estimated_diameter" : {
        "kilometers" : {
          "estimated_diameter_min" : 0.0840533402,
          "estimated_diameter_max" : 0.1879489824
        },
        "meters" : {
          "estimated_diameter_min" : 84.0533402073,
          "estimated_diameter_max" : 187.9489824394
        },
        "miles" : {
          "estimated_diameter_min" : 0.0522283081,
          "estimated_diameter_max" : 0.1167860472
        },
        "feet" : {
          "estimated_diameter_min" : 275.7655606856,
          "estimated_diameter_max" : 616.6305395464
        }
      },
      "is_potentially_hazardous_asteroid" : false,
      "close_approach_data" : [ {
        "close_approach_date" : "2001-09-15",
        "epoch_date_close_approach" : 1000537200000,
        "relative_velocity" : {
          "kilometers_per_second" : "6.7385922497",
          "kilometers_per_hour" : "24258.9320987636",
          "miles_per_hour" : "15073.5570032567"
        },
        "miss_distance" : {
          "astronomical" : "0.223350729",
          "lunar" : "86.8834381104",
          "kilometers" : "33412794",
          "miles" : "20761748"
        },
        "orbiting_body" : "Earth"
      } ],
      "orbital_data" : {
        "orbit_id" : "32",
        "orbit_determination_date" : "2017-04-06 09:16:31",
        "orbit_uncertainty" : "0",
        "minimum_orbit_intersection" : ".0138531",
        "jupiter_tisserand_invariant" : "6.383",
        "epoch_osculation" : "2458000.5",
        "eccentricity" : ".1772461922794778",
        "semi_major_axis" : ".9379094479647625",
        "inclination" : "1.258410718094966",
        "ascending_node_longitude" : "30.79261083580818",
        "orbital_period" : "331.7720474601231",
        "perihelion_distance" : ".7716685696100614",
        "perihelion_argument" : "344.3737149988874",
        "aphelion_distance" : "1.104150326319464",
        "perihelion_time" : "2457835.579207213844",
        "mean_anomaly" : "178.9526449185027",
        "mean_motion" : "1.085082371332894",
        "equinox" : "J2000"
      }
    }, {
      "links" : {
        "self" : "https://api.nasa.gov/neo/rest/v1/neo/3072273?api_key=t0TVs3DtDT2H8Oy2Zy8m2eVrNsAVKAexjcZXUckd"
      },
      "neo_reference_id" : "3072273",
      "name" : "(2001 FR85)",
      "nasa_jpl_url" : "http://ssd.jpl.nasa.gov/sbdb.cgi?sstr=3072273",
      "absolute_magnitude_h" : 24.8,
      "estimated_diameter" : {
        "kilometers" : {
          "estimated_diameter_min" : 0.0291443905,
          "estimated_diameter_max" : 0.0651688382
        },
        "meters" : {
          "estimated_diameter_min" : 29.1443904535,
          "estimated_diameter_max" : 65.1688382168
        },
        "miles" : {
          "estimated_diameter_min" : 0.018109479,
          "estimated_diameter_max" : 0.0404940262
        },
        "feet" : {
          "estimated_diameter_min" : 95.6180819754,
          "estimated_diameter_max" : 213.8085311752
        }
      },
      "is_potentially_hazardous_asteroid" : false,
      "close_approach_data" : [ {
        "close_approach_date" : "2001-09-15",
        "epoch_date_close_approach" : 1000537200000,
        "relative_velocity" : {
          "kilometers_per_second" : "2.947504385",
          "kilometers_per_hour" : "10611.0157859607",
          "miles_per_hour" : "6593.2725587821"
        },
        "miss_distance" : {
          "astronomical" : "0.0408412951",
          "lunar" : "15.8872642517",
          "kilometers" : "6109771",
          "miles" : "3796435.75"
        },
        "orbiting_body" : "Earth"
      } ],
      "orbital_data" : {
        "orbit_id" : "12",
        "orbit_determination_date" : "2017-04-06 09:16:27",
        "orbit_uncertainty" : "3",
        "minimum_orbit_intersection" : ".0032375",
        "jupiter_tisserand_invariant" : "6.159",
        "epoch_osculation" : "2458000.5",
        "eccentricity" : ".02795999367426239",
        "semi_major_axis" : ".9828802374555116",
        "inclination" : "5.245386712656529",
        "ascending_node_longitude" : "183.0540349371962",
        "orbital_period" : "355.9174909794037",
        "perihelion_distance" : ".955398912233698",
        "perihelion_argument" : "233.617203076761",
        "aphelion_distance" : "1.010361562677325",
        "perihelion_time" : "2457922.194003996697",
        "mean_anomaly" : "79.20419556683292",
        "mean_motion" : "1.011470380422615",
        "equinox" : "J2000"
      }
    }, {
      "links" : {
        "self" : "https://api.nasa.gov/neo/rest/v1/neo/3082923?api_key=t0TVs3DtDT2H8Oy2Zy8m2eVrNsAVKAexjcZXUckd"
      },
      "neo_reference_id" : "3082923",
      "name" : "(2001 SQ3)",
      "nasa_jpl_url" : "http://ssd.jpl.nasa.gov/sbdb.cgi?sstr=3082923",
      "absolute_magnitude_h" : 21.6,
      "estimated_diameter" : {
        "kilometers" : {
          "estimated_diameter_min" : 0.1272198785,
          "estimated_diameter_max" : 0.2844722965
        },
        "meters" : {
          "estimated_diameter_min" : 127.2198785394,
          "estimated_diameter_max" : 284.4722965033
        },
        "miles" : {
          "estimated_diameter_min" : 0.0790507431,
          "estimated_diameter_max" : 0.1767628354
        },
        "feet" : {
          "estimated_diameter_min" : 417.3880663071,
          "estimated_diameter_max" : 933.3080892598
        }
      },
      "is_potentially_hazardous_asteroid" : true,
      "close_approach_data" : [ {
        "close_approach_date" : "2001-09-15",
        "epoch_date_close_approach" : 1000537200000,
        "relative_velocity" : {
          "kilometers_per_second" : "13.839049025",
          "kilometers_per_hour" : "49820.576489847",
          "miles_per_hour" : "30956.5687639274"
        },
        "miss_distance" : {
          "astronomical" : "0.0582932125",
          "lunar" : "22.6760597229",
          "kilometers" : "8720540",
          "miles" : "5418692.5"
        },
        "orbiting_body" : "Earth"
      } ],
      "orbital_data" : {
        "orbit_id" : "12",
        "orbit_determination_date" : "2017-04-06 09:16:08",
        "orbit_uncertainty" : "0",
        "minimum_orbit_intersection" : ".0303541",
        "jupiter_tisserand_invariant" : "5.504",
        "epoch_osculation" : "2458000.5",
        "eccentricity" : ".2545074461802969",
        "semi_major_axis" : "1.110193439436659",
        "inclination" : "23.89713992939196",
        "ascending_node_longitude" : "356.1775272589462",
        "orbital_period" : "427.2641079854558",
        "perihelion_distance" : ".8276409423995149",
        "perihelion_argument" : "268.1774968410165",
        "aphelion_distance" : "1.392745936473804",
        "perihelion_time" : "2458074.749037146165",
        "mean_anomaly" : "297.43997477661",
        "mean_motion" : ".8425701884892577",
        "equinox" : "J2000"
      }
    }, {
      "links" : {
        "self" : "https://api.nasa.gov/neo/rest/v1/neo/3744322?api_key=t0TVs3DtDT2H8Oy2Zy8m2eVrNsAVKAexjcZXUckd"
      },
      "neo_reference_id" : "3744322",
      "name" : "(2016 CX247)",
      "nasa_jpl_url" : "http://ssd.jpl.nasa.gov/sbdb.cgi?sstr=3744322",
      "absolute_magnitude_h" : 22.6,
      "estimated_diameter" : {
        "kilometers" : {
          "estimated_diameter_min" : 0.0802703167,
          "estimated_diameter_max" : 0.1794898848
        },
        "meters" : {
          "estimated_diameter_min" : 80.2703167283,
          "estimated_diameter_max" : 179.4898847799
        },
        "miles" : {
          "estimated_diameter_min" : 0.049877647,
          "estimated_diameter_max" : 0.1115298092
        },
        "feet" : {
          "estimated_diameter_min" : 263.3540659348,
          "estimated_diameter_max" : 588.8775935812
        }
      },
      "is_potentially_hazardous_asteroid" : false,
      "close_approach_data" : [ {
        "close_approach_date" : "2001-09-15",
        "epoch_date_close_approach" : 1000537200000,
        "relative_velocity" : {
          "kilometers_per_second" : "20.5437747773",
          "kilometers_per_hour" : "73957.5891982778",
          "miles_per_hour" : "45954.369799341"
        },
        "miss_distance" : {
          "astronomical" : "0.4394894405",
          "lunar" : "170.9613952637",
          "kilometers" : "65746688",
          "miles" : "40853096"
        },
        "orbiting_body" : "Earth"
      } ],
      "orbital_data" : {
        "orbit_id" : "8",
        "orbit_determination_date" : "2017-04-06 08:28:12",
        "orbit_uncertainty" : "2",
        "minimum_orbit_intersection" : ".248486",
        "jupiter_tisserand_invariant" : "6.182",
        "epoch_osculation" : "2458000.5",
        "eccentricity" : ".4106330011530817",
        "semi_major_axis" : ".9571239300519767",
        "inclination" : "17.51596547091727",
        "ascending_node_longitude" : "341.7326486087845",
        "orbital_period" : "342.0193590605957",
        "perihelion_distance" : ".5640972581793013",
        "perihelion_argument" : "358.4167843139275",
        "aphelion_distance" : "1.350150601924652",
        "perihelion_time" : "2457976.318445473755",
        "mean_anomaly" : "25.45282715387434",
        "mean_motion" : "1.052571997645954",
        "equinox" : "J2000"
      }
    } ]
  }
}