{
  "links" : {
    "next" : "https://api.nasa.gov/neo/rest/v1/feed?start_date=2008-02-23&end_date=2008-02-23&detailed=true&api_key=t0TVs3DtDT2H8Oy2Zy8m2eVrNsAVKAexjcZXUckd",
    "prev" : "https://api.nasa.gov/neo/rest/v1/feed?start_date=2008-02-21&end_date=2008-02-21&detailed=true&api_key=t0TVs3DtDT2H8Oy2Zy8m2eVrNsAVKAexjcZXUckd",
    "self" : "https://api.nasa.gov/neo/rest/v1/feed?start_date=2008-02-22&end_date=2008-02-22&detailed=true&api_key=t0TVs3DtDT2H8Oy2Zy8m2eVrNsAVKAexjcZXUckd"
  },
  "element_count" : 9,
  "near_earth_objects" : {
    "2008-02-22" : [ {
      "links" : {
        "self" : "https://api.nasa.gov/neo/rest/v1/neo/3713943?api_key=t0TVs3DtDT2H8Oy2Zy8m2eVrNsAVKAexjcZXUckd"
      },
      "neo_reference_id" : "3713943",
      "name" : "(2015 FX33)",
      "nasa_jpl_url" : "http://ssd.jpl.nasa.gov/sbdb.cgi?sstr=3713943",
      "absolute_magnitude_h" : 25.7,
      "estimated_diameter" : {
        "kilometers" : {
          "estimated_diameter_min" : 0.0192555078,
          "estimated_diameter_max" : 0.0430566244
        },
        "meters" : {
          "estimated_diameter_min" : 19.2555078188,
          "estimated_diameter_max" : 43.0566244241
        },
        "miles" : {
          "estimated_diameter_min" : 0.0119648141,
          "estimated_diameter_max" : 0.0267541378
        },
        "feet" : {
          "estimated_diameter_min" : 63.1742402722,
          "estimated_diameter_max" : 141.2618956756
        }
      },
      "is_potentially_hazardous_asteroid" : false,
      "close_approach_data" : [ {
        "close_approach_date" : "2008-02-22",
        "epoch_date_close_approach" : 1203667200000,
        "relative_velocity" : {
          "kilometers_per_second" : "9.5916438629",
          "kilometers_per_hour" : "34529.9179063483",
          "miles_per_hour" : "21455.548156864"
        },
        "miss_distance" : {
          "astronomical" : "0.1559476058",
          "lunar" : "60.6636199951",
          "kilometers" : "23329430",
          "miles" : "14496236"
        },
        "orbiting_body" : "Earth"
      } ],
      "orbital_data" : {
        "orbit_id" : "8",
        "orbit_determination_date" : "2017-04-06 08:34:59",
        "orbit_uncertainty" : "7",
        "minimum_orbit_intersection" : ".0356247",
        "jupiter_tisserand_invariant" : "4.004",
        "epoch_osculation" : "2458000.5",
        "eccentricity" : ".4164923044139724",
        "semi_major_axis" : "1.765168299717372",
        "inclination" : "3.97625627111289",
        "ascending_node_longitude" : "355.98162658",
        "orbital_period" : "856.5990847573771",
        "perihelion_distance" : "1.02998928688959",
        "perihelion_argument" : "186.3174570780332",
        "aphelion_distance" : "2.500347312545154",
        "perihelion_time" : "2457962.465090774613",
        "mean_anomaly" : "15.98480265130989",
        "mean_motion" : ".4202666176113956",
        "equinox" : "J2000"
      }
    }, {
      "links" : {
        "self" : "https://api.nasa.gov/neo/rest/v1/neo/2022099?api_key=t0TVs3DtDT2H8Oy2Zy8m2eVrNsAVKAexjcZXUckd"
      },
      "neo_reference_id" : "2022099",
      "name" : "22099 (2000 EX106)",
      "nasa_jpl_url" : "http://ssd.jpl.nasa.gov/sbdb.cgi?sstr=2022099",
      "absolute_magnitude_h" : 17.9,
      "estimated_diameter" : {
        "kilometers" : {
          "estimated_diameter_min" : 0.6991252322,
          "estimated_diameter_max" : 1.5632915441
        },
        "meters" : {
          "estimated_diameter_min" : 699.1252322458,
          "estimated_diameter_max" : 1563.2915440869
        },
        "miles" : {
          "estimated_diameter_min" : 0.4344161447,
          "estimated_diameter_max" : 0.97138403
        },
        "feet" : {
          "estimated_diameter_min" : 2293.7180269613,
          "estimated_diameter_max" : 5128.9094295021
        }
      },
      "is_potentially_hazardous_asteroid" : false,
      "close_approach_data" : [ {
        "close_approach_date" : "2008-02-22",
        "epoch_date_close_approach" : 1203667200000,
        "relative_velocity" : {
          "kilometers_per_second" : "9.6464346947",
          "kilometers_per_hour" : "34727.1649008157",
          "miles_per_hour" : "21578.1097685096"
        },
        "miss_distance" : {
          "astronomical" : "0.4176769049",
          "lunar" : "162.4763183594",
          "kilometers" : "62483576",
          "miles" : "38825492"
        },
        "orbiting_body" : "Earth"
      } ],
      "orbital_data" : {
        "orbit_id" : "164",
        "orbit_determination_date" : "2017-04-06 09:29:33",
        "orbit_uncertainty" : "0",
        "minimum_orbit_intersection" : ".167603",
        "jupiter_tisserand_invariant" : "5.584",
        "epoch_osculation" : "2458000.5",
        "eccentricity" : ".2762347357383971",
        "semi_major_axis" : "1.104423564602592",
        "inclination" : "9.844660135740085",
        "ascending_node_longitude" : "136.4651022520277",
        "orbital_period" : "423.9375869625445",
        "perihelion_distance" : ".7993434130913364",
        "perihelion_argument" : "186.5732773772815",
        "aphelion_distance" : "1.409503716113848",
        "perihelion_time" : "2458103.810342850283",
        "mean_anomaly" : "272.2707573712076",
        "mean_motion" : ".8491816037812342",
        "equinox" : "J2000"
      }
    }, {
      "links" : {
        "self" : "https://api.nasa.gov/neo/rest/v1/neo/2322705?api_key=t0TVs3DtDT2H8Oy2Zy8m2eVrNsAVKAexjcZXUckd"
      },
      "neo_reference_id" : "2322705",
      "name" : "322705 (2000 DK8)",
      "nasa_jpl_url" : "http://ssd.jpl.nasa.gov/sbdb.cgi?sstr=2322705",
      "absolute_magnitude_h" : 19.3,
      "estimated_diameter" : {
        "kilometers" : {
          "estimated_diameter_min" : 0.3669061375,
          "estimated_diameter_max" : 0.8204270649
        },
        "meters" : {
          "estimated_diameter_min" : 366.9061375314,
          "estimated_diameter_max" : 820.4270648822
        },
        "miles" : {
          "estimated_diameter_min" : 0.2279848336,
          "estimated_diameter_max" : 0.5097895857
        },
        "feet" : {
          "estimated_diameter_min" : 1203.7603322587,
          "estimated_diameter_max" : 2691.6899315481
        }
      },
      "is_potentially_hazardous_asteroid" : false,
      "close_approach_data" : [ {
        "close_approach_date" : "2008-02-22",
        "epoch_date_close_approach" : 1203667200000,
        "relative_velocity" : {
          "kilometers_per_second" : "22.2928554302",
          "kilometers_per_hour" : "80254.2795487902",
          "miles_per_hour" : "49866.888311858"
        },
        "miss_distance" : {
          "astronomical" : "0.2484984096",
          "lunar" : "96.6658782959",
          "kilometers" : "37174832",
          "miles" : "23099370"
        },
        "orbiting_body" : "Earth"
      } ],
      "orbital_data" : {
        "orbit_id" : "30",
        "orbit_determination_date" : "2017-04-06 09:23:44",
        "orbit_uncertainty" : "0",
        "minimum_orbit_intersection" : ".124796",
        "jupiter_tisserand_invariant" : "3.044",
        "epoch_osculation" : "2458000.5",
        "eccentricity" : ".6890171282233475",
        "semi_major_axis" : "2.527811713357353",
        "inclination" : "12.69148633392855",
        "ascending_node_longitude" : "102.743040056694",
        "orbital_period" : "1467.964353603555",
        "perihelion_distance" : ".7861061459305299",
        "perihelion_argument" : "340.8194738358778",
        "aphelion_distance" : "4.269517280784175",
        "perihelion_time" : "2457418.865577080153",
        "mean_anomaly" : "142.6386081767851",
        "mean_motion" : ".2452375625581596",
        "equinox" : "J2000"
      }
    }, {
      "links" : {
        "self" : "https://api.nasa.gov/neo/rest/v1/neo/2369057?api_key=t0TVs3DtDT2H8Oy2Zy8m2eVrNsAVKAexjcZXUckd"
      },
      "neo_reference_id" : "2369057",
      "name" : "369057 (2008 DK5)",
      "nasa_jpl_url" : "http://ssd.jpl.nasa.gov/sbdb.cgi?sstr=2369057",
      "absolute_magnitude_h" : 21.3,
      "estimated_diameter" : {
        "kilometers" : {
          "estimated_diameter_min" : 0.1460679643,
          "estimated_diameter_max" : 0.3266178974
        },
        "meters" : {
          "estimated_diameter_min" : 146.0679642714,
          "estimated_diameter_max" : 326.6178974458
        },
        "miles" : {
          "estimated_diameter_min" : 0.090762397,
          "estimated_diameter_max" : 0.2029508896
        },
        "feet" : {
          "estimated_diameter_min" : 479.2256199,
          "estimated_diameter_max" : 1071.581062656
        }
      },
      "is_potentially_hazardous_asteroid" : true,
      "close_approach_data" : [ {
        "close_approach_date" : "2008-02-22",
        "epoch_date_close_approach" : 1203667200000,
        "relative_velocity" : {
          "kilometers_per_second" : "15.3106863999",
          "kilometers_per_hour" : "55118.4710396778",
          "miles_per_hour" : "34248.4744079598"
        },
        "miss_distance" : {
          "astronomical" : "0.1021633195",
          "lunar" : "39.7415313721",
          "kilometers" : "15283416",
          "miles" : "9496674"
        },
        "orbiting_body" : "Earth"
      } ],
      "orbital_data" : {
        "orbit_id" : "33",
        "orbit_determination_date" : "2017-04-06 09:22:33",
        "orbit_uncertainty" : "0",
        "minimum_orbit_intersection" : ".00912658",
        "jupiter_tisserand_invariant" : "4.207",
        "epoch_osculation" : "2458000.5",
        "eccentricity" : ".6149904163885781",
        "semi_major_axis" : "1.554415017505327",
        "inclination" : "4.272607060819378",
        "ascending_node_longitude" : "345.8335587204345",
        "orbital_period" : "707.8624941462556",
        "perihelion_distance" : ".5984646786490669",
        "perihelion_argument" : "80.73595156292895",
        "aphelion_distance" : "2.510365356361587",
        "perihelion_time" : "2458009.544936919674",
        "mean_anomaly" : "355.3999861300605",
        "mean_motion" : ".5085733500179179",
        "equinox" : "J2000"
      }
    }, {
      "links" : {
        "self" : "https://api.nasa.gov/neo/rest/v1/neo/3402364?api_key=t0TVs3DtDT2H8Oy2Zy8m2eVrNsAVKAexjcZXUckd"
      },
      "neo_reference_id" : "3402364",
      "name" : "(2008 CC71)",
      "nasa_jpl_url" : "http://ssd.jpl.nasa.gov/sbdb.cgi?sstr=3402364",
      "absolute_magnitude_h" : 24.9,
      "estimated_diameter" : {
        "kilometers" : {
          "estimated_diameter_min" : 0.0278326768,
          "estimated_diameter_max" : 0.0622357573
        },
        "meters" : {
          "estimated_diameter_min" : 27.8326768072,
          "estimated_diameter_max" : 62.2357573367
        },
        "miles" : {
          "estimated_diameter_min" : 0.0172944182,
          "estimated_diameter_max" : 0.0386714948
        },
        "feet" : {
          "estimated_diameter_min" : 91.3145593761,
          "estimated_diameter_max" : 204.1855621004
        }
      },
      "is_potentially_hazardous_asteroid" : false,
      "close_approach_data" : [ {
        "close_approach_date" : "2008-02-22",
        "epoch_date_close_approach" : 1203667200000,
        "relative_velocity" : {
          "kilometers_per_second" : "9.1787865451",
          "kilometers_per_hour" : "33043.6315623671",
          "miles_per_hour" : "20532.0276227386"
        },
        "miss_distance" : {
          "astronomical" : "0.0366019736",
          "lunar" : "14.2381668091",
          "kilometers" : "5475577",
          "miles" : "3402365.75"
        },
        "orbiting_body" : "Earth"
      } ],
      "orbital_data" : {
        "orbit_id" : "11",
        "orbit_determination_date" : "2017-04-06 09:04:24",
        "orbit_uncertainty" : "8",
        "minimum_orbit_intersection" : ".00058669",
        "jupiter_tisserand_invariant" : "4.565",
        "epoch_osculation" : "2454508.5",
        "eccentricity" : ".3680061274037855",
        "semi_major_axis" : "1.451987766906828",
        "inclination" : "1.87131603748596",
        "ascending_node_longitude" : "339.2278269311936",
        "orbital_period" : "639.0618068905259",
        "perihelion_distance" : ".9176473717697754",
        "perihelion_argument" : "222.2876542047327",
        "aphelion_distance" : "1.98632816204388",
        "perihelion_time" : "2454556.566634477446",
        "mean_anomaly" : "332.9228249516642",
        "mean_motion" : ".5633257943416256",
        "equinox" : "J2000"
      }
    }, {
      "links" : {
        "self" : "https://api.nasa.gov/neo/rest/v1/neo/3402248?api_key=t0TVs3DtDT2H8Oy2Zy8m2eVrNsAVKAexjcZXUckd"
      },
      "neo_reference_id" : "3402248",
      "name" : "(2008 CJ70)",
      "nasa_jpl_url" : "http://ssd.jpl.nasa.gov/sbdb.cgi?sstr=3402248",
      "absolute_magnitude_h" : 21.4,
      "estimated_diameter" : {
        "kilometers" : {
          "estimated_diameter_min" : 0.1394938229,
          "estimated_diameter_max" : 0.3119176705
        },
        "meters" : {
          "estimated_diameter_min" : 139.4938229344,
          "estimated_diameter_max" : 311.9176705226
        },
        "miles" : {
          "estimated_diameter_min" : 0.0866774163,
          "estimated_diameter_max" : 0.1938165949
        },
        "feet" : {
          "estimated_diameter_min" : 457.6569140361,
          "estimated_diameter_max" : 1023.3519701574
        }
      },
      "is_potentially_hazardous_asteroid" : false,
      "close_approach_data" : [ {
        "close_approach_date" : "2008-02-22",
        "epoch_date_close_approach" : 1203667200000,
        "relative_velocity" : {
          "kilometers_per_second" : "9.2065062953",
          "kilometers_per_hour" : "33143.4226632156",
          "miles_per_hour" : "20594.0339320408"
        },
        "miss_distance" : {
          "astronomical" : "0.3233422239",
          "lunar" : "125.780128479",
          "kilometers" : "48371312",
          "miles" : "30056538"
        },
        "orbiting_body" : "Earth"
      } ],
      "orbital_data" : {
        "orbit_id" : "20",
        "orbit_determination_date" : "2017-04-06 09:04:25",
        "orbit_uncertainty" : "0",
        "minimum_orbit_intersection" : ".28418",
        "jupiter_tisserand_invariant" : "4.683",
        "epoch_osculation" : "2458000.5",
        "eccentricity" : ".1518154892260797",
        "semi_major_axis" : "1.405653875137932",
        "inclination" : "17.33577959271873",
        "ascending_node_longitude" : "145.6808686376963",
        "orbital_period" : "608.7178234008654",
        "perihelion_distance" : "1.192253844401332",
        "perihelion_argument" : "69.95548592906729",
        "aphelion_distance" : "1.619053905874532",
        "perihelion_time" : "2458258.993358117786",
        "mean_anomaly" : "207.1252108201855",
        "mean_motion" : ".5914070299251372",
        "equinox" : "J2000"
      }
    }, {
      "links" : {
        "self" : "https://api.nasa.gov/neo/rest/v1/neo/3517314?api_key=t0TVs3DtDT2H8Oy2Zy8m2eVrNsAVKAexjcZXUckd"
      },
      "neo_reference_id" : "3517314",
      "name" : "(2010 HF)",
      "nasa_jpl_url" : "http://ssd.jpl.nasa.gov/sbdb.cgi?sstr=3517314",
      "absolute_magnitude_h" : 26.2,
      "estimated_diameter" : {
        "kilometers" : {
          "estimated_diameter_min" : 0.0152951935,
          "estimated_diameter_max" : 0.0342010925
        },
        "meters" : {
          "estimated_diameter_min" : 15.2951935344,
          "estimated_diameter_max" : 34.201092472
        },
        "miles" : {
          "estimated_diameter_min" : 0.0095039897,
          "estimated_diameter_max" : 0.021251567
        },
        "feet" : {
          "estimated_diameter_min" : 50.1810827555,
          "estimated_diameter_max" : 112.2083122258
        }
      },
      "is_potentially_hazardous_asteroid" : false,
      "close_approach_data" : [ {
        "close_approach_date" : "2008-02-22",
        "epoch_date_close_approach" : 1203667200000,
        "relative_velocity" : {
          "kilometers_per_second" : "16.7547318152",
          "kilometers_per_hour" : "60317.0345346894",
          "miles_per_hour" : "37478.6595974019"
        },
        "miss_distance" : {
          "astronomical" : "0.3717669893",
          "lunar" : "144.6173553467",
          "kilometers" : "55615548",
          "miles" : "34557900"
        },
        "orbiting_body" : "Earth"
      } ],
      "orbital_data" : {
        "orbit_id" : "12",
        "orbit_determination_date" : "2017-04-06 08:57:45",
        "orbit_uncertainty" : "6",
        "minimum_orbit_intersection" : ".00711674",
        "jupiter_tisserand_invariant" : "4.234",
        "epoch_osculation" : "2458000.5",
        "eccentricity" : ".3795490971383164",
        "semi_major_axis" : "1.626356584419999",
        "inclination" : "1.190873204927563",
        "ascending_node_longitude" : "215.7952250799308",
        "orbital_period" : "757.5688088936449",
        "perihelion_distance" : "1.009074411178432",
        "perihelion_argument" : "348.9027532727748",
        "aphelion_distance" : "2.243638757661566",
        "perihelion_time" : "2458332.518364144458",
        "mean_anomaly" : "202.2234261907354",
        "mean_motion" : ".4752043586981158",
        "equinox" : "J2000"
      }
    }, {
      "links" : {
        "self" : "https://api.nasa.gov/neo/rest/v1/neo/3740038?api_key=t0TVs3DtDT2H8Oy2Zy8m2eVrNsAVKAexjcZXUckd"
      },
      "neo_reference_id" : "3740038",
      "name" : "(2016 AE165)",
      "nasa_jpl_url" : "http://ssd.jpl.nasa.gov/sbdb.cgi?sstr=3740038",
      "absolute_magnitude_h" : 21.8,
      "estimated_diameter" : {
        "kilometers" : {
          "estimated_diameter_min" : 0.1160259082,
          "estimated_diameter_max" : 0.2594418179
        },
        "meters" : {
          "estimated_diameter_min" : 116.0259082094,
          "estimated_diameter_max" : 259.4418179074
        },
        "miles" : {
          "estimated_diameter_min" : 0.0720951346,
          "estimated_diameter_max" : 0.1612096218
        },
        "feet" : {
          "estimated_diameter_min" : 380.6624406898,
          "estimated_diameter_max" : 851.1870938635
        }
      },
      "is_potentially_hazardous_asteroid" : false,
      "close_approach_data" : [ {
        "close_approach_date" : "2008-02-22",
        "epoch_date_close_approach" : 1203667200000,
        "relative_velocity" : {
          "kilometers_per_second" : "10.7106726876",
          "kilometers_per_hour" : "38558.4216755072",
          "miles_per_hour" : "23958.7037349839"
        },
        "miss_distance" : {
          "astronomical" : "0.4364117359",
          "lunar" : "169.7641601562",
          "kilometers" : "65286268",
          "miles" : "40567004"
        },
        "orbiting_body" : "Earth"
      } ],
      "orbital_data" : {
        "orbit_id" : "18",
        "orbit_determination_date" : "2017-04-06 08:29:10",
        "orbit_uncertainty" : "4",
        "minimum_orbit_intersection" : ".213406",
        "jupiter_tisserand_invariant" : "3.786",
        "epoch_osculation" : "2458000.5",
        "eccentricity" : ".3821835434937413",
        "semi_major_axis" : "1.927966679582932",
        "inclination" : "14.84603176331777",
        "ascending_node_longitude" : "136.1182617623844",
        "orbital_period" : "977.7947760134196",
        "perihelion_distance" : "1.191129542242065",
        "perihelion_argument" : "17.60196328268448",
        "aphelion_distance" : "2.6648038169238",
        "perihelion_time" : "2458410.425829905209",
        "mean_anomaly" : "209.0753863836862",
        "mean_motion" : ".3681754176144824",
        "equinox" : "J2000"
      }
    }, {
      "links" : {
        "self" : "https://api.nasa.gov/neo/rest/v1/neo/3756946?api_key=t0TVs3DtDT2H8Oy2Zy8m2eVrNsAVKAexjcZXUckd"
      },
      "neo_reference_id" : "3756946",
      "name" : "(2016 PC8)",
      "nasa_jpl_url" : "http://ssd.jpl.nasa.gov/sbdb.cgi?sstr=3756946",
      "absolute_magnitude_h" : 24.7,
      "estimated_diameter" : {
        "kilometers" : {
          "estimated_diameter_min" : 0.0305179233,
          "estimated_diameter_max" : 0.0682401509
        },
        "meters" : {
          "estimated_diameter_min" : 30.5179232594,
          "estimated_diameter_max" : 68.2401509401
        },
        "miles" : {
          "estimated_diameter_min" : 0.0189629525,
          "estimated_diameter_max" : 0.0424024508
        },
        "feet" : {
          "estimated_diameter_min" : 100.1244233463,
          "estimated_diameter_max" : 223.8850168104
        }
      },
      "is_potentially_hazardous_asteroid" : false,
      "close_approach_data" : [ {
        "close_approach_date" : "2008-02-22",
        "epoch_date_close_approach" : 1203667200000,
        "relative_velocity" : {
          "kilometers_per_second" : "11.66029963",
          "kilometers_per_hour" : "41977.0786680853",
          "miles_per_hour" : "26082.9242424"
        },
        "miss_distance" : {
          "astronomical" : "0.2244660619",
          "lunar" : "87.3172988892",
          "kilometers" : "33579644",
          "miles" : "20865424"
        },
        "orbiting_body" : "Earth"
      } ],
      "orbital_data" : {
        "orbit_id" : "7",
        "orbit_determination_date" : "2017-04-06 08:24:41",
        "orbit_uncertainty" : "6",
        "minimum_orbit_intersection" : ".0211059",
        "jupiter_tisserand_invariant" : "5.725",
        "epoch_osculation" : "2458000.5",
        "eccentricity" : ".1624008106051351",
        "semi_major_axis" : "1.075344949848807",
        "inclination" : "8.805803635015909",
        "ascending_node_longitude" : "129.9767675971443",
        "orbital_period" : "407.3053612917616",
        "perihelion_distance" : ".9007080583132222",
        "perihelion_argument" : "305.3233607351065",
        "aphelion_distance" : "1.249981841384391",
        "perihelion_time" : "2458130.078216947443",
        "mean_anomaly" : "245.4712887816267",
        "mean_motion" : ".8838577495230273",
        "equinox" : "J2000"
      }
    } ]
  }
}