{
  "links" : {
    "next" : "https://api.nasa.gov/neo/rest/v1/feed?start_date=1999-02-23&end_date=1999-02-23&detailed=true&api_key=t0TVs3DtDT2H8Oy2Zy8m2eVrNsAVKAexjcZXUckd",
    "prev" : "https://api.nasa.gov/neo/rest/v1/feed?start_date=1999-02-21&end_date=1999-02-21&detailed=true&api_key=t0TVs3DtDT2H8Oy2Zy8m2eVrNsAVKAexjcZXUckd",
    "self" : "https://api.nasa.gov/neo/rest/v1/feed?start_date=1999-02-22&end_date=1999-02-22&detailed=true&api_key=t0TVs3DtDT2H8Oy2Zy8m2eVrNsAVKAexjcZXUckd"
  },
  "element_count" : 7,
  "near_earth_objects" : {
    "1999-02-22" : [ {
      "links" : {
        "self" : "https://api.nasa.gov/neo/rest/v1/neo/2422638?api_key=t0TVs3DtDT2H8Oy2Zy8m2eVrNsAVKAexjcZXUckd"
      },
      "neo_reference_id" : "2422638",
      "name" : "422638 (1994 CB)",
      "nasa_jpl_url" : "http://ssd.jpl.nasa.gov/sbdb.cgi?sstr=2422638",
      "absolute_magnitude_h" : 21.2,
      "estimated_diameter" : {
        "kilometers" : {
          "estimated_diameter_min" : 0.1529519353,
          "estimated_diameter_max" : 0.3420109247
        },
        "meters" : {
          "estimated_diameter_min" : 152.9519353442,
          "estimated_diameter_max" : 342.0109247198
        },
        "miles" : {
          "estimated_diameter_min" : 0.095039897,
          "estimated_diameter_max" : 0.2125156703
        },
        "feet" : {
          "estimated_diameter_min" : 501.8108275547,
          "estimated_diameter_max" : 1122.0831222578
        }
      },
      "is_potentially_hazardous_asteroid" : false,
      "close_approach_data" : [ {
        "close_approach_date" : "1999-02-22",
        "epoch_date_close_approach" : 919670400000,
        "relative_velocity" : {
          "kilometers_per_second" : "15.9580943713",
          "kilometers_per_hour" : "57449.1397366044",
          "miles_per_hour" : "35696.661299114"
        },
        "miss_distance" : {
          "astronomical" : "0.388445182",
          "lunar" : "151.1051635742",
          "kilometers" : "58110572",
          "miles" : "36108236"
        },
        "orbiting_body" : "Earth"
      } ],
      "orbital_data" : {
        "orbit_id" : "25",
        "orbit_determination_date" : "2017-04-06 09:21:07",
        "orbit_uncertainty" : "0",
        "minimum_orbit_intersection" : ".0556687",
        "jupiter_tisserand_invariant" : "5.410",
        "epoch_osculation" : "2458000.5",
        "eccentricity" : ".1451309405172579",
        "semi_major_axis" : "1.149414942978972",
        "inclination" : "18.25518724690086",
        "ascending_node_longitude" : "310.6557244508031",
        "orbital_period" : "450.1048423228413",
        "perihelion_distance" : ".9825992712598438",
        "perihelion_argument" : "288.519815048702",
        "aphelion_distance" : "1.316230614698101",
        "perihelion_time" : "2458047.098534261181",
        "mean_anomaly" : "322.7298558987891",
        "mean_motion" : ".7998136570630074",
        "equinox" : "J2000"
      }
    }, {
      "links" : {
        "self" : "https://api.nasa.gov/neo/rest/v1/neo/3404494?api_key=t0TVs3DtDT2H8Oy2Zy8m2eVrNsAVKAexjcZXUckd"
      },
      "neo_reference_id" : "3404494",
      "name" : "(2008 DY22)",
      "nasa_jpl_url" : "http://ssd.jpl.nasa.gov/sbdb.cgi?sstr=3404494",
      "absolute_magnitude_h" : 24.2,
      "estimated_diameter" : {
        "kilometers" : {
          "estimated_diameter_min" : 0.0384197891,
          "estimated_diameter_max" : 0.0859092601
        },
        "meters" : {
          "estimated_diameter_min" : 38.4197891064,
          "estimated_diameter_max" : 85.9092601232
        },
        "miles" : {
          "estimated_diameter_min" : 0.0238729428,
          "estimated_diameter_max" : 0.0533815229
        },
        "feet" : {
          "estimated_diameter_min" : 126.0491808919,
          "estimated_diameter_max" : 281.8545369825
        }
      },
      "is_potentially_hazardous_asteroid" : false,
      "close_approach_data" : [ {
        "close_approach_date" : "1999-02-22",
        "epoch_date_close_approach" : 919670400000,
        "relative_velocity" : {
          "kilometers_per_second" : "16.8072833204",
          "kilometers_per_hour" : "60506.2199533752",
          "miles_per_hour" : "37596.2120593625"
        },
        "miss_distance" : {
          "astronomical" : "0.3736088262",
          "lunar" : "145.3338317871",
          "kilometers" : "55891084",
          "miles" : "34729112"
        },
        "orbiting_body" : "Earth"
      } ],
      "orbital_data" : {
        "orbit_id" : "8",
        "orbit_determination_date" : "2017-04-06 09:04:13",
        "orbit_uncertainty" : "7",
        "minimum_orbit_intersection" : ".0167652",
        "jupiter_tisserand_invariant" : "7.072",
        "epoch_osculation" : "2458000.5",
        "eccentricity" : ".2266972491165049",
        "semi_major_axis" : ".820587651728144",
        "inclination" : "19.1602708720139",
        "ascending_node_longitude" : "342.5796511691266",
        "orbital_period" : "271.5100395088535",
        "perihelion_distance" : ".6345626884224012",
        "perihelion_argument" : ".4588367303851765",
        "aphelion_distance" : "1.006612615033887",
        "perihelion_time" : "2457923.391714768520",
        "mean_anomaly" : "102.2392495450527",
        "mean_motion" : "1.325917821128161",
        "equinox" : "J2000"
      }
    }, {
      "links" : {
        "self" : "https://api.nasa.gov/neo/rest/v1/neo/3599931?api_key=t0TVs3DtDT2H8Oy2Zy8m2eVrNsAVKAexjcZXUckd"
      },
      "neo_reference_id" : "3599931",
      "name" : "(2012 DV32)",
      "nasa_jpl_url" : "http://ssd.jpl.nasa.gov/sbdb.cgi?sstr=3599931",
      "absolute_magnitude_h" : 21.8,
      "estimated_diameter" : {
        "kilometers" : {
          "estimated_diameter_min" : 0.1160259082,
          "estimated_diameter_max" : 0.2594418179
        },
        "meters" : {
          "estimated_diameter_min" : 116.0259082094,
          "estimated_diameter_max" : 259.4418179074
        },
        "miles" : {
          "estimated_diameter_min" : 0.0720951346,
          "estimated_diameter_max" : 0.1612096218
        },
        "feet" : {
          "estimated_diameter_min" : 380.6624406898,
          "estimated_diameter_max" : 851.1870938635
        }
      },
      "is_potentially_hazardous_asteroid" : false,
      "close_approach_data" : [ {
        "close_approach_date" : "1999-02-22",
        "epoch_date_close_approach" : 919670400000,
        "relative_velocity" : {
          "kilometers_per_second" : "7.2977744285",
          "kilometers_per_hour" : "26271.9879427519",
          "miles_per_hour" : "16324.391619206"
        },
        "miss_distance" : {
          "astronomical" : "0.2053453234",
          "lunar" : "79.8793258667",
          "kilometers" : "30719222",
          "miles" : "19088040"
        },
        "orbiting_body" : "Earth"
      } ],
      "orbital_data" : {
        "orbit_id" : "21",
        "orbit_determination_date" : "2017-04-06 08:50:46",
        "orbit_uncertainty" : "5",
        "minimum_orbit_intersection" : ".181799",
        "jupiter_tisserand_invariant" : "4.461",
        "epoch_osculation" : "2458000.5",
        "eccentricity" : ".2351549342449119",
        "semi_major_axis" : "1.510910775100498",
        "inclination" : "13.89665165215933",
        "ascending_node_longitude" : "155.7903008979134",
        "orbital_period" : "678.3544127373751",
        "perihelion_distance" : "1.155612651131811",
        "perihelion_argument" : "335.470701201404",
        "aphelion_distance" : "1.866208899069185",
        "perihelion_time" : "2457986.061710353877",
        "mean_anomaly" : "7.662343127731262",
        "mean_motion" : ".5306960391800001",
        "equinox" : "J2000"
      }
    }, {
      "links" : {
        "self" : "https://api.nasa.gov/neo/rest/v1/neo/3605902?api_key=t0TVs3DtDT2H8Oy2Zy8m2eVrNsAVKAexjcZXUckd"
      },
      "neo_reference_id" : "3605902",
      "name" : "(2012 ML6)",
      "nasa_jpl_url" : "http://ssd.jpl.nasa.gov/sbdb.cgi?sstr=3605902",
      "absolute_magnitude_h" : 20.1,
      "estimated_diameter" : {
        "kilometers" : {
          "estimated_diameter_min" : 0.2538370294,
          "estimated_diameter_max" : 0.5675968529
        },
        "meters" : {
          "estimated_diameter_min" : 253.8370293645,
          "estimated_diameter_max" : 567.5968528656
        },
        "miles" : {
          "estimated_diameter_min" : 0.1577269688,
          "estimated_diameter_max" : 0.3526882241
        },
        "feet" : {
          "estimated_diameter_min" : 832.7986794202,
          "estimated_diameter_max" : 1862.1944587557
        }
      },
      "is_potentially_hazardous_asteroid" : false,
      "close_approach_data" : [ {
        "close_approach_date" : "1999-02-22",
        "epoch_date_close_approach" : 919670400000,
        "relative_velocity" : {
          "kilometers_per_second" : "9.2299537623",
          "kilometers_per_hour" : "33227.8335441701",
          "miles_per_hour" : "20646.4835708206"
        },
        "miss_distance" : {
          "astronomical" : "0.1405818059",
          "lunar" : "54.6863212585",
          "kilometers" : "21030738",
          "miles" : "13067895"
        },
        "orbiting_body" : "Earth"
      } ],
      "orbital_data" : {
        "orbit_id" : "35",
        "orbit_determination_date" : "2017-04-06 08:49:30",
        "orbit_uncertainty" : "1",
        "minimum_orbit_intersection" : ".0573319",
        "jupiter_tisserand_invariant" : "4.386",
        "epoch_osculation" : "2458000.5",
        "eccentricity" : ".4531423297250964",
        "semi_major_axis" : "1.513889560743275",
        "inclination" : "9.505352365361976",
        "ascending_node_longitude" : "120.7299763533505",
        "orbital_period" : "680.3614816248546",
        "perihelion_distance" : ".8278821182415645",
        "perihelion_argument" : "83.31495257203878",
        "aphelion_distance" : "2.199897003244985",
        "perihelion_time" : "2458080.357750688112",
        "mean_anomaly" : "317.7448297351259",
        "mean_motion" : ".5291304839013519",
        "equinox" : "J2000"
      }
    }, {
      "links" : {
        "self" : "https://api.nasa.gov/neo/rest/v1/neo/3751815?api_key=t0TVs3DtDT2H8Oy2Zy8m2eVrNsAVKAexjcZXUckd"
      },
      "neo_reference_id" : "3751815",
      "name" : "(2016 GS220)",
      "nasa_jpl_url" : "http://ssd.jpl.nasa.gov/sbdb.cgi?sstr=3751815",
      "absolute_magnitude_h" : 22.8,
      "estimated_diameter" : {
        "kilometers" : {
          "estimated_diameter_min" : 0.0732073989,
          "estimated_diameter_max" : 0.1636967205
        },
        "meters" : {
          "estimated_diameter_min" : 73.2073989347,
          "estimated_diameter_max" : 163.696720474
        },
        "miles" : {
          "estimated_diameter_min" : 0.0454889547,
          "estimated_diameter_max" : 0.1017163949
        },
        "feet" : {
          "estimated_diameter_min" : 240.181762721,
          "estimated_diameter_max" : 537.0627483999
        }
      },
      "is_potentially_hazardous_asteroid" : false,
      "close_approach_data" : [ {
        "close_approach_date" : "1999-02-22",
        "epoch_date_close_approach" : 919670400000,
        "relative_velocity" : {
          "kilometers_per_second" : "11.3069850526",
          "kilometers_per_hour" : "40705.1461891937",
          "miles_per_hour" : "25292.5948640576"
        },
        "miss_distance" : {
          "astronomical" : "0.2975724356",
          "lunar" : "115.7556762695",
          "kilometers" : "44516204",
          "miles" : "27661086"
        },
        "orbiting_body" : "Earth"
      } ],
      "orbital_data" : {
        "orbit_id" : "7",
        "orbit_determination_date" : "2017-04-06 08:26:34",
        "orbit_uncertainty" : "6",
        "minimum_orbit_intersection" : ".0452308",
        "jupiter_tisserand_invariant" : "6.708",
        "epoch_osculation" : "2458000.5",
        "eccentricity" : ".513906570440738",
        "semi_major_axis" : ".8653553647152513",
        "inclination" : "6.812692898480357",
        "ascending_node_longitude" : "64.12627502627186",
        "orbital_period" : "294.0289970235248",
        "perihelion_distance" : ".4206435570219426",
        "perihelion_argument" : "292.8831880645742",
        "aphelion_distance" : "1.31006717240856",
        "perihelion_time" : "2457885.993670271702",
        "mean_anomaly" : "140.1980046848551",
        "mean_motion" : "1.224369037218451",
        "equinox" : "J2000"
      }
    }, {
      "links" : {
        "self" : "https://api.nasa.gov/neo/rest/v1/neo/3014117?api_key=t0TVs3DtDT2H8Oy2Zy8m2eVrNsAVKAexjcZXUckd"
      },
      "neo_reference_id" : "3014117",
      "name" : "(1998 SL36)",
      "nasa_jpl_url" : "http://ssd.jpl.nasa.gov/sbdb.cgi?sstr=3014117",
      "absolute_magnitude_h" : 20.3,
      "estimated_diameter" : {
        "kilometers" : {
          "estimated_diameter_min" : 0.2315021222,
          "estimated_diameter_max" : 0.5176544822
        },
        "meters" : {
          "estimated_diameter_min" : 231.5021222103,
          "estimated_diameter_max" : 517.6544821978
        },
        "miles" : {
          "estimated_diameter_min" : 0.1438487052,
          "estimated_diameter_max" : 0.3216554833
        },
        "feet" : {
          "estimated_diameter_min" : 759.5214226325,
          "estimated_diameter_max" : 1698.3415313737
        }
      },
      "is_potentially_hazardous_asteroid" : true,
      "close_approach_data" : [ {
        "close_approach_date" : "1999-02-22",
        "epoch_date_close_approach" : 919670400000,
        "relative_velocity" : {
          "kilometers_per_second" : "11.7104377129",
          "kilometers_per_hour" : "42157.5757663172",
          "miles_per_hour" : "26195.0781199097"
        },
        "miss_distance" : {
          "astronomical" : "0.21209419",
          "lunar" : "82.5046386719",
          "kilometers" : "31728840",
          "miles" : "19715386"
        },
        "orbiting_body" : "Earth"
      } ],
      "orbital_data" : {
        "orbit_id" : "35",
        "orbit_determination_date" : "2017-04-06 09:17:40",
        "orbit_uncertainty" : "0",
        "minimum_orbit_intersection" : ".0196297",
        "jupiter_tisserand_invariant" : "4.629",
        "epoch_osculation" : "2458000.5",
        "eccentricity" : ".418194224491238",
        "semi_major_axis" : "1.39088046684933",
        "inclination" : "19.0515900556134",
        "ascending_node_longitude" : "353.14443821",
        "orbital_period" : "599.1466549012258",
        "perihelion_distance" : ".8092222886552632",
        "perihelion_argument" : "116.7311277822513",
        "aphelion_distance" : "1.972538645043396",
        "perihelion_time" : "2457782.297543873600",
        "mean_anomaly" : "131.1079408737648",
        "mean_motion" : ".6008545604904511",
        "equinox" : "J2000"
      }
    }, {
      "links" : {
        "self" : "https://api.nasa.gov/neo/rest/v1/neo/3764727?api_key=t0TVs3DtDT2H8Oy2Zy8m2eVrNsAVKAexjcZXUckd"
      },
      "neo_reference_id" : "3764727",
      "name" : "(2016 WF7)",
      "nasa_jpl_url" : "http://ssd.jpl.nasa.gov/sbdb.cgi?sstr=3764727",
      "absolute_magnitude_h" : 28.8,
      "estimated_diameter" : {
        "kilometers" : {
          "estimated_diameter_min" : 0.0046190746,
          "estimated_diameter_max" : 0.0103285648
        },
        "meters" : {
          "estimated_diameter_min" : 4.6190746028,
          "estimated_diameter_max" : 10.328564805
        },
        "miles" : {
          "estimated_diameter_min" : 0.002870159,
          "estimated_diameter_max" : 0.0064178706
        },
        "feet" : {
          "estimated_diameter_min" : 15.1544447199,
          "estimated_diameter_max" : 33.886368555
        }
      },
      "is_potentially_hazardous_asteroid" : false,
      "close_approach_data" : [ {
        "close_approach_date" : "1999-02-22",
        "epoch_date_close_approach" : 919670400000,
        "relative_velocity" : {
          "kilometers_per_second" : "8.7934012964",
          "kilometers_per_hour" : "31656.2446671165",
          "miles_per_hour" : "19669.9593599647"
        },
        "miss_distance" : {
          "astronomical" : "0.0746260929",
          "lunar" : "29.0295505524",
          "kilometers" : "11163905",
          "miles" : "6936929"
        },
        "orbiting_body" : "Earth"
      } ],
      "orbital_data" : {
        "orbit_id" : "6",
        "orbit_determination_date" : "2017-04-06 08:21:58",
        "orbit_uncertainty" : "7",
        "minimum_orbit_intersection" : ".0033147",
        "jupiter_tisserand_invariant" : "6.754",
        "epoch_osculation" : "2458000.5",
        "eccentricity" : ".2379077525515878",
        "semi_major_axis" : ".8732832979942745",
        "inclination" : ".6467351461787517",
        "ascending_node_longitude" : "76.2381764637944",
        "orbital_period" : "298.0788472742083",
        "perihelion_distance" : ".6655224312276181",
        "perihelion_argument" : "208.6318518983579",
        "aphelion_distance" : "1.081044164760931",
        "perihelion_time" : "2457918.713005080428",
        "mean_anomaly" : "98.7769458996879",
        "mean_motion" : "1.207734139111285",
        "equinox" : "J2000"
      }
    } ]
  }
}