{
  "links" : {
    "next" : "https://api.nasa.gov/neo/rest/v1/feed?start_date=2006-03-16&end_date=2006-03-16&detailed=true&api_key=t0TVs3DtDT2H8Oy2Zy8m2eVrNsAVKAexjcZXUckd",
    "prev" : "https://api.nasa.gov/neo/rest/v1/feed?start_date=2006-03-14&end_date=2006-03-14&detailed=true&api_key=t0TVs3DtDT2H8Oy2Zy8m2eVrNsAVKAexjcZXUckd",
    "self" : "https://api.nasa.gov/neo/rest/v1/feed?start_date=2006-03-15&end_date=2006-03-15&detailed=true&api_key=t0TVs3DtDT2H8Oy2Zy8m2eVrNsAVKAexjcZXUckd"
  },
  "element_count" : 8,
  "near_earth_objects" : {
    "2006-03-15" : [ {
      "links" : {
        "self" : "https://api.nasa.gov/neo/rest/v1/neo/2010115?api_key=t0TVs3DtDT2H8Oy2Zy8m2eVrNsAVKAexjcZXUckd"
      },
      "neo_reference_id" : "2010115",
      "name" : "10115 (1992 SK)",
      "nasa_jpl_url" : "http://ssd.jpl.nasa.gov/sbdb.cgi?sstr=2010115",
      "absolute_magnitude_h" : 17.0,
      "estimated_diameter" : {
        "kilometers" : {
          "estimated_diameter_min" : 1.0581688593,
          "estimated_diameter_max" : 2.3661375011
        },
        "meters" : {
          "estimated_diameter_min" : 1058.1688593312,
          "estimated_diameter_max" : 2366.137501138
        },
        "miles" : {
          "estimated_diameter_min" : 0.6575154423,
          "estimated_diameter_max" : 1.4702492252
        },
        "feet" : {
          "estimated_diameter_min" : 3471.6827204482,
          "estimated_diameter_max" : 7762.9185592335
        }
      },
      "is_potentially_hazardous_asteroid" : true,
      "close_approach_data" : [ {
        "close_approach_date" : "2006-03-15",
        "epoch_date_close_approach" : 1142409600000,
        "relative_velocity" : {
          "kilometers_per_second" : "14.3717361153",
          "kilometers_per_hour" : "51738.2500150523",
          "miles_per_hour" : "32148.1365162973"
        },
        "miss_distance" : {
          "astronomical" : "0.1098670011",
          "lunar" : "42.7382621765",
          "kilometers" : "16435869",
          "miles" : "10212776"
        },
        "orbiting_body" : "Earth"
      } ],
      "orbital_data" : {
        "orbit_id" : "154",
        "orbit_determination_date" : "2017-05-08 06:47:10",
        "orbit_uncertainty" : "0",
        "minimum_orbit_intersection" : ".0448578",
        "jupiter_tisserand_invariant" : "5.062",
        "epoch_osculation" : "2458000.5",
        "eccentricity" : ".32479068886363",
        "semi_major_axis" : "1.248422834960987",
        "inclination" : "15.3216093706683",
        "ascending_node_longitude" : "8.923217674524565",
        "orbital_period" : "509.4962390485771",
        "perihelion_distance" : ".8429467224009219",
        "perihelion_argument" : "233.6251072199396",
        "aphelion_distance" : "1.653898947521051",
        "perihelion_time" : "2457933.268136497883",
        "mean_anomaly" : "47.50470956558839",
        "mean_motion" : ".7065802893310001",
        "equinox" : "J2000"
      }
    }, {
      "links" : {
        "self" : "https://api.nasa.gov/neo/rest/v1/neo/2276770?api_key=t0TVs3DtDT2H8Oy2Zy8m2eVrNsAVKAexjcZXUckd"
      },
      "neo_reference_id" : "2276770",
      "name" : "276770 (2004 HC)",
      "nasa_jpl_url" : "http://ssd.jpl.nasa.gov/sbdb.cgi?sstr=2276770",
      "absolute_magnitude_h" : 19.8,
      "estimated_diameter" : {
        "kilometers" : {
          "estimated_diameter_min" : 0.2914439045,
          "estimated_diameter_max" : 0.6516883822
        },
        "meters" : {
          "estimated_diameter_min" : 291.4439045349,
          "estimated_diameter_max" : 651.6883821679
        },
        "miles" : {
          "estimated_diameter_min" : 0.1810947904,
          "estimated_diameter_max" : 0.4049402617
        },
        "feet" : {
          "estimated_diameter_min" : 956.1808197541,
          "estimated_diameter_max" : 2138.0853117517
        }
      },
      "is_potentially_hazardous_asteroid" : false,
      "close_approach_data" : [ {
        "close_approach_date" : "2006-03-15",
        "epoch_date_close_approach" : 1142409600000,
        "relative_velocity" : {
          "kilometers_per_second" : "17.0308265598",
          "kilometers_per_hour" : "61310.9756153887",
          "miles_per_hour" : "38096.2559316842"
        },
        "miss_distance" : {
          "astronomical" : "0.3718852593",
          "lunar" : "144.6633758545",
          "kilometers" : "55633244",
          "miles" : "34568896"
        },
        "orbiting_body" : "Earth"
      } ],
      "orbital_data" : {
        "orbit_id" : "29",
        "orbit_determination_date" : "2017-04-06 09:24:27",
        "orbit_uncertainty" : "1",
        "minimum_orbit_intersection" : ".0936668",
        "jupiter_tisserand_invariant" : "7.140",
        "epoch_osculation" : "2458000.5",
        "eccentricity" : ".5987477725812858",
        "semi_major_axis" : ".7891273955846252",
        "inclination" : "28.98279313000419",
        "ascending_node_longitude" : "202.997230129662",
        "orbital_period" : "256.0466558310389",
        "perihelion_distance" : ".3166391251954597",
        "perihelion_argument" : "159.3612716860518",
        "aphelion_distance" : "1.261615665973791",
        "perihelion_time" : "2458063.454989737829",
        "mean_anomaly" : "271.4856773580601",
        "mean_motion" : "1.405993758565463",
        "equinox" : "J2000"
      }
    }, {
      "links" : {
        "self" : "https://api.nasa.gov/neo/rest/v1/neo/2417211?api_key=t0TVs3DtDT2H8Oy2Zy8m2eVrNsAVKAexjcZXUckd"
      },
      "neo_reference_id" : "2417211",
      "name" : "417211 (2005 XL80)",
      "nasa_jpl_url" : "http://ssd.jpl.nasa.gov/sbdb.cgi?sstr=2417211",
      "absolute_magnitude_h" : 18.4,
      "estimated_diameter" : {
        "kilometers" : {
          "estimated_diameter_min" : 0.5553349116,
          "estimated_diameter_max" : 1.2417666126
        },
        "meters" : {
          "estimated_diameter_min" : 555.334911581,
          "estimated_diameter_max" : 1241.766612574
        },
        "miles" : {
          "estimated_diameter_min" : 0.3450690093,
          "estimated_diameter_max" : 0.7715977618
        },
        "feet" : {
          "estimated_diameter_min" : 1821.9649913114,
          "estimated_diameter_max" : 4074.0375731972
        }
      },
      "is_potentially_hazardous_asteroid" : true,
      "close_approach_data" : [ {
        "close_approach_date" : "2006-03-15",
        "epoch_date_close_approach" : 1142409600000,
        "relative_velocity" : {
          "kilometers_per_second" : "10.206196584",
          "kilometers_per_hour" : "36742.3077025375",
          "miles_per_hour" : "22830.241138835"
        },
        "miss_distance" : {
          "astronomical" : "0.1779209645",
          "lunar" : "69.2112579346",
          "kilometers" : "26616598",
          "miles" : "16538787"
        },
        "orbiting_body" : "Earth"
      } ],
      "orbital_data" : {
        "orbit_id" : "71",
        "orbit_determination_date" : "2017-04-06 09:21:18",
        "orbit_uncertainty" : "0",
        "minimum_orbit_intersection" : ".0422613",
        "jupiter_tisserand_invariant" : "4.001",
        "epoch_osculation" : "2458000.5",
        "eccentricity" : ".4875282125953713",
        "semi_major_axis" : "1.726910685947658",
        "inclination" : "10.89544596477043",
        "ascending_node_longitude" : "53.38155052392442",
        "orbital_period" : "828.9021043576344",
        "perihelion_distance" : ".8849930059157496",
        "perihelion_argument" : "143.5906421293218",
        "aphelion_distance" : "2.568828365979566",
        "perihelion_time" : "2457967.597956664987",
        "mean_anomaly" : "14.28966766803407",
        "mean_motion" : ".4343094294337513",
        "equinox" : "J2000"
      }
    }, {
      "links" : {
        "self" : "https://api.nasa.gov/neo/rest/v1/neo/3174187?api_key=t0TVs3DtDT2H8Oy2Zy8m2eVrNsAVKAexjcZXUckd"
      },
      "neo_reference_id" : "3174187",
      "name" : "(2004 BT58)",
      "nasa_jpl_url" : "http://ssd.jpl.nasa.gov/sbdb.cgi?sstr=3174187",
      "absolute_magnitude_h" : 22.1,
      "estimated_diameter" : {
        "kilometers" : {
          "estimated_diameter_min" : 0.1010543415,
          "estimated_diameter_max" : 0.2259643771
        },
        "meters" : {
          "estimated_diameter_min" : 101.054341542,
          "estimated_diameter_max" : 225.9643771094
        },
        "miles" : {
          "estimated_diameter_min" : 0.0627922373,
          "estimated_diameter_max" : 0.140407711
        },
        "feet" : {
          "estimated_diameter_min" : 331.5431259047,
          "estimated_diameter_max" : 741.3529669956
        }
      },
      "is_potentially_hazardous_asteroid" : false,
      "close_approach_data" : [ {
        "close_approach_date" : "2006-03-15",
        "epoch_date_close_approach" : 1142409600000,
        "relative_velocity" : {
          "kilometers_per_second" : "10.8712594496",
          "kilometers_per_hour" : "39136.5340186939",
          "miles_per_hour" : "24317.9202628935"
        },
        "miss_distance" : {
          "astronomical" : "0.4342407436",
          "lunar" : "168.9196624756",
          "kilometers" : "64961492",
          "miles" : "40365200"
        },
        "orbiting_body" : "Earth"
      } ],
      "orbital_data" : {
        "orbit_id" : "12",
        "orbit_determination_date" : "2017-04-06 09:13:14",
        "orbit_uncertainty" : "3",
        "minimum_orbit_intersection" : ".0792105",
        "jupiter_tisserand_invariant" : "6.170",
        "epoch_osculation" : "2458000.5",
        "eccentricity" : ".3850040848296821",
        "semi_major_axis" : ".9610039811358483",
        "inclination" : "17.66640725638918",
        "ascending_node_longitude" : "300.8517556903868",
        "orbital_period" : "344.1012157963448",
        "perihelion_distance" : ".59101352286096",
        "perihelion_argument" : "45.83685111438521",
        "aphelion_distance" : "1.330994439410737",
        "perihelion_time" : "2458092.305089597770",
        "mean_anomaly" : "263.9531662836156",
        "mean_motion" : "1.046203801305558",
        "equinox" : "J2000"
      }
    }, {
      "links" : {
        "self" : "https://api.nasa.gov/neo/rest/v1/neo/3405618?api_key=t0TVs3DtDT2H8Oy2Zy8m2eVrNsAVKAexjcZXUckd"
      },
      "neo_reference_id" : "3405618",
      "name" : "(2008 EY68)",
      "nasa_jpl_url" : "http://ssd.jpl.nasa.gov/sbdb.cgi?sstr=3405618",
      "absolute_magnitude_h" : 22.0,
      "estimated_diameter" : {
        "kilometers" : {
          "estimated_diameter_min" : 0.1058168859,
          "estimated_diameter_max" : 0.2366137501
        },
        "meters" : {
          "estimated_diameter_min" : 105.8168859331,
          "estimated_diameter_max" : 236.6137501138
        },
        "miles" : {
          "estimated_diameter_min" : 0.0657515442,
          "estimated_diameter_max" : 0.1470249225
        },
        "feet" : {
          "estimated_diameter_min" : 347.1682720448,
          "estimated_diameter_max" : 776.2918559233
        }
      },
      "is_potentially_hazardous_asteroid" : false,
      "close_approach_data" : [ {
        "close_approach_date" : "2006-03-15",
        "epoch_date_close_approach" : 1142409600000,
        "relative_velocity" : {
          "kilometers_per_second" : "28.8372955646",
          "kilometers_per_hour" : "103814.2640326946",
          "miles_per_hour" : "64506.1464485374"
        },
        "miss_distance" : {
          "astronomical" : "0.1981836294",
          "lunar" : "77.0934295654",
          "kilometers" : "29647848",
          "miles" : "18422320"
        },
        "orbiting_body" : "Earth"
      } ],
      "orbital_data" : {
        "orbit_id" : "19",
        "orbit_determination_date" : "2017-04-06 09:04:02",
        "orbit_uncertainty" : "1",
        "minimum_orbit_intersection" : ".039743",
        "jupiter_tisserand_invariant" : "7.447",
        "epoch_osculation" : "2458000.5",
        "eccentricity" : ".7600292565035359",
        "semi_major_axis" : ".7450658229095554",
        "inclination" : "19.79561687660994",
        "ascending_node_longitude" : "175.4939819041255",
        "orbital_period" : "234.9039881579889",
        "perihelion_distance" : ".1787939994774108",
        "perihelion_argument" : "198.9806589630388",
        "aphelion_distance" : "1.3113376463417",
        "perihelion_time" : "2457995.838097780856",
        "mean_anomaly" : "7.144556429425553",
        "mean_motion" : "1.532541030158566",
        "equinox" : "J2000"
      }
    }, {
      "links" : {
        "self" : "https://api.nasa.gov/neo/rest/v1/neo/3624746?api_key=t0TVs3DtDT2H8Oy2Zy8m2eVrNsAVKAexjcZXUckd"
      },
      "neo_reference_id" : "3624746",
      "name" : "(2013 BH18)",
      "nasa_jpl_url" : "http://ssd.jpl.nasa.gov/sbdb.cgi?sstr=3624746",
      "absolute_magnitude_h" : 20.7,
      "estimated_diameter" : {
        "kilometers" : {
          "estimated_diameter_min" : 0.1925550782,
          "estimated_diameter_max" : 0.4305662442
        },
        "meters" : {
          "estimated_diameter_min" : 192.5550781879,
          "estimated_diameter_max" : 430.566244241
        },
        "miles" : {
          "estimated_diameter_min" : 0.1196481415,
          "estimated_diameter_max" : 0.2675413778
        },
        "feet" : {
          "estimated_diameter_min" : 631.7424027221,
          "estimated_diameter_max" : 1412.6189567557
        }
      },
      "is_potentially_hazardous_asteroid" : false,
      "close_approach_data" : [ {
        "close_approach_date" : "2006-03-15",
        "epoch_date_close_approach" : 1142409600000,
        "relative_velocity" : {
          "kilometers_per_second" : "2.4281858812",
          "kilometers_per_hour" : "8741.4691722184",
          "miles_per_hour" : "5431.6089975932"
        },
        "miss_distance" : {
          "astronomical" : "0.3663366384",
          "lunar" : "142.5049591064",
          "kilometers" : "54803184",
          "miles" : "34053120"
        },
        "orbiting_body" : "Earth"
      } ],
      "orbital_data" : {
        "orbit_id" : "12",
        "orbit_determination_date" : "2017-04-06 08:47:06",
        "orbit_uncertainty" : "1",
        "minimum_orbit_intersection" : ".298716",
        "jupiter_tisserand_invariant" : "4.053",
        "epoch_osculation" : "2458000.5",
        "eccentricity" : ".2767652569308086",
        "semi_major_axis" : "1.77173139921653",
        "inclination" : "5.483496060802219",
        "ascending_node_longitude" : "309.0222392621082",
        "orbital_period" : "861.3809241587833",
        "perihelion_distance" : "1.281377703299986",
        "perihelion_argument" : "253.4792261247844",
        "aphelion_distance" : "2.262085095133073",
        "perihelion_time" : "2458162.719700825568",
        "mean_anomaly" : "292.2029422067402",
        "mean_motion" : ".417933564469834",
        "equinox" : "J2000"
      }
    }, {
      "links" : {
        "self" : "https://api.nasa.gov/neo/rest/v1/neo/3714454?api_key=t0TVs3DtDT2H8Oy2Zy8m2eVrNsAVKAexjcZXUckd"
      },
      "neo_reference_id" : "3714454",
      "name" : "(2015 FS117)",
      "nasa_jpl_url" : "http://ssd.jpl.nasa.gov/sbdb.cgi?sstr=3714454",
      "absolute_magnitude_h" : 21.9,
      "estimated_diameter" : {
        "kilometers" : {
          "estimated_diameter_min" : 0.1108038821,
          "estimated_diameter_max" : 0.2477650126
        },
        "meters" : {
          "estimated_diameter_min" : 110.8038821264,
          "estimated_diameter_max" : 247.7650126055
        },
        "miles" : {
          "estimated_diameter_min" : 0.068850319,
          "estimated_diameter_max" : 0.1539539936
        },
        "feet" : {
          "estimated_diameter_min" : 363.5298086356,
          "estimated_diameter_max" : 812.8773639568
        }
      },
      "is_potentially_hazardous_asteroid" : true,
      "close_approach_data" : [ {
        "close_approach_date" : "2006-03-15",
        "epoch_date_close_approach" : 1142409600000,
        "relative_velocity" : {
          "kilometers_per_second" : "14.513728327",
          "kilometers_per_hour" : "52249.421977267",
          "miles_per_hour" : "32465.7588947079"
        },
        "miss_distance" : {
          "astronomical" : "0.3709957398",
          "lunar" : "144.3173370361",
          "kilometers" : "55500172",
          "miles" : "34486208"
        },
        "orbiting_body" : "Earth"
      } ],
      "orbital_data" : {
        "orbit_id" : "5",
        "orbit_determination_date" : "2017-04-06 08:34:48",
        "orbit_uncertainty" : "7",
        "minimum_orbit_intersection" : ".0363997",
        "jupiter_tisserand_invariant" : "5.198",
        "epoch_osculation" : "2458000.5",
        "eccentricity" : ".2544339570212125",
        "semi_major_axis" : "1.186559553093317",
        "inclination" : "28.37579851065576",
        "ascending_node_longitude" : "356.5926372078096",
        "orbital_period" : "472.0986268048352",
        "perihelion_distance" : ".8846585107584628",
        "perihelion_argument" : "54.15478860583174",
        "aphelion_distance" : "1.488460595428171",
        "perihelion_time" : "2457918.411365851475",
        "mean_anomaly" : "62.59689525783301",
        "mean_motion" : ".7625525251714477",
        "equinox" : "J2000"
      }
    }, {
      "links" : {
        "self" : "https://api.nasa.gov/neo/rest/v1/neo/3745995?api_key=t0TVs3DtDT2H8Oy2Zy8m2eVrNsAVKAexjcZXUckd"
      },
      "neo_reference_id" : "3745995",
      "name" : "(2016 EO84)",
      "nasa_jpl_url" : "http://ssd.jpl.nasa.gov/sbdb.cgi?sstr=3745995",
      "absolute_magnitude_h" : 22.3,
      "estimated_diameter" : {
        "kilometers" : {
          "estimated_diameter_min" : 0.0921626549,
          "estimated_diameter_max" : 0.2060819612
        },
        "meters" : {
          "estimated_diameter_min" : 92.1626548503,
          "estimated_diameter_max" : 206.0819612321
        },
        "miles" : {
          "estimated_diameter_min" : 0.057267201,
          "estimated_diameter_max" : 0.1280533543
        },
        "feet" : {
          "estimated_diameter_min" : 302.370924539,
          "estimated_diameter_max" : 676.1219416887
        }
      },
      "is_potentially_hazardous_asteroid" : false,
      "close_approach_data" : [ {
        "close_approach_date" : "2006-03-15",
        "epoch_date_close_approach" : 1142409600000,
        "relative_velocity" : {
          "kilometers_per_second" : "30.0041988993",
          "kilometers_per_hour" : "108015.1160376348",
          "miles_per_hour" : "67116.3925179404"
        },
        "miss_distance" : {
          "astronomical" : "0.4372540823",
          "lunar" : "170.0918273926",
          "kilometers" : "65412280",
          "miles" : "40645304"
        },
        "orbiting_body" : "Earth"
      } ],
      "orbital_data" : {
        "orbit_id" : "14",
        "orbit_determination_date" : "2017-04-06 08:27:40",
        "orbit_uncertainty" : "5",
        "minimum_orbit_intersection" : ".0397056",
        "jupiter_tisserand_invariant" : "6.904",
        "epoch_osculation" : "2458000.5",
        "eccentricity" : ".5478428245474938",
        "semi_major_axis" : ".8325942093649454",
        "inclination" : "12.07271970992136",
        "ascending_node_longitude" : "350.1835139334025",
        "orbital_period" : "277.490746961844",
        "perihelion_distance" : ".3764634460045663",
        "perihelion_argument" : "29.80164265026582",
        "aphelion_distance" : "1.288724972725324",
        "perihelion_time" : "2457922.306752450901",
        "mean_anomaly" : "101.4432712653532",
        "mean_motion" : "1.29734055618619",
        "equinox" : "J2000"
      }
    } ]
  }
}