{
  "links" : {
    "next" : "https://api.nasa.gov/neo/rest/v1/feed?start_date=2003-04-16&end_date=2003-04-16&detailed=true&api_key=t0TVs3DtDT2H8Oy2Zy8m2eVrNsAVKAexjcZXUckd",
    "prev" : "https://api.nasa.gov/neo/rest/v1/feed?start_date=2003-04-14&end_date=2003-04-14&detailed=true&api_key=t0TVs3DtDT2H8Oy2Zy8m2eVrNsAVKAexjcZXUckd",
    "self" : "https://api.nasa.gov/neo/rest/v1/feed?start_date=2003-04-15&end_date=2003-04-15&detailed=true&api_key=t0TVs3DtDT2H8Oy2Zy8m2eVrNsAVKAexjcZXUckd"
  },
  "element_count" : 9,
  "near_earth_objects" : {
    "2003-04-15" : [ {
      "links" : {
        "self" : "https://api.nasa.gov/neo/rest/v1/neo/2264993?api_key=t0TVs3DtDT2H8Oy2Zy8m2eVrNsAVKAexjcZXUckd"
      },
      "neo_reference_id" : "2264993",
      "name" : "264993 (2003 DX10)",
      "nasa_jpl_url" : "http://ssd.jpl.nasa.gov/sbdb.cgi?sstr=2264993",
      "absolute_magnitude_h" : 20.4,
      "estimated_diameter" : {
        "kilometers" : {
          "estimated_diameter_min" : 0.2210828104,
          "estimated_diameter_max" : 0.4943561926
        },
        "meters" : {
          "estimated_diameter_min" : 221.0828103591,
          "estimated_diameter_max" : 494.3561926196
        },
        "miles" : {
          "estimated_diameter_min" : 0.137374447,
          "estimated_diameter_max" : 0.3071786018
        },
        "feet" : {
          "estimated_diameter_min" : 725.3373275385,
          "estimated_diameter_max" : 1621.9035709942
        }
      },
      "is_potentially_hazardous_asteroid" : true,
      "close_approach_data" : [ {
        "close_approach_date" : "2003-04-15",
        "epoch_date_close_approach" : 1050390000000,
        "relative_velocity" : {
          "kilometers_per_second" : "8.6772297171",
          "kilometers_per_hour" : "31238.0269815701",
          "miles_per_hour" : "19410.0951541873"
        },
        "miss_distance" : {
          "astronomical" : "0.1221935696",
          "lunar" : "47.5332984924",
          "kilometers" : "18279898",
          "miles" : "11358602"
        },
        "orbiting_body" : "Earth"
      } ],
      "orbital_data" : {
        "orbit_id" : "42",
        "orbit_determination_date" : "2017-04-06 09:24:40",
        "orbit_uncertainty" : "0",
        "minimum_orbit_intersection" : ".0446249",
        "jupiter_tisserand_invariant" : "4.719",
        "epoch_osculation" : "2458000.5",
        "eccentricity" : ".4108140522056679",
        "semi_major_axis" : "1.375507512807988",
        "inclination" : "3.146043275355666",
        "ascending_node_longitude" : "61.92404329612055",
        "orbital_period" : "589.2408903167286",
        "perihelion_distance" : ".8104296976319986",
        "perihelion_argument" : "193.833608613648",
        "aphelion_distance" : "1.940585327983977",
        "perihelion_time" : "2458086.993416073555",
        "mean_anomaly" : "307.1563662702654",
        "mean_motion" : ".6109555631933365",
        "equinox" : "J2000"
      }
    }, {
      "links" : {
        "self" : "https://api.nasa.gov/neo/rest/v1/neo/2293054?api_key=t0TVs3DtDT2H8Oy2Zy8m2eVrNsAVKAexjcZXUckd"
      },
      "neo_reference_id" : "2293054",
      "name" : "293054 (2006 WP127)",
      "nasa_jpl_url" : "http://ssd.jpl.nasa.gov/sbdb.cgi?sstr=2293054",
      "absolute_magnitude_h" : 18.4,
      "estimated_diameter" : {
        "kilometers" : {
          "estimated_diameter_min" : 0.5553349116,
          "estimated_diameter_max" : 1.2417666126
        },
        "meters" : {
          "estimated_diameter_min" : 555.334911581,
          "estimated_diameter_max" : 1241.766612574
        },
        "miles" : {
          "estimated_diameter_min" : 0.3450690093,
          "estimated_diameter_max" : 0.7715977618
        },
        "feet" : {
          "estimated_diameter_min" : 1821.9649913114,
          "estimated_diameter_max" : 4074.0375731972
        }
      },
      "is_potentially_hazardous_asteroid" : false,
      "close_approach_data" : [ {
        "close_approach_date" : "2003-04-15",
        "epoch_date_close_approach" : 1050390000000,
        "relative_velocity" : {
          "kilometers_per_second" : "22.188004793",
          "kilometers_per_hour" : "79876.8172548842",
          "miles_per_hour" : "49632.347921514"
        },
        "miss_distance" : {
          "astronomical" : "0.4149720437",
          "lunar" : "161.424118042",
          "kilometers" : "62078932",
          "miles" : "38574060"
        },
        "orbiting_body" : "Earth"
      } ],
      "orbital_data" : {
        "orbit_id" : "67",
        "orbit_determination_date" : "2017-04-06 09:24:12",
        "orbit_uncertainty" : "0",
        "minimum_orbit_intersection" : ".0918099",
        "jupiter_tisserand_invariant" : "2.945",
        "epoch_osculation" : "2458000.5",
        "eccentricity" : ".7672688654547117",
        "semi_major_axis" : "2.532384959257233",
        "inclination" : "6.079951142248365",
        "ascending_node_longitude" : "178.3081815009171",
        "orbital_period" : "1471.949854630369",
        "perihelion_distance" : ".5893648246733595",
        "perihelion_argument" : "22.94072811459408",
        "aphelion_distance" : "4.475405093841107",
        "perihelion_time" : "2458631.005460785300",
        "mean_anomaly" : "205.7950417477321",
        "mean_motion" : ".2445735490699865",
        "equinox" : "J2000"
      }
    }, {
      "links" : {
        "self" : "https://api.nasa.gov/neo/rest/v1/neo/2350462?api_key=t0TVs3DtDT2H8Oy2Zy8m2eVrNsAVKAexjcZXUckd"
      },
      "neo_reference_id" : "2350462",
      "name" : "350462 (1998 KG3)",
      "nasa_jpl_url" : "http://ssd.jpl.nasa.gov/sbdb.cgi?sstr=2350462",
      "absolute_magnitude_h" : 22.1,
      "estimated_diameter" : {
        "kilometers" : {
          "estimated_diameter_min" : 0.1010543415,
          "estimated_diameter_max" : 0.2259643771
        },
        "meters" : {
          "estimated_diameter_min" : 101.054341542,
          "estimated_diameter_max" : 225.9643771094
        },
        "miles" : {
          "estimated_diameter_min" : 0.0627922373,
          "estimated_diameter_max" : 0.140407711
        },
        "feet" : {
          "estimated_diameter_min" : 331.5431259047,
          "estimated_diameter_max" : 741.3529669956
        }
      },
      "is_potentially_hazardous_asteroid" : false,
      "close_approach_data" : [ {
        "close_approach_date" : "2003-04-15",
        "epoch_date_close_approach" : 1050390000000,
        "relative_velocity" : {
          "kilometers_per_second" : "3.4578231653",
          "kilometers_per_hour" : "12448.1633951357",
          "miles_per_hour" : "7734.8046384942"
        },
        "miss_distance" : {
          "astronomical" : "0.1646198824",
          "lunar" : "64.0371322632",
          "kilometers" : "24626784",
          "miles" : "15302374"
        },
        "orbiting_body" : "Earth"
      } ],
      "orbital_data" : {
        "orbit_id" : "45",
        "orbit_determination_date" : "2017-04-06 09:23:07",
        "orbit_uncertainty" : "0",
        "minimum_orbit_intersection" : ".0963089",
        "jupiter_tisserand_invariant" : "5.416",
        "epoch_osculation" : "2455541.5",
        "eccentricity" : ".1187031890689787",
        "semi_major_axis" : "1.160972667211777",
        "inclination" : "5.50298357476303",
        "ascending_node_longitude" : "208.0434025619415",
        "orbital_period" : "456.9107959661066",
        "perihelion_distance" : "1.023161509191821",
        "perihelion_argument" : "267.617562774524",
        "aphelion_distance" : "1.298783825231733",
        "perihelion_time" : "2455387.038893174426",
        "mean_anomaly" : "121.6999006110844",
        "mean_motion" : ".7878999646721078",
        "equinox" : "J2000"
      }
    }, {
      "links" : {
        "self" : "https://api.nasa.gov/neo/rest/v1/neo/3152308?api_key=t0TVs3DtDT2H8Oy2Zy8m2eVrNsAVKAexjcZXUckd"
      },
      "neo_reference_id" : "3152308",
      "name" : "(2003 GR)",
      "nasa_jpl_url" : "http://ssd.jpl.nasa.gov/sbdb.cgi?sstr=3152308",
      "absolute_magnitude_h" : 20.6,
      "estimated_diameter" : {
        "kilometers" : {
          "estimated_diameter_min" : 0.2016299194,
          "estimated_diameter_max" : 0.4508582062
        },
        "meters" : {
          "estimated_diameter_min" : 201.6299194428,
          "estimated_diameter_max" : 450.8582061718
        },
        "miles" : {
          "estimated_diameter_min" : 0.1252869847,
          "estimated_diameter_max" : 0.2801502144
        },
        "feet" : {
          "estimated_diameter_min" : 661.5155049046,
          "estimated_diameter_max" : 1479.1936371367
        }
      },
      "is_potentially_hazardous_asteroid" : false,
      "close_approach_data" : [ {
        "close_approach_date" : "2003-04-15",
        "epoch_date_close_approach" : 1050390000000,
        "relative_velocity" : {
          "kilometers_per_second" : "28.0063618224",
          "kilometers_per_hour" : "100822.9025608013",
          "miles_per_hour" : "62647.4307606268"
        },
        "miss_distance" : {
          "astronomical" : "0.2421979487",
          "lunar" : "94.2150039673",
          "kilometers" : "36232296",
          "miles" : "22513706"
        },
        "orbiting_body" : "Earth"
      } ],
      "orbital_data" : {
        "orbit_id" : "28",
        "orbit_determination_date" : "2016-04-25 11:28:32",
        "orbit_uncertainty" : "0",
        "minimum_orbit_intersection" : ".208414",
        "jupiter_tisserand_invariant" : "4.307",
        "epoch_osculation" : "2457600.5",
        "eccentricity" : ".3177174602816489",
        "semi_major_axis" : "1.384741474161663",
        "inclination" : "55.83220241239702",
        "ascending_node_longitude" : "21.13939104257681",
        "orbital_period" : "595.1843136886561",
        "perihelion_distance" : ".9447849298443527",
        "perihelion_argument" : "273.06025495016",
        "aphelion_distance" : "1.824698018478972",
        "perihelion_time" : "2457591.911024886504",
        "mean_anomaly" : "5.195081539860796",
        "mean_motion" : ".6048546504340802",
        "equinox" : "J2000"
      }
    }, {
      "links" : {
        "self" : "https://api.nasa.gov/neo/rest/v1/neo/3562320?api_key=t0TVs3DtDT2H8Oy2Zy8m2eVrNsAVKAexjcZXUckd"
      },
      "neo_reference_id" : "3562320",
      "name" : "(2011 GK44)",
      "nasa_jpl_url" : "http://ssd.jpl.nasa.gov/sbdb.cgi?sstr=3562320",
      "absolute_magnitude_h" : 25.6,
      "estimated_diameter" : {
        "kilometers" : {
          "estimated_diameter_min" : 0.0201629919,
          "estimated_diameter_max" : 0.0450858206
        },
        "meters" : {
          "estimated_diameter_min" : 20.1629919443,
          "estimated_diameter_max" : 45.0858206172
        },
        "miles" : {
          "estimated_diameter_min" : 0.0125286985,
          "estimated_diameter_max" : 0.0280150214
        },
        "feet" : {
          "estimated_diameter_min" : 66.1515504905,
          "estimated_diameter_max" : 147.9193637137
        }
      },
      "is_potentially_hazardous_asteroid" : false,
      "close_approach_data" : [ {
        "close_approach_date" : "2003-04-15",
        "epoch_date_close_approach" : 1050390000000,
        "relative_velocity" : {
          "kilometers_per_second" : "9.9895434725",
          "kilometers_per_hour" : "35962.3565009738",
          "miles_per_hour" : "22345.609793619"
        },
        "miss_distance" : {
          "astronomical" : "0.1045388198",
          "lunar" : "40.665599823",
          "kilometers" : "15638785",
          "miles" : "9717491"
        },
        "orbiting_body" : "Earth"
      } ],
      "orbital_data" : {
        "orbit_id" : "10",
        "orbit_determination_date" : "2017-04-06 08:53:48",
        "orbit_uncertainty" : "7",
        "minimum_orbit_intersection" : ".024568",
        "jupiter_tisserand_invariant" : "6.797",
        "epoch_osculation" : "2458000.5",
        "eccentricity" : ".1986104067958223",
        "semi_major_axis" : ".8633230890356343",
        "inclination" : "15.29060134113289",
        "ascending_node_longitude" : "18.63948790340435",
        "orbital_period" : "292.993820551631",
        "perihelion_distance" : ".691858139126041",
        "perihelion_argument" : "344.8005314441176",
        "aphelion_distance" : "1.034788038945228",
        "perihelion_time" : "2458132.945059471203",
        "mean_anomaly" : "197.2654367936369",
        "mean_motion" : "1.228694855482665",
        "equinox" : "J2000"
      }
    }, {
      "links" : {
        "self" : "https://api.nasa.gov/neo/rest/v1/neo/3717082?api_key=t0TVs3DtDT2H8Oy2Zy8m2eVrNsAVKAexjcZXUckd"
      },
      "neo_reference_id" : "3717082",
      "name" : "(2015 HR11)",
      "nasa_jpl_url" : "http://ssd.jpl.nasa.gov/sbdb.cgi?sstr=3717082",
      "absolute_magnitude_h" : 21.0,
      "estimated_diameter" : {
        "kilometers" : {
          "estimated_diameter_min" : 0.1677084622,
          "estimated_diameter_max" : 0.3750075218
        },
        "meters" : {
          "estimated_diameter_min" : 167.7084621628,
          "estimated_diameter_max" : 375.0075217981
        },
        "miles" : {
          "estimated_diameter_min" : 0.1042091748,
          "estimated_diameter_max" : 0.2330187988
        },
        "feet" : {
          "estimated_diameter_min" : 550.2246310023,
          "estimated_diameter_max" : 1230.3396778159
        }
      },
      "is_potentially_hazardous_asteroid" : true,
      "close_approach_data" : [ {
        "close_approach_date" : "2003-04-15",
        "epoch_date_close_approach" : 1050390000000,
        "relative_velocity" : {
          "kilometers_per_second" : "15.5142339793",
          "kilometers_per_hour" : "55851.2423254199",
          "miles_per_hour" : "34703.7899882588"
        },
        "miss_distance" : {
          "astronomical" : "0.3976833136",
          "lunar" : "154.6988067627",
          "kilometers" : "59492580",
          "miles" : "36966976"
        },
        "orbiting_body" : "Earth"
      } ],
      "orbital_data" : {
        "orbit_id" : "15",
        "orbit_determination_date" : "2017-04-06 08:34:07",
        "orbit_uncertainty" : "4",
        "minimum_orbit_intersection" : ".0214934",
        "jupiter_tisserand_invariant" : "5.100",
        "epoch_osculation" : "2458000.5",
        "eccentricity" : ".169415416938495",
        "semi_major_axis" : "1.214292867583455",
        "inclination" : "31.16187939383433",
        "ascending_node_longitude" : "210.7150078679629",
        "orbital_period" : "488.7464242218365",
        "perihelion_distance" : "1.008572935136363",
        "perihelion_argument" : "197.9793507513485",
        "aphelion_distance" : "1.420012800030547",
        "perihelion_time" : "2457924.036761852371",
        "mean_anomaly" : "56.32116035830571",
        "mean_motion" : ".7365782789575971",
        "equinox" : "J2000"
      }
    }, {
      "links" : {
        "self" : "https://api.nasa.gov/neo/rest/v1/neo/2467347?api_key=t0TVs3DtDT2H8Oy2Zy8m2eVrNsAVKAexjcZXUckd"
      },
      "neo_reference_id" : "2467347",
      "name" : "467347 (2003 GR)",
      "nasa_jpl_url" : "http://ssd.jpl.nasa.gov/sbdb.cgi?sstr=2467347",
      "absolute_magnitude_h" : 20.6,
      "estimated_diameter" : {
        "kilometers" : {
          "estimated_diameter_min" : 0.2016299194,
          "estimated_diameter_max" : 0.4508582062
        },
        "meters" : {
          "estimated_diameter_min" : 201.6299194428,
          "estimated_diameter_max" : 450.8582061718
        },
        "miles" : {
          "estimated_diameter_min" : 0.1252869847,
          "estimated_diameter_max" : 0.2801502144
        },
        "feet" : {
          "estimated_diameter_min" : 661.5155049046,
          "estimated_diameter_max" : 1479.1936371367
        }
      },
      "is_potentially_hazardous_asteroid" : false,
      "close_approach_data" : [ {
        "close_approach_date" : "2003-04-15",
        "epoch_date_close_approach" : 1050390000000,
        "relative_velocity" : {
          "kilometers_per_second" : "28.0063495086",
          "kilometers_per_hour" : "100822.8582309017",
          "miles_per_hour" : "62647.4032157511"
        },
        "miss_distance" : {
          "astronomical" : "0.2421980266",
          "lunar" : "94.2150268555",
          "kilometers" : "36232308",
          "miles" : "22513712"
        },
        "orbiting_body" : "Earth"
      } ],
      "orbital_data" : {
        "orbit_id" : "32",
        "orbit_determination_date" : "2017-04-06 09:19:26",
        "orbit_uncertainty" : "0",
        "minimum_orbit_intersection" : ".209354",
        "jupiter_tisserand_invariant" : "4.307",
        "epoch_osculation" : "2458000.5",
        "eccentricity" : ".3177444461929936",
        "semi_major_axis" : "1.384710656640559",
        "inclination" : "55.83310949087334",
        "ascending_node_longitude" : "21.13880702737665",
        "orbital_period" : "595.1644449946381",
        "perihelion_distance" : ".9447265359087681",
        "perihelion_argument" : "273.0471416072223",
        "aphelion_distance" : "1.82469477737235",
        "perihelion_time" : "2458187.047025217805",
        "mean_anomaly" : "247.1623974798852",
        "mean_motion" : ".604874842621426",
        "equinox" : "J2000"
      }
    }, {
      "links" : {
        "self" : "https://api.nasa.gov/neo/rest/v1/neo/3753024?api_key=t0TVs3DtDT2H8Oy2Zy8m2eVrNsAVKAexjcZXUckd"
      },
      "neo_reference_id" : "3753024",
      "name" : "(2016 JJ17)",
      "nasa_jpl_url" : "http://ssd.jpl.nasa.gov/sbdb.cgi?sstr=3753024",
      "absolute_magnitude_h" : 22.9,
      "estimated_diameter" : {
        "kilometers" : {
          "estimated_diameter_min" : 0.0699125232,
          "estimated_diameter_max" : 0.1563291544
        },
        "meters" : {
          "estimated_diameter_min" : 69.9125232246,
          "estimated_diameter_max" : 156.3291544087
        },
        "miles" : {
          "estimated_diameter_min" : 0.0434416145,
          "estimated_diameter_max" : 0.097138403
        },
        "feet" : {
          "estimated_diameter_min" : 229.3718026961,
          "estimated_diameter_max" : 512.8909429502
        }
      },
      "is_potentially_hazardous_asteroid" : false,
      "close_approach_data" : [ {
        "close_approach_date" : "2003-04-15",
        "epoch_date_close_approach" : 1050390000000,
        "relative_velocity" : {
          "kilometers_per_second" : "5.9469912737",
          "kilometers_per_hour" : "21409.1685854153",
          "miles_per_hour" : "13302.8247801987"
        },
        "miss_distance" : {
          "astronomical" : "0.1485317983",
          "lunar" : "57.7788696289",
          "kilometers" : "22220040",
          "miles" : "13806893"
        },
        "orbiting_body" : "Earth"
      } ],
      "orbital_data" : {
        "orbit_id" : "13",
        "orbit_determination_date" : "2017-07-02 06:21:33",
        "orbit_uncertainty" : "3",
        "minimum_orbit_intersection" : ".0351164",
        "jupiter_tisserand_invariant" : "6.274",
        "epoch_osculation" : "2458000.5",
        "eccentricity" : ".3192914407126398",
        "semi_major_axis" : ".9516589361468737",
        "inclination" : "5.606767848781831",
        "ascending_node_longitude" : "125.3555950506545",
        "orbital_period" : "339.0942471535946",
        "perihelion_distance" : ".6478023833574803",
        "perihelion_argument" : "320.6923532502159",
        "aphelion_distance" : "1.255515488936267",
        "perihelion_time" : "2458087.008659098419",
        "mean_anomaly" : "268.15793090903",
        "mean_motion" : "1.061651747329515",
        "equinox" : "J2000"
      }
    }, {
      "links" : {
        "self" : "https://api.nasa.gov/neo/rest/v1/neo/3672907?api_key=t0TVs3DtDT2H8Oy2Zy8m2eVrNsAVKAexjcZXUckd"
      },
      "neo_reference_id" : "3672907",
      "name" : "(2014 KV76)",
      "nasa_jpl_url" : "http://ssd.jpl.nasa.gov/sbdb.cgi?sstr=3672907",
      "absolute_magnitude_h" : 21.0,
      "estimated_diameter" : {
        "kilometers" : {
          "estimated_diameter_min" : 0.1677084622,
          "estimated_diameter_max" : 0.3750075218
        },
        "meters" : {
          "estimated_diameter_min" : 167.7084621628,
          "estimated_diameter_max" : 375.0075217981
        },
        "miles" : {
          "estimated_diameter_min" : 0.1042091748,
          "estimated_diameter_max" : 0.2330187988
        },
        "feet" : {
          "estimated_diameter_min" : 550.2246310023,
          "estimated_diameter_max" : 1230.3396778159
        }
      },
      "is_potentially_hazardous_asteroid" : false,
      "close_approach_data" : [ {
        "close_approach_date" : "2003-04-15",
        "epoch_date_close_approach" : 1050390000000,
        "relative_velocity" : {
          "kilometers_per_second" : "9.0779823319",
          "kilometers_per_hour" : "32680.7363947938",
          "miles_per_hour" : "20306.5386781984"
        },
        "miss_distance" : {
          "astronomical" : "0.188052972",
          "lunar" : "73.1526031494",
          "kilometers" : "28132324",
          "miles" : "17480616"
        },
        "orbiting_body" : "Earth"
      } ],
      "orbital_data" : {
        "orbit_id" : "12",
        "orbit_determination_date" : "2017-04-06 08:40:17",
        "orbit_uncertainty" : "3",
        "minimum_orbit_intersection" : ".0607186",
        "jupiter_tisserand_invariant" : "6.869",
        "epoch_osculation" : "2458000.5",
        "eccentricity" : ".3582811924420946",
        "semi_major_axis" : ".8482991564735446",
        "inclination" : "12.75020072424815",
        "ascending_node_longitude" : "232.8171874235522",
        "orbital_period" : "285.3789788338696",
        "perihelion_distance" : ".5443695231445801",
        "perihelion_argument" : "157.7599795945442",
        "aphelion_distance" : "1.152228789802509",
        "perihelion_time" : "2458036.743875890416",
        "mean_anomaly" : "314.279059467287",
        "mean_motion" : "1.261480440749528",
        "equinox" : "J2000"
      }
    } ]
  }
}