{
  "links" : {
    "next" : "https://api.nasa.gov/neo/rest/v1/feed?start_date=2008-08-23&end_date=2008-08-23&detailed=true&api_key=t0TVs3DtDT2H8Oy2Zy8m2eVrNsAVKAexjcZXUckd",
    "prev" : "https://api.nasa.gov/neo/rest/v1/feed?start_date=2008-08-21&end_date=2008-08-21&detailed=true&api_key=t0TVs3DtDT2H8Oy2Zy8m2eVrNsAVKAexjcZXUckd",
    "self" : "https://api.nasa.gov/neo/rest/v1/feed?start_date=2008-08-22&end_date=2008-08-22&detailed=true&api_key=t0TVs3DtDT2H8Oy2Zy8m2eVrNsAVKAexjcZXUckd"
  },
  "element_count" : 6,
  "near_earth_objects" : {
    "2008-08-22" : [ {
      "links" : {
        "self" : "https://api.nasa.gov/neo/rest/v1/neo/3424289?api_key=t0TVs3DtDT2H8Oy2Zy8m2eVrNsAVKAexjcZXUckd"
      },
      "neo_reference_id" : "3424289",
      "name" : "(2008 PV16)",
      "nasa_jpl_url" : "http://ssd.jpl.nasa.gov/sbdb.cgi?sstr=3424289",
      "absolute_magnitude_h" : 21.3,
      "estimated_diameter" : {
        "kilometers" : {
          "estimated_diameter_min" : 0.1460679643,
          "estimated_diameter_max" : 0.3266178974
        },
        "meters" : {
          "estimated_diameter_min" : 146.0679642714,
          "estimated_diameter_max" : 326.6178974458
        },
        "miles" : {
          "estimated_diameter_min" : 0.090762397,
          "estimated_diameter_max" : 0.2029508896
        },
        "feet" : {
          "estimated_diameter_min" : 479.2256199,
          "estimated_diameter_max" : 1071.581062656
        }
      },
      "is_potentially_hazardous_asteroid" : false,
      "close_approach_data" : [ {
        "close_approach_date" : "2008-08-22",
        "epoch_date_close_approach" : 1219388400000,
        "relative_velocity" : {
          "kilometers_per_second" : "23.1923140366",
          "kilometers_per_hour" : "83492.3305317128",
          "miles_per_hour" : "51878.8872684412"
        },
        "miss_distance" : {
          "astronomical" : "0.0657877411",
          "lunar" : "25.5914306641",
          "kilometers" : "9841706",
          "miles" : "6115352.5"
        },
        "orbiting_body" : "Earth"
      } ],
      "orbital_data" : {
        "orbit_id" : "14",
        "orbit_determination_date" : "2017-04-06 09:03:05",
        "orbit_uncertainty" : "9",
        "minimum_orbit_intersection" : ".0657722",
        "jupiter_tisserand_invariant" : "3.592",
        "epoch_osculation" : "2454694.5",
        "eccentricity" : ".5909161563388491",
        "semi_major_axis" : "1.864521680868988",
        "inclination" : "33.90128522177738",
        "ascending_node_longitude" : "146.2486950295823",
        "orbital_period" : "929.9285546755926",
        "perihelion_distance" : ".7627456957994352",
        "perihelion_argument" : "260.2001123505798",
        "aphelion_distance" : "2.966297665938539",
        "perihelion_time" : "2454752.928584386263",
        "mean_anomaly" : "337.3807457860109",
        "mean_motion" : ".3871265143864592",
        "equinox" : "J2000"
      }
    }, {
      "links" : {
        "self" : "https://api.nasa.gov/neo/rest/v1/neo/3426409?api_key=t0TVs3DtDT2H8Oy2Zy8m2eVrNsAVKAexjcZXUckd"
      },
      "neo_reference_id" : "3426409",
      "name" : "(2008 QU11)",
      "nasa_jpl_url" : "http://ssd.jpl.nasa.gov/sbdb.cgi?sstr=3426409",
      "absolute_magnitude_h" : 25.5,
      "estimated_diameter" : {
        "kilometers" : {
          "estimated_diameter_min" : 0.0211132445,
          "estimated_diameter_max" : 0.0472106499
        },
        "meters" : {
          "estimated_diameter_min" : 21.113244479,
          "estimated_diameter_max" : 47.2106498806
        },
        "miles" : {
          "estimated_diameter_min" : 0.0131191578,
          "estimated_diameter_max" : 0.0293353287
        },
        "feet" : {
          "estimated_diameter_min" : 69.2691770164,
          "estimated_diameter_max" : 154.8905885541
        }
      },
      "is_potentially_hazardous_asteroid" : false,
      "close_approach_data" : [ {
        "close_approach_date" : "2008-08-22",
        "epoch_date_close_approach" : 1219388400000,
        "relative_velocity" : {
          "kilometers_per_second" : "11.8522841714",
          "kilometers_per_hour" : "42668.2230170123",
          "miles_per_hour" : "26512.3744629874"
        },
        "miss_distance" : {
          "astronomical" : "0.0198248442",
          "lunar" : "7.7118644714",
          "kilometers" : "2965754.5",
          "miles" : "1842834.375"
        },
        "orbiting_body" : "Earth"
      } ],
      "orbital_data" : {
        "orbit_id" : "9",
        "orbit_determination_date" : "2017-04-06 09:03:03",
        "orbit_uncertainty" : "8",
        "minimum_orbit_intersection" : ".0198165",
        "jupiter_tisserand_invariant" : "3.922",
        "epoch_osculation" : "2454706.5",
        "eccentricity" : ".4963469373997308",
        "semi_major_axis" : "1.785292896082656",
        "inclination" : "7.993740759163964",
        "ascending_node_longitude" : "156.8268464706979",
        "orbital_period" : "871.2898246881217",
        "perihelion_distance" : ".8991682347505338",
        "perihelion_argument" : "122.7531099284209",
        "aphelion_distance" : "2.671417557414777",
        "perihelion_time" : "2454662.371139611478",
        "mean_anomaly" : "18.23318635168781",
        "mean_motion" : ".4131805397002795",
        "equinox" : "J2000"
      }
    }, {
      "links" : {
        "self" : "https://api.nasa.gov/neo/rest/v1/neo/3275974?api_key=t0TVs3DtDT2H8Oy2Zy8m2eVrNsAVKAexjcZXUckd"
      },
      "neo_reference_id" : "3275974",
      "name" : "(2005 GN22)",
      "nasa_jpl_url" : "http://ssd.jpl.nasa.gov/sbdb.cgi?sstr=3275974",
      "absolute_magnitude_h" : 26.5,
      "estimated_diameter" : {
        "kilometers" : {
          "estimated_diameter_min" : 0.0133215567,
          "estimated_diameter_max" : 0.0297879063
        },
        "meters" : {
          "estimated_diameter_min" : 13.3215566698,
          "estimated_diameter_max" : 29.7879062798
        },
        "miles" : {
          "estimated_diameter_min" : 0.008277629,
          "estimated_diameter_max" : 0.0185093411
        },
        "feet" : {
          "estimated_diameter_min" : 43.7058959846,
          "estimated_diameter_max" : 97.7293544391
        }
      },
      "is_potentially_hazardous_asteroid" : false,
      "close_approach_data" : [ {
        "close_approach_date" : "2008-08-22",
        "epoch_date_close_approach" : 1219388400000,
        "relative_velocity" : {
          "kilometers_per_second" : "6.2111060298",
          "kilometers_per_hour" : "22359.9817072979",
          "miles_per_hour" : "13893.6230780707"
        },
        "miss_distance" : {
          "astronomical" : "0.4221501369",
          "lunar" : "164.2164001465",
          "kilometers" : "63152760",
          "miles" : "39241308"
        },
        "orbiting_body" : "Earth"
      } ],
      "orbital_data" : {
        "orbit_id" : "7",
        "orbit_determination_date" : "2017-04-06 09:11:09",
        "orbit_uncertainty" : "7",
        "minimum_orbit_intersection" : ".0218128",
        "jupiter_tisserand_invariant" : "5.023",
        "epoch_osculation" : "2458000.5",
        "eccentricity" : ".2054013093479347",
        "semi_major_axis" : "1.284387938846949",
        "inclination" : "2.196942294237011",
        "ascending_node_longitude" : "187.9150676326761",
        "orbital_period" : "531.6707336820732",
        "perihelion_distance" : "1.02057297449709",
        "perihelion_argument" : "18.00979873299237",
        "aphelion_distance" : "1.548202903196807",
        "perihelion_time" : "2458260.729500716108",
        "mean_anomaly" : "183.7957925406161",
        "mean_motion" : ".6771108078619044",
        "equinox" : "J2000"
      }
    }, {
      "links" : {
        "self" : "https://api.nasa.gov/neo/rest/v1/neo/3279865?api_key=t0TVs3DtDT2H8Oy2Zy8m2eVrNsAVKAexjcZXUckd"
      },
      "neo_reference_id" : "3279865",
      "name" : "(2005 LZ42)",
      "nasa_jpl_url" : "http://ssd.jpl.nasa.gov/sbdb.cgi?sstr=3279865",
      "absolute_magnitude_h" : 21.3,
      "estimated_diameter" : {
        "kilometers" : {
          "estimated_diameter_min" : 0.1460679643,
          "estimated_diameter_max" : 0.3266178974
        },
        "meters" : {
          "estimated_diameter_min" : 146.0679642714,
          "estimated_diameter_max" : 326.6178974458
        },
        "miles" : {
          "estimated_diameter_min" : 0.090762397,
          "estimated_diameter_max" : 0.2029508896
        },
        "feet" : {
          "estimated_diameter_min" : 479.2256199,
          "estimated_diameter_max" : 1071.581062656
        }
      },
      "is_potentially_hazardous_asteroid" : false,
      "close_approach_data" : [ {
        "close_approach_date" : "2008-08-22",
        "epoch_date_close_approach" : 1219388400000,
        "relative_velocity" : {
          "kilometers_per_second" : "6.896069696",
          "kilometers_per_hour" : "24825.8509054553",
          "miles_per_hour" : "15425.8183028925"
        },
        "miss_distance" : {
          "astronomical" : "0.1071627801",
          "lunar" : "41.6863212585",
          "kilometers" : "16031324",
          "miles" : "9961403"
        },
        "orbiting_body" : "Earth"
      } ],
      "orbital_data" : {
        "orbit_id" : "18",
        "orbit_determination_date" : "2017-04-06 09:10:52",
        "orbit_uncertainty" : "0",
        "minimum_orbit_intersection" : ".081858",
        "jupiter_tisserand_invariant" : "3.574",
        "epoch_osculation" : "2458000.5",
        "eccentricity" : ".4946257787285241",
        "semi_major_axis" : "2.099463016253868",
        "inclination" : "7.26500068273459",
        "ascending_node_longitude" : "109.5366237735776",
        "orbital_period" : "1111.119500729811",
        "perihelion_distance" : "1.061014486927562",
        "perihelion_argument" : "220.7055886646192",
        "aphelion_distance" : "3.137911545580173",
        "perihelion_time" : "2458035.751062430373",
        "mean_anomaly" : "348.5787420105588",
        "mean_motion" : ".323997553605659",
        "equinox" : "J2000"
      }
    }, {
      "links" : {
        "self" : "https://api.nasa.gov/neo/rest/v1/neo/3363422?api_key=t0TVs3DtDT2H8Oy2Zy8m2eVrNsAVKAexjcZXUckd"
      },
      "neo_reference_id" : "3363422",
      "name" : "(2006 XK2)",
      "nasa_jpl_url" : "http://ssd.jpl.nasa.gov/sbdb.cgi?sstr=3363422",
      "absolute_magnitude_h" : 20.5,
      "estimated_diameter" : {
        "kilometers" : {
          "estimated_diameter_min" : 0.2111324448,
          "estimated_diameter_max" : 0.4721064988
        },
        "meters" : {
          "estimated_diameter_min" : 211.1324447897,
          "estimated_diameter_max" : 472.1064988055
        },
        "miles" : {
          "estimated_diameter_min" : 0.1311915784,
          "estimated_diameter_max" : 0.2933532873
        },
        "feet" : {
          "estimated_diameter_min" : 692.6917701639,
          "estimated_diameter_max" : 1548.9058855411
        }
      },
      "is_potentially_hazardous_asteroid" : false,
      "close_approach_data" : [ {
        "close_approach_date" : "2008-08-22",
        "epoch_date_close_approach" : 1219388400000,
        "relative_velocity" : {
          "kilometers_per_second" : "22.6323105811",
          "kilometers_per_hour" : "81476.3180919478",
          "miles_per_hour" : "50626.215538855"
        },
        "miss_distance" : {
          "astronomical" : "0.4773243707",
          "lunar" : "185.67918396",
          "kilometers" : "71406712",
          "miles" : "44370072"
        },
        "orbiting_body" : "Earth"
      } ],
      "orbital_data" : {
        "orbit_id" : "20",
        "orbit_determination_date" : "2017-04-06 09:07:23",
        "orbit_uncertainty" : "1",
        "minimum_orbit_intersection" : ".0533667",
        "jupiter_tisserand_invariant" : "4.198",
        "epoch_osculation" : "2458000.5",
        "eccentricity" : ".6476476331389912",
        "semi_major_axis" : "1.540251138124411",
        "inclination" : "8.661521497689048",
        "ascending_node_longitude" : "93.1342301354502",
        "orbital_period" : "698.2094691370245",
        "perihelion_distance" : ".5427111340784989",
        "perihelion_argument" : "240.443168262866",
        "aphelion_distance" : "2.537791142170323",
        "perihelion_time" : "2458193.836330279211",
        "mean_anomaly" : "260.3149026515757",
        "mean_motion" : ".5156045798762284",
        "equinox" : "J2000"
      }
    }, {
      "links" : {
        "self" : "https://api.nasa.gov/neo/rest/v1/neo/3426411?api_key=t0TVs3DtDT2H8Oy2Zy8m2eVrNsAVKAexjcZXUckd"
      },
      "neo_reference_id" : "3426411",
      "name" : "(2008 QW11)",
      "nasa_jpl_url" : "http://ssd.jpl.nasa.gov/sbdb.cgi?sstr=3426411",
      "absolute_magnitude_h" : 23.3,
      "estimated_diameter" : {
        "kilometers" : {
          "estimated_diameter_min" : 0.058150704,
          "estimated_diameter_max" : 0.130028927
        },
        "meters" : {
          "estimated_diameter_min" : 58.1507039646,
          "estimated_diameter_max" : 130.0289270043
        },
        "miles" : {
          "estimated_diameter_min" : 0.0361331611,
          "estimated_diameter_max" : 0.0807962044
        },
        "feet" : {
          "estimated_diameter_min" : 190.7831555951,
          "estimated_diameter_max" : 426.6041048727
        }
      },
      "is_potentially_hazardous_asteroid" : false,
      "close_approach_data" : [ {
        "close_approach_date" : "2008-08-22",
        "epoch_date_close_approach" : 1219388400000,
        "relative_velocity" : {
          "kilometers_per_second" : "6.9015931022",
          "kilometers_per_hour" : "24845.7351678108",
          "miles_per_hour" : "15438.1736102433"
        },
        "miss_distance" : {
          "astronomical" : "0.0698906835",
          "lunar" : "27.1874771118",
          "kilometers" : "10455498",
          "miles" : "6496745"
        },
        "orbiting_body" : "Earth"
      } ],
      "orbital_data" : {
        "orbit_id" : "16",
        "orbit_determination_date" : "2017-04-06 09:03:02",
        "orbit_uncertainty" : "6",
        "minimum_orbit_intersection" : ".0660612",
        "jupiter_tisserand_invariant" : "3.365",
        "epoch_osculation" : "2458000.5",
        "eccentricity" : ".5424888943140636",
        "semi_major_axis" : "2.317594644582269",
        "inclination" : "2.727321815056803",
        "ascending_node_longitude" : "101.7720330215043",
        "orbital_period" : "1288.708357003745",
        "perihelion_distance" : "1.060325288374639",
        "perihelion_argument" : "240.3303631884608",
        "aphelion_distance" : "3.5748640007899",
        "perihelion_time" : "2458575.418277332725",
        "mean_anomaly" : "199.3968823784234",
        "mean_motion" : ".2793494727053702",
        "equinox" : "J2000"
      }
    } ]
  }
}