{
  "links" : {
    "next" : "https://api.nasa.gov/neo/rest/v1/feed?start_date=2008-10-16&end_date=2008-10-16&detailed=true&api_key=t0TVs3DtDT2H8Oy2Zy8m2eVrNsAVKAexjcZXUckd",
    "prev" : "https://api.nasa.gov/neo/rest/v1/feed?start_date=2008-10-14&end_date=2008-10-14&detailed=true&api_key=t0TVs3DtDT2H8Oy2Zy8m2eVrNsAVKAexjcZXUckd",
    "self" : "https://api.nasa.gov/neo/rest/v1/feed?start_date=2008-10-15&end_date=2008-10-15&detailed=true&api_key=t0TVs3DtDT2H8Oy2Zy8m2eVrNsAVKAexjcZXUckd"
  },
  "element_count" : 9,
  "near_earth_objects" : {
    "2008-10-15" : [ {
      "links" : {
        "self" : "https://api.nasa.gov/neo/rest/v1/neo/3430385?api_key=t0TVs3DtDT2H8Oy2Zy8m2eVrNsAVKAexjcZXUckd"
      },
      "neo_reference_id" : "3430385",
      "name" : "(2008 TX9)",
      "nasa_jpl_url" : "http://ssd.jpl.nasa.gov/sbdb.cgi?sstr=3430385",
      "absolute_magnitude_h" : 26.2,
      "estimated_diameter" : {
        "kilometers" : {
          "estimated_diameter_min" : 0.0152951935,
          "estimated_diameter_max" : 0.0342010925
        },
        "meters" : {
          "estimated_diameter_min" : 15.2951935344,
          "estimated_diameter_max" : 34.201092472
        },
        "miles" : {
          "estimated_diameter_min" : 0.0095039897,
          "estimated_diameter_max" : 0.021251567
        },
        "feet" : {
          "estimated_diameter_min" : 50.1810827555,
          "estimated_diameter_max" : 112.2083122258
        }
      },
      "is_potentially_hazardous_asteroid" : false,
      "close_approach_data" : [ {
        "close_approach_date" : "2008-10-15",
        "epoch_date_close_approach" : 1224054000000,
        "relative_velocity" : {
          "kilometers_per_second" : "10.6026139779",
          "kilometers_per_hour" : "38169.4103204414",
          "miles_per_hour" : "23716.9872071654"
        },
        "miss_distance" : {
          "astronomical" : "0.0292645545",
          "lunar" : "11.3839120865",
          "kilometers" : "4377915",
          "miles" : "2720310.25"
        },
        "orbiting_body" : "Earth"
      } ],
      "orbital_data" : {
        "orbit_id" : "8",
        "orbit_determination_date" : "2017-04-06 09:02:39",
        "orbit_uncertainty" : "8",
        "minimum_orbit_intersection" : ".0173054",
        "jupiter_tisserand_invariant" : "3.754",
        "epoch_osculation" : "2454748.5",
        "eccentricity" : ".510365486605094",
        "semi_major_axis" : "1.912726895250855",
        "inclination" : "7.65187761540786",
        "ascending_node_longitude" : "199.9137789466015",
        "orbital_period" : "966.2241181044772",
        "perihelion_distance" : ".936537102613502",
        "perihelion_argument" : "223.3586091757618",
        "aphelion_distance" : "2.888916687888209",
        "perihelion_time" : "2454786.359533979861",
        "mean_anomaly" : "345.8941295529985",
        "mean_motion" : ".3725843655261288",
        "equinox" : "J2000"
      }
    }, {
      "links" : {
        "self" : "https://api.nasa.gov/neo/rest/v1/neo/3438957?api_key=t0TVs3DtDT2H8Oy2Zy8m2eVrNsAVKAexjcZXUckd"
      },
      "neo_reference_id" : "3438957",
      "name" : "(2008 VG14)",
      "nasa_jpl_url" : "http://ssd.jpl.nasa.gov/sbdb.cgi?sstr=3438957",
      "absolute_magnitude_h" : 20.3,
      "estimated_diameter" : {
        "kilometers" : {
          "estimated_diameter_min" : 0.2315021222,
          "estimated_diameter_max" : 0.5176544822
        },
        "meters" : {
          "estimated_diameter_min" : 231.5021222103,
          "estimated_diameter_max" : 517.6544821978
        },
        "miles" : {
          "estimated_diameter_min" : 0.1438487052,
          "estimated_diameter_max" : 0.3216554833
        },
        "feet" : {
          "estimated_diameter_min" : 759.5214226325,
          "estimated_diameter_max" : 1698.3415313737
        }
      },
      "is_potentially_hazardous_asteroid" : false,
      "close_approach_data" : [ {
        "close_approach_date" : "2008-10-15",
        "epoch_date_close_approach" : 1224054000000,
        "relative_velocity" : {
          "kilometers_per_second" : "4.3781561254",
          "kilometers_per_hour" : "15761.3620514109",
          "miles_per_hour" : "9793.4974368892"
        },
        "miss_distance" : {
          "astronomical" : "0.3311485132",
          "lunar" : "128.8167724609",
          "kilometers" : "49539112",
          "miles" : "30782176"
        },
        "orbiting_body" : "Earth"
      } ],
      "orbital_data" : {
        "orbit_id" : "14",
        "orbit_determination_date" : "2017-04-06 09:02:13",
        "orbit_uncertainty" : "5",
        "minimum_orbit_intersection" : ".291503",
        "jupiter_tisserand_invariant" : "3.052",
        "epoch_osculation" : "2458000.5",
        "eccentricity" : ".5608439011247925",
        "semi_major_axis" : "2.805411951413208",
        "inclination" : "10.07501238178699",
        "ascending_node_longitude" : "259.8409916412702",
        "orbital_period" : "1716.300745317802",
        "perihelion_distance" : "1.232013768320507",
        "perihelion_argument" : "113.2322220761416",
        "aphelion_distance" : "4.378810134505908",
        "perihelion_time" : "2458180.728362986266",
        "mean_anomaly" : "322.1964793454415",
        "mean_motion" : ".2097534485037702",
        "equinox" : "J2000"
      }
    }, {
      "links" : {
        "self" : "https://api.nasa.gov/neo/rest/v1/neo/3561032?api_key=t0TVs3DtDT2H8Oy2Zy8m2eVrNsAVKAexjcZXUckd"
      },
      "neo_reference_id" : "3561032",
      "name" : "(2011 GG3)",
      "nasa_jpl_url" : "http://ssd.jpl.nasa.gov/sbdb.cgi?sstr=3561032",
      "absolute_magnitude_h" : 21.2,
      "estimated_diameter" : {
        "kilometers" : {
          "estimated_diameter_min" : 0.1529519353,
          "estimated_diameter_max" : 0.3420109247
        },
        "meters" : {
          "estimated_diameter_min" : 152.9519353442,
          "estimated_diameter_max" : 342.0109247198
        },
        "miles" : {
          "estimated_diameter_min" : 0.095039897,
          "estimated_diameter_max" : 0.2125156703
        },
        "feet" : {
          "estimated_diameter_min" : 501.8108275547,
          "estimated_diameter_max" : 1122.0831222578
        }
      },
      "is_potentially_hazardous_asteroid" : false,
      "close_approach_data" : [ {
        "close_approach_date" : "2008-10-15",
        "epoch_date_close_approach" : 1224054000000,
        "relative_velocity" : {
          "kilometers_per_second" : "15.4231321574",
          "kilometers_per_hour" : "55523.2757666047",
          "miles_per_hour" : "34500.0043228661"
        },
        "miss_distance" : {
          "astronomical" : "0.4572716821",
          "lunar" : "177.878692627",
          "kilometers" : "68406872",
          "miles" : "42506060"
        },
        "orbiting_body" : "Earth"
      } ],
      "orbital_data" : {
        "orbit_id" : "7",
        "orbit_determination_date" : "2017-04-06 08:53:50",
        "orbit_uncertainty" : "8",
        "minimum_orbit_intersection" : ".38331",
        "jupiter_tisserand_invariant" : "4.406",
        "epoch_osculation" : "2455654.5",
        "eccentricity" : ".1319071707938114",
        "semi_major_axis" : "1.493006253161976",
        "inclination" : "29.87691995434616",
        "ascending_node_longitude" : "7.128324772022303",
        "orbital_period" : "666.3323015242801",
        "perihelion_distance" : "1.296068022329911",
        "perihelion_argument" : "67.80945530899631",
        "aphelion_distance" : "1.689944483994041",
        "perihelion_time" : "2455480.157328125256",
        "mean_anomaly" : "94.19228473740868",
        "mean_motion" : ".5402709716705549",
        "equinox" : "J2000"
      }
    }, {
      "links" : {
        "self" : "https://api.nasa.gov/neo/rest/v1/neo/2286079?api_key=t0TVs3DtDT2H8Oy2Zy8m2eVrNsAVKAexjcZXUckd"
      },
      "neo_reference_id" : "2286079",
      "name" : "286079 (2001 TW1)",
      "nasa_jpl_url" : "http://ssd.jpl.nasa.gov/sbdb.cgi?sstr=2286079",
      "absolute_magnitude_h" : 19.2,
      "estimated_diameter" : {
        "kilometers" : {
          "estimated_diameter_min" : 0.3841978911,
          "estimated_diameter_max" : 0.8590926012
        },
        "meters" : {
          "estimated_diameter_min" : 384.1978910643,
          "estimated_diameter_max" : 859.0926012318
        },
        "miles" : {
          "estimated_diameter_min" : 0.2387294278,
          "estimated_diameter_max" : 0.5338152287
        },
        "feet" : {
          "estimated_diameter_min" : 1260.4918089193,
          "estimated_diameter_max" : 2818.5453698252
        }
      },
      "is_potentially_hazardous_asteroid" : false,
      "close_approach_data" : [ {
        "close_approach_date" : "2008-10-15",
        "epoch_date_close_approach" : 1224054000000,
        "relative_velocity" : {
          "kilometers_per_second" : "17.4257411113",
          "kilometers_per_hour" : "62732.6680008578",
          "miles_per_hour" : "38979.6402919775"
        },
        "miss_distance" : {
          "astronomical" : "0.2888850833",
          "lunar" : "112.3762969971",
          "kilometers" : "43216596",
          "miles" : "26853546"
        },
        "orbiting_body" : "Earth"
      } ],
      "orbital_data" : {
        "orbit_id" : "61",
        "orbit_determination_date" : "2017-04-06 09:24:14",
        "orbit_uncertainty" : "0",
        "minimum_orbit_intersection" : ".148978",
        "jupiter_tisserand_invariant" : "6.318",
        "epoch_osculation" : "2458000.5",
        "eccentricity" : ".5260459179027375",
        "semi_major_axis" : ".9112986740691428",
        "inclination" : "31.3294711519555",
        "ascending_node_longitude" : "27.36514338555772",
        "orbital_period" : "317.7529084638715",
        "perihelion_distance" : ".431913726584893",
        "perihelion_argument" : "208.7958439488911",
        "aphelion_distance" : "1.390683621553393",
        "perihelion_time" : "2458150.213479185532",
        "mean_anomaly" : "190.3812457064582",
        "mean_motion" : "1.132955798077083",
        "equinox" : "J2000"
      }
    }, {
      "links" : {
        "self" : "https://api.nasa.gov/neo/rest/v1/neo/3438960?api_key=t0TVs3DtDT2H8Oy2Zy8m2eVrNsAVKAexjcZXUckd"
      },
      "neo_reference_id" : "3438960",
      "name" : "(2008 VL14)",
      "nasa_jpl_url" : "http://ssd.jpl.nasa.gov/sbdb.cgi?sstr=3438960",
      "absolute_magnitude_h" : 21.1,
      "estimated_diameter" : {
        "kilometers" : {
          "estimated_diameter_min" : 0.160160338,
          "estimated_diameter_max" : 0.358129403
        },
        "meters" : {
          "estimated_diameter_min" : 160.1603379786,
          "estimated_diameter_max" : 358.1294030194
        },
        "miles" : {
          "estimated_diameter_min" : 0.0995189894,
          "estimated_diameter_max" : 0.2225312253
        },
        "feet" : {
          "estimated_diameter_min" : 525.4604432536,
          "estimated_diameter_max" : 1174.9652706022
        }
      },
      "is_potentially_hazardous_asteroid" : true,
      "close_approach_data" : [ {
        "close_approach_date" : "2008-10-15",
        "epoch_date_close_approach" : 1224054000000,
        "relative_velocity" : {
          "kilometers_per_second" : "21.5054014656",
          "kilometers_per_hour" : "77419.4452760599",
          "miles_per_hour" : "48105.4325383384"
        },
        "miss_distance" : {
          "astronomical" : "0.2105432387",
          "lunar" : "81.9013214111",
          "kilometers" : "31496822",
          "miles" : "19571218"
        },
        "orbiting_body" : "Earth"
      } ],
      "orbital_data" : {
        "orbit_id" : "18",
        "orbit_determination_date" : "2017-04-06 09:02:13",
        "orbit_uncertainty" : "8",
        "minimum_orbit_intersection" : ".00433264",
        "jupiter_tisserand_invariant" : "3.100",
        "epoch_osculation" : "2454790.5",
        "eccentricity" : ".8181212981469499",
        "semi_major_axis" : "2.213450487624295",
        "inclination" : "1.951982128285022",
        "ascending_node_longitude" : "40.02023454287909",
        "orbital_period" : "1202.826934347849",
        "perihelion_distance" : ".4025795013051075",
        "perihelion_argument" : "243.8015973480019",
        "aphelion_distance" : "4.024321473943482",
        "perihelion_time" : "2454709.557834396098",
        "mean_anomaly" : "24.22557957866437",
        "mean_motion" : ".2992949274079779",
        "equinox" : "J2000"
      }
    }, {
      "links" : {
        "self" : "https://api.nasa.gov/neo/rest/v1/neo/3455742?api_key=t0TVs3DtDT2H8Oy2Zy8m2eVrNsAVKAexjcZXUckd"
      },
      "neo_reference_id" : "3455742",
      "name" : "(2009 FG44)",
      "nasa_jpl_url" : "http://ssd.jpl.nasa.gov/sbdb.cgi?sstr=3455742",
      "absolute_magnitude_h" : 22.5,
      "estimated_diameter" : {
        "kilometers" : {
          "estimated_diameter_min" : 0.0840533402,
          "estimated_diameter_max" : 0.1879489824
        },
        "meters" : {
          "estimated_diameter_min" : 84.0533402073,
          "estimated_diameter_max" : 187.9489824394
        },
        "miles" : {
          "estimated_diameter_min" : 0.0522283081,
          "estimated_diameter_max" : 0.1167860472
        },
        "feet" : {
          "estimated_diameter_min" : 275.7655606856,
          "estimated_diameter_max" : 616.6305395464
        }
      },
      "is_potentially_hazardous_asteroid" : false,
      "close_approach_data" : [ {
        "close_approach_date" : "2008-10-15",
        "epoch_date_close_approach" : 1224054000000,
        "relative_velocity" : {
          "kilometers_per_second" : "18.4818830308",
          "kilometers_per_hour" : "66534.77891101",
          "miles_per_hour" : "41342.1241516773"
        },
        "miss_distance" : {
          "astronomical" : "0.2399133541",
          "lunar" : "93.3262939453",
          "kilometers" : "35890528",
          "miles" : "22301340"
        },
        "orbiting_body" : "Earth"
      } ],
      "orbital_data" : {
        "orbit_id" : "8",
        "orbit_determination_date" : "2017-04-06 09:00:49",
        "orbit_uncertainty" : "8",
        "minimum_orbit_intersection" : ".0710415",
        "jupiter_tisserand_invariant" : "6.124",
        "epoch_osculation" : "2454922.5",
        "eccentricity" : ".1139274524923721",
        "semi_major_axis" : ".9643924471731348",
        "inclination" : "31.63781138877854",
        "ascending_node_longitude" : "6.7143302281723",
        "orbital_period" : "345.9227521786956",
        "perihelion_distance" : ".8545216724638149",
        "perihelion_argument" : "15.79615045208358",
        "aphelion_distance" : "1.074263221882455",
        "perihelion_time" : "2454763.579218432165",
        "mean_anomaly" : "165.3880266738468",
        "mean_motion" : "1.040694772843483",
        "equinox" : "J2000"
      }
    }, {
      "links" : {
        "self" : "https://api.nasa.gov/neo/rest/v1/neo/3736807?api_key=t0TVs3DtDT2H8Oy2Zy8m2eVrNsAVKAexjcZXUckd"
      },
      "neo_reference_id" : "3736807",
      "name" : "(2015 YA)",
      "nasa_jpl_url" : "http://ssd.jpl.nasa.gov/sbdb.cgi?sstr=3736807",
      "absolute_magnitude_h" : 27.4,
      "estimated_diameter" : {
        "kilometers" : {
          "estimated_diameter_min" : 0.0088014652,
          "estimated_diameter_max" : 0.0196806745
        },
        "meters" : {
          "estimated_diameter_min" : 8.801465209,
          "estimated_diameter_max" : 19.6806745089
        },
        "miles" : {
          "estimated_diameter_min" : 0.0054689752,
          "estimated_diameter_max" : 0.0122290004
        },
        "feet" : {
          "estimated_diameter_min" : 28.8761991163,
          "estimated_diameter_max" : 64.5691441559
        }
      },
      "is_potentially_hazardous_asteroid" : false,
      "close_approach_data" : [ {
        "close_approach_date" : "2008-10-15",
        "epoch_date_close_approach" : 1224054000000,
        "relative_velocity" : {
          "kilometers_per_second" : "7.8587781759",
          "kilometers_per_hour" : "28291.6014334075",
          "miles_per_hour" : "17579.3009017748"
        },
        "miss_distance" : {
          "astronomical" : "0.237450386",
          "lunar" : "92.3682022095",
          "kilometers" : "35522072",
          "miles" : "22072392"
        },
        "orbiting_body" : "Earth"
      } ],
      "orbital_data" : {
        "orbit_id" : "7",
        "orbit_determination_date" : "2017-04-06 08:29:46",
        "orbit_uncertainty" : "6",
        "minimum_orbit_intersection" : ".0034944",
        "jupiter_tisserand_invariant" : "6.063",
        "epoch_osculation" : "2458000.5",
        "eccentricity" : ".2793780849302993",
        "semi_major_axis" : ".9961676341362522",
        "inclination" : "1.619224650857182",
        "ascending_node_longitude" : "255.2330250849039",
        "orbital_period" : "363.1592142120169",
        "perihelion_distance" : ".7178602282417189",
        "perihelion_argument" : "83.61802548803247",
        "aphelion_distance" : "1.274475040030785",
        "perihelion_time" : "2458026.626921546686",
        "mean_anomaly" : "334.1003631775795",
        "mean_motion" : ".991300746095974",
        "equinox" : "J2000"
      }
    }, {
      "links" : {
        "self" : "https://api.nasa.gov/neo/rest/v1/neo/3256321?api_key=t0TVs3DtDT2H8Oy2Zy8m2eVrNsAVKAexjcZXUckd"
      },
      "neo_reference_id" : "3256321",
      "name" : "(2004 TD10)",
      "nasa_jpl_url" : "http://ssd.jpl.nasa.gov/sbdb.cgi?sstr=3256321",
      "absolute_magnitude_h" : 22.1,
      "estimated_diameter" : {
        "kilometers" : {
          "estimated_diameter_min" : 0.1010543415,
          "estimated_diameter_max" : 0.2259643771
        },
        "meters" : {
          "estimated_diameter_min" : 101.054341542,
          "estimated_diameter_max" : 225.9643771094
        },
        "miles" : {
          "estimated_diameter_min" : 0.0627922373,
          "estimated_diameter_max" : 0.140407711
        },
        "feet" : {
          "estimated_diameter_min" : 331.5431259047,
          "estimated_diameter_max" : 741.3529669956
        }
      },
      "is_potentially_hazardous_asteroid" : false,
      "close_approach_data" : [ {
        "close_approach_date" : "2008-10-15",
        "epoch_date_close_approach" : 1224054000000,
        "relative_velocity" : {
          "kilometers_per_second" : "25.9120773593",
          "kilometers_per_hour" : "93283.4784933529",
          "miles_per_hour" : "57962.7258449392"
        },
        "miss_distance" : {
          "astronomical" : "0.4743450483",
          "lunar" : "184.5202331543",
          "kilometers" : "70961008",
          "miles" : "44093128"
        },
        "orbiting_body" : "Earth"
      } ],
      "orbital_data" : {
        "orbit_id" : "22",
        "orbit_determination_date" : "2017-09-27 06:50:16",
        "orbit_uncertainty" : "0",
        "minimum_orbit_intersection" : ".0119901",
        "jupiter_tisserand_invariant" : "7.608",
        "epoch_osculation" : "2458000.5",
        "eccentricity" : ".4427972971613442",
        "semi_major_axis" : ".7510941604690496",
        "inclination" : "2.621028389181665",
        "ascending_node_longitude" : "48.22984936033798",
        "orbital_period" : "237.7606640819511",
        "perihelion_distance" : ".4185116962996855",
        "perihelion_argument" : "136.9143109877986",
        "aphelion_distance" : "1.083676624638414",
        "perihelion_time" : "2457903.163441083591",
        "mean_anomaly" : "147.379977025255",
        "mean_motion" : "1.514127668637044",
        "equinox" : "J2000"
      }
    }, {
      "links" : {
        "self" : "https://api.nasa.gov/neo/rest/v1/neo/3427734?api_key=t0TVs3DtDT2H8Oy2Zy8m2eVrNsAVKAexjcZXUckd"
      },
      "neo_reference_id" : "3427734",
      "name" : "(2008 SP7)",
      "nasa_jpl_url" : "http://ssd.jpl.nasa.gov/sbdb.cgi?sstr=3427734",
      "absolute_magnitude_h" : 18.902,
      "estimated_diameter" : {
        "kilometers" : {
          "estimated_diameter_min" : 0.4407121022,
          "estimated_diameter_max" : 0.9854622189
        },
        "meters" : {
          "estimated_diameter_min" : 440.712102164,
          "estimated_diameter_max" : 985.4622189454
        },
        "miles" : {
          "estimated_diameter_min" : 0.2738457196,
          "estimated_diameter_max" : 0.6123376444
        },
        "feet" : {
          "estimated_diameter_min" : 1445.9058932636,
          "estimated_diameter_max" : 3233.1438664049
        }
      },
      "is_potentially_hazardous_asteroid" : false,
      "close_approach_data" : [ {
        "close_approach_date" : "2008-10-15",
        "epoch_date_close_approach" : 1224054000000,
        "relative_velocity" : {
          "kilometers_per_second" : "5.8005093069",
          "kilometers_per_hour" : "20881.8335049506",
          "miles_per_hour" : "12975.1592686733"
        },
        "miss_distance" : {
          "astronomical" : "0.3568043031",
          "lunar" : "138.796875",
          "kilometers" : "53377164",
          "miles" : "33167034"
        },
        "orbiting_body" : "Earth"
      } ],
      "orbital_data" : {
        "orbit_id" : "55",
        "orbit_determination_date" : "2017-09-23 05:24:36",
        "orbit_uncertainty" : "0",
        "minimum_orbit_intersection" : ".289785",
        "jupiter_tisserand_invariant" : "3.109",
        "epoch_osculation" : "2458000.5",
        "eccentricity" : ".5325197128907662",
        "semi_major_axis" : "2.740193709372072",
        "inclination" : "9.957896612193197",
        "ascending_node_longitude" : "34.84589831258636",
        "orbital_period" : "1656.800909728495",
        "perihelion_distance" : "1.280986541992173",
        "perihelion_argument" : "338.817332965662",
        "aphelion_distance" : "4.199400876751972",
        "perihelion_time" : "2458053.843546448840",
        "mean_anomaly" : "348.4091826550667",
        "mean_motion" : ".2172862157946269",
        "equinox" : "J2000"
      }
    } ]
  }
}