{
  "links" : {
    "next" : "https://api.nasa.gov/neo/rest/v1/feed?start_date=2003-02-23&end_date=2003-02-23&detailed=true&api_key=t0TVs3DtDT2H8Oy2Zy8m2eVrNsAVKAexjcZXUckd",
    "prev" : "https://api.nasa.gov/neo/rest/v1/feed?start_date=2003-02-21&end_date=2003-02-21&detailed=true&api_key=t0TVs3DtDT2H8Oy2Zy8m2eVrNsAVKAexjcZXUckd",
    "self" : "https://api.nasa.gov/neo/rest/v1/feed?start_date=2003-02-22&end_date=2003-02-22&detailed=true&api_key=t0TVs3DtDT2H8Oy2Zy8m2eVrNsAVKAexjcZXUckd"
  },
  "element_count" : 6,
  "near_earth_objects" : {
    "2003-02-22" : [ {
      "links" : {
        "self" : "https://api.nasa.gov/neo/rest/v1/neo/2163691?api_key=t0TVs3DtDT2H8Oy2Zy8m2eVrNsAVKAexjcZXUckd"
      },
      "neo_reference_id" : "2163691",
      "name" : "163691 (2003 BB43)",
      "nasa_jpl_url" : "http://ssd.jpl.nasa.gov/sbdb.cgi?sstr=2163691",
      "absolute_magnitude_h" : 17.0,
      "estimated_diameter" : {
        "kilometers" : {
          "estimated_diameter_min" : 1.0581688593,
          "estimated_diameter_max" : 2.3661375011
        },
        "meters" : {
          "estimated_diameter_min" : 1058.1688593312,
          "estimated_diameter_max" : 2366.137501138
        },
        "miles" : {
          "estimated_diameter_min" : 0.6575154423,
          "estimated_diameter_max" : 1.4702492252
        },
        "feet" : {
          "estimated_diameter_min" : 3471.6827204482,
          "estimated_diameter_max" : 7762.9185592335
        }
      },
      "is_potentially_hazardous_asteroid" : false,
      "close_approach_data" : [ {
        "close_approach_date" : "2003-02-22",
        "epoch_date_close_approach" : 1045900800000,
        "relative_velocity" : {
          "kilometers_per_second" : "26.4754152571",
          "kilometers_per_hour" : "95311.4949256569",
          "miles_per_hour" : "59222.8563886672"
        },
        "miss_distance" : {
          "astronomical" : "0.4621235772",
          "lunar" : "179.7660675049",
          "kilometers" : "69132704",
          "miles" : "42957072"
        },
        "orbiting_body" : "Earth"
      } ],
      "orbital_data" : {
        "orbit_id" : "53",
        "orbit_determination_date" : "2017-04-06 09:26:13",
        "orbit_uncertainty" : "0",
        "minimum_orbit_intersection" : ".351117",
        "jupiter_tisserand_invariant" : "3.033",
        "epoch_osculation" : "2458000.5",
        "eccentricity" : ".5227295593090341",
        "semi_major_axis" : "2.414550110170095",
        "inclination" : "40.88450899081099",
        "ascending_node_longitude" : "149.0142865022478",
        "orbital_period" : "1370.41707526217",
        "perihelion_distance" : "1.152393395151302",
        "perihelion_argument" : "60.63264081157069",
        "aphelion_distance" : "3.676706825188889",
        "perihelion_time" : "2458211.813125740683",
        "mean_anomaly" : "304.4893626620255",
        "mean_motion" : ".262693749587971",
        "equinox" : "J2000"
      }
    }, {
      "links" : {
        "self" : "https://api.nasa.gov/neo/rest/v1/neo/3050514?api_key=t0TVs3DtDT2H8Oy2Zy8m2eVrNsAVKAexjcZXUckd"
      },
      "neo_reference_id" : "3050514",
      "name" : "(2000 SM10)",
      "nasa_jpl_url" : "http://ssd.jpl.nasa.gov/sbdb.cgi?sstr=3050514",
      "absolute_magnitude_h" : 24.1,
      "estimated_diameter" : {
        "kilometers" : {
          "estimated_diameter_min" : 0.040230458,
          "estimated_diameter_max" : 0.0899580388
        },
        "meters" : {
          "estimated_diameter_min" : 40.2304579834,
          "estimated_diameter_max" : 89.9580388169
        },
        "miles" : {
          "estimated_diameter_min" : 0.0249980399,
          "estimated_diameter_max" : 0.0558973165
        },
        "feet" : {
          "estimated_diameter_min" : 131.9896957704,
          "estimated_diameter_max" : 295.1379320721
        }
      },
      "is_potentially_hazardous_asteroid" : false,
      "close_approach_data" : [ {
        "close_approach_date" : "2003-02-22",
        "epoch_date_close_approach" : 1045900800000,
        "relative_velocity" : {
          "kilometers_per_second" : "16.7700342807",
          "kilometers_per_hour" : "60372.1234104898",
          "miles_per_hour" : "37512.889682479"
        },
        "miss_distance" : {
          "astronomical" : "0.1004278373",
          "lunar" : "39.0664291382",
          "kilometers" : "15023791",
          "miles" : "9335351"
        },
        "orbiting_body" : "Earth"
      } ],
      "orbital_data" : {
        "orbit_id" : "19",
        "orbit_determination_date" : "2017-04-06 09:16:50",
        "orbit_uncertainty" : "0",
        "minimum_orbit_intersection" : ".00866404",
        "jupiter_tisserand_invariant" : "4.078",
        "epoch_osculation" : "2458000.5",
        "eccentricity" : ".5403317091860192",
        "semi_major_axis" : "1.664583940559803",
        "inclination" : ".5508615777514466",
        "ascending_node_longitude" : "259.8356324867515",
        "orbital_period" : "784.4350263619641",
        "perihelion_distance" : ".7651564548735257",
        "perihelion_argument" : "177.3605331946097",
        "aphelion_distance" : "2.564011426246081",
        "perihelion_time" : "2458128.658636482754",
        "mean_anomaly" : "301.1842822116637",
        "mean_motion" : ".4589290226745741",
        "equinox" : "J2000"
      }
    }, {
      "links" : {
        "self" : "https://api.nasa.gov/neo/rest/v1/neo/3371362?api_key=t0TVs3DtDT2H8Oy2Zy8m2eVrNsAVKAexjcZXUckd"
      },
      "neo_reference_id" : "3371362",
      "name" : "(2007 EF126)",
      "nasa_jpl_url" : "http://ssd.jpl.nasa.gov/sbdb.cgi?sstr=3371362",
      "absolute_magnitude_h" : 19.8,
      "estimated_diameter" : {
        "kilometers" : {
          "estimated_diameter_min" : 0.2914439045,
          "estimated_diameter_max" : 0.6516883822
        },
        "meters" : {
          "estimated_diameter_min" : 291.4439045349,
          "estimated_diameter_max" : 651.6883821679
        },
        "miles" : {
          "estimated_diameter_min" : 0.1810947904,
          "estimated_diameter_max" : 0.4049402617
        },
        "feet" : {
          "estimated_diameter_min" : 956.1808197541,
          "estimated_diameter_max" : 2138.0853117517
        }
      },
      "is_potentially_hazardous_asteroid" : false,
      "close_approach_data" : [ {
        "close_approach_date" : "2003-02-22",
        "epoch_date_close_approach" : 1045900800000,
        "relative_velocity" : {
          "kilometers_per_second" : "18.748295448",
          "kilometers_per_hour" : "67493.8636127561",
          "miles_per_hour" : "41938.0620876039"
        },
        "miss_distance" : {
          "astronomical" : "0.311146868",
          "lunar" : "121.0361251831",
          "kilometers" : "46546908",
          "miles" : "28922908"
        },
        "orbiting_body" : "Earth"
      } ],
      "orbital_data" : {
        "orbit_id" : "9",
        "orbit_determination_date" : "2017-04-06 09:06:43",
        "orbit_uncertainty" : "6",
        "minimum_orbit_intersection" : ".133162",
        "jupiter_tisserand_invariant" : "3.203",
        "epoch_osculation" : "2458000.5",
        "eccentricity" : ".5982470185911076",
        "semi_major_axis" : "2.459245156842902",
        "inclination" : "9.446306274848578",
        "ascending_node_longitude" : "173.698998362675",
        "orbital_period" : "1408.643721928423",
        "perihelion_distance" : ".9880090737770151",
        "perihelion_argument" : "283.5583069046295",
        "aphelion_distance" : "3.930481239908789",
        "perihelion_time" : "2458287.220047503522",
        "mean_anomaly" : "286.7243977348925",
        "mean_motion" : ".2555649767189979",
        "equinox" : "J2000"
      }
    }, {
      "links" : {
        "self" : "https://api.nasa.gov/neo/rest/v1/neo/3522123?api_key=t0TVs3DtDT2H8Oy2Zy8m2eVrNsAVKAexjcZXUckd"
      },
      "neo_reference_id" : "3522123",
      "name" : "(2010 JE87)",
      "nasa_jpl_url" : "http://ssd.jpl.nasa.gov/sbdb.cgi?sstr=3522123",
      "absolute_magnitude_h" : 20.8,
      "estimated_diameter" : {
        "kilometers" : {
          "estimated_diameter_min" : 0.1838886721,
          "estimated_diameter_max" : 0.411187571
        },
        "meters" : {
          "estimated_diameter_min" : 183.8886720703,
          "estimated_diameter_max" : 411.1875710413
        },
        "miles" : {
          "estimated_diameter_min" : 0.1142630881,
          "estimated_diameter_max" : 0.2555000322
        },
        "feet" : {
          "estimated_diameter_min" : 603.309310875,
          "estimated_diameter_max" : 1349.040630575
        }
      },
      "is_potentially_hazardous_asteroid" : true,
      "close_approach_data" : [ {
        "close_approach_date" : "2003-02-22",
        "epoch_date_close_approach" : 1045900800000,
        "relative_velocity" : {
          "kilometers_per_second" : "11.1737357959",
          "kilometers_per_hour" : "40225.4488653552",
          "miles_per_hour" : "24994.5296019203"
        },
        "miss_distance" : {
          "astronomical" : "0.3633229107",
          "lunar" : "141.332611084",
          "kilometers" : "54352336",
          "miles" : "33772976"
        },
        "orbiting_body" : "Earth"
      } ],
      "orbital_data" : {
        "orbit_id" : "26",
        "orbit_determination_date" : "2016-06-02 06:16:36",
        "orbit_uncertainty" : "0",
        "minimum_orbit_intersection" : ".0358855",
        "jupiter_tisserand_invariant" : "6.471",
        "epoch_osculation" : "2457600.5",
        "eccentricity" : ".4369869334763042",
        "semi_major_axis" : ".9044267812074905",
        "inclination" : "16.92122311377372",
        "ascending_node_longitude" : "120.5271704378896",
        "orbital_period" : "314.1655407115817",
        "perihelion_distance" : ".509204095533785",
        "perihelion_argument" : "242.3052675059344",
        "aphelion_distance" : "1.299649466881196",
        "perihelion_time" : "2457604.040984476757",
        "mean_anomaly" : "355.94241173381",
        "mean_motion" : "1.145892700977337",
        "equinox" : "J2000"
      }
    }, {
      "links" : {
        "self" : "https://api.nasa.gov/neo/rest/v1/neo/2468727?api_key=t0TVs3DtDT2H8Oy2Zy8m2eVrNsAVKAexjcZXUckd"
      },
      "neo_reference_id" : "2468727",
      "name" : "468727 (2010 JE87)",
      "nasa_jpl_url" : "http://ssd.jpl.nasa.gov/sbdb.cgi?sstr=2468727",
      "absolute_magnitude_h" : 20.8,
      "estimated_diameter" : {
        "kilometers" : {
          "estimated_diameter_min" : 0.1838886721,
          "estimated_diameter_max" : 0.411187571
        },
        "meters" : {
          "estimated_diameter_min" : 183.8886720703,
          "estimated_diameter_max" : 411.1875710413
        },
        "miles" : {
          "estimated_diameter_min" : 0.1142630881,
          "estimated_diameter_max" : 0.2555000322
        },
        "feet" : {
          "estimated_diameter_min" : 603.309310875,
          "estimated_diameter_max" : 1349.040630575
        }
      },
      "is_potentially_hazardous_asteroid" : true,
      "close_approach_data" : [ {
        "close_approach_date" : "2003-02-22",
        "epoch_date_close_approach" : 1045900800000,
        "relative_velocity" : {
          "kilometers_per_second" : "11.1737356635",
          "kilometers_per_hour" : "40225.44838851",
          "miles_per_hour" : "24994.5293056272"
        },
        "miss_distance" : {
          "astronomical" : "0.3633232772",
          "lunar" : "141.3327484131",
          "kilometers" : "54352388",
          "miles" : "33773008"
        },
        "orbiting_body" : "Earth"
      } ],
      "orbital_data" : {
        "orbit_id" : "29",
        "orbit_determination_date" : "2017-04-06 09:19:20",
        "orbit_uncertainty" : "0",
        "minimum_orbit_intersection" : ".0343851",
        "jupiter_tisserand_invariant" : "6.471",
        "epoch_osculation" : "2458000.5",
        "eccentricity" : ".4369551957466873",
        "semi_major_axis" : ".9044080437219572",
        "inclination" : "16.9208815716098",
        "ascending_node_longitude" : "120.5198624026117",
        "orbital_period" : "314.1557776629186",
        "perihelion_distance" : ".5092222499425508",
        "perihelion_argument" : "242.3237910571342",
        "aphelion_distance" : "1.299593837501363",
        "perihelion_time" : "2457918.222884323871",
        "mean_anomaly" : "94.2836762823692",
        "mean_motion" : "1.145928311992629",
        "equinox" : "J2000"
      }
    }, {
      "links" : {
        "self" : "https://api.nasa.gov/neo/rest/v1/neo/3772396?api_key=t0TVs3DtDT2H8Oy2Zy8m2eVrNsAVKAexjcZXUckd"
      },
      "neo_reference_id" : "3772396",
      "name" : "(2017 FE65)",
      "nasa_jpl_url" : "http://ssd.jpl.nasa.gov/sbdb.cgi?sstr=3772396",
      "absolute_magnitude_h" : 20.62,
      "estimated_diameter" : {
        "kilometers" : {
          "estimated_diameter_min" : 0.1997813652,
          "estimated_diameter_max" : 0.4467247133
        },
        "meters" : {
          "estimated_diameter_min" : 199.78136523,
          "estimated_diameter_max" : 446.7247132921
        },
        "miles" : {
          "estimated_diameter_min" : 0.1241383467,
          "estimated_diameter_max" : 0.2775817818
        },
        "feet" : {
          "estimated_diameter_min" : 655.4506943013,
          "estimated_diameter_max" : 1465.6323083572
        }
      },
      "is_potentially_hazardous_asteroid" : true,
      "close_approach_data" : [ {
        "close_approach_date" : "2003-02-22",
        "epoch_date_close_approach" : 1045900800000,
        "relative_velocity" : {
          "kilometers_per_second" : "14.8070243969",
          "kilometers_per_hour" : "53305.2878287028",
          "miles_per_hour" : "33121.8328733404"
        },
        "miss_distance" : {
          "astronomical" : "0.2915641013",
          "lunar" : "113.4184341431",
          "kilometers" : "43617368",
          "miles" : "27102578"
        },
        "orbiting_body" : "Earth"
      } ],
      "orbital_data" : {
        "orbit_id" : "11",
        "orbit_determination_date" : "2017-05-02 06:23:10",
        "orbit_uncertainty" : "5",
        "minimum_orbit_intersection" : ".0225268",
        "jupiter_tisserand_invariant" : "4.769",
        "epoch_osculation" : "2458000.5",
        "eccentricity" : ".3582582190980799",
        "semi_major_axis" : "1.334849825495237",
        "inclination" : "22.92432496700047",
        "ascending_node_longitude" : "183.8728312977443",
        "orbital_period" : "563.3094545225465",
        "perihelion_distance" : ".856628904249931",
        "perihelion_argument" : "237.5213059888602",
        "aphelion_distance" : "1.813070746740544",
        "perihelion_time" : "2458253.058672738954",
        "mean_anomaly" : "198.5947165344724",
        "mean_motion" : ".6390803440448751",
        "equinox" : "J2000"
      }
    } ]
  }
}