{
  "links" : {
    "next" : "https://api.nasa.gov/neo/rest/v1/feed?start_date=2004-06-23&end_date=2004-06-23&detailed=true&api_key=t0TVs3DtDT2H8Oy2Zy8m2eVrNsAVKAexjcZXUckd",
    "prev" : "https://api.nasa.gov/neo/rest/v1/feed?start_date=2004-06-21&end_date=2004-06-21&detailed=true&api_key=t0TVs3DtDT2H8Oy2Zy8m2eVrNsAVKAexjcZXUckd",
    "self" : "https://api.nasa.gov/neo/rest/v1/feed?start_date=2004-06-22&end_date=2004-06-22&detailed=true&api_key=t0TVs3DtDT2H8Oy2Zy8m2eVrNsAVKAexjcZXUckd"
  },
  "element_count" : 7,
  "near_earth_objects" : {
    "2004-06-22" : [ {
      "links" : {
        "self" : "https://api.nasa.gov/neo/rest/v1/neo/2138971?api_key=t0TVs3DtDT2H8Oy2Zy8m2eVrNsAVKAexjcZXUckd"
      },
      "neo_reference_id" : "2138971",
      "name" : "138971 (2001 CB21)",
      "nasa_jpl_url" : "http://ssd.jpl.nasa.gov/sbdb.cgi?sstr=2138971",
      "absolute_magnitude_h" : 18.4,
      "estimated_diameter" : {
        "kilometers" : {
          "estimated_diameter_min" : 0.5553349116,
          "estimated_diameter_max" : 1.2417666126
        },
        "meters" : {
          "estimated_diameter_min" : 555.334911581,
          "estimated_diameter_max" : 1241.766612574
        },
        "miles" : {
          "estimated_diameter_min" : 0.3450690093,
          "estimated_diameter_max" : 0.7715977618
        },
        "feet" : {
          "estimated_diameter_min" : 1821.9649913114,
          "estimated_diameter_max" : 4074.0375731972
        }
      },
      "is_potentially_hazardous_asteroid" : true,
      "close_approach_data" : [ {
        "close_approach_date" : "2004-06-22",
        "epoch_date_close_approach" : 1087887600000,
        "relative_velocity" : {
          "kilometers_per_second" : "12.0806577368",
          "kilometers_per_hour" : "43490.3678524112",
          "miles_per_hour" : "27023.2232914052"
        },
        "miss_distance" : {
          "astronomical" : "0.3459188073",
          "lunar" : "134.5624084473",
          "kilometers" : "51748716",
          "miles" : "32155162"
        },
        "orbiting_body" : "Earth"
      } ],
      "orbital_data" : {
        "orbit_id" : "167",
        "orbit_determination_date" : "2017-04-06 09:27:42",
        "orbit_uncertainty" : "0",
        "minimum_orbit_intersection" : ".0233526",
        "jupiter_tisserand_invariant" : "5.862",
        "epoch_osculation" : "2458000.5",
        "eccentricity" : ".3335362175136748",
        "semi_major_axis" : "1.034602520394318",
        "inclination" : "7.901792318502172",
        "ascending_node_longitude" : "353.7647377784929",
        "orbital_period" : "384.378178991939",
        "perihelion_distance" : ".6895251091118825",
        "perihelion_argument" : "271.7438508036805",
        "aphelion_distance" : "1.379679931676753",
        "perihelion_time" : "2458172.147941355465",
        "mean_anomaly" : "199.2383796342836",
        "mean_motion" : ".9365776198433724",
        "equinox" : "J2000"
      }
    }, {
      "links" : {
        "self" : "https://api.nasa.gov/neo/rest/v1/neo/2230111?api_key=t0TVs3DtDT2H8Oy2Zy8m2eVrNsAVKAexjcZXUckd"
      },
      "neo_reference_id" : "2230111",
      "name" : "230111 (2001 BE10)",
      "nasa_jpl_url" : "http://ssd.jpl.nasa.gov/sbdb.cgi?sstr=2230111",
      "absolute_magnitude_h" : 19.1,
      "estimated_diameter" : {
        "kilometers" : {
          "estimated_diameter_min" : 0.4023045798,
          "estimated_diameter_max" : 0.8995803882
        },
        "meters" : {
          "estimated_diameter_min" : 402.3045798343,
          "estimated_diameter_max" : 899.5803881691
        },
        "miles" : {
          "estimated_diameter_min" : 0.2499803991,
          "estimated_diameter_max" : 0.5589731654
        },
        "feet" : {
          "estimated_diameter_min" : 1319.8969577037,
          "estimated_diameter_max" : 2951.3793207207
        }
      },
      "is_potentially_hazardous_asteroid" : true,
      "close_approach_data" : [ {
        "close_approach_date" : "2004-06-22",
        "epoch_date_close_approach" : 1087887600000,
        "relative_velocity" : {
          "kilometers_per_second" : "17.1197789951",
          "kilometers_per_hour" : "61631.2043822149",
          "miles_per_hour" : "38295.233634049"
        },
        "miss_distance" : {
          "astronomical" : "0.4329660871",
          "lunar" : "168.4238128662",
          "kilometers" : "64770804",
          "miles" : "40246712"
        },
        "orbiting_body" : "Earth"
      } ],
      "orbital_data" : {
        "orbit_id" : "113",
        "orbit_determination_date" : "2017-04-06 09:25:10",
        "orbit_uncertainty" : "0",
        "minimum_orbit_intersection" : ".0423433",
        "jupiter_tisserand_invariant" : "7.026",
        "epoch_osculation" : "2458000.5",
        "eccentricity" : ".3691459782374203",
        "semi_major_axis" : ".8231696306005475",
        "inclination" : "17.50753782837232",
        "ascending_node_longitude" : "297.7973710117565",
        "orbital_period" : "272.7925064315339",
        "perihelion_distance" : ".5192998720571724",
        "perihelion_argument" : "30.57114985389649",
        "aphelion_distance" : "1.127039389143923",
        "perihelion_time" : "2458113.728986495010",
        "mean_anomaly" : "210.5734791932989",
        "mean_motion" : "1.319684344373124",
        "equinox" : "J2000"
      }
    }, {
      "links" : {
        "self" : "https://api.nasa.gov/neo/rest/v1/neo/2350713?api_key=t0TVs3DtDT2H8Oy2Zy8m2eVrNsAVKAexjcZXUckd"
      },
      "neo_reference_id" : "2350713",
      "name" : "350713 (2001 XP88)",
      "nasa_jpl_url" : "http://ssd.jpl.nasa.gov/sbdb.cgi?sstr=2350713",
      "absolute_magnitude_h" : 20.7,
      "estimated_diameter" : {
        "kilometers" : {
          "estimated_diameter_min" : 0.1925550782,
          "estimated_diameter_max" : 0.4305662442
        },
        "meters" : {
          "estimated_diameter_min" : 192.5550781879,
          "estimated_diameter_max" : 430.566244241
        },
        "miles" : {
          "estimated_diameter_min" : 0.1196481415,
          "estimated_diameter_max" : 0.2675413778
        },
        "feet" : {
          "estimated_diameter_min" : 631.7424027221,
          "estimated_diameter_max" : 1412.6189567557
        }
      },
      "is_potentially_hazardous_asteroid" : false,
      "close_approach_data" : [ {
        "close_approach_date" : "2004-06-22",
        "epoch_date_close_approach" : 1087887600000,
        "relative_velocity" : {
          "kilometers_per_second" : "4.8330186665",
          "kilometers_per_hour" : "17398.8671993824",
          "miles_per_hour" : "10810.9794550829"
        },
        "miss_distance" : {
          "astronomical" : "0.3427371953",
          "lunar" : "133.3247680664",
          "kilometers" : "51272756",
          "miles" : "31859414"
        },
        "orbiting_body" : "Earth"
      } ],
      "orbital_data" : {
        "orbit_id" : "56",
        "orbit_determination_date" : "2017-04-06 09:23:06",
        "orbit_uncertainty" : "0",
        "minimum_orbit_intersection" : ".137719",
        "jupiter_tisserand_invariant" : "4.854",
        "epoch_osculation" : "2458000.5",
        "eccentricity" : ".1946945986532002",
        "semi_major_axis" : "1.347063762870818",
        "inclination" : "6.745458483604939",
        "ascending_node_longitude" : "97.80945903086813",
        "orbital_period" : "571.0585746256131",
        "perihelion_distance" : "1.084797724198414",
        "perihelion_argument" : "261.3772166679892",
        "aphelion_distance" : "1.609329801543222",
        "perihelion_time" : "2457862.624815703364",
        "mean_anomaly" : "86.91764479559718",
        "mean_motion" : ".6304081857732661",
        "equinox" : "J2000"
      }
    }, {
      "links" : {
        "self" : "https://api.nasa.gov/neo/rest/v1/neo/3430304?api_key=t0TVs3DtDT2H8Oy2Zy8m2eVrNsAVKAexjcZXUckd"
      },
      "neo_reference_id" : "3430304",
      "name" : "(2008 TX3)",
      "nasa_jpl_url" : "http://ssd.jpl.nasa.gov/sbdb.cgi?sstr=3430304",
      "absolute_magnitude_h" : 24.9,
      "estimated_diameter" : {
        "kilometers" : {
          "estimated_diameter_min" : 0.0278326768,
          "estimated_diameter_max" : 0.0622357573
        },
        "meters" : {
          "estimated_diameter_min" : 27.8326768072,
          "estimated_diameter_max" : 62.2357573367
        },
        "miles" : {
          "estimated_diameter_min" : 0.0172944182,
          "estimated_diameter_max" : 0.0386714948
        },
        "feet" : {
          "estimated_diameter_min" : 91.3145593761,
          "estimated_diameter_max" : 204.1855621004
        }
      },
      "is_potentially_hazardous_asteroid" : false,
      "close_approach_data" : [ {
        "close_approach_date" : "2004-06-22",
        "epoch_date_close_approach" : 1087887600000,
        "relative_velocity" : {
          "kilometers_per_second" : "6.6459869799",
          "kilometers_per_hour" : "23925.5531275243",
          "miles_per_hour" : "14866.4082752664"
        },
        "miss_distance" : {
          "astronomical" : "0.3907296815",
          "lunar" : "151.993850708",
          "kilometers" : "58452332",
          "miles" : "36320596"
        },
        "orbiting_body" : "Earth"
      } ],
      "orbital_data" : {
        "orbit_id" : "22",
        "orbit_determination_date" : "2017-04-06 09:02:41",
        "orbit_uncertainty" : "6",
        "minimum_orbit_intersection" : ".0210298",
        "jupiter_tisserand_invariant" : "5.345",
        "epoch_osculation" : "2458000.5",
        "eccentricity" : ".1867914030044496",
        "semi_major_axis" : "1.179699931462083",
        "inclination" : "2.381517924966242",
        "ascending_node_longitude" : "193.294715114123",
        "orbital_period" : "468.0106739263463",
        "perihelion_distance" : ".9593421261400273",
        "perihelion_argument" : "249.8173422784417",
        "aphelion_distance" : "1.400057736784138",
        "perihelion_time" : "2458086.760569294570",
        "mean_anomaly" : "293.6472292703896",
        "mean_motion" : ".7692132253732644",
        "equinox" : "J2000"
      }
    }, {
      "links" : {
        "self" : "https://api.nasa.gov/neo/rest/v1/neo/3604236?api_key=t0TVs3DtDT2H8Oy2Zy8m2eVrNsAVKAexjcZXUckd"
      },
      "neo_reference_id" : "3604236",
      "name" : "(2012 JS17)",
      "nasa_jpl_url" : "http://ssd.jpl.nasa.gov/sbdb.cgi?sstr=3604236",
      "absolute_magnitude_h" : 21.0,
      "estimated_diameter" : {
        "kilometers" : {
          "estimated_diameter_min" : 0.1677084622,
          "estimated_diameter_max" : 0.3750075218
        },
        "meters" : {
          "estimated_diameter_min" : 167.7084621628,
          "estimated_diameter_max" : 375.0075217981
        },
        "miles" : {
          "estimated_diameter_min" : 0.1042091748,
          "estimated_diameter_max" : 0.2330187988
        },
        "feet" : {
          "estimated_diameter_min" : 550.2246310023,
          "estimated_diameter_max" : 1230.3396778159
        }
      },
      "is_potentially_hazardous_asteroid" : false,
      "close_approach_data" : [ {
        "close_approach_date" : "2004-06-22",
        "epoch_date_close_approach" : 1087887600000,
        "relative_velocity" : {
          "kilometers_per_second" : "13.7070448165",
          "kilometers_per_hour" : "49345.3613394274",
          "miles_per_hour" : "30661.2885500459"
        },
        "miss_distance" : {
          "astronomical" : "0.1473014228",
          "lunar" : "57.3002510071",
          "kilometers" : "22035980",
          "miles" : "13692523"
        },
        "orbiting_body" : "Earth"
      } ],
      "orbital_data" : {
        "orbit_id" : "17",
        "orbit_determination_date" : "2017-04-06 08:49:48",
        "orbit_uncertainty" : "1",
        "minimum_orbit_intersection" : ".124842",
        "jupiter_tisserand_invariant" : "5.120",
        "epoch_osculation" : "2458000.5",
        "eccentricity" : ".4198451986818105",
        "semi_major_axis" : "1.21724553392525",
        "inclination" : "15.64489471220682",
        "ascending_node_longitude" : "63.99041388865624",
        "orbital_period" : "490.5301562122642",
        "perihelion_distance" : ".7061908408898566",
        "perihelion_argument" : "307.435270708208",
        "aphelion_distance" : "1.728300226960643",
        "perihelion_time" : "2458155.102826800570",
        "mean_anomaly" : "246.5370111432637",
        "mean_motion" : ".7338998335593039",
        "equinox" : "J2000"
      }
    }, {
      "links" : {
        "self" : "https://api.nasa.gov/neo/rest/v1/neo/3623580?api_key=t0TVs3DtDT2H8Oy2Zy8m2eVrNsAVKAexjcZXUckd"
      },
      "neo_reference_id" : "3623580",
      "name" : "(2013 AS27)",
      "nasa_jpl_url" : "http://ssd.jpl.nasa.gov/sbdb.cgi?sstr=3623580",
      "absolute_magnitude_h" : 21.4,
      "estimated_diameter" : {
        "kilometers" : {
          "estimated_diameter_min" : 0.1394938229,
          "estimated_diameter_max" : 0.3119176705
        },
        "meters" : {
          "estimated_diameter_min" : 139.4938229344,
          "estimated_diameter_max" : 311.9176705226
        },
        "miles" : {
          "estimated_diameter_min" : 0.0866774163,
          "estimated_diameter_max" : 0.1938165949
        },
        "feet" : {
          "estimated_diameter_min" : 457.6569140361,
          "estimated_diameter_max" : 1023.3519701574
        }
      },
      "is_potentially_hazardous_asteroid" : true,
      "close_approach_data" : [ {
        "close_approach_date" : "2004-06-22",
        "epoch_date_close_approach" : 1087887600000,
        "relative_velocity" : {
          "kilometers_per_second" : "23.211074529",
          "kilometers_per_hour" : "83559.8683044788",
          "miles_per_hour" : "51920.8526139691"
        },
        "miss_distance" : {
          "astronomical" : "0.301817897",
          "lunar" : "117.4071578979",
          "kilometers" : "45151316",
          "miles" : "28055726"
        },
        "orbiting_body" : "Earth"
      } ],
      "orbital_data" : {
        "orbit_id" : "25",
        "orbit_determination_date" : "2017-04-06 08:47:23",
        "orbit_uncertainty" : "2",
        "minimum_orbit_intersection" : ".0312601",
        "jupiter_tisserand_invariant" : "5.457",
        "epoch_osculation" : "2458000.5",
        "eccentricity" : ".2284925349826342",
        "semi_major_axis" : "1.104777370252283",
        "inclination" : "33.588791971512",
        "ascending_node_longitude" : "105.2360687507365",
        "orbital_period" : "424.1413179360359",
        "perihelion_distance" : ".852343988331891",
        "perihelion_argument" : "253.4567752721008",
        "aphelion_distance" : "1.357210752172676",
        "perihelion_time" : "2457899.504569007077",
        "mean_anomaly" : "85.72226665956539",
        "mean_motion" : ".8487737100262679",
        "equinox" : "J2000"
      }
    }, {
      "links" : {
        "self" : "https://api.nasa.gov/neo/rest/v1/neo/3752903?api_key=t0TVs3DtDT2H8Oy2Zy8m2eVrNsAVKAexjcZXUckd"
      },
      "neo_reference_id" : "3752903",
      "name" : "(2016 JH12)",
      "nasa_jpl_url" : "http://ssd.jpl.nasa.gov/sbdb.cgi?sstr=3752903",
      "absolute_magnitude_h" : 22.3,
      "estimated_diameter" : {
        "kilometers" : {
          "estimated_diameter_min" : 0.0921626549,
          "estimated_diameter_max" : 0.2060819612
        },
        "meters" : {
          "estimated_diameter_min" : 92.1626548503,
          "estimated_diameter_max" : 206.0819612321
        },
        "miles" : {
          "estimated_diameter_min" : 0.057267201,
          "estimated_diameter_max" : 0.1280533543
        },
        "feet" : {
          "estimated_diameter_min" : 302.370924539,
          "estimated_diameter_max" : 676.1219416887
        }
      },
      "is_potentially_hazardous_asteroid" : false,
      "close_approach_data" : [ {
        "close_approach_date" : "2004-06-22",
        "epoch_date_close_approach" : 1087887600000,
        "relative_velocity" : {
          "kilometers_per_second" : "10.3938821092",
          "kilometers_per_hour" : "37417.9755929587",
          "miles_per_hour" : "23250.0748899693"
        },
        "miss_distance" : {
          "astronomical" : "0.2966017694",
          "lunar" : "115.3780899048",
          "kilometers" : "44370992",
          "miles" : "27570858"
        },
        "orbiting_body" : "Earth"
      } ],
      "orbital_data" : {
        "orbit_id" : "13",
        "orbit_determination_date" : "2017-06-15 06:19:18",
        "orbit_uncertainty" : "3",
        "minimum_orbit_intersection" : ".204617",
        "jupiter_tisserand_invariant" : "6.219",
        "epoch_osculation" : "2458000.5",
        "eccentricity" : ".3346898740686247",
        "semi_major_axis" : ".9544155606965276",
        "inclination" : "18.03497987336542",
        "ascending_node_longitude" : "218.9212047411505",
        "orbital_period" : "340.5686705205546",
        "perihelion_distance" : ".6349823368778709",
        "perihelion_argument" : "193.3561404390003",
        "aphelion_distance" : "1.273848784515184",
        "perihelion_time" : "2458048.941342772249",
        "mean_anomaly" : "308.7948102467723",
        "mean_motion" : "1.057055540222607",
        "equinox" : "J2000"
      }
    } ]
  }
}