{
  "links" : {
    "next" : "https://api.nasa.gov/neo/rest/v1/feed?start_date=1996-04-16&end_date=1996-04-16&detailed=true&api_key=t0TVs3DtDT2H8Oy2Zy8m2eVrNsAVKAexjcZXUckd",
    "prev" : "https://api.nasa.gov/neo/rest/v1/feed?start_date=1996-04-14&end_date=1996-04-14&detailed=true&api_key=t0TVs3DtDT2H8Oy2Zy8m2eVrNsAVKAexjcZXUckd",
    "self" : "https://api.nasa.gov/neo/rest/v1/feed?start_date=1996-04-15&end_date=1996-04-15&detailed=true&api_key=t0TVs3DtDT2H8Oy2Zy8m2eVrNsAVKAexjcZXUckd"
  },
  "element_count" : 5,
  "near_earth_objects" : {
    "1996-04-15" : [ {
      "links" : {
        "self" : "https://api.nasa.gov/neo/rest/v1/neo/2041429?api_key=t0TVs3DtDT2H8Oy2Zy8m2eVrNsAVKAexjcZXUckd"
      },
      "neo_reference_id" : "2041429",
      "name" : "41429 (2000 GE2)",
      "nasa_jpl_url" : "http://ssd.jpl.nasa.gov/sbdb.cgi?sstr=2041429",
      "absolute_magnitude_h" : 20.6,
      "estimated_diameter" : {
        "kilometers" : {
          "estimated_diameter_min" : 0.2016299194,
          "estimated_diameter_max" : 0.4508582062
        },
        "meters" : {
          "estimated_diameter_min" : 201.6299194428,
          "estimated_diameter_max" : 450.8582061718
        },
        "miles" : {
          "estimated_diameter_min" : 0.1252869847,
          "estimated_diameter_max" : 0.2801502144
        },
        "feet" : {
          "estimated_diameter_min" : 661.5155049046,
          "estimated_diameter_max" : 1479.1936371367
        }
      },
      "is_potentially_hazardous_asteroid" : true,
      "close_approach_data" : [ {
        "close_approach_date" : "1996-04-15",
        "epoch_date_close_approach" : 829551600000,
        "relative_velocity" : {
          "kilometers_per_second" : "17.8223939758",
          "kilometers_per_hour" : "64160.618312804",
          "miles_per_hour" : "39866.9130844198"
        },
        "miss_distance" : {
          "astronomical" : "0.0627067833",
          "lunar" : "24.3929386139",
          "kilometers" : "9380801",
          "miles" : "5828959.5"
        },
        "orbiting_body" : "Earth"
      } ],
      "orbital_data" : {
        "orbit_id" : "68",
        "orbit_determination_date" : "2017-04-06 09:29:09",
        "orbit_uncertainty" : "0",
        "minimum_orbit_intersection" : ".0108978",
        "jupiter_tisserand_invariant" : "4.187",
        "epoch_osculation" : "2458000.5",
        "eccentricity" : ".5552919817551426",
        "semi_major_axis" : "1.592525299226635",
        "inclination" : "2.17319489354905",
        "ascending_node_longitude" : "351.9605677733203",
        "orbital_period" : "734.0538780616956",
        "perihelion_distance" : ".7082087698238752",
        "perihelion_argument" : "297.1892484576257",
        "aphelion_distance" : "2.476841828629394",
        "perihelion_time" : "2458310.454797992013",
        "mean_anomaly" : "207.9897312554677",
        "mean_motion" : ".4904272162563833",
        "equinox" : "J2000"
      }
    }, {
      "links" : {
        "self" : "https://api.nasa.gov/neo/rest/v1/neo/2277810?api_key=t0TVs3DtDT2H8Oy2Zy8m2eVrNsAVKAexjcZXUckd"
      },
      "neo_reference_id" : "2277810",
      "name" : "277810 (2006 FV35)",
      "nasa_jpl_url" : "http://ssd.jpl.nasa.gov/sbdb.cgi?sstr=2277810",
      "absolute_magnitude_h" : 21.8,
      "estimated_diameter" : {
        "kilometers" : {
          "estimated_diameter_min" : 0.1160259082,
          "estimated_diameter_max" : 0.2594418179
        },
        "meters" : {
          "estimated_diameter_min" : 116.0259082094,
          "estimated_diameter_max" : 259.4418179074
        },
        "miles" : {
          "estimated_diameter_min" : 0.0720951346,
          "estimated_diameter_max" : 0.1612096218
        },
        "feet" : {
          "estimated_diameter_min" : 380.6624406898,
          "estimated_diameter_max" : 851.1870938635
        }
      },
      "is_potentially_hazardous_asteroid" : false,
      "close_approach_data" : [ {
        "close_approach_date" : "1996-04-15",
        "epoch_date_close_approach" : 829551600000,
        "relative_velocity" : {
          "kilometers_per_second" : "9.1088576814",
          "kilometers_per_hour" : "32791.8876529727",
          "miles_per_hour" : "20375.6037474818"
        },
        "miss_distance" : {
          "astronomical" : "0.3006797895",
          "lunar" : "116.9644470215",
          "kilometers" : "44981060",
          "miles" : "27949934"
        },
        "orbiting_body" : "Earth"
      } ],
      "orbital_data" : {
        "orbit_id" : "51",
        "orbit_determination_date" : "2017-04-06 09:24:24",
        "orbit_uncertainty" : "1",
        "minimum_orbit_intersection" : ".104736",
        "jupiter_tisserand_invariant" : "6.003",
        "epoch_osculation" : "2458000.5",
        "eccentricity" : ".3775352983208624",
        "semi_major_axis" : "1.001342942840337",
        "inclination" : "7.104126563177385",
        "ascending_node_longitude" : "179.5057827726986",
        "orbital_period" : "365.9929240029879",
        "perihelion_distance" : ".6233006361936202",
        "perihelion_argument" : "170.8521652770838",
        "aphelion_distance" : "1.379385249487054",
        "perihelion_time" : "2457994.548482506686",
        "mean_anomaly" : "5.854064811306019",
        "mean_motion" : ".983625574130119",
        "equinox" : "J2000"
      }
    }, {
      "links" : {
        "self" : "https://api.nasa.gov/neo/rest/v1/neo/2401954?api_key=t0TVs3DtDT2H8Oy2Zy8m2eVrNsAVKAexjcZXUckd"
      },
      "neo_reference_id" : "2401954",
      "name" : "401954 (2002 RW25)",
      "nasa_jpl_url" : "http://ssd.jpl.nasa.gov/sbdb.cgi?sstr=2401954",
      "absolute_magnitude_h" : 18.8,
      "estimated_diameter" : {
        "kilometers" : {
          "estimated_diameter_min" : 0.4619074603,
          "estimated_diameter_max" : 1.0328564805
        },
        "meters" : {
          "estimated_diameter_min" : 461.9074602816,
          "estimated_diameter_max" : 1032.8564805039
        },
        "miles" : {
          "estimated_diameter_min" : 0.2870159005,
          "estimated_diameter_max" : 0.6417870641
        },
        "feet" : {
          "estimated_diameter_min" : 1515.4444719902,
          "estimated_diameter_max" : 3388.6368554964
        }
      },
      "is_potentially_hazardous_asteroid" : true,
      "close_approach_data" : [ {
        "close_approach_date" : "1996-04-15",
        "epoch_date_close_approach" : 829551600000,
        "relative_velocity" : {
          "kilometers_per_second" : "11.7742479359",
          "kilometers_per_hour" : "42387.2925691633",
          "miles_per_hour" : "26337.8152077671"
        },
        "miss_distance" : {
          "astronomical" : "0.3772896052",
          "lunar" : "146.7656555176",
          "kilometers" : "56441720",
          "miles" : "35071260"
        },
        "orbiting_body" : "Earth"
      } ],
      "orbital_data" : {
        "orbit_id" : "34",
        "orbit_determination_date" : "2017-07-03 06:20:29",
        "orbit_uncertainty" : "1",
        "minimum_orbit_intersection" : ".0160302",
        "jupiter_tisserand_invariant" : "7.060",
        "epoch_osculation" : "2458000.5",
        "eccentricity" : ".286890658468444",
        "semi_major_axis" : ".8263226900946545",
        "inclination" : "1.327445308802628",
        "ascending_node_longitude" : "92.06991506419345",
        "orbital_period" : "274.3613582894533",
        "perihelion_distance" : ".5892584294259831",
        "perihelion_argument" : "71.73387784619896",
        "aphelion_distance" : "1.063386950763326",
        "perihelion_time" : "2458113.076318718553",
        "mean_anomaly" : "212.2843195144033",
        "mean_motion" : "1.312138131420815",
        "equinox" : "J2000"
      }
    }, {
      "links" : {
        "self" : "https://api.nasa.gov/neo/rest/v1/neo/3092296?api_key=t0TVs3DtDT2H8Oy2Zy8m2eVrNsAVKAexjcZXUckd"
      },
      "neo_reference_id" : "3092296",
      "name" : "(2001 GO2)",
      "nasa_jpl_url" : "http://ssd.jpl.nasa.gov/sbdb.cgi?sstr=3092296",
      "absolute_magnitude_h" : 24.3,
      "estimated_diameter" : {
        "kilometers" : {
          "estimated_diameter_min" : 0.0366906138,
          "estimated_diameter_max" : 0.0820427065
        },
        "meters" : {
          "estimated_diameter_min" : 36.6906137531,
          "estimated_diameter_max" : 82.0427064882
        },
        "miles" : {
          "estimated_diameter_min" : 0.0227984834,
          "estimated_diameter_max" : 0.0509789586
        },
        "feet" : {
          "estimated_diameter_min" : 120.3760332259,
          "estimated_diameter_max" : 269.1689931548
        }
      },
      "is_potentially_hazardous_asteroid" : false,
      "close_approach_data" : [ {
        "close_approach_date" : "1996-04-15",
        "epoch_date_close_approach" : 829551600000,
        "relative_velocity" : {
          "kilometers_per_second" : "11.1923435207",
          "kilometers_per_hour" : "40292.43667439",
          "miles_per_hour" : "25036.1532213731"
        },
        "miss_distance" : {
          "astronomical" : "0.2145085599",
          "lunar" : "83.4438323975",
          "kilometers" : "32090024",
          "miles" : "19939816"
        },
        "orbiting_body" : "Earth"
      } ],
      "orbital_data" : {
        "orbit_id" : "12",
        "orbit_determination_date" : "2017-04-06 09:16:26",
        "orbit_uncertainty" : "7",
        "minimum_orbit_intersection" : ".00336216",
        "jupiter_tisserand_invariant" : "6.033",
        "epoch_osculation" : "2458000.5",
        "eccentricity" : ".1682252090459494",
        "semi_major_axis" : "1.006682573148335",
        "inclination" : "4.625123200742138",
        "ascending_node_longitude" : "193.5434227412754",
        "orbital_period" : "368.9242921416832",
        "perihelion_distance" : ".8373331868375422",
        "perihelion_argument" : "265.4699970089685",
        "aphelion_distance" : "1.176031959459128",
        "perihelion_time" : "2457825.357761166558",
        "mean_anomaly" : "170.905541660089",
        "mean_motion" : ".9758099633670752",
        "equinox" : "J2000"
      }
    }, {
      "links" : {
        "self" : "https://api.nasa.gov/neo/rest/v1/neo/3749034?api_key=t0TVs3DtDT2H8Oy2Zy8m2eVrNsAVKAexjcZXUckd"
      },
      "neo_reference_id" : "3749034",
      "name" : "(2016 GN2)",
      "nasa_jpl_url" : "http://ssd.jpl.nasa.gov/sbdb.cgi?sstr=3749034",
      "absolute_magnitude_h" : 25.0,
      "estimated_diameter" : {
        "kilometers" : {
          "estimated_diameter_min" : 0.02658,
          "estimated_diameter_max" : 0.0594346868
        },
        "meters" : {
          "estimated_diameter_min" : 26.58,
          "estimated_diameter_max" : 59.4346868419
        },
        "miles" : {
          "estimated_diameter_min" : 0.0165160412,
          "estimated_diameter_max" : 0.0369309908
        },
        "feet" : {
          "estimated_diameter_min" : 87.2047272,
          "estimated_diameter_max" : 194.9956979785
        }
      },
      "is_potentially_hazardous_asteroid" : false,
      "close_approach_data" : [ {
        "close_approach_date" : "1996-04-15",
        "epoch_date_close_approach" : 829551600000,
        "relative_velocity" : {
          "kilometers_per_second" : "6.2961191309",
          "kilometers_per_hour" : "22666.0288712226",
          "miles_per_hour" : "14083.7888838994"
        },
        "miss_distance" : {
          "astronomical" : "0.050503424",
          "lunar" : "19.6458320618",
          "kilometers" : "7555205",
          "miles" : "4694586.5"
        },
        "orbiting_body" : "Earth"
      } ],
      "orbital_data" : {
        "orbit_id" : "13",
        "orbit_determination_date" : "2017-04-06 08:26:49",
        "orbit_uncertainty" : "5",
        "minimum_orbit_intersection" : ".0511377",
        "jupiter_tisserand_invariant" : "6.368",
        "epoch_osculation" : "2458000.5",
        "eccentricity" : ".1463703824661712",
        "semi_major_axis" : ".9390955971481401",
        "inclination" : "10.38561365934854",
        "ascending_node_longitude" : "18.53274266511217",
        "orbital_period" : "332.401621359663",
        "perihelion_distance" : ".8016398154212694",
        "perihelion_argument" : "334.4465114352869",
        "aphelion_distance" : "1.076551378875011",
        "perihelion_time" : "2457956.160754416631",
        "mean_anomaly" : "48.02060936020965",
        "mean_motion" : "1.083027208253221",
        "equinox" : "J2000"
      }
    } ]
  }
}