{
  "links" : {
    "next" : "https://api.nasa.gov/neo/rest/v1/feed?start_date=1998-03-09&end_date=1998-03-09&detailed=true&api_key=t0TVs3DtDT2H8Oy2Zy8m2eVrNsAVKAexjcZXUckd",
    "prev" : "https://api.nasa.gov/neo/rest/v1/feed?start_date=1998-03-07&end_date=1998-03-07&detailed=true&api_key=t0TVs3DtDT2H8Oy2Zy8m2eVrNsAVKAexjcZXUckd",
    "self" : "https://api.nasa.gov/neo/rest/v1/feed?start_date=1998-03-08&end_date=1998-03-08&detailed=true&api_key=t0TVs3DtDT2H8Oy2Zy8m2eVrNsAVKAexjcZXUckd"
  },
  "element_count" : 7,
  "near_earth_objects" : {
    "1998-03-08" : [ {
      "links" : {
        "self" : "https://api.nasa.gov/neo/rest/v1/neo/3012991?api_key=t0TVs3DtDT2H8Oy2Zy8m2eVrNsAVKAexjcZXUckd"
      },
      "neo_reference_id" : "3012991",
      "name" : "(1998 FL5)",
      "nasa_jpl_url" : "http://ssd.jpl.nasa.gov/sbdb.cgi?sstr=3012991",
      "absolute_magnitude_h" : 21.5,
      "estimated_diameter" : {
        "kilometers" : {
          "estimated_diameter_min" : 0.1332155667,
          "estimated_diameter_max" : 0.2978790628
        },
        "meters" : {
          "estimated_diameter_min" : 133.2155666981,
          "estimated_diameter_max" : 297.8790627982
        },
        "miles" : {
          "estimated_diameter_min" : 0.0827762899,
          "estimated_diameter_max" : 0.1850934111
        },
        "feet" : {
          "estimated_diameter_min" : 437.0589598459,
          "estimated_diameter_max" : 977.2935443908
        }
      },
      "is_potentially_hazardous_asteroid" : false,
      "close_approach_data" : [ {
        "close_approach_date" : "1998-03-08",
        "epoch_date_close_approach" : 889344000000,
        "relative_velocity" : {
          "kilometers_per_second" : "8.7822626039",
          "kilometers_per_hour" : "31616.1453741394",
          "miles_per_hour" : "19645.0432187257"
        },
        "miss_distance" : {
          "astronomical" : "0.1336959304",
          "lunar" : "52.0077171326",
          "kilometers" : "20000626",
          "miles" : "12427813"
        },
        "orbiting_body" : "Earth"
      } ],
      "orbital_data" : {
        "orbit_id" : "13",
        "orbit_determination_date" : "2017-04-06 09:17:53",
        "orbit_uncertainty" : "6",
        "minimum_orbit_intersection" : ".105961",
        "jupiter_tisserand_invariant" : "4.351",
        "epoch_osculation" : "2458000.5",
        "eccentricity" : ".3646460106084088",
        "semi_major_axis" : "1.544818210356466",
        "inclination" : "14.5304542687329",
        "ascending_node_longitude" : "185.8999223139176",
        "orbital_period" : "701.3172114025334",
        "perihelion_distance" : ".9815064128347593",
        "perihelion_argument" : "297.5971915751136",
        "aphelion_distance" : "2.108130007878174",
        "perihelion_time" : "2457850.910965588201",
        "mean_anomaly" : "76.78701094551988",
        "mean_motion" : ".5133197847519696",
        "equinox" : "J2000"
      }
    }, {
      "links" : {
        "self" : "https://api.nasa.gov/neo/rest/v1/neo/3182823?api_key=t0TVs3DtDT2H8Oy2Zy8m2eVrNsAVKAexjcZXUckd"
      },
      "neo_reference_id" : "3182823",
      "name" : "(2004 KG1)",
      "nasa_jpl_url" : "http://ssd.jpl.nasa.gov/sbdb.cgi?sstr=3182823",
      "absolute_magnitude_h" : 24.1,
      "estimated_diameter" : {
        "kilometers" : {
          "estimated_diameter_min" : 0.040230458,
          "estimated_diameter_max" : 0.0899580388
        },
        "meters" : {
          "estimated_diameter_min" : 40.2304579834,
          "estimated_diameter_max" : 89.9580388169
        },
        "miles" : {
          "estimated_diameter_min" : 0.0249980399,
          "estimated_diameter_max" : 0.0558973165
        },
        "feet" : {
          "estimated_diameter_min" : 131.9896957704,
          "estimated_diameter_max" : 295.1379320721
        }
      },
      "is_potentially_hazardous_asteroid" : false,
      "close_approach_data" : [ {
        "close_approach_date" : "1998-03-08",
        "epoch_date_close_approach" : 889344000000,
        "relative_velocity" : {
          "kilometers_per_second" : "10.4221950882",
          "kilometers_per_hour" : "37519.90231766",
          "miles_per_hour" : "23313.4081928816"
        },
        "miss_distance" : {
          "astronomical" : "0.3806136317",
          "lunar" : "148.0587005615",
          "kilometers" : "56938988",
          "miles" : "35380248"
        },
        "orbiting_body" : "Earth"
      } ],
      "orbital_data" : {
        "orbit_id" : "15",
        "orbit_determination_date" : "2017-04-06 09:12:46",
        "orbit_uncertainty" : "6",
        "minimum_orbit_intersection" : ".00335624",
        "jupiter_tisserand_invariant" : "6.997",
        "epoch_osculation" : "2458000.5",
        "eccentricity" : ".4073193079080165",
        "semi_major_axis" : ".8301293866516695",
        "inclination" : "1.914256662040002",
        "ascending_node_longitude" : "243.0519125356717",
        "orbital_period" : "276.259428572244",
        "perihelion_distance" : ".4920016594066053",
        "perihelion_argument" : "213.6346689133144",
        "aphelion_distance" : "1.168257113896734",
        "perihelion_time" : "2458037.142516542470",
        "mean_anomaly" : "312.2502959502082",
        "mean_motion" : "1.303122944474842",
        "equinox" : "J2000"
      }
    }, {
      "links" : {
        "self" : "https://api.nasa.gov/neo/rest/v1/neo/3328634?api_key=t0TVs3DtDT2H8Oy2Zy8m2eVrNsAVKAexjcZXUckd"
      },
      "neo_reference_id" : "3328634",
      "name" : "(2006 FV)",
      "nasa_jpl_url" : "http://ssd.jpl.nasa.gov/sbdb.cgi?sstr=3328634",
      "absolute_magnitude_h" : 23.1,
      "estimated_diameter" : {
        "kilometers" : {
          "estimated_diameter_min" : 0.063760979,
          "estimated_diameter_max" : 0.1425738833
        },
        "meters" : {
          "estimated_diameter_min" : 63.7609789875,
          "estimated_diameter_max" : 142.5738833281
        },
        "miles" : {
          "estimated_diameter_min" : 0.0396192233,
          "estimated_diameter_max" : 0.0885912765
        },
        "feet" : {
          "estimated_diameter_min" : 209.1895703015,
          "estimated_diameter_max" : 467.7620993781
        }
      },
      "is_potentially_hazardous_asteroid" : false,
      "close_approach_data" : [ {
        "close_approach_date" : "1998-03-08",
        "epoch_date_close_approach" : 889344000000,
        "relative_velocity" : {
          "kilometers_per_second" : "4.9603034312",
          "kilometers_per_hour" : "17857.0923523109",
          "miles_per_hour" : "11095.7027452456"
        },
        "miss_distance" : {
          "astronomical" : "0.1664838852",
          "lunar" : "64.7622299194",
          "kilometers" : "24905634",
          "miles" : "15475643"
        },
        "orbiting_body" : "Earth"
      } ],
      "orbital_data" : {
        "orbit_id" : "11",
        "orbit_determination_date" : "2017-04-06 09:08:54",
        "orbit_uncertainty" : "6",
        "minimum_orbit_intersection" : ".10938",
        "jupiter_tisserand_invariant" : "4.783",
        "epoch_osculation" : "2458000.5",
        "eccentricity" : ".2317656798368139",
        "semi_major_axis" : "1.369719283583",
        "inclination" : "9.514460760449241",
        "ascending_node_longitude" : "181.0286775842173",
        "orbital_period" : "585.5254572319055",
        "perihelion_distance" : "1.052265362637792",
        "perihelion_argument" : "308.6696681576188",
        "aphelion_distance" : "1.687173204528207",
        "perihelion_time" : "2457860.765180402797",
        "mean_anomaly" : "85.91348921498631",
        "mean_motion" : ".6148323622031979",
        "equinox" : "J2000"
      }
    }, {
      "links" : {
        "self" : "https://api.nasa.gov/neo/rest/v1/neo/3388356?api_key=t0TVs3DtDT2H8Oy2Zy8m2eVrNsAVKAexjcZXUckd"
      },
      "neo_reference_id" : "3388356",
      "name" : "(2007 TF68)",
      "nasa_jpl_url" : "http://ssd.jpl.nasa.gov/sbdb.cgi?sstr=3388356",
      "absolute_magnitude_h" : 22.7,
      "estimated_diameter" : {
        "kilometers" : {
          "estimated_diameter_min" : 0.0766575574,
          "estimated_diameter_max" : 0.1714115092
        },
        "meters" : {
          "estimated_diameter_min" : 76.6575573531,
          "estimated_diameter_max" : 171.4115092306
        },
        "miles" : {
          "estimated_diameter_min" : 0.0476327831,
          "estimated_diameter_max" : 0.1065101409
        },
        "feet" : {
          "estimated_diameter_min" : 251.5011804664,
          "estimated_diameter_max" : 562.3737359442
        }
      },
      "is_potentially_hazardous_asteroid" : false,
      "close_approach_data" : [ {
        "close_approach_date" : "1998-03-08",
        "epoch_date_close_approach" : 889344000000,
        "relative_velocity" : {
          "kilometers_per_second" : "14.1232665096",
          "kilometers_per_hour" : "50843.7594346054",
          "miles_per_hour" : "31592.3348553524"
        },
        "miss_distance" : {
          "astronomical" : "0.4096686709",
          "lunar" : "159.361114502",
          "kilometers" : "61285564",
          "miles" : "38081084"
        },
        "orbiting_body" : "Earth"
      } ],
      "orbital_data" : {
        "orbit_id" : "17",
        "orbit_determination_date" : "2017-04-06 09:05:41",
        "orbit_uncertainty" : "0",
        "minimum_orbit_intersection" : ".152437",
        "jupiter_tisserand_invariant" : "4.600",
        "epoch_osculation" : "2454876.5",
        "eccentricity" : ".2651691409660739",
        "semi_major_axis" : "1.40631102290573",
        "inclination" : "26.20153075051784",
        "ascending_node_longitude" : "19.38283845328887",
        "orbital_period" : "609.1447396368023",
        "perihelion_distance" : "1.033400737030697",
        "perihelion_argument" : "62.41303665457799",
        "aphelion_distance" : "1.779221308780764",
        "perihelion_time" : "2455059.809537264377",
        "mean_anomaly" : "251.6654300347031",
        "mean_motion" : ".5909925450799216",
        "equinox" : "J2000"
      }
    }, {
      "links" : {
        "self" : "https://api.nasa.gov/neo/rest/v1/neo/3600242?api_key=t0TVs3DtDT2H8Oy2Zy8m2eVrNsAVKAexjcZXUckd"
      },
      "neo_reference_id" : "3600242",
      "name" : "(2012 DJ61)",
      "nasa_jpl_url" : "http://ssd.jpl.nasa.gov/sbdb.cgi?sstr=3600242",
      "absolute_magnitude_h" : 19.9,
      "estimated_diameter" : {
        "kilometers" : {
          "estimated_diameter_min" : 0.2783267681,
          "estimated_diameter_max" : 0.6223575734
        },
        "meters" : {
          "estimated_diameter_min" : 278.3267680719,
          "estimated_diameter_max" : 622.3575733667
        },
        "miles" : {
          "estimated_diameter_min" : 0.1729441822,
          "estimated_diameter_max" : 0.3867149477
        },
        "feet" : {
          "estimated_diameter_min" : 913.1455937611,
          "estimated_diameter_max" : 2041.8556210042
        }
      },
      "is_potentially_hazardous_asteroid" : true,
      "close_approach_data" : [ {
        "close_approach_date" : "1998-03-08",
        "epoch_date_close_approach" : 889344000000,
        "relative_velocity" : {
          "kilometers_per_second" : "28.2012658991",
          "kilometers_per_hour" : "101524.5572368072",
          "miles_per_hour" : "63083.4116897261"
        },
        "miss_distance" : {
          "astronomical" : "0.0507948507",
          "lunar" : "19.7591972351",
          "kilometers" : "7598801.5",
          "miles" : "4721676.5"
        },
        "orbiting_body" : "Earth"
      } ],
      "orbital_data" : {
        "orbit_id" : "19",
        "orbit_determination_date" : "2017-04-06 08:50:42",
        "orbit_uncertainty" : "2",
        "minimum_orbit_intersection" : ".0298515",
        "jupiter_tisserand_invariant" : "6.097",
        "epoch_osculation" : "2458000.5",
        "eccentricity" : ".515313587190268",
        "semi_major_axis" : ".9176740341784246",
        "inclination" : "53.62974053734999",
        "ascending_node_longitude" : "346.2809941631512",
        "orbital_period" : "321.0931879120298",
        "perihelion_distance" : ".444784135754576",
        "perihelion_argument" : "311.9479463606393",
        "aphelion_distance" : "1.390563932602273",
        "perihelion_time" : "2458012.507316386742",
        "mean_anomaly" : "346.5377589374104",
        "mean_motion" : "1.121169845866146",
        "equinox" : "J2000"
      }
    }, {
      "links" : {
        "self" : "https://api.nasa.gov/neo/rest/v1/neo/3758927?api_key=t0TVs3DtDT2H8Oy2Zy8m2eVrNsAVKAexjcZXUckd"
      },
      "neo_reference_id" : "3758927",
      "name" : "(2016 RN1)",
      "nasa_jpl_url" : "http://ssd.jpl.nasa.gov/sbdb.cgi?sstr=3758927",
      "absolute_magnitude_h" : 21.1,
      "estimated_diameter" : {
        "kilometers" : {
          "estimated_diameter_min" : 0.160160338,
          "estimated_diameter_max" : 0.358129403
        },
        "meters" : {
          "estimated_diameter_min" : 160.1603379786,
          "estimated_diameter_max" : 358.1294030194
        },
        "miles" : {
          "estimated_diameter_min" : 0.0995189894,
          "estimated_diameter_max" : 0.2225312253
        },
        "feet" : {
          "estimated_diameter_min" : 525.4604432536,
          "estimated_diameter_max" : 1174.9652706022
        }
      },
      "is_potentially_hazardous_asteroid" : true,
      "close_approach_data" : [ {
        "close_approach_date" : "1998-03-08",
        "epoch_date_close_approach" : 889344000000,
        "relative_velocity" : {
          "kilometers_per_second" : "19.0647724357",
          "kilometers_per_hour" : "68633.1807684318",
          "miles_per_hour" : "42645.9894613625"
        },
        "miss_distance" : {
          "astronomical" : "0.3034194939",
          "lunar" : "118.0301895142",
          "kilometers" : "45390912",
          "miles" : "28204604"
        },
        "orbiting_body" : "Earth"
      } ],
      "orbital_data" : {
        "orbit_id" : "10",
        "orbit_determination_date" : "2017-04-06 08:24:13",
        "orbit_uncertainty" : "6",
        "minimum_orbit_intersection" : ".033471",
        "jupiter_tisserand_invariant" : "4.843",
        "epoch_osculation" : "2458000.5",
        "eccentricity" : ".2752896153509012",
        "semi_major_axis" : "1.310467992707921",
        "inclination" : "25.28810622581625",
        "ascending_node_longitude" : "188.6289315773943",
        "orbital_period" : "547.9463697160317",
        "perihelion_distance" : ".9497097630656897",
        "perihelion_argument" : "20.45830354869926",
        "aphelion_distance" : "1.671226222350152",
        "perihelion_time" : "2458030.561652540327",
        "mean_anomaly" : "340.2495362454428",
        "mean_motion" : ".6569986040542012",
        "equinox" : "J2000"
      }
    }, {
      "links" : {
        "self" : "https://api.nasa.gov/neo/rest/v1/neo/3781897?api_key=t0TVs3DtDT2H8Oy2Zy8m2eVrNsAVKAexjcZXUckd"
      },
      "neo_reference_id" : "3781897",
      "name" : "(2017 SL16)",
      "nasa_jpl_url" : "http://ssd.jpl.nasa.gov/sbdb.cgi?sstr=3781897",
      "absolute_magnitude_h" : 25.664,
      "estimated_diameter" : {
        "kilometers" : {
          "estimated_diameter_min" : 0.0195773983,
          "estimated_diameter_max" : 0.0437763934
        },
        "meters" : {
          "estimated_diameter_min" : 19.5773983009,
          "estimated_diameter_max" : 43.7763934234
        },
        "miles" : {
          "estimated_diameter_min" : 0.0121648276,
          "estimated_diameter_max" : 0.0272013814
        },
        "feet" : {
          "estimated_diameter_min" : 64.2303114415,
          "estimated_diameter_max" : 143.6233425991
        }
      },
      "is_potentially_hazardous_asteroid" : false,
      "close_approach_data" : [ {
        "close_approach_date" : "1998-03-08",
        "epoch_date_close_approach" : 889344000000,
        "relative_velocity" : {
          "kilometers_per_second" : "7.9463896059",
          "kilometers_per_hour" : "28607.0025813457",
          "miles_per_hour" : "17775.2789095034"
        },
        "miss_distance" : {
          "astronomical" : "0.0650704121",
          "lunar" : "25.3123912811",
          "kilometers" : "9734395",
          "miles" : "6048673"
        },
        "orbiting_body" : "Earth"
      } ],
      "orbital_data" : {
        "orbit_id" : "1",
        "orbit_determination_date" : "2017-09-27 15:42:08",
        "orbit_uncertainty" : "6",
        "minimum_orbit_intersection" : ".0177601",
        "jupiter_tisserand_invariant" : "6.048",
        "epoch_osculation" : "2458000.5",
        "eccentricity" : ".1540095688212493",
        "semi_major_axis" : "1.002518316473757",
        "inclination" : "8.619935043969701",
        "ascending_node_longitude" : "182.719676573434",
        "orbital_period" : "366.637515319359",
        "perihelion_distance" : ".8481209028182292",
        "perihelion_argument" : "71.26185003829899",
        "aphelion_distance" : "1.156915730129285",
        "perihelion_time" : "2457928.042239851260",
        "mean_anomaly" : "71.1460026964923",
        "mean_motion" : ".9818962461777067",
        "equinox" : "J2000"
      }
    } ]
  }
}