{
  "links" : {
    "next" : "https://api.nasa.gov/neo/rest/v1/feed?start_date=1996-11-09&end_date=1996-11-09&detailed=true&api_key=t0TVs3DtDT2H8Oy2Zy8m2eVrNsAVKAexjcZXUckd",
    "prev" : "https://api.nasa.gov/neo/rest/v1/feed?start_date=1996-11-07&end_date=1996-11-07&detailed=true&api_key=t0TVs3DtDT2H8Oy2Zy8m2eVrNsAVKAexjcZXUckd",
    "self" : "https://api.nasa.gov/neo/rest/v1/feed?start_date=1996-11-08&end_date=1996-11-08&detailed=true&api_key=t0TVs3DtDT2H8Oy2Zy8m2eVrNsAVKAexjcZXUckd"
  },
  "element_count" : 5,
  "near_earth_objects" : {
    "1996-11-08" : [ {
      "links" : {
        "self" : "https://api.nasa.gov/neo/rest/v1/neo/2363505?api_key=t0TVs3DtDT2H8Oy2Zy8m2eVrNsAVKAexjcZXUckd"
      },
      "neo_reference_id" : "2363505",
      "name" : "363505 (2003 UC20)",
      "nasa_jpl_url" : "http://ssd.jpl.nasa.gov/sbdb.cgi?sstr=2363505",
      "absolute_magnitude_h" : 18.1,
      "estimated_diameter" : {
        "kilometers" : {
          "estimated_diameter_min" : 0.6376097899,
          "estimated_diameter_max" : 1.4257388333
        },
        "meters" : {
          "estimated_diameter_min" : 637.6097898754,
          "estimated_diameter_max" : 1425.7388332807
        },
        "miles" : {
          "estimated_diameter_min" : 0.3961922327,
          "estimated_diameter_max" : 0.8859127646
        },
        "feet" : {
          "estimated_diameter_min" : 2091.8957030147,
          "estimated_diameter_max" : 4677.6209937807
        }
      },
      "is_potentially_hazardous_asteroid" : true,
      "close_approach_data" : [ {
        "close_approach_date" : "1996-11-08",
        "epoch_date_close_approach" : 847440000000,
        "relative_velocity" : {
          "kilometers_per_second" : "21.6552973305",
          "kilometers_per_hour" : "77959.0703897071",
          "miles_per_hour" : "48440.7345985377"
        },
        "miss_distance" : {
          "astronomical" : "0.4130720152",
          "lunar" : "160.6850128174",
          "kilometers" : "61794696",
          "miles" : "38397444"
        },
        "orbiting_body" : "Earth"
      } ],
      "orbital_data" : {
        "orbit_id" : "236",
        "orbit_determination_date" : "2017-04-06 09:22:44",
        "orbit_uncertainty" : "0",
        "minimum_orbit_intersection" : ".0345132",
        "jupiter_tisserand_invariant" : "7.388",
        "epoch_osculation" : "2455026.5",
        "eccentricity" : ".3367760294257492",
        "semi_major_axis" : ".7813002455679843",
        "inclination" : "3.794750521346799",
        "ascending_node_longitude" : "188.8616900718955",
        "orbital_period" : "252.2466272629769",
        "perihelion_distance" : ".5181770510762358",
        "perihelion_argument" : "59.28970787934009",
        "aphelion_distance" : "1.044423440059733",
        "perihelion_time" : "2455117.282730524735",
        "mean_anomaly" : "230.4371854501246",
        "mean_motion" : "1.427174681803321",
        "equinox" : "J2000"
      }
    }, {
      "links" : {
        "self" : "https://api.nasa.gov/neo/rest/v1/neo/3393169?api_key=t0TVs3DtDT2H8Oy2Zy8m2eVrNsAVKAexjcZXUckd"
      },
      "neo_reference_id" : "3393169",
      "name" : "(2007 VD12)",
      "nasa_jpl_url" : "http://ssd.jpl.nasa.gov/sbdb.cgi?sstr=3393169",
      "absolute_magnitude_h" : 20.0,
      "estimated_diameter" : {
        "kilometers" : {
          "estimated_diameter_min" : 0.2658,
          "estimated_diameter_max" : 0.5943468684
        },
        "meters" : {
          "estimated_diameter_min" : 265.8,
          "estimated_diameter_max" : 594.3468684194
        },
        "miles" : {
          "estimated_diameter_min" : 0.1651604118,
          "estimated_diameter_max" : 0.369309908
        },
        "feet" : {
          "estimated_diameter_min" : 872.047272,
          "estimated_diameter_max" : 1949.9569797852
        }
      },
      "is_potentially_hazardous_asteroid" : true,
      "close_approach_data" : [ {
        "close_approach_date" : "1996-11-08",
        "epoch_date_close_approach" : 847440000000,
        "relative_velocity" : {
          "kilometers_per_second" : "25.580738937",
          "kilometers_per_hour" : "92090.6601731651",
          "miles_per_hour" : "57221.5549281536"
        },
        "miss_distance" : {
          "astronomical" : "0.3942025636",
          "lunar" : "153.3448028564",
          "kilometers" : "58971864",
          "miles" : "36643416"
        },
        "orbiting_body" : "Earth"
      } ],
      "orbital_data" : {
        "orbit_id" : "36",
        "orbit_determination_date" : "2017-04-06 09:05:19",
        "orbit_uncertainty" : "1",
        "minimum_orbit_intersection" : ".0113181",
        "jupiter_tisserand_invariant" : "5.346",
        "epoch_osculation" : "2458000.5",
        "eccentricity" : ".3647240866394673",
        "semi_major_axis" : "1.145920073430122",
        "inclination" : "22.85879765054557",
        "ascending_node_longitude" : "62.71807742955433",
        "orbital_period" : "448.0535447937345",
        "perihelion_distance" : ".7279754212864895",
        "perihelion_argument" : "91.29045438558077",
        "aphelion_distance" : "1.563864725573755",
        "perihelion_time" : "2458076.352950963416",
        "mean_anomaly" : "299.0540200738716",
        "mean_motion" : ".803475397490113",
        "equinox" : "J2000"
      }
    }, {
      "links" : {
        "self" : "https://api.nasa.gov/neo/rest/v1/neo/3599867?api_key=t0TVs3DtDT2H8Oy2Zy8m2eVrNsAVKAexjcZXUckd"
      },
      "neo_reference_id" : "3599867",
      "name" : "(2012 DL31)",
      "nasa_jpl_url" : "http://ssd.jpl.nasa.gov/sbdb.cgi?sstr=3599867",
      "absolute_magnitude_h" : 22.8,
      "estimated_diameter" : {
        "kilometers" : {
          "estimated_diameter_min" : 0.0732073989,
          "estimated_diameter_max" : 0.1636967205
        },
        "meters" : {
          "estimated_diameter_min" : 73.2073989347,
          "estimated_diameter_max" : 163.696720474
        },
        "miles" : {
          "estimated_diameter_min" : 0.0454889547,
          "estimated_diameter_max" : 0.1017163949
        },
        "feet" : {
          "estimated_diameter_min" : 240.181762721,
          "estimated_diameter_max" : 537.0627483999
        }
      },
      "is_potentially_hazardous_asteroid" : false,
      "close_approach_data" : [ {
        "close_approach_date" : "1996-11-08",
        "epoch_date_close_approach" : 847440000000,
        "relative_velocity" : {
          "kilometers_per_second" : "7.1377286599",
          "kilometers_per_hour" : "25695.8231755749",
          "miles_per_hour" : "15966.3852392899"
        },
        "miss_distance" : {
          "astronomical" : "0.2448119667",
          "lunar" : "95.2318572998",
          "kilometers" : "36623348",
          "miles" : "22756694"
        },
        "orbiting_body" : "Earth"
      } ],
      "orbital_data" : {
        "orbit_id" : "23",
        "orbit_determination_date" : "2017-04-06 08:50:48",
        "orbit_uncertainty" : "3",
        "minimum_orbit_intersection" : ".113978",
        "jupiter_tisserand_invariant" : "6.253",
        "epoch_osculation" : "2458000.5",
        "eccentricity" : ".2242378150973576",
        "semi_major_axis" : ".9586175964783185",
        "inclination" : "9.498665893063539",
        "ascending_node_longitude" : "159.7975135152915",
        "orbital_period" : "342.8202931030539",
        "perihelion_distance" : ".7436592811301399",
        "perihelion_argument" : "200.0414759671872",
        "aphelion_distance" : "1.173575911826497",
        "perihelion_time" : "2457900.040892122624",
        "mean_anomaly" : "105.493401538467",
        "mean_motion" : "1.050112864502399",
        "equinox" : "J2000"
      }
    }, {
      "links" : {
        "self" : "https://api.nasa.gov/neo/rest/v1/neo/3761196?api_key=t0TVs3DtDT2H8Oy2Zy8m2eVrNsAVKAexjcZXUckd"
      },
      "neo_reference_id" : "3761196",
      "name" : "(2016 TE93)",
      "nasa_jpl_url" : "http://ssd.jpl.nasa.gov/sbdb.cgi?sstr=3761196",
      "absolute_magnitude_h" : 21.2,
      "estimated_diameter" : {
        "kilometers" : {
          "estimated_diameter_min" : 0.1529519353,
          "estimated_diameter_max" : 0.3420109247
        },
        "meters" : {
          "estimated_diameter_min" : 152.9519353442,
          "estimated_diameter_max" : 342.0109247198
        },
        "miles" : {
          "estimated_diameter_min" : 0.095039897,
          "estimated_diameter_max" : 0.2125156703
        },
        "feet" : {
          "estimated_diameter_min" : 501.8108275547,
          "estimated_diameter_max" : 1122.0831222578
        }
      },
      "is_potentially_hazardous_asteroid" : false,
      "close_approach_data" : [ {
        "close_approach_date" : "1996-11-08",
        "epoch_date_close_approach" : 847440000000,
        "relative_velocity" : {
          "kilometers_per_second" : "12.0993091698",
          "kilometers_per_hour" : "43557.5130113581",
          "miles_per_hour" : "27064.9446819742"
        },
        "miss_distance" : {
          "astronomical" : "0.2426800529",
          "lunar" : "94.4025421143",
          "kilometers" : "36304420",
          "miles" : "22558520"
        },
        "orbiting_body" : "Earth"
      } ],
      "orbital_data" : {
        "orbit_id" : "16",
        "orbit_determination_date" : "2017-08-29 06:19:35",
        "orbit_uncertainty" : "2",
        "minimum_orbit_intersection" : ".150454",
        "jupiter_tisserand_invariant" : "5.836",
        "epoch_osculation" : "2458000.5",
        "eccentricity" : ".1757576252161147",
        "semi_major_axis" : "1.035272332954641",
        "inclination" : "22.73246377016405",
        "ascending_node_longitude" : "214.2574778900386",
        "orbital_period" : "384.7515151187496",
        "perihelion_distance" : ".8533153262625865",
        "perihelion_argument" : "353.2022011640011",
        "aphelion_distance" : "1.217229339646695",
        "perihelion_time" : "2457865.504480731404",
        "mean_anomaly" : "126.3110995721358",
        "mean_motion" : ".9356688300210845",
        "equinox" : "J2000"
      }
    }, {
      "links" : {
        "self" : "https://api.nasa.gov/neo/rest/v1/neo/3763275?api_key=t0TVs3DtDT2H8Oy2Zy8m2eVrNsAVKAexjcZXUckd"
      },
      "neo_reference_id" : "3763275",
      "name" : "(2016 VZ)",
      "nasa_jpl_url" : "http://ssd.jpl.nasa.gov/sbdb.cgi?sstr=3763275",
      "absolute_magnitude_h" : 25.9,
      "estimated_diameter" : {
        "kilometers" : {
          "estimated_diameter_min" : 0.0175612318,
          "estimated_diameter_max" : 0.0392681082
        },
        "meters" : {
          "estimated_diameter_min" : 17.561231848,
          "estimated_diameter_max" : 39.2681081809
        },
        "miles" : {
          "estimated_diameter_min" : 0.0109120402,
          "estimated_diameter_max" : 0.0244000636
        },
        "feet" : {
          "estimated_diameter_min" : 57.6155918963,
          "estimated_diameter_max" : 128.8323800441
        }
      },
      "is_potentially_hazardous_asteroid" : false,
      "close_approach_data" : [ {
        "close_approach_date" : "1996-11-08",
        "epoch_date_close_approach" : 847440000000,
        "relative_velocity" : {
          "kilometers_per_second" : "12.9101146802",
          "kilometers_per_hour" : "46476.4128486746",
          "miles_per_hour" : "28878.6355281112"
        },
        "miss_distance" : {
          "astronomical" : "0.1046275661",
          "lunar" : "40.7001228333",
          "kilometers" : "15652061",
          "miles" : "9725740"
        },
        "orbiting_body" : "Earth"
      } ],
      "orbital_data" : {
        "orbit_id" : "7",
        "orbit_determination_date" : "2017-04-06 08:22:30",
        "orbit_uncertainty" : "6",
        "minimum_orbit_intersection" : ".00794797",
        "jupiter_tisserand_invariant" : "5.871",
        "epoch_osculation" : "2458000.5",
        "eccentricity" : ".3248996908406564",
        "semi_major_axis" : "1.034555126707821",
        "inclination" : "4.181620160743995",
        "ascending_node_longitude" : "44.14761718469538",
        "orbital_period" : "384.3517675586699",
        "perihelion_distance" : ".6984284858828337",
        "perihelion_argument" : "107.8931966002987",
        "aphelion_distance" : "1.370681767532808",
        "perihelion_time" : "2458157.759534079291",
        "mean_anomaly" : "212.7041188644909",
        "mean_motion" : ".9366419784840648",
        "equinox" : "J2000"
      }
    } ]
  }
}