{
  "links" : {
    "next" : "https://api.nasa.gov/neo/rest/v1/feed?start_date=1995-07-09&end_date=1995-07-09&detailed=true&api_key=t0TVs3DtDT2H8Oy2Zy8m2eVrNsAVKAexjcZXUckd",
    "prev" : "https://api.nasa.gov/neo/rest/v1/feed?start_date=1995-07-07&end_date=1995-07-07&detailed=true&api_key=t0TVs3DtDT2H8Oy2Zy8m2eVrNsAVKAexjcZXUckd",
    "self" : "https://api.nasa.gov/neo/rest/v1/feed?start_date=1995-07-08&end_date=1995-07-08&detailed=true&api_key=t0TVs3DtDT2H8Oy2Zy8m2eVrNsAVKAexjcZXUckd"
  },
  "element_count" : 6,
  "near_earth_objects" : {
    "1995-07-08" : [ {
      "links" : {
        "self" : "https://api.nasa.gov/neo/rest/v1/neo/2090416?api_key=t0TVs3DtDT2H8Oy2Zy8m2eVrNsAVKAexjcZXUckd"
      },
      "neo_reference_id" : "2090416",
      "name" : "90416 (2003 YK118)",
      "nasa_jpl_url" : "http://ssd.jpl.nasa.gov/sbdb.cgi?sstr=2090416",
      "absolute_magnitude_h" : 18.7,
      "estimated_diameter" : {
        "kilometers" : {
          "estimated_diameter_min" : 0.4836764882,
          "estimated_diameter_max" : 1.0815335068
        },
        "meters" : {
          "estimated_diameter_min" : 483.6764882185,
          "estimated_diameter_max" : 1081.533506775
        },
        "miles" : {
          "estimated_diameter_min" : 0.3005425432,
          "estimated_diameter_max" : 0.6720335566
        },
        "feet" : {
          "estimated_diameter_min" : 1586.8651696069,
          "estimated_diameter_max" : 3548.3383903678
        }
      },
      "is_potentially_hazardous_asteroid" : true,
      "close_approach_data" : [ {
        "close_approach_date" : "1995-07-08",
        "epoch_date_close_approach" : 805186800000,
        "relative_velocity" : {
          "kilometers_per_second" : "24.3634556187",
          "kilometers_per_hour" : "87708.4402273942",
          "miles_per_hour" : "54498.6138735161"
        },
        "miss_distance" : {
          "astronomical" : "0.4537824533",
          "lunar" : "176.5213623047",
          "kilometers" : "67884888",
          "miles" : "42181712"
        },
        "orbiting_body" : "Earth"
      } ],
      "orbital_data" : {
        "orbit_id" : "121",
        "orbit_determination_date" : "2017-04-06 09:28:18",
        "orbit_uncertainty" : "0",
        "minimum_orbit_intersection" : ".00197078",
        "jupiter_tisserand_invariant" : "4.054",
        "epoch_osculation" : "2458000.5",
        "eccentricity" : ".4921266252859243",
        "semi_major_axis" : "1.694978563392385",
        "inclination" : "7.83911684920814",
        "ascending_node_longitude" : "326.9024685776038",
        "orbital_period" : "806.0180023830769",
        "perihelion_distance" : ".8608344830581066",
        "perihelion_argument" : "233.0557394203598",
        "aphelion_distance" : "2.529122643726664",
        "perihelion_time" : "2457919.651618290933",
        "mean_anomaly" : "36.11013318463239",
        "mean_motion" : ".4466401481550315",
        "equinox" : "J2000"
      }
    }, {
      "links" : {
        "self" : "https://api.nasa.gov/neo/rest/v1/neo/2216523?api_key=t0TVs3DtDT2H8Oy2Zy8m2eVrNsAVKAexjcZXUckd"
      },
      "neo_reference_id" : "2216523",
      "name" : "216523 (2001 HY7)",
      "nasa_jpl_url" : "http://ssd.jpl.nasa.gov/sbdb.cgi?sstr=2216523",
      "absolute_magnitude_h" : 20.6,
      "estimated_diameter" : {
        "kilometers" : {
          "estimated_diameter_min" : 0.2016299194,
          "estimated_diameter_max" : 0.4508582062
        },
        "meters" : {
          "estimated_diameter_min" : 201.6299194428,
          "estimated_diameter_max" : 450.8582061718
        },
        "miles" : {
          "estimated_diameter_min" : 0.1252869847,
          "estimated_diameter_max" : 0.2801502144
        },
        "feet" : {
          "estimated_diameter_min" : 661.5155049046,
          "estimated_diameter_max" : 1479.1936371367
        }
      },
      "is_potentially_hazardous_asteroid" : true,
      "close_approach_data" : [ {
        "close_approach_date" : "1995-07-08",
        "epoch_date_close_approach" : 805186800000,
        "relative_velocity" : {
          "kilometers_per_second" : "8.9531690586",
          "kilometers_per_hour" : "32231.4086108898",
          "miles_per_hour" : "20027.3438671387"
        },
        "miss_distance" : {
          "astronomical" : "0.1383051498",
          "lunar" : "53.8007011414",
          "kilometers" : "20690156",
          "miles" : "12856266"
        },
        "orbiting_body" : "Earth"
      } ],
      "orbital_data" : {
        "orbit_id" : "67",
        "orbit_determination_date" : "2017-04-06 09:25:20",
        "orbit_uncertainty" : "0",
        "minimum_orbit_intersection" : ".0355235",
        "jupiter_tisserand_invariant" : "6.454",
        "epoch_osculation" : "2456346.5",
        "eccentricity" : ".4120948370750944",
        "semi_major_axis" : ".9138520280653585",
        "inclination" : "5.208499321631484",
        "ascending_node_longitude" : "205.2425729545676",
        "orbital_period" : "319.0893040944803",
        "perihelion_distance" : ".53725832544902",
        "perihelion_argument" : "211.1301076969899",
        "aphelion_distance" : "1.290445730681697",
        "perihelion_time" : "2456372.826237359775",
        "mean_anomaly" : "330.2984546084541",
        "mean_motion" : "1.128210802996412",
        "equinox" : "J2000"
      }
    }, {
      "links" : {
        "self" : "https://api.nasa.gov/neo/rest/v1/neo/2309728?api_key=t0TVs3DtDT2H8Oy2Zy8m2eVrNsAVKAexjcZXUckd"
      },
      "neo_reference_id" : "2309728",
      "name" : "309728 (2008 JF)",
      "nasa_jpl_url" : "http://ssd.jpl.nasa.gov/sbdb.cgi?sstr=2309728",
      "absolute_magnitude_h" : 18.1,
      "estimated_diameter" : {
        "kilometers" : {
          "estimated_diameter_min" : 0.6376097899,
          "estimated_diameter_max" : 1.4257388333
        },
        "meters" : {
          "estimated_diameter_min" : 637.6097898754,
          "estimated_diameter_max" : 1425.7388332807
        },
        "miles" : {
          "estimated_diameter_min" : 0.3961922327,
          "estimated_diameter_max" : 0.8859127646
        },
        "feet" : {
          "estimated_diameter_min" : 2091.8957030147,
          "estimated_diameter_max" : 4677.6209937807
        }
      },
      "is_potentially_hazardous_asteroid" : false,
      "close_approach_data" : [ {
        "close_approach_date" : "1995-07-08",
        "epoch_date_close_approach" : 805186800000,
        "relative_velocity" : {
          "kilometers_per_second" : "15.5946377133",
          "kilometers_per_hour" : "56140.6957679617",
          "miles_per_hour" : "34883.6451009315"
        },
        "miss_distance" : {
          "astronomical" : "0.3871723975",
          "lunar" : "150.6100616455",
          "kilometers" : "57920168",
          "miles" : "35989924"
        },
        "orbiting_body" : "Earth"
      } ],
      "orbital_data" : {
        "orbit_id" : "45",
        "orbit_determination_date" : "2017-04-06 09:23:55",
        "orbit_uncertainty" : "0",
        "minimum_orbit_intersection" : ".243876",
        "jupiter_tisserand_invariant" : "3.776",
        "epoch_osculation" : "2458000.5",
        "eccentricity" : ".3929044048426266",
        "semi_major_axis" : "1.90717825097135",
        "inclination" : "19.80151512180682",
        "ascending_node_longitude" : "90.67146973110701",
        "orbital_period" : "962.0227781647918",
        "perihelion_distance" : "1.15783951534465",
        "perihelion_argument" : "235.8207925627996",
        "aphelion_distance" : "2.656516986598051",
        "perihelion_time" : "2457630.109409080084",
        "mean_anomaly" : "138.6044236764724",
        "mean_motion" : ".3742115136678531",
        "equinox" : "J2000"
      }
    }, {
      "links" : {
        "self" : "https://api.nasa.gov/neo/rest/v1/neo/2458418?api_key=t0TVs3DtDT2H8Oy2Zy8m2eVrNsAVKAexjcZXUckd"
      },
      "neo_reference_id" : "2458418",
      "name" : "458418 (2011 AM12)",
      "nasa_jpl_url" : "http://ssd.jpl.nasa.gov/sbdb.cgi?sstr=2458418",
      "absolute_magnitude_h" : 19.5,
      "estimated_diameter" : {
        "kilometers" : {
          "estimated_diameter_min" : 0.3346223745,
          "estimated_diameter_max" : 0.7482383761
        },
        "meters" : {
          "estimated_diameter_min" : 334.6223744549,
          "estimated_diameter_max" : 748.2383760735
        },
        "miles" : {
          "estimated_diameter_min" : 0.2079246394,
          "estimated_diameter_max" : 0.464933628
        },
        "feet" : {
          "estimated_diameter_min" : 1097.8424710066,
          "estimated_diameter_max" : 2454.8503937571
        }
      },
      "is_potentially_hazardous_asteroid" : true,
      "close_approach_data" : [ {
        "close_approach_date" : "1995-07-08",
        "epoch_date_close_approach" : 805186800000,
        "relative_velocity" : {
          "kilometers_per_second" : "31.6077353288",
          "kilometers_per_hour" : "113787.8471836879",
          "miles_per_hour" : "70703.3431569976"
        },
        "miss_distance" : {
          "astronomical" : "0.4129162592",
          "lunar" : "160.6244354248",
          "kilometers" : "61771396",
          "miles" : "38382964"
        },
        "orbiting_body" : "Earth"
      } ],
      "orbital_data" : {
        "orbit_id" : "26",
        "orbit_determination_date" : "2017-04-06 09:19:48",
        "orbit_uncertainty" : "0",
        "minimum_orbit_intersection" : ".00803028",
        "jupiter_tisserand_invariant" : "3.594",
        "epoch_osculation" : "2458000.5",
        "eccentricity" : ".5374951507131843",
        "semi_major_axis" : "1.854462055451618",
        "inclination" : "38.50091552904151",
        "ascending_node_longitude" : "124.7942812859417",
        "orbital_period" : "922.4128707956813",
        "perihelion_distance" : ".8576976934647692",
        "perihelion_argument" : "237.7160546006993",
        "aphelion_distance" : "2.851226417438468",
        "perihelion_time" : "2458244.067896178250",
        "mean_anomaly" : "264.9401353771952",
        "mean_motion" : ".3902807640676793",
        "equinox" : "J2000"
      }
    }, {
      "links" : {
        "self" : "https://api.nasa.gov/neo/rest/v1/neo/3007951?api_key=t0TVs3DtDT2H8Oy2Zy8m2eVrNsAVKAexjcZXUckd"
      },
      "neo_reference_id" : "3007951",
      "name" : "(1995 LG)",
      "nasa_jpl_url" : "http://ssd.jpl.nasa.gov/sbdb.cgi?sstr=3007951",
      "absolute_magnitude_h" : 18.7,
      "estimated_diameter" : {
        "kilometers" : {
          "estimated_diameter_min" : 0.4836764882,
          "estimated_diameter_max" : 1.0815335068
        },
        "meters" : {
          "estimated_diameter_min" : 483.6764882185,
          "estimated_diameter_max" : 1081.533506775
        },
        "miles" : {
          "estimated_diameter_min" : 0.3005425432,
          "estimated_diameter_max" : 0.6720335566
        },
        "feet" : {
          "estimated_diameter_min" : 1586.8651696069,
          "estimated_diameter_max" : 3548.3383903678
        }
      },
      "is_potentially_hazardous_asteroid" : false,
      "close_approach_data" : [ {
        "close_approach_date" : "1995-07-08",
        "epoch_date_close_approach" : 805186800000,
        "relative_velocity" : {
          "kilometers_per_second" : "32.1814057516",
          "kilometers_per_hour" : "115853.0607057031",
          "miles_per_hour" : "71986.5865257187"
        },
        "miss_distance" : {
          "astronomical" : "0.2381173175",
          "lunar" : "92.6276397705",
          "kilometers" : "35621844",
          "miles" : "22134388"
        },
        "orbiting_body" : "Earth"
      } ],
      "orbital_data" : {
        "orbit_id" : "34",
        "orbit_determination_date" : "2017-06-21 06:17:20",
        "orbit_uncertainty" : "0",
        "minimum_orbit_intersection" : ".22291",
        "jupiter_tisserand_invariant" : "5.289",
        "epoch_osculation" : "2458000.5",
        "eccentricity" : ".790756960368756",
        "semi_major_axis" : "1.064507657848714",
        "inclination" : "43.56115448362104",
        "ascending_node_longitude" : "276.4541321668485",
        "orbital_period" : "401.1636849031553",
        "perihelion_distance" : ".2227408180390012",
        "perihelion_argument" : "160.10543676",
        "aphelion_distance" : "1.906274497658426",
        "perihelion_time" : "2457979.536854730827",
        "mean_anomaly" : "18.81210234352095",
        "mean_motion" : ".897389304036599",
        "equinox" : "J2000"
      }
    }, {
      "links" : {
        "self" : "https://api.nasa.gov/neo/rest/v1/neo/2495829?api_key=t0TVs3DtDT2H8Oy2Zy8m2eVrNsAVKAexjcZXUckd"
      },
      "neo_reference_id" : "2495829",
      "name" : "495829 (1995 LG)",
      "nasa_jpl_url" : "http://ssd.jpl.nasa.gov/sbdb.cgi?sstr=2495829",
      "absolute_magnitude_h" : 18.7,
      "estimated_diameter" : {
        "kilometers" : {
          "estimated_diameter_min" : 0.4836764882,
          "estimated_diameter_max" : 1.0815335068
        },
        "meters" : {
          "estimated_diameter_min" : 483.6764882185,
          "estimated_diameter_max" : 1081.533506775
        },
        "miles" : {
          "estimated_diameter_min" : 0.3005425432,
          "estimated_diameter_max" : 0.6720335566
        },
        "feet" : {
          "estimated_diameter_min" : 1586.8651696069,
          "estimated_diameter_max" : 3548.3383903678
        }
      },
      "is_potentially_hazardous_asteroid" : false,
      "close_approach_data" : [ {
        "close_approach_date" : "1995-07-08",
        "epoch_date_close_approach" : 805186800000,
        "relative_velocity" : {
          "kilometers_per_second" : "32.1814058882",
          "kilometers_per_hour" : "115853.0611975708",
          "miles_per_hour" : "71986.5868313461"
        },
        "miss_distance" : {
          "astronomical" : "0.2381172941",
          "lunar" : "92.6276245117",
          "kilometers" : "35621840",
          "miles" : "22134386"
        },
        "orbiting_body" : "Earth"
      } ],
      "orbital_data" : {
        "orbit_id" : "37",
        "orbit_determination_date" : "2017-09-13 06:20:17",
        "orbit_uncertainty" : "0",
        "minimum_orbit_intersection" : ".22291",
        "jupiter_tisserand_invariant" : "5.289",
        "epoch_osculation" : "2458000.5",
        "eccentricity" : ".7907569689137183",
        "semi_major_axis" : "1.064507658028576",
        "inclination" : "43.56115504220871",
        "ascending_node_longitude" : "276.4541314999233",
        "orbital_period" : "401.1636850048279",
        "perihelion_distance" : ".2227408089804583",
        "perihelion_argument" : "160.1054355754493",
        "aphelion_distance" : "1.906274507076694",
        "perihelion_time" : "2457979.536854091078",
        "mean_anomaly" : "18.8121029128578",
        "mean_motion" : ".8973893038091608",
        "equinox" : "J2000"
      }
    } ]
  }
}