{
  "links" : {
    "next" : "https://api.nasa.gov/neo/rest/v1/feed?start_date=2006-07-16&end_date=2006-07-16&detailed=true&api_key=t0TVs3DtDT2H8Oy2Zy8m2eVrNsAVKAexjcZXUckd",
    "prev" : "https://api.nasa.gov/neo/rest/v1/feed?start_date=2006-07-14&end_date=2006-07-14&detailed=true&api_key=t0TVs3DtDT2H8Oy2Zy8m2eVrNsAVKAexjcZXUckd",
    "self" : "https://api.nasa.gov/neo/rest/v1/feed?start_date=2006-07-15&end_date=2006-07-15&detailed=true&api_key=t0TVs3DtDT2H8Oy2Zy8m2eVrNsAVKAexjcZXUckd"
  },
  "element_count" : 6,
  "near_earth_objects" : {
    "2006-07-15" : [ {
      "links" : {
        "self" : "https://api.nasa.gov/neo/rest/v1/neo/3435081?api_key=t0TVs3DtDT2H8Oy2Zy8m2eVrNsAVKAexjcZXUckd"
      },
      "neo_reference_id" : "3435081",
      "name" : "(2008 UT99)",
      "nasa_jpl_url" : "http://ssd.jpl.nasa.gov/sbdb.cgi?sstr=3435081",
      "absolute_magnitude_h" : 24.4,
      "estimated_diameter" : {
        "kilometers" : {
          "estimated_diameter_min" : 0.0350392641,
          "estimated_diameter_max" : 0.0783501764
        },
        "meters" : {
          "estimated_diameter_min" : 35.0392641108,
          "estimated_diameter_max" : 78.3501764334
        },
        "miles" : {
          "estimated_diameter_min" : 0.0217723826,
          "estimated_diameter_max" : 0.0486845275
        },
        "feet" : {
          "estimated_diameter_min" : 114.9582192654,
          "estimated_diameter_max" : 257.0543928497
        }
      },
      "is_potentially_hazardous_asteroid" : false,
      "close_approach_data" : [ {
        "close_approach_date" : "2006-07-15",
        "epoch_date_close_approach" : 1152946800000,
        "relative_velocity" : {
          "kilometers_per_second" : "4.834408535",
          "kilometers_per_hour" : "17403.8707258203",
          "miles_per_hour" : "10814.0884518298"
        },
        "miss_distance" : {
          "astronomical" : "0.4898089281",
          "lunar" : "190.5356750488",
          "kilometers" : "73274368",
          "miles" : "45530584"
        },
        "orbiting_body" : "Earth"
      } ],
      "orbital_data" : {
        "orbit_id" : "11",
        "orbit_determination_date" : "2017-04-06 09:02:20",
        "orbit_uncertainty" : "6",
        "minimum_orbit_intersection" : ".0703298",
        "jupiter_tisserand_invariant" : "4.414",
        "epoch_osculation" : "2458000.5",
        "eccentricity" : ".309054144895937",
        "semi_major_axis" : "1.539583512386512",
        "inclination" : "1.590884955113613",
        "ascending_node_longitude" : "261.4478339011671",
        "orbital_period" : "697.7555573519445",
        "perihelion_distance" : "1.063768846470015",
        "perihelion_argument" : "116.5985011073005",
        "aphelion_distance" : "2.015398178303009",
        "perihelion_time" : "2458237.218370538083",
        "mean_anomaly" : "237.8675246713573",
        "mean_motion" : ".5159399967608108",
        "equinox" : "J2000"
      }
    }, {
      "links" : {
        "self" : "https://api.nasa.gov/neo/rest/v1/neo/2152828?api_key=t0TVs3DtDT2H8Oy2Zy8m2eVrNsAVKAexjcZXUckd"
      },
      "neo_reference_id" : "2152828",
      "name" : "152828 (1999 VT25)",
      "nasa_jpl_url" : "http://ssd.jpl.nasa.gov/sbdb.cgi?sstr=2152828",
      "absolute_magnitude_h" : 21.2,
      "estimated_diameter" : {
        "kilometers" : {
          "estimated_diameter_min" : 0.1529519353,
          "estimated_diameter_max" : 0.3420109247
        },
        "meters" : {
          "estimated_diameter_min" : 152.9519353442,
          "estimated_diameter_max" : 342.0109247198
        },
        "miles" : {
          "estimated_diameter_min" : 0.095039897,
          "estimated_diameter_max" : 0.2125156703
        },
        "feet" : {
          "estimated_diameter_min" : 501.8108275547,
          "estimated_diameter_max" : 1122.0831222578
        }
      },
      "is_potentially_hazardous_asteroid" : true,
      "close_approach_data" : [ {
        "close_approach_date" : "2006-07-15",
        "epoch_date_close_approach" : 1152946800000,
        "relative_velocity" : {
          "kilometers_per_second" : "18.5124639182",
          "kilometers_per_hour" : "66644.8701054051",
          "miles_per_hour" : "41410.5305385502"
        },
        "miss_distance" : {
          "astronomical" : "0.1121513152",
          "lunar" : "43.6268615723",
          "kilometers" : "16777598",
          "miles" : "10425116"
        },
        "orbiting_body" : "Earth"
      } ],
      "orbital_data" : {
        "orbit_id" : "36",
        "orbit_determination_date" : "2017-04-06 09:27:10",
        "orbit_uncertainty" : "0",
        "minimum_orbit_intersection" : ".0483128",
        "jupiter_tisserand_invariant" : "5.280",
        "epoch_osculation" : "2458000.5",
        "eccentricity" : ".5231662304887474",
        "semi_major_axis" : "1.161990087659339",
        "inclination" : "5.148869337419157",
        "ascending_node_longitude" : "222.0035992756099",
        "orbital_period" : "457.5115494105478",
        "perihelion_distance" : ".5540761136333135",
        "perihelion_argument" : "319.1597203224315",
        "aphelion_distance" : "1.769904061685365",
        "perihelion_time" : "2457990.053705054956",
        "mean_anomaly" : "8.219827860216961",
        "mean_motion" : ".7868653817894204",
        "equinox" : "J2000"
      }
    }, {
      "links" : {
        "self" : "https://api.nasa.gov/neo/rest/v1/neo/3644175?api_key=t0TVs3DtDT2H8Oy2Zy8m2eVrNsAVKAexjcZXUckd"
      },
      "neo_reference_id" : "3644175",
      "name" : "(2013 MD6)",
      "nasa_jpl_url" : "http://ssd.jpl.nasa.gov/sbdb.cgi?sstr=3644175",
      "absolute_magnitude_h" : 21.7,
      "estimated_diameter" : {
        "kilometers" : {
          "estimated_diameter_min" : 0.1214940408,
          "estimated_diameter_max" : 0.2716689341
        },
        "meters" : {
          "estimated_diameter_min" : 121.4940407996,
          "estimated_diameter_max" : 271.6689340891
        },
        "miles" : {
          "estimated_diameter_min" : 0.0754928736,
          "estimated_diameter_max" : 0.1688071972
        },
        "feet" : {
          "estimated_diameter_min" : 398.6025088171,
          "estimated_diameter_max" : 891.3023057169
        }
      },
      "is_potentially_hazardous_asteroid" : false,
      "close_approach_data" : [ {
        "close_approach_date" : "2006-07-15",
        "epoch_date_close_approach" : 1152946800000,
        "relative_velocity" : {
          "kilometers_per_second" : "16.8954466897",
          "kilometers_per_hour" : "60823.6080830507",
          "miles_per_hour" : "37793.4247002711"
        },
        "miss_distance" : {
          "astronomical" : "0.2920140023",
          "lunar" : "113.5934448242",
          "kilometers" : "43684672",
          "miles" : "27144398"
        },
        "orbiting_body" : "Earth"
      } ],
      "orbital_data" : {
        "orbit_id" : "13",
        "orbit_determination_date" : "2017-06-24 06:18:42",
        "orbit_uncertainty" : "0",
        "minimum_orbit_intersection" : ".206887",
        "jupiter_tisserand_invariant" : "6.739",
        "epoch_osculation" : "2458000.5",
        "eccentricity" : ".4337544575820043",
        "semi_major_axis" : ".8535791211404699",
        "inclination" : "28.30152700083529",
        "ascending_node_longitude" : "91.95222154912942",
        "orbital_period" : "288.0474946288692",
        "perihelion_distance" : ".4833353724468614",
        "perihelion_argument" : "1.585160650262724",
        "aphelion_distance" : "1.223822869834078",
        "perihelion_time" : "2458060.562230113731",
        "mean_anomaly" : "284.9345915374054",
        "mean_motion" : "1.249793894107071",
        "equinox" : "J2000"
      }
    }, {
      "links" : {
        "self" : "https://api.nasa.gov/neo/rest/v1/neo/3714125?api_key=t0TVs3DtDT2H8Oy2Zy8m2eVrNsAVKAexjcZXUckd"
      },
      "neo_reference_id" : "3714125",
      "name" : "(2015 FK36)",
      "nasa_jpl_url" : "http://ssd.jpl.nasa.gov/sbdb.cgi?sstr=3714125",
      "absolute_magnitude_h" : 20.7,
      "estimated_diameter" : {
        "kilometers" : {
          "estimated_diameter_min" : 0.1925550782,
          "estimated_diameter_max" : 0.4305662442
        },
        "meters" : {
          "estimated_diameter_min" : 192.5550781879,
          "estimated_diameter_max" : 430.566244241
        },
        "miles" : {
          "estimated_diameter_min" : 0.1196481415,
          "estimated_diameter_max" : 0.2675413778
        },
        "feet" : {
          "estimated_diameter_min" : 631.7424027221,
          "estimated_diameter_max" : 1412.6189567557
        }
      },
      "is_potentially_hazardous_asteroid" : false,
      "close_approach_data" : [ {
        "close_approach_date" : "2006-07-15",
        "epoch_date_close_approach" : 1152946800000,
        "relative_velocity" : {
          "kilometers_per_second" : "14.2476301846",
          "kilometers_per_hour" : "51291.4686646216",
          "miles_per_hour" : "31870.52395997"
        },
        "miss_distance" : {
          "astronomical" : "0.2663682319",
          "lunar" : "103.6172485352",
          "kilometers" : "39848120",
          "miles" : "24760474"
        },
        "orbiting_body" : "Earth"
      } ],
      "orbital_data" : {
        "orbit_id" : "14",
        "orbit_determination_date" : "2017-04-06 08:34:51",
        "orbit_uncertainty" : "4",
        "minimum_orbit_intersection" : ".121216",
        "jupiter_tisserand_invariant" : "3.966",
        "epoch_osculation" : "2458000.5",
        "eccentricity" : ".5646991743133583",
        "semi_major_axis" : "1.718347328069642",
        "inclination" : "8.620203496791941",
        "ascending_node_longitude" : "324.6084127427416",
        "orbital_period" : "822.7442481076284",
        "perihelion_distance" : ".7479980107251499",
        "perihelion_argument" : "344.4124416162516",
        "aphelion_distance" : "2.688696645414134",
        "perihelion_time" : "2458059.646106789792",
        "mean_anomaly" : "334.1200275865802",
        "mean_motion" : ".4375600325715143",
        "equinox" : "J2000"
      }
    }, {
      "links" : {
        "self" : "https://api.nasa.gov/neo/rest/v1/neo/3726511?api_key=t0TVs3DtDT2H8Oy2Zy8m2eVrNsAVKAexjcZXUckd"
      },
      "neo_reference_id" : "3726511",
      "name" : "(2015 QM3)",
      "nasa_jpl_url" : "http://ssd.jpl.nasa.gov/sbdb.cgi?sstr=3726511",
      "absolute_magnitude_h" : 20.4,
      "estimated_diameter" : {
        "kilometers" : {
          "estimated_diameter_min" : 0.2210828104,
          "estimated_diameter_max" : 0.4943561926
        },
        "meters" : {
          "estimated_diameter_min" : 221.0828103591,
          "estimated_diameter_max" : 494.3561926196
        },
        "miles" : {
          "estimated_diameter_min" : 0.137374447,
          "estimated_diameter_max" : 0.3071786018
        },
        "feet" : {
          "estimated_diameter_min" : 725.3373275385,
          "estimated_diameter_max" : 1621.9035709942
        }
      },
      "is_potentially_hazardous_asteroid" : false,
      "close_approach_data" : [ {
        "close_approach_date" : "2006-07-15",
        "epoch_date_close_approach" : 1152946800000,
        "relative_velocity" : {
          "kilometers_per_second" : "23.6682777004",
          "kilometers_per_hour" : "85205.7997215084",
          "miles_per_hour" : "52943.5703880673"
        },
        "miss_distance" : {
          "astronomical" : "0.4436276333",
          "lunar" : "172.5711517334",
          "kilometers" : "66365748",
          "miles" : "41237764"
        },
        "orbiting_body" : "Earth"
      } ],
      "orbital_data" : {
        "orbit_id" : "14",
        "orbit_determination_date" : "2017-04-06 08:32:22",
        "orbit_uncertainty" : "6",
        "minimum_orbit_intersection" : ".0603378",
        "jupiter_tisserand_invariant" : "7.968",
        "epoch_osculation" : "2458000.5",
        "eccentricity" : ".5311266167611985",
        "semi_major_axis" : ".7061856960164784",
        "inclination" : "16.12663522341424",
        "ascending_node_longitude" : "159.7375444854408",
        "orbital_period" : "216.7588317773578",
        "perihelion_distance" : ".331111676486094",
        "perihelion_argument" : "324.5664297715997",
        "aphelion_distance" : "1.081259715546863",
        "perihelion_time" : "2457990.832877869166",
        "mean_anomaly" : "16.05546560001224",
        "mean_motion" : "1.660831981092108",
        "equinox" : "J2000"
      }
    }, {
      "links" : {
        "self" : "https://api.nasa.gov/neo/rest/v1/neo/3772398?api_key=t0TVs3DtDT2H8Oy2Zy8m2eVrNsAVKAexjcZXUckd"
      },
      "neo_reference_id" : "3772398",
      "name" : "(2017 FD65)",
      "nasa_jpl_url" : "http://ssd.jpl.nasa.gov/sbdb.cgi?sstr=3772398",
      "absolute_magnitude_h" : 22.612,
      "estimated_diameter" : {
        "kilometers" : {
          "estimated_diameter_min" : 0.07982795,
          "estimated_diameter_max" : 0.1785007227
        },
        "meters" : {
          "estimated_diameter_min" : 79.8279499952,
          "estimated_diameter_max" : 178.5007226938
        },
        "miles" : {
          "estimated_diameter_min" : 0.0496027731,
          "estimated_diameter_max" : 0.1109151726
        },
        "feet" : {
          "estimated_diameter_min" : 261.9027314623,
          "estimated_diameter_max" : 585.6323110426
        }
      },
      "is_potentially_hazardous_asteroid" : false,
      "close_approach_data" : [ {
        "close_approach_date" : "2006-07-15",
        "epoch_date_close_approach" : 1152946800000,
        "relative_velocity" : {
          "kilometers_per_second" : "1.983208698",
          "kilometers_per_hour" : "7139.5513128449",
          "miles_per_hour" : "4436.2395365841"
        },
        "miss_distance" : {
          "astronomical" : "0.3313939683",
          "lunar" : "128.9122467041",
          "kilometers" : "49575832",
          "miles" : "30804994"
        },
        "orbiting_body" : "Earth"
      } ],
      "orbital_data" : {
        "orbit_id" : "25",
        "orbit_determination_date" : "2017-08-08 06:16:46",
        "orbit_uncertainty" : "4",
        "minimum_orbit_intersection" : ".169584",
        "jupiter_tisserand_invariant" : "4.486",
        "epoch_osculation" : "2458000.5",
        "eccentricity" : ".2522802916386989",
        "semi_major_axis" : "1.50298059470599",
        "inclination" : "10.0136236376039",
        "ascending_node_longitude" : "186.755409122183",
        "orbital_period" : "673.0208006424223",
        "perihelion_distance" : "1.123808211946258",
        "perihelion_argument" : "55.92414351403631",
        "aphelion_distance" : "1.882152977465722",
        "perihelion_time" : "2457901.925526400987",
        "mean_anomaly" : "52.7276578402501",
        "mean_motion" : ".5349017439823066",
        "equinox" : "J2000"
      }
    } ]
  }
}