{
  "links" : {
    "next" : "https://api.nasa.gov/neo/rest/v1/feed?start_date=2004-02-16&end_date=2004-02-16&detailed=true&api_key=t0TVs3DtDT2H8Oy2Zy8m2eVrNsAVKAexjcZXUckd",
    "prev" : "https://api.nasa.gov/neo/rest/v1/feed?start_date=2004-02-14&end_date=2004-02-14&detailed=true&api_key=t0TVs3DtDT2H8Oy2Zy8m2eVrNsAVKAexjcZXUckd",
    "self" : "https://api.nasa.gov/neo/rest/v1/feed?start_date=2004-02-15&end_date=2004-02-15&detailed=true&api_key=t0TVs3DtDT2H8Oy2Zy8m2eVrNsAVKAexjcZXUckd"
  },
  "element_count" : 7,
  "near_earth_objects" : {
    "2004-02-15" : [ {
      "links" : {
        "self" : "https://api.nasa.gov/neo/rest/v1/neo/3172317?api_key=t0TVs3DtDT2H8Oy2Zy8m2eVrNsAVKAexjcZXUckd"
      },
      "neo_reference_id" : "3172317",
      "name" : "(2004 AE6)",
      "nasa_jpl_url" : "http://ssd.jpl.nasa.gov/sbdb.cgi?sstr=3172317",
      "absolute_magnitude_h" : 24.4,
      "estimated_diameter" : {
        "kilometers" : {
          "estimated_diameter_min" : 0.0350392641,
          "estimated_diameter_max" : 0.0783501764
        },
        "meters" : {
          "estimated_diameter_min" : 35.0392641108,
          "estimated_diameter_max" : 78.3501764334
        },
        "miles" : {
          "estimated_diameter_min" : 0.0217723826,
          "estimated_diameter_max" : 0.0486845275
        },
        "feet" : {
          "estimated_diameter_min" : 114.9582192654,
          "estimated_diameter_max" : 257.0543928497
        }
      },
      "is_potentially_hazardous_asteroid" : false,
      "close_approach_data" : [ {
        "close_approach_date" : "2004-02-15",
        "epoch_date_close_approach" : 1076832000000,
        "relative_velocity" : {
          "kilometers_per_second" : "8.0641096804",
          "kilometers_per_hour" : "29030.7948496119",
          "miles_per_hour" : "18038.6069441936"
        },
        "miss_distance" : {
          "astronomical" : "0.0595530691",
          "lunar" : "23.1661434174",
          "kilometers" : "8909012",
          "miles" : "5535803.5"
        },
        "orbiting_body" : "Earth"
      } ],
      "orbital_data" : {
        "orbit_id" : "11",
        "orbit_determination_date" : "2017-04-06 09:13:18",
        "orbit_uncertainty" : "8",
        "minimum_orbit_intersection" : ".0551852",
        "jupiter_tisserand_invariant" : "4.481",
        "epoch_osculation" : "2453023.5",
        "eccentricity" : ".3762602817218874",
        "semi_major_axis" : "1.488228178640464",
        "inclination" : "6.69139724306102",
        "ascending_node_longitude" : "298.1507077980451",
        "orbital_period" : "663.1361627722409",
        "perihelion_distance" : ".9282670248787518",
        "perihelion_argument" : "250.8727253772571",
        "aphelion_distance" : "2.048189332402177",
        "perihelion_time" : "2453086.986060559629",
        "mean_anomaly" : "325.5350091210209",
        "mean_motion" : ".5428749330982341",
        "equinox" : "J2000"
      }
    }, {
      "links" : {
        "self" : "https://api.nasa.gov/neo/rest/v1/neo/2163818?api_key=t0TVs3DtDT2H8Oy2Zy8m2eVrNsAVKAexjcZXUckd"
      },
      "neo_reference_id" : "2163818",
      "name" : "163818 (2003 RX7)",
      "nasa_jpl_url" : "http://ssd.jpl.nasa.gov/sbdb.cgi?sstr=2163818",
      "absolute_magnitude_h" : 18.4,
      "estimated_diameter" : {
        "kilometers" : {
          "estimated_diameter_min" : 0.5553349116,
          "estimated_diameter_max" : 1.2417666126
        },
        "meters" : {
          "estimated_diameter_min" : 555.334911581,
          "estimated_diameter_max" : 1241.766612574
        },
        "miles" : {
          "estimated_diameter_min" : 0.3450690093,
          "estimated_diameter_max" : 0.7715977618
        },
        "feet" : {
          "estimated_diameter_min" : 1821.9649913114,
          "estimated_diameter_max" : 4074.0375731972
        }
      },
      "is_potentially_hazardous_asteroid" : true,
      "close_approach_data" : [ {
        "close_approach_date" : "2004-02-15",
        "epoch_date_close_approach" : 1076832000000,
        "relative_velocity" : {
          "kilometers_per_second" : "8.4483436562",
          "kilometers_per_hour" : "30414.0371621707",
          "miles_per_hour" : "18898.099924461"
        },
        "miss_distance" : {
          "astronomical" : "0.2435441844",
          "lunar" : "94.7386932373",
          "kilometers" : "36433692",
          "miles" : "22638848"
        },
        "orbiting_body" : "Earth"
      } ],
      "orbital_data" : {
        "orbit_id" : "84",
        "orbit_determination_date" : "2017-04-06 09:26:10",
        "orbit_uncertainty" : "0",
        "minimum_orbit_intersection" : ".026241",
        "jupiter_tisserand_invariant" : "5.127",
        "epoch_osculation" : "2458000.5",
        "eccentricity" : ".3543832865094087",
        "semi_major_axis" : "1.229203336360471",
        "inclination" : "10.38987494598176",
        "ascending_node_longitude" : "241.0761612960961",
        "orbital_period" : "497.7760789915132",
        "perihelion_distance" : ".7935942182327171",
        "perihelion_argument" : "245.840401531975",
        "aphelion_distance" : "1.664812454488225",
        "perihelion_time" : "2458016.837125135150",
        "mean_anomaly" : "348.1847173922666",
        "mean_motion" : ".723216753865221",
        "equinox" : "J2000"
      }
    }, {
      "links" : {
        "self" : "https://api.nasa.gov/neo/rest/v1/neo/3174203?api_key=t0TVs3DtDT2H8Oy2Zy8m2eVrNsAVKAexjcZXUckd"
      },
      "neo_reference_id" : "3174203",
      "name" : "(2004 BG86)",
      "nasa_jpl_url" : "http://ssd.jpl.nasa.gov/sbdb.cgi?sstr=3174203",
      "absolute_magnitude_h" : 19.4,
      "estimated_diameter" : {
        "kilometers" : {
          "estimated_diameter_min" : 0.3503926411,
          "estimated_diameter_max" : 0.7835017643
        },
        "meters" : {
          "estimated_diameter_min" : 350.3926411083,
          "estimated_diameter_max" : 783.5017643338
        },
        "miles" : {
          "estimated_diameter_min" : 0.2177238258,
          "estimated_diameter_max" : 0.4868452748
        },
        "feet" : {
          "estimated_diameter_min" : 1149.5821926537,
          "estimated_diameter_max" : 2570.543928497
        }
      },
      "is_potentially_hazardous_asteroid" : false,
      "close_approach_data" : [ {
        "close_approach_date" : "2004-02-15",
        "epoch_date_close_approach" : 1076832000000,
        "relative_velocity" : {
          "kilometers_per_second" : "33.5990844672",
          "kilometers_per_hour" : "120956.7040817775",
          "miles_per_hour" : "75157.7920445911"
        },
        "miss_distance" : {
          "astronomical" : "0.3428099041",
          "lunar" : "133.3530578613",
          "kilometers" : "51283632",
          "miles" : "31866172"
        },
        "orbiting_body" : "Earth"
      } ],
      "orbital_data" : {
        "orbit_id" : "22",
        "orbit_determination_date" : "2017-04-06 09:13:13",
        "orbit_uncertainty" : "0",
        "minimum_orbit_intersection" : ".160617",
        "jupiter_tisserand_invariant" : "4.498",
        "epoch_osculation" : "2458000.5",
        "eccentricity" : ".6133003649551679",
        "semi_major_axis" : "1.352355674555401",
        "inclination" : "36.1623600984653",
        "ascending_node_longitude" : "146.6862728574567",
        "orbital_period" : "574.4269647985786",
        "perihelion_distance" : ".5229554458013811",
        "perihelion_argument" : "123.3766759774473",
        "aphelion_distance" : "2.18175590330942",
        "perihelion_time" : "2458273.090056384316",
        "mean_anomaly" : "189.164669641225",
        "mean_motion" : ".6267115265493031",
        "equinox" : "J2000"
      }
    }, {
      "links" : {
        "self" : "https://api.nasa.gov/neo/rest/v1/neo/3176186?api_key=t0TVs3DtDT2H8Oy2Zy8m2eVrNsAVKAexjcZXUckd"
      },
      "neo_reference_id" : "3176186",
      "name" : "(2004 DM44)",
      "nasa_jpl_url" : "http://ssd.jpl.nasa.gov/sbdb.cgi?sstr=3176186",
      "absolute_magnitude_h" : 20.7,
      "estimated_diameter" : {
        "kilometers" : {
          "estimated_diameter_min" : 0.1925550782,
          "estimated_diameter_max" : 0.4305662442
        },
        "meters" : {
          "estimated_diameter_min" : 192.5550781879,
          "estimated_diameter_max" : 430.566244241
        },
        "miles" : {
          "estimated_diameter_min" : 0.1196481415,
          "estimated_diameter_max" : 0.2675413778
        },
        "feet" : {
          "estimated_diameter_min" : 631.7424027221,
          "estimated_diameter_max" : 1412.6189567557
        }
      },
      "is_potentially_hazardous_asteroid" : true,
      "close_approach_data" : [ {
        "close_approach_date" : "2004-02-15",
        "epoch_date_close_approach" : 1076832000000,
        "relative_velocity" : {
          "kilometers_per_second" : "14.9179345229",
          "kilometers_per_hour" : "53704.5642823633",
          "miles_per_hour" : "33369.9277342274"
        },
        "miss_distance" : {
          "astronomical" : "0.1451137543",
          "lunar" : "56.4492492676",
          "kilometers" : "21708708",
          "miles" : "13489166"
        },
        "orbiting_body" : "Earth"
      } ],
      "orbital_data" : {
        "orbit_id" : "22",
        "orbit_determination_date" : "2017-04-06 09:13:08",
        "orbit_uncertainty" : "0",
        "minimum_orbit_intersection" : ".0416774",
        "jupiter_tisserand_invariant" : "3.055",
        "epoch_osculation" : "2458000.5",
        "eccentricity" : ".7111307253708218",
        "semi_major_axis" : "2.476428128546402",
        "inclination" : "10.53948121292015",
        "ascending_node_longitude" : "350.8074717700928",
        "orbital_period" : "1423.432964958321",
        "perihelion_distance" : ".7153639971644925",
        "perihelion_argument" : "95.61860066623292",
        "aphelion_distance" : "4.237492259928312",
        "perihelion_time" : "2458705.737133428876",
        "mean_anomaly" : "181.6386902056683",
        "mean_motion" : ".2529096970931406",
        "equinox" : "J2000"
      }
    }, {
      "links" : {
        "self" : "https://api.nasa.gov/neo/rest/v1/neo/3753079?api_key=t0TVs3DtDT2H8Oy2Zy8m2eVrNsAVKAexjcZXUckd"
      },
      "neo_reference_id" : "3753079",
      "name" : "(2016 JH18)",
      "nasa_jpl_url" : "http://ssd.jpl.nasa.gov/sbdb.cgi?sstr=3753079",
      "absolute_magnitude_h" : 26.1,
      "estimated_diameter" : {
        "kilometers" : {
          "estimated_diameter_min" : 0.0160160338,
          "estimated_diameter_max" : 0.0358129403
        },
        "meters" : {
          "estimated_diameter_min" : 16.0160337979,
          "estimated_diameter_max" : 35.8129403019
        },
        "miles" : {
          "estimated_diameter_min" : 0.0099518989,
          "estimated_diameter_max" : 0.0222531225
        },
        "feet" : {
          "estimated_diameter_min" : 52.5460443254,
          "estimated_diameter_max" : 117.4965270602
        }
      },
      "is_potentially_hazardous_asteroid" : false,
      "close_approach_data" : [ {
        "close_approach_date" : "2004-02-15",
        "epoch_date_close_approach" : 1076832000000,
        "relative_velocity" : {
          "kilometers_per_second" : "16.5433767769",
          "kilometers_per_hour" : "59556.1563967694",
          "miles_per_hour" : "37005.8795122038"
        },
        "miss_distance" : {
          "astronomical" : "0.3118880124",
          "lunar" : "121.324432373",
          "kilometers" : "46657784",
          "miles" : "28991802"
        },
        "orbiting_body" : "Earth"
      } ],
      "orbital_data" : {
        "orbit_id" : "7",
        "orbit_determination_date" : "2017-04-06 08:25:59",
        "orbit_uncertainty" : "7",
        "minimum_orbit_intersection" : ".019812",
        "jupiter_tisserand_invariant" : "6.604",
        "epoch_osculation" : "2458000.5",
        "eccentricity" : ".2589775393997538",
        "semi_major_axis" : ".8963846842814953",
        "inclination" : "4.333445913231539",
        "ascending_node_longitude" : "224.9175107458287",
        "orbital_period" : "309.9845639489179",
        "perihelion_distance" : ".6642411843906485",
        "perihelion_argument" : "147.6262901139639",
        "aphelion_distance" : "1.128528184172342",
        "perihelion_time" : "2457933.919433873401",
        "mean_anomaly" : "77.32321732486442",
        "mean_motion" : "1.161348150417336",
        "equinox" : "J2000"
      }
    }, {
      "links" : {
        "self" : "https://api.nasa.gov/neo/rest/v1/neo/3754384?api_key=t0TVs3DtDT2H8Oy2Zy8m2eVrNsAVKAexjcZXUckd"
      },
      "neo_reference_id" : "3754384",
      "name" : "(2016 ND1)",
      "nasa_jpl_url" : "http://ssd.jpl.nasa.gov/sbdb.cgi?sstr=3754384",
      "absolute_magnitude_h" : 25.3,
      "estimated_diameter" : {
        "kilometers" : {
          "estimated_diameter_min" : 0.0231502122,
          "estimated_diameter_max" : 0.0517654482
        },
        "meters" : {
          "estimated_diameter_min" : 23.150212221,
          "estimated_diameter_max" : 51.7654482198
        },
        "miles" : {
          "estimated_diameter_min" : 0.0143848705,
          "estimated_diameter_max" : 0.0321655483
        },
        "feet" : {
          "estimated_diameter_min" : 75.9521422633,
          "estimated_diameter_max" : 169.8341531374
        }
      },
      "is_potentially_hazardous_asteroid" : false,
      "close_approach_data" : [ {
        "close_approach_date" : "2004-02-15",
        "epoch_date_close_approach" : 1076832000000,
        "relative_velocity" : {
          "kilometers_per_second" : "4.4270048048",
          "kilometers_per_hour" : "15937.2172971075",
          "miles_per_hour" : "9902.7670477499"
        },
        "miss_distance" : {
          "astronomical" : "0.1791529302",
          "lunar" : "69.6904907227",
          "kilometers" : "26800898",
          "miles" : "16653306"
        },
        "orbiting_body" : "Earth"
      } ],
      "orbital_data" : {
        "orbit_id" : "11",
        "orbit_determination_date" : "2017-04-06 08:25:10",
        "orbit_uncertainty" : "2",
        "minimum_orbit_intersection" : ".0151469",
        "jupiter_tisserand_invariant" : "5.829",
        "epoch_osculation" : "2458000.5",
        "eccentricity" : ".06998946444985443",
        "semi_major_axis" : "1.053116404918684",
        "inclination" : "8.480602663127476",
        "ascending_node_longitude" : "286.2044695848729",
        "orbital_period" : "394.7416880106416",
        "perihelion_distance" : ".9794093517350694",
        "perihelion_argument" : "78.11940432367183",
        "aphelion_distance" : "1.126823458102299",
        "perihelion_time" : "2458048.167498972514",
        "mean_anomaly" : "316.5277746148709",
        "mean_motion" : ".911988804157657",
        "equinox" : "J2000"
      }
    }, {
      "links" : {
        "self" : "https://api.nasa.gov/neo/rest/v1/neo/3713303?api_key=t0TVs3DtDT2H8Oy2Zy8m2eVrNsAVKAexjcZXUckd"
      },
      "neo_reference_id" : "3713303",
      "name" : "(2015 EN7)",
      "nasa_jpl_url" : "http://ssd.jpl.nasa.gov/sbdb.cgi?sstr=3713303",
      "absolute_magnitude_h" : 20.2,
      "estimated_diameter" : {
        "kilometers" : {
          "estimated_diameter_min" : 0.2424124811,
          "estimated_diameter_max" : 0.5420507863
        },
        "meters" : {
          "estimated_diameter_min" : 242.4124811008,
          "estimated_diameter_max" : 542.0507863358
        },
        "miles" : {
          "estimated_diameter_min" : 0.1506280858,
          "estimated_diameter_max" : 0.3368146392
        },
        "feet" : {
          "estimated_diameter_min" : 795.3165644948,
          "estimated_diameter_max" : 1778.3819018419
        }
      },
      "is_potentially_hazardous_asteroid" : false,
      "close_approach_data" : [ {
        "close_approach_date" : "2004-02-15",
        "epoch_date_close_approach" : 1076832000000,
        "relative_velocity" : {
          "kilometers_per_second" : "23.3086160175",
          "kilometers_per_hour" : "83911.0176629222",
          "miles_per_hour" : "52139.0431694974"
        },
        "miss_distance" : {
          "astronomical" : "0.4201392495",
          "lunar" : "163.434173584",
          "kilometers" : "62851940",
          "miles" : "39054384"
        },
        "orbiting_body" : "Earth"
      } ],
      "orbital_data" : {
        "orbit_id" : "6",
        "orbit_determination_date" : "2017-04-06 08:35:07",
        "orbit_uncertainty" : "2",
        "minimum_orbit_intersection" : ".120911",
        "jupiter_tisserand_invariant" : "4.127",
        "epoch_osculation" : "2458000.5",
        "eccentricity" : ".5000774451547551",
        "semi_major_axis" : "1.499342974684256",
        "inclination" : "45.033077893093",
        "ascending_node_longitude" : "341.277209926569",
        "orbital_period" : "670.5789407538757",
        "perihelion_distance" : ".7495553704934226",
        "perihelion_argument" : "55.68973674080664",
        "aphelion_distance" : "2.249130578875089",
        "perihelion_time" : "2458323.575737901407",
        "mean_anomaly" : "186.5569367362596",
        "mean_motion" : ".5368495461478139",
        "equinox" : "J2000"
      }
    } ]
  }
}