{
  "links" : {
    "next" : "https://api.nasa.gov/neo/rest/v1/feed?start_date=2005-11-09&end_date=2005-11-09&detailed=true&api_key=t0TVs3DtDT2H8Oy2Zy8m2eVrNsAVKAexjcZXUckd",
    "prev" : "https://api.nasa.gov/neo/rest/v1/feed?start_date=2005-11-07&end_date=2005-11-07&detailed=true&api_key=t0TVs3DtDT2H8Oy2Zy8m2eVrNsAVKAexjcZXUckd",
    "self" : "https://api.nasa.gov/neo/rest/v1/feed?start_date=2005-11-08&end_date=2005-11-08&detailed=true&api_key=t0TVs3DtDT2H8Oy2Zy8m2eVrNsAVKAexjcZXUckd"
  },
  "element_count" : 6,
  "near_earth_objects" : {
    "2005-11-08" : [ {
      "links" : {
        "self" : "https://api.nasa.gov/neo/rest/v1/neo/3297634?api_key=t0TVs3DtDT2H8Oy2Zy8m2eVrNsAVKAexjcZXUckd"
      },
      "neo_reference_id" : "3297634",
      "name" : "(2005 VY1)",
      "nasa_jpl_url" : "http://ssd.jpl.nasa.gov/sbdb.cgi?sstr=3297634",
      "absolute_magnitude_h" : 26.4,
      "estimated_diameter" : {
        "kilometers" : {
          "estimated_diameter_min" : 0.0139493823,
          "estimated_diameter_max" : 0.0311917671
        },
        "meters" : {
          "estimated_diameter_min" : 13.9493822934,
          "estimated_diameter_max" : 31.1917670523
        },
        "miles" : {
          "estimated_diameter_min" : 0.0086677416,
          "estimated_diameter_max" : 0.0193816595
        },
        "feet" : {
          "estimated_diameter_min" : 45.7656914036,
          "estimated_diameter_max" : 102.3351970157
        }
      },
      "is_potentially_hazardous_asteroid" : false,
      "close_approach_data" : [ {
        "close_approach_date" : "2005-11-08",
        "epoch_date_close_approach" : 1131436800000,
        "relative_velocity" : {
          "kilometers_per_second" : "6.935139631",
          "kilometers_per_hour" : "24966.5026716791",
          "miles_per_hour" : "15513.213840633"
        },
        "miss_distance" : {
          "astronomical" : "0.0087122191",
          "lunar" : "3.3890531063",
          "kilometers" : "1303329.375",
          "miles" : "809851.375"
        },
        "orbiting_body" : "Earth"
      } ],
      "orbital_data" : {
        "orbit_id" : "13",
        "orbit_determination_date" : "2017-04-06 09:09:56",
        "orbit_uncertainty" : "6",
        "minimum_orbit_intersection" : ".00865829",
        "jupiter_tisserand_invariant" : "4.136",
        "epoch_osculation" : "2458000.5",
        "eccentricity" : ".4108657780892771",
        "semi_major_axis" : "1.673596406149825",
        "inclination" : "6.606380301869978",
        "ascending_node_longitude" : "45.04381043353261",
        "orbital_period" : "790.8143270596145",
        "perihelion_distance" : ".9859729165296597",
        "perihelion_argument" : "18.21164402797456",
        "aphelion_distance" : "2.361219895769991",
        "perihelion_time" : "2457651.353201196222",
        "mean_anomaly" : "158.9410349161327",
        "mean_motion" : ".4552269574307572",
        "equinox" : "J2000"
      }
    }, {
      "links" : {
        "self" : "https://api.nasa.gov/neo/rest/v1/neo/2307493?api_key=t0TVs3DtDT2H8Oy2Zy8m2eVrNsAVKAexjcZXUckd"
      },
      "neo_reference_id" : "2307493",
      "name" : "307493 (2002 XP90)",
      "nasa_jpl_url" : "http://ssd.jpl.nasa.gov/sbdb.cgi?sstr=2307493",
      "absolute_magnitude_h" : 18.6,
      "estimated_diameter" : {
        "kilometers" : {
          "estimated_diameter_min" : 0.5064714588,
          "estimated_diameter_max" : 1.1325046106
        },
        "meters" : {
          "estimated_diameter_min" : 506.4714588346,
          "estimated_diameter_max" : 1132.5046106177
        },
        "miles" : {
          "estimated_diameter_min" : 0.3147066768,
          "estimated_diameter_max" : 0.7037055224
        },
        "feet" : {
          "estimated_diameter_min" : 1661.651821003,
          "estimated_diameter_max" : 3715.566426699
        }
      },
      "is_potentially_hazardous_asteroid" : false,
      "close_approach_data" : [ {
        "close_approach_date" : "2005-11-08",
        "epoch_date_close_approach" : 1131436800000,
        "relative_velocity" : {
          "kilometers_per_second" : "16.1548077797",
          "kilometers_per_hour" : "58157.3080069178",
          "miles_per_hour" : "36136.6895224096"
        },
        "miss_distance" : {
          "astronomical" : "0.271939772",
          "lunar" : "105.784576416",
          "kilometers" : "40681612",
          "miles" : "25278382"
        },
        "orbiting_body" : "Earth"
      } ],
      "orbital_data" : {
        "orbit_id" : "41",
        "orbit_determination_date" : "2017-06-21 06:19:27",
        "orbit_uncertainty" : "0",
        "minimum_orbit_intersection" : ".0519705",
        "jupiter_tisserand_invariant" : "3.444",
        "epoch_osculation" : "2458000.5",
        "eccentricity" : ".5874365334257151",
        "semi_major_axis" : "2.078833739834803",
        "inclination" : "23.11594016451922",
        "ascending_node_longitude" : "78.60008286750406",
        "orbital_period" : "1094.783043389358",
        "perihelion_distance" : ".8576508541378314",
        "perihelion_argument" : "324.1354782122878",
        "aphelion_distance" : "3.300016625531775",
        "perihelion_time" : "2458054.952947593696",
        "mean_anomaly" : "342.094113302083",
        "mean_motion" : ".3288322761060216",
        "equinox" : "J2000"
      }
    }, {
      "links" : {
        "self" : "https://api.nasa.gov/neo/rest/v1/neo/2363790?api_key=t0TVs3DtDT2H8Oy2Zy8m2eVrNsAVKAexjcZXUckd"
      },
      "neo_reference_id" : "2363790",
      "name" : "363790 (2005 JE46)",
      "nasa_jpl_url" : "http://ssd.jpl.nasa.gov/sbdb.cgi?sstr=2363790",
      "absolute_magnitude_h" : 17.7,
      "estimated_diameter" : {
        "kilometers" : {
          "estimated_diameter_min" : 0.7665755735,
          "estimated_diameter_max" : 1.7141150923
        },
        "meters" : {
          "estimated_diameter_min" : 766.5755735311,
          "estimated_diameter_max" : 1714.1150923063
        },
        "miles" : {
          "estimated_diameter_min" : 0.4763278307,
          "estimated_diameter_max" : 1.065101409
        },
        "feet" : {
          "estimated_diameter_min" : 2515.0118046636,
          "estimated_diameter_max" : 5623.7373594423
        }
      },
      "is_potentially_hazardous_asteroid" : true,
      "close_approach_data" : [ {
        "close_approach_date" : "2005-11-08",
        "epoch_date_close_approach" : 1131436800000,
        "relative_velocity" : {
          "kilometers_per_second" : "12.9601331357",
          "kilometers_per_hour" : "46656.4792883411",
          "miles_per_hour" : "28990.5218111362"
        },
        "miss_distance" : {
          "astronomical" : "0.035950553",
          "lunar" : "13.9847650528",
          "kilometers" : "5378126",
          "miles" : "3341812.75"
        },
        "orbiting_body" : "Earth"
      } ],
      "orbital_data" : {
        "orbit_id" : "130",
        "orbit_determination_date" : "2017-04-06 09:22:43",
        "orbit_uncertainty" : "0",
        "minimum_orbit_intersection" : ".0291509",
        "jupiter_tisserand_invariant" : "3.732",
        "epoch_osculation" : "2458000.5",
        "eccentricity" : ".552529905251245",
        "semi_major_axis" : "1.903362709270603",
        "inclination" : "8.265547318775578",
        "ascending_node_longitude" : "238.4076781629403",
        "orbital_period" : "959.1372574825564",
        "perihelion_distance" : ".8516978918585639",
        "perihelion_argument" : "114.6905424715726",
        "aphelion_distance" : "2.955027526682643",
        "perihelion_time" : "2458440.942435943941",
        "mean_anomaly" : "194.6855200307943",
        "mean_motion" : ".3753373119347804",
        "equinox" : "J2000"
      }
    }, {
      "links" : {
        "self" : "https://api.nasa.gov/neo/rest/v1/neo/3297379?api_key=t0TVs3DtDT2H8Oy2Zy8m2eVrNsAVKAexjcZXUckd"
      },
      "neo_reference_id" : "3297379",
      "name" : "(2005 UV64)",
      "nasa_jpl_url" : "http://ssd.jpl.nasa.gov/sbdb.cgi?sstr=3297379",
      "absolute_magnitude_h" : 26.5,
      "estimated_diameter" : {
        "kilometers" : {
          "estimated_diameter_min" : 0.0133215567,
          "estimated_diameter_max" : 0.0297879063
        },
        "meters" : {
          "estimated_diameter_min" : 13.3215566698,
          "estimated_diameter_max" : 29.7879062798
        },
        "miles" : {
          "estimated_diameter_min" : 0.008277629,
          "estimated_diameter_max" : 0.0185093411
        },
        "feet" : {
          "estimated_diameter_min" : 43.7058959846,
          "estimated_diameter_max" : 97.7293544391
        }
      },
      "is_potentially_hazardous_asteroid" : false,
      "close_approach_data" : [ {
        "close_approach_date" : "2005-11-08",
        "epoch_date_close_approach" : 1131436800000,
        "relative_velocity" : {
          "kilometers_per_second" : "3.8836372515",
          "kilometers_per_hour" : "13981.0941054001",
          "miles_per_hour" : "8687.3081678804"
        },
        "miss_distance" : {
          "astronomical" : "0.0265701731",
          "lunar" : "10.3357973099",
          "kilometers" : "3974841.25",
          "miles" : "2469852"
        },
        "orbiting_body" : "Earth"
      } ],
      "orbital_data" : {
        "orbit_id" : "7",
        "orbit_determination_date" : "2017-04-06 09:10:00",
        "orbit_uncertainty" : "6",
        "minimum_orbit_intersection" : ".0262503",
        "jupiter_tisserand_invariant" : "6.279",
        "epoch_osculation" : "2458000.5",
        "eccentricity" : ".1161434974401012",
        "semi_major_axis" : ".9581562176086014",
        "inclination" : "5.417382431664485",
        "ascending_node_longitude" : "216.0521035116517",
        "orbital_period" : "342.5728258020968",
        "perihelion_distance" : ".8468726034015597",
        "perihelion_argument" : "313.9385090295522",
        "aphelion_distance" : "1.069439831815643",
        "perihelion_time" : "2457901.319141021982",
        "mean_anomaly" : "104.2263324549662",
        "mean_motion" : "1.05087144363275",
        "equinox" : "J2000"
      }
    }, {
      "links" : {
        "self" : "https://api.nasa.gov/neo/rest/v1/neo/3608473?api_key=t0TVs3DtDT2H8Oy2Zy8m2eVrNsAVKAexjcZXUckd"
      },
      "neo_reference_id" : "3608473",
      "name" : "(2012 RL2)",
      "nasa_jpl_url" : "http://ssd.jpl.nasa.gov/sbdb.cgi?sstr=3608473",
      "absolute_magnitude_h" : 23.6,
      "estimated_diameter" : {
        "kilometers" : {
          "estimated_diameter_min" : 0.0506471459,
          "estimated_diameter_max" : 0.1132504611
        },
        "meters" : {
          "estimated_diameter_min" : 50.6471458835,
          "estimated_diameter_max" : 113.2504610618
        },
        "miles" : {
          "estimated_diameter_min" : 0.0314706677,
          "estimated_diameter_max" : 0.0703705522
        },
        "feet" : {
          "estimated_diameter_min" : 166.1651821003,
          "estimated_diameter_max" : 371.5566426699
        }
      },
      "is_potentially_hazardous_asteroid" : false,
      "close_approach_data" : [ {
        "close_approach_date" : "2005-11-08",
        "epoch_date_close_approach" : 1131436800000,
        "relative_velocity" : {
          "kilometers_per_second" : "15.8002278324",
          "kilometers_per_hour" : "56880.8201966573",
          "miles_per_hour" : "35343.5296383063"
        },
        "miss_distance" : {
          "astronomical" : "0.3572151258",
          "lunar" : "138.9566955566",
          "kilometers" : "53438624",
          "miles" : "33205222"
        },
        "orbiting_body" : "Earth"
      } ],
      "orbital_data" : {
        "orbit_id" : "14",
        "orbit_determination_date" : "2017-04-06 08:49:06",
        "orbit_uncertainty" : "6",
        "minimum_orbit_intersection" : ".0515679",
        "jupiter_tisserand_invariant" : "4.031",
        "epoch_osculation" : "2458000.5",
        "eccentricity" : ".4109874372673923",
        "semi_major_axis" : "1.748895697659414",
        "inclination" : "3.206838474893528",
        "ascending_node_longitude" : "122.2785259162801",
        "orbital_period" : "844.7812983233678",
        "perihelion_distance" : "1.030121536830403",
        "perihelion_argument" : "238.9203848582459",
        "aphelion_distance" : "2.467669858488424",
        "perihelion_time" : "2457883.863388395190",
        "mean_anomaly" : "49.70420185800425",
        "mean_motion" : ".4261457973969",
        "equinox" : "J2000"
      }
    }, {
      "links" : {
        "self" : "https://api.nasa.gov/neo/rest/v1/neo/3694987?api_key=t0TVs3DtDT2H8Oy2Zy8m2eVrNsAVKAexjcZXUckd"
      },
      "neo_reference_id" : "3694987",
      "name" : "(2014 UR116)",
      "nasa_jpl_url" : "http://ssd.jpl.nasa.gov/sbdb.cgi?sstr=3694987",
      "absolute_magnitude_h" : 19.7,
      "estimated_diameter" : {
        "kilometers" : {
          "estimated_diameter_min" : 0.3051792326,
          "estimated_diameter_max" : 0.6824015094
        },
        "meters" : {
          "estimated_diameter_min" : 305.1792325939,
          "estimated_diameter_max" : 682.4015094011
        },
        "miles" : {
          "estimated_diameter_min" : 0.1896295249,
          "estimated_diameter_max" : 0.4240245083
        },
        "feet" : {
          "estimated_diameter_min" : 1001.2442334633,
          "estimated_diameter_max" : 2238.8501681036
        }
      },
      "is_potentially_hazardous_asteroid" : true,
      "close_approach_data" : [ {
        "close_approach_date" : "2005-11-08",
        "epoch_date_close_approach" : 1131436800000,
        "relative_velocity" : {
          "kilometers_per_second" : "36.2337489752",
          "kilometers_per_hour" : "130441.496310716",
          "miles_per_hour" : "81051.2730826224"
        },
        "miss_distance" : {
          "astronomical" : "0.4526496158",
          "lunar" : "176.0807037354",
          "kilometers" : "67715424",
          "miles" : "42076412"
        },
        "orbiting_body" : "Earth"
      } ],
      "orbital_data" : {
        "orbit_id" : "26",
        "orbit_determination_date" : "2017-04-06 08:37:47",
        "orbit_uncertainty" : "0",
        "minimum_orbit_intersection" : ".0290384",
        "jupiter_tisserand_invariant" : "3.374",
        "epoch_osculation" : "2458000.5",
        "eccentricity" : ".7271795422549479",
        "semi_major_axis" : "2.070267118494128",
        "inclination" : "6.573977577559166",
        "ascending_node_longitude" : "6.002812494816682",
        "orbital_period" : "1088.022817969898",
        "perihelion_distance" : ".5648112229220982",
        "perihelion_argument" : "286.7940679275898",
        "aphelion_distance" : "3.575723014066158",
        "perihelion_time" : "2457994.391478330162",
        "mean_anomaly" : "2.021159634542247",
        "mean_motion" : ".3308754136900462",
        "equinox" : "J2000"
      }
    } ]
  }
}