{
  "links" : {
    "next" : "https://api.nasa.gov/neo/rest/v1/feed?start_date=2008-07-09&end_date=2008-07-09&detailed=true&api_key=t0TVs3DtDT2H8Oy2Zy8m2eVrNsAVKAexjcZXUckd",
    "prev" : "https://api.nasa.gov/neo/rest/v1/feed?start_date=2008-07-07&end_date=2008-07-07&detailed=true&api_key=t0TVs3DtDT2H8Oy2Zy8m2eVrNsAVKAexjcZXUckd",
    "self" : "https://api.nasa.gov/neo/rest/v1/feed?start_date=2008-07-08&end_date=2008-07-08&detailed=true&api_key=t0TVs3DtDT2H8Oy2Zy8m2eVrNsAVKAexjcZXUckd"
  },
  "element_count" : 6,
  "near_earth_objects" : {
    "2008-07-08" : [ {
      "links" : {
        "self" : "https://api.nasa.gov/neo/rest/v1/neo/2088254?api_key=t0TVs3DtDT2H8Oy2Zy8m2eVrNsAVKAexjcZXUckd"
      },
      "neo_reference_id" : "2088254",
      "name" : "88254 (2001 FM129)",
      "nasa_jpl_url" : "http://ssd.jpl.nasa.gov/sbdb.cgi?sstr=2088254",
      "absolute_magnitude_h" : 17.6,
      "estimated_diameter" : {
        "kilometers" : {
          "estimated_diameter_min" : 0.8027031673,
          "estimated_diameter_max" : 1.7948988478
        },
        "meters" : {
          "estimated_diameter_min" : 802.7031672829,
          "estimated_diameter_max" : 1794.8988477988
        },
        "miles" : {
          "estimated_diameter_min" : 0.4987764698,
          "estimated_diameter_max" : 1.115298092
        },
        "feet" : {
          "estimated_diameter_min" : 2633.5406593483,
          "estimated_diameter_max" : 5888.7759358124
        }
      },
      "is_potentially_hazardous_asteroid" : true,
      "close_approach_data" : [ {
        "close_approach_date" : "2008-07-08",
        "epoch_date_close_approach" : 1215500400000,
        "relative_velocity" : {
          "kilometers_per_second" : "12.1349891913",
          "kilometers_per_hour" : "43685.9610886951",
          "miles_per_hour" : "27144.7573220284"
        },
        "miss_distance" : {
          "astronomical" : "0.4835579015",
          "lunar" : "188.1040344238",
          "kilometers" : "72339232",
          "miles" : "44949516"
        },
        "orbiting_body" : "Earth"
      } ],
      "orbital_data" : {
        "orbit_id" : "121",
        "orbit_determination_date" : "2017-08-16 06:21:37",
        "orbit_uncertainty" : "0",
        "minimum_orbit_intersection" : ".0100036",
        "jupiter_tisserand_invariant" : "5.142",
        "epoch_osculation" : "2458000.5",
        "eccentricity" : ".6296879623294294",
        "semi_major_axis" : "1.182134944476101",
        "inclination" : "1.521417366146007",
        "ascending_node_longitude" : "272.26806726401",
        "orbital_period" : "469.4604493092067",
        "perihelion_distance" : ".4377588000905317",
        "perihelion_argument" : "140.0316773687173",
        "aphelion_distance" : "1.92651108886167",
        "perihelion_time" : "2458035.258191389126",
        "mean_anomaly" : "333.3461063258945",
        "mean_motion" : ".7668377613699437",
        "equinox" : "J2000"
      }
    }, {
      "links" : {
        "self" : "https://api.nasa.gov/neo/rest/v1/neo/3275203?api_key=t0TVs3DtDT2H8Oy2Zy8m2eVrNsAVKAexjcZXUckd"
      },
      "neo_reference_id" : "3275203",
      "name" : "(2005 FE3)",
      "nasa_jpl_url" : "http://ssd.jpl.nasa.gov/sbdb.cgi?sstr=3275203",
      "absolute_magnitude_h" : 19.3,
      "estimated_diameter" : {
        "kilometers" : {
          "estimated_diameter_min" : 0.3669061375,
          "estimated_diameter_max" : 0.8204270649
        },
        "meters" : {
          "estimated_diameter_min" : 366.9061375314,
          "estimated_diameter_max" : 820.4270648822
        },
        "miles" : {
          "estimated_diameter_min" : 0.2279848336,
          "estimated_diameter_max" : 0.5097895857
        },
        "feet" : {
          "estimated_diameter_min" : 1203.7603322587,
          "estimated_diameter_max" : 2691.6899315481
        }
      },
      "is_potentially_hazardous_asteroid" : true,
      "close_approach_data" : [ {
        "close_approach_date" : "2008-07-08",
        "epoch_date_close_approach" : 1215500400000,
        "relative_velocity" : {
          "kilometers_per_second" : "17.2718365698",
          "kilometers_per_hour" : "62178.611651339",
          "miles_per_hour" : "38635.3712230223"
        },
        "miss_distance" : {
          "astronomical" : "0.2414113886",
          "lunar" : "93.9090270996",
          "kilometers" : "36114628",
          "miles" : "22440590"
        },
        "orbiting_body" : "Earth"
      } ],
      "orbital_data" : {
        "orbit_id" : "22",
        "orbit_determination_date" : "2017-04-06 09:11:12",
        "orbit_uncertainty" : "0",
        "minimum_orbit_intersection" : ".0308138",
        "jupiter_tisserand_invariant" : "3.511",
        "epoch_osculation" : "2458000.5",
        "eccentricity" : ".5318330998903195",
        "semi_major_axis" : "2.116372198877662",
        "inclination" : "13.112213235274",
        "ascending_node_longitude" : "90.56972827780194",
        "orbital_period" : "1124.570013007947",
        "perihelion_distance" : ".9908154118268632",
        "perihelion_argument" : "145.1416234350733",
        "aphelion_distance" : "3.24192898592846",
        "perihelion_time" : "2457996.467179199304",
        "mean_anomaly" : "1.290996088689194",
        "mean_motion" : ".3201223541761431",
        "equinox" : "J2000"
      }
    }, {
      "links" : {
        "self" : "https://api.nasa.gov/neo/rest/v1/neo/3409990?api_key=t0TVs3DtDT2H8Oy2Zy8m2eVrNsAVKAexjcZXUckd"
      },
      "neo_reference_id" : "3409990",
      "name" : "(2008 JP)",
      "nasa_jpl_url" : "http://ssd.jpl.nasa.gov/sbdb.cgi?sstr=3409990",
      "absolute_magnitude_h" : 20.8,
      "estimated_diameter" : {
        "kilometers" : {
          "estimated_diameter_min" : 0.1838886721,
          "estimated_diameter_max" : 0.411187571
        },
        "meters" : {
          "estimated_diameter_min" : 183.8886720703,
          "estimated_diameter_max" : 411.1875710413
        },
        "miles" : {
          "estimated_diameter_min" : 0.1142630881,
          "estimated_diameter_max" : 0.2555000322
        },
        "feet" : {
          "estimated_diameter_min" : 603.309310875,
          "estimated_diameter_max" : 1349.040630575
        }
      },
      "is_potentially_hazardous_asteroid" : false,
      "close_approach_data" : [ {
        "close_approach_date" : "2008-07-08",
        "epoch_date_close_approach" : 1215500400000,
        "relative_velocity" : {
          "kilometers_per_second" : "15.4830866692",
          "kilometers_per_hour" : "55739.1120090404",
          "miles_per_hour" : "34634.116570284"
        },
        "miss_distance" : {
          "astronomical" : "0.4572714611",
          "lunar" : "177.8786010742",
          "kilometers" : "68406840",
          "miles" : "42506036"
        },
        "orbiting_body" : "Earth"
      } ],
      "orbital_data" : {
        "orbit_id" : "14",
        "orbit_determination_date" : "2017-04-06 09:03:32",
        "orbit_uncertainty" : "1",
        "minimum_orbit_intersection" : ".139562",
        "jupiter_tisserand_invariant" : "4.152",
        "epoch_osculation" : "2458000.5",
        "eccentricity" : ".6484477073621906",
        "semi_major_axis" : "1.546900366446805",
        "inclination" : "18.3852313277902",
        "ascending_node_longitude" : "31.12087676180657",
        "orbital_period" : "702.7355761911197",
        "perihelion_distance" : ".5438163703066418",
        "perihelion_argument" : "307.2900472835136",
        "aphelion_distance" : "2.549984362586968",
        "perihelion_time" : "2458196.408725524715",
        "mean_anomaly" : "259.6391479549678",
        "mean_motion" : ".5122837269051148",
        "equinox" : "J2000"
      }
    }, {
      "links" : {
        "self" : "https://api.nasa.gov/neo/rest/v1/neo/3449084?api_key=t0TVs3DtDT2H8Oy2Zy8m2eVrNsAVKAexjcZXUckd"
      },
      "neo_reference_id" : "3449084",
      "name" : "(2009 DE47)",
      "nasa_jpl_url" : "http://ssd.jpl.nasa.gov/sbdb.cgi?sstr=3449084",
      "absolute_magnitude_h" : 18.7,
      "estimated_diameter" : {
        "kilometers" : {
          "estimated_diameter_min" : 0.4836764882,
          "estimated_diameter_max" : 1.0815335068
        },
        "meters" : {
          "estimated_diameter_min" : 483.6764882185,
          "estimated_diameter_max" : 1081.533506775
        },
        "miles" : {
          "estimated_diameter_min" : 0.3005425432,
          "estimated_diameter_max" : 0.6720335566
        },
        "feet" : {
          "estimated_diameter_min" : 1586.8651696069,
          "estimated_diameter_max" : 3548.3383903678
        }
      },
      "is_potentially_hazardous_asteroid" : false,
      "close_approach_data" : [ {
        "close_approach_date" : "2008-07-08",
        "epoch_date_close_approach" : 1215500400000,
        "relative_velocity" : {
          "kilometers_per_second" : "7.3396776786",
          "kilometers_per_hour" : "26422.8396429771",
          "miles_per_hour" : "16418.124999271"
        },
        "miss_distance" : {
          "astronomical" : "0.4968270606",
          "lunar" : "193.2657318115",
          "kilometers" : "74324272",
          "miles" : "46182960"
        },
        "orbiting_body" : "Earth"
      } ],
      "orbital_data" : {
        "orbit_id" : "48",
        "orbit_determination_date" : "2017-03-08 06:18:03",
        "orbit_uncertainty" : "0",
        "minimum_orbit_intersection" : ".142668",
        "jupiter_tisserand_invariant" : "5.578",
        "epoch_osculation" : "2457800.5",
        "eccentricity" : ".2757154097662426",
        "semi_major_axis" : "1.095616931634947",
        "inclination" : "20.06047924051366",
        "ascending_node_longitude" : "29.85475188330016",
        "orbital_period" : "418.8770146815846",
        "perihelion_distance" : ".7935384603823843",
        "perihelion_argument" : "41.83968122640644",
        "aphelion_distance" : "1.39769540288751",
        "perihelion_time" : "2457736.353513619254",
        "mean_anomaly" : "55.13010809299955",
        "mean_motion" : ".8594408081180085",
        "equinox" : "J2000"
      }
    }, {
      "links" : {
        "self" : "https://api.nasa.gov/neo/rest/v1/neo/2484795?api_key=t0TVs3DtDT2H8Oy2Zy8m2eVrNsAVKAexjcZXUckd"
      },
      "neo_reference_id" : "2484795",
      "name" : "484795 (2009 DE47)",
      "nasa_jpl_url" : "http://ssd.jpl.nasa.gov/sbdb.cgi?sstr=2484795",
      "absolute_magnitude_h" : 18.7,
      "estimated_diameter" : {
        "kilometers" : {
          "estimated_diameter_min" : 0.4836764882,
          "estimated_diameter_max" : 1.0815335068
        },
        "meters" : {
          "estimated_diameter_min" : 483.6764882185,
          "estimated_diameter_max" : 1081.533506775
        },
        "miles" : {
          "estimated_diameter_min" : 0.3005425432,
          "estimated_diameter_max" : 0.6720335566
        },
        "feet" : {
          "estimated_diameter_min" : 1586.8651696069,
          "estimated_diameter_max" : 3548.3383903678
        }
      },
      "is_potentially_hazardous_asteroid" : false,
      "close_approach_data" : [ {
        "close_approach_date" : "2008-07-08",
        "epoch_date_close_approach" : 1215500400000,
        "relative_velocity" : {
          "kilometers_per_second" : "7.3396854001",
          "kilometers_per_hour" : "26422.8674403475",
          "miles_per_hour" : "16418.142271476"
        },
        "miss_distance" : {
          "astronomical" : "0.4968273093",
          "lunar" : "193.2658233643",
          "kilometers" : "74324304",
          "miles" : "46182984"
        },
        "orbiting_body" : "Earth"
      } ],
      "orbital_data" : {
        "orbit_id" : "84",
        "orbit_determination_date" : "2017-05-28 06:20:50",
        "orbit_uncertainty" : "0",
        "minimum_orbit_intersection" : ".143378",
        "jupiter_tisserand_invariant" : "5.578",
        "epoch_osculation" : "2458000.5",
        "eccentricity" : ".2757388626389926",
        "semi_major_axis" : "1.095534471257382",
        "inclination" : "20.06188686785353",
        "ascending_node_longitude" : "29.85204408495715",
        "orbital_period" : "418.8297261094652",
        "perihelion_distance" : ".7934530421710616",
        "perihelion_argument" : "41.83420725847328",
        "aphelion_distance" : "1.397615900343703",
        "perihelion_time" : "2458155.185468784993",
        "mean_anomaly" : "227.0419855823626",
        "mean_motion" : ".8595378445175367",
        "equinox" : "J2000"
      }
    }, {
      "links" : {
        "self" : "https://api.nasa.gov/neo/rest/v1/neo/3767037?api_key=t0TVs3DtDT2H8Oy2Zy8m2eVrNsAVKAexjcZXUckd"
      },
      "neo_reference_id" : "3767037",
      "name" : "(2017 BD29)",
      "nasa_jpl_url" : "http://ssd.jpl.nasa.gov/sbdb.cgi?sstr=3767037",
      "absolute_magnitude_h" : 21.7,
      "estimated_diameter" : {
        "kilometers" : {
          "estimated_diameter_min" : 0.1214940408,
          "estimated_diameter_max" : 0.2716689341
        },
        "meters" : {
          "estimated_diameter_min" : 121.4940407996,
          "estimated_diameter_max" : 271.6689340891
        },
        "miles" : {
          "estimated_diameter_min" : 0.0754928736,
          "estimated_diameter_max" : 0.1688071972
        },
        "feet" : {
          "estimated_diameter_min" : 398.6025088171,
          "estimated_diameter_max" : 891.3023057169
        }
      },
      "is_potentially_hazardous_asteroid" : true,
      "close_approach_data" : [ {
        "close_approach_date" : "2008-07-08",
        "epoch_date_close_approach" : 1215500400000,
        "relative_velocity" : {
          "kilometers_per_second" : "8.7246688834",
          "kilometers_per_hour" : "31408.8079802928",
          "miles_per_hour" : "19516.2118253103"
        },
        "miss_distance" : {
          "astronomical" : "0.2888980676",
          "lunar" : "112.3813552856",
          "kilometers" : "43218540",
          "miles" : "26854754"
        },
        "orbiting_body" : "Earth"
      } ],
      "orbital_data" : {
        "orbit_id" : "18",
        "orbit_determination_date" : "2017-04-20 12:26:29",
        "orbit_uncertainty" : "3",
        "minimum_orbit_intersection" : ".0482413",
        "jupiter_tisserand_invariant" : "6.358",
        "epoch_osculation" : "2458000.5",
        "eccentricity" : ".305772298560184",
        "semi_major_axis" : ".9362706883763567",
        "inclination" : "7.522430518969636",
        "ascending_node_longitude" : "80.72052670803038",
        "orbital_period" : "330.9028957573167",
        "perihelion_distance" : ".6499850479169923",
        "perihelion_argument" : "267.5372578118477",
        "aphelion_distance" : "1.222556328835721",
        "perihelion_time" : "2458003.459142480914",
        "mean_anomaly" : "356.7806528537901",
        "mean_motion" : "1.087932455761956",
        "equinox" : "J2000"
      }
    } ]
  }
}