{
  "links" : {
    "next" : "https://api.nasa.gov/neo/rest/v1/feed?start_date=2004-08-23&end_date=2004-08-23&detailed=true&api_key=t0TVs3DtDT2H8Oy2Zy8m2eVrNsAVKAexjcZXUckd",
    "prev" : "https://api.nasa.gov/neo/rest/v1/feed?start_date=2004-08-21&end_date=2004-08-21&detailed=true&api_key=t0TVs3DtDT2H8Oy2Zy8m2eVrNsAVKAexjcZXUckd",
    "self" : "https://api.nasa.gov/neo/rest/v1/feed?start_date=2004-08-22&end_date=2004-08-22&detailed=true&api_key=t0TVs3DtDT2H8Oy2Zy8m2eVrNsAVKAexjcZXUckd"
  },
  "element_count" : 6,
  "near_earth_objects" : {
    "2004-08-22" : [ {
      "links" : {
        "self" : "https://api.nasa.gov/neo/rest/v1/neo/3250194?api_key=t0TVs3DtDT2H8Oy2Zy8m2eVrNsAVKAexjcZXUckd"
      },
      "neo_reference_id" : "3250194",
      "name" : "(2004 QJ13)",
      "nasa_jpl_url" : "http://ssd.jpl.nasa.gov/sbdb.cgi?sstr=3250194",
      "absolute_magnitude_h" : 25.3,
      "estimated_diameter" : {
        "kilometers" : {
          "estimated_diameter_min" : 0.0231502122,
          "estimated_diameter_max" : 0.0517654482
        },
        "meters" : {
          "estimated_diameter_min" : 23.150212221,
          "estimated_diameter_max" : 51.7654482198
        },
        "miles" : {
          "estimated_diameter_min" : 0.0143848705,
          "estimated_diameter_max" : 0.0321655483
        },
        "feet" : {
          "estimated_diameter_min" : 75.9521422633,
          "estimated_diameter_max" : 169.8341531374
        }
      },
      "is_potentially_hazardous_asteroid" : false,
      "close_approach_data" : [ {
        "close_approach_date" : "2004-08-22",
        "epoch_date_close_approach" : 1093158000000,
        "relative_velocity" : {
          "kilometers_per_second" : "6.1372464898",
          "kilometers_per_hour" : "22094.0873632418",
          "miles_per_hour" : "13728.4066730099"
        },
        "miss_distance" : {
          "astronomical" : "0.0406316253",
          "lunar" : "15.8057022095",
          "kilometers" : "6078405",
          "miles" : "3776945.5"
        },
        "orbiting_body" : "Earth"
      } ],
      "orbital_data" : {
        "orbit_id" : "6",
        "orbit_determination_date" : "2017-04-06 09:12:25",
        "orbit_uncertainty" : "8",
        "minimum_orbit_intersection" : ".0405442",
        "jupiter_tisserand_invariant" : "3.661",
        "epoch_osculation" : "2453242.5",
        "eccentricity" : ".4811277233015465",
        "semi_major_axis" : "2.025792863062017",
        "inclination" : "3.021437345144949",
        "ascending_node_longitude" : "147.5960054570111",
        "orbital_period" : "1053.151818552322",
        "perihelion_distance" : "1.051127754976467",
        "perihelion_argument" : "185.7769596905404",
        "aphelion_distance" : "3.000457971147566",
        "perihelion_time" : "2453243.197507968804",
        "mean_anomaly" : "359.7615701133056",
        "mean_motion" : ".3418310576483278",
        "equinox" : "J2000"
      }
    }, {
      "links" : {
        "self" : "https://api.nasa.gov/neo/rest/v1/neo/2141526?api_key=t0TVs3DtDT2H8Oy2Zy8m2eVrNsAVKAexjcZXUckd"
      },
      "neo_reference_id" : "2141526",
      "name" : "141526 (2002 FA6)",
      "nasa_jpl_url" : "http://ssd.jpl.nasa.gov/sbdb.cgi?sstr=2141526",
      "absolute_magnitude_h" : 19.9,
      "estimated_diameter" : {
        "kilometers" : {
          "estimated_diameter_min" : 0.2783267681,
          "estimated_diameter_max" : 0.6223575734
        },
        "meters" : {
          "estimated_diameter_min" : 278.3267680719,
          "estimated_diameter_max" : 622.3575733667
        },
        "miles" : {
          "estimated_diameter_min" : 0.1729441822,
          "estimated_diameter_max" : 0.3867149477
        },
        "feet" : {
          "estimated_diameter_min" : 913.1455937611,
          "estimated_diameter_max" : 2041.8556210042
        }
      },
      "is_potentially_hazardous_asteroid" : false,
      "close_approach_data" : [ {
        "close_approach_date" : "2004-08-22",
        "epoch_date_close_approach" : 1093158000000,
        "relative_velocity" : {
          "kilometers_per_second" : "21.319120383",
          "kilometers_per_hour" : "76748.8333786988",
          "miles_per_hour" : "47688.7403846698"
        },
        "miss_distance" : {
          "astronomical" : "0.3720635142",
          "lunar" : "144.732711792",
          "kilometers" : "55659912",
          "miles" : "34585464"
        },
        "orbiting_body" : "Earth"
      } ],
      "orbital_data" : {
        "orbit_id" : "34",
        "orbit_determination_date" : "2017-04-06 09:27:32",
        "orbit_uncertainty" : "1",
        "minimum_orbit_intersection" : ".315195",
        "jupiter_tisserand_invariant" : "5.854",
        "epoch_osculation" : "2458000.5",
        "eccentricity" : ".3225545587749515",
        "semi_major_axis" : "1.014162124874651",
        "inclination" : "30.09730112914286",
        "ascending_node_longitude" : "174.687380124222",
        "orbital_period" : "373.0435262964753",
        "perihelion_distance" : ".6870395081594407",
        "perihelion_argument" : "173.4019726397771",
        "aphelion_distance" : "1.341284741589861",
        "perihelion_time" : "2458092.774892490880",
        "mean_anomaly" : "270.9515138179449",
        "mean_motion" : ".9650348407705405",
        "equinox" : "J2000"
      }
    }, {
      "links" : {
        "self" : "https://api.nasa.gov/neo/rest/v1/neo/3092310?api_key=t0TVs3DtDT2H8Oy2Zy8m2eVrNsAVKAexjcZXUckd"
      },
      "neo_reference_id" : "3092310",
      "name" : "(2001 QE96)",
      "nasa_jpl_url" : "http://ssd.jpl.nasa.gov/sbdb.cgi?sstr=3092310",
      "absolute_magnitude_h" : 22.7,
      "estimated_diameter" : {
        "kilometers" : {
          "estimated_diameter_min" : 0.0766575574,
          "estimated_diameter_max" : 0.1714115092
        },
        "meters" : {
          "estimated_diameter_min" : 76.6575573531,
          "estimated_diameter_max" : 171.4115092306
        },
        "miles" : {
          "estimated_diameter_min" : 0.0476327831,
          "estimated_diameter_max" : 0.1065101409
        },
        "feet" : {
          "estimated_diameter_min" : 251.5011804664,
          "estimated_diameter_max" : 562.3737359442
        }
      },
      "is_potentially_hazardous_asteroid" : false,
      "close_approach_data" : [ {
        "close_approach_date" : "2004-08-22",
        "epoch_date_close_approach" : 1093158000000,
        "relative_velocity" : {
          "kilometers_per_second" : "4.9834501049",
          "kilometers_per_hour" : "17940.4203777333",
          "miles_per_hour" : "11147.4795397088"
        },
        "miss_distance" : {
          "astronomical" : "0.3049133129",
          "lunar" : "118.6112747192",
          "kilometers" : "45614384",
          "miles" : "28343464"
        },
        "orbiting_body" : "Earth"
      } ],
      "orbital_data" : {
        "orbit_id" : "12",
        "orbit_determination_date" : "2017-04-06 09:16:13",
        "orbit_uncertainty" : "1",
        "minimum_orbit_intersection" : ".300639",
        "jupiter_tisserand_invariant" : "4.965",
        "epoch_osculation" : "2458000.5",
        "eccentricity" : ".02793750947401575",
        "semi_major_axis" : "1.310762653141905",
        "inclination" : "7.265658888228114",
        "ascending_node_longitude" : "150.2649292379566",
        "orbital_period" : "548.1311897860478",
        "perihelion_distance" : "1.274143209101567",
        "perihelion_argument" : "278.9705054663746",
        "aphelion_distance" : "1.347382097182243",
        "perihelion_time" : "2457772.382205747224",
        "mean_anomaly" : "149.8225378545859",
        "mean_motion" : ".6567770758320083",
        "equinox" : "J2000"
      }
    }, {
      "links" : {
        "self" : "https://api.nasa.gov/neo/rest/v1/neo/3143084?api_key=t0TVs3DtDT2H8Oy2Zy8m2eVrNsAVKAexjcZXUckd"
      },
      "neo_reference_id" : "3143084",
      "name" : "(2002 VX91)",
      "nasa_jpl_url" : "http://ssd.jpl.nasa.gov/sbdb.cgi?sstr=3143084",
      "absolute_magnitude_h" : 24.3,
      "estimated_diameter" : {
        "kilometers" : {
          "estimated_diameter_min" : 0.0366906138,
          "estimated_diameter_max" : 0.0820427065
        },
        "meters" : {
          "estimated_diameter_min" : 36.6906137531,
          "estimated_diameter_max" : 82.0427064882
        },
        "miles" : {
          "estimated_diameter_min" : 0.0227984834,
          "estimated_diameter_max" : 0.0509789586
        },
        "feet" : {
          "estimated_diameter_min" : 120.3760332259,
          "estimated_diameter_max" : 269.1689931548
        }
      },
      "is_potentially_hazardous_asteroid" : false,
      "close_approach_data" : [ {
        "close_approach_date" : "2004-08-22",
        "epoch_date_close_approach" : 1093158000000,
        "relative_velocity" : {
          "kilometers_per_second" : "6.4455149517",
          "kilometers_per_hour" : "23203.8538260269",
          "miles_per_hour" : "14417.9723953999"
        },
        "miss_distance" : {
          "astronomical" : "0.2077562952",
          "lunar" : "80.817199707",
          "kilometers" : "31079900",
          "miles" : "19312154"
        },
        "orbiting_body" : "Earth"
      } ],
      "orbital_data" : {
        "orbit_id" : "15",
        "orbit_determination_date" : "2017-04-06 09:14:37",
        "orbit_uncertainty" : "2",
        "minimum_orbit_intersection" : ".00180294",
        "jupiter_tisserand_invariant" : "6.139",
        "epoch_osculation" : "2458000.5",
        "eccentricity" : ".2012707478278015",
        "semi_major_axis" : ".9839990828843111",
        "inclination" : "2.341697091268065",
        "ascending_node_longitude" : "216.4257768385215",
        "orbital_period" : "356.5253930619381",
        "perihelion_distance" : ".785948851610315",
        "perihelion_argument" : "78.74582230726236",
        "aphelion_distance" : "1.182049314158307",
        "perihelion_time" : "2457851.646993451932",
        "mean_anomaly" : "150.303690564882",
        "mean_motion" : "1.009745748846165",
        "equinox" : "J2000"
      }
    }, {
      "links" : {
        "self" : "https://api.nasa.gov/neo/rest/v1/neo/3729233?api_key=t0TVs3DtDT2H8Oy2Zy8m2eVrNsAVKAexjcZXUckd"
      },
      "neo_reference_id" : "3729233",
      "name" : "(2015 TG24)",
      "nasa_jpl_url" : "http://ssd.jpl.nasa.gov/sbdb.cgi?sstr=3729233",
      "absolute_magnitude_h" : 26.7,
      "estimated_diameter" : {
        "kilometers" : {
          "estimated_diameter_min" : 0.0121494041,
          "estimated_diameter_max" : 0.0271668934
        },
        "meters" : {
          "estimated_diameter_min" : 12.14940408,
          "estimated_diameter_max" : 27.1668934089
        },
        "miles" : {
          "estimated_diameter_min" : 0.0075492874,
          "estimated_diameter_max" : 0.0168807197
        },
        "feet" : {
          "estimated_diameter_min" : 39.8602508817,
          "estimated_diameter_max" : 89.1302305717
        }
      },
      "is_potentially_hazardous_asteroid" : false,
      "close_approach_data" : [ {
        "close_approach_date" : "2004-08-22",
        "epoch_date_close_approach" : 1093158000000,
        "relative_velocity" : {
          "kilometers_per_second" : "10.5389954883",
          "kilometers_per_hour" : "37940.3837579938",
          "miles_per_hour" : "23574.679007849"
        },
        "miss_distance" : {
          "astronomical" : "0.0607470582",
          "lunar" : "23.6306056976",
          "kilometers" : "9087630",
          "miles" : "5646792"
        },
        "orbiting_body" : "Earth"
      } ],
      "orbital_data" : {
        "orbit_id" : "7",
        "orbit_determination_date" : "2017-04-06 08:31:32",
        "orbit_uncertainty" : "7",
        "minimum_orbit_intersection" : ".0033078",
        "jupiter_tisserand_invariant" : "7.649",
        "epoch_osculation" : "2458000.5",
        "eccentricity" : ".4434104953860149",
        "semi_major_axis" : ".7463846264615135",
        "inclination" : "3.986823210069767",
        "ascending_node_longitude" : "21.96439445291855",
        "orbital_period" : "235.5279516741896",
        "perihelion_distance" : ".415429849493708",
        "perihelion_argument" : "151.3159781134106",
        "aphelion_distance" : "1.077339403429319",
        "perihelion_time" : "2458096.414333115698",
        "mean_anomaly" : "213.3967638396641",
        "mean_motion" : "1.528481003808818",
        "equinox" : "J2000"
      }
    }, {
      "links" : {
        "self" : "https://api.nasa.gov/neo/rest/v1/neo/3758847?api_key=t0TVs3DtDT2H8Oy2Zy8m2eVrNsAVKAexjcZXUckd"
      },
      "neo_reference_id" : "3758847",
      "name" : "(2016 RZ)",
      "nasa_jpl_url" : "http://ssd.jpl.nasa.gov/sbdb.cgi?sstr=3758847",
      "absolute_magnitude_h" : 26.7,
      "estimated_diameter" : {
        "kilometers" : {
          "estimated_diameter_min" : 0.0121494041,
          "estimated_diameter_max" : 0.0271668934
        },
        "meters" : {
          "estimated_diameter_min" : 12.14940408,
          "estimated_diameter_max" : 27.1668934089
        },
        "miles" : {
          "estimated_diameter_min" : 0.0075492874,
          "estimated_diameter_max" : 0.0168807197
        },
        "feet" : {
          "estimated_diameter_min" : 39.8602508817,
          "estimated_diameter_max" : 89.1302305717
        }
      },
      "is_potentially_hazardous_asteroid" : false,
      "close_approach_data" : [ {
        "close_approach_date" : "2004-08-22",
        "epoch_date_close_approach" : 1093158000000,
        "relative_velocity" : {
          "kilometers_per_second" : "11.4154489067",
          "kilometers_per_hour" : "41095.6160641182",
          "miles_per_hour" : "25535.2176593961"
        },
        "miss_distance" : {
          "astronomical" : "0.2182266635",
          "lunar" : "84.8901672363",
          "kilometers" : "32646244",
          "miles" : "20285436"
        },
        "orbiting_body" : "Earth"
      } ],
      "orbital_data" : {
        "orbit_id" : "5",
        "orbit_determination_date" : "2017-04-06 08:24:13",
        "orbit_uncertainty" : "6",
        "minimum_orbit_intersection" : ".0241066",
        "jupiter_tisserand_invariant" : "6.601",
        "epoch_osculation" : "2458000.5",
        "eccentricity" : ".1862903563871123",
        "semi_major_axis" : ".8995641920628645",
        "inclination" : "2.020029609384056",
        "ascending_node_longitude" : "191.641356392069",
        "orbital_period" : "311.6353147187838",
        "perihelion_distance" : ".7319840581303887",
        "perihelion_argument" : "357.3029139004242",
        "aphelion_distance" : "1.06714432599534",
        "perihelion_time" : "2458136.701548397474",
        "mean_anomaly" : "202.6604588528841",
        "mean_motion" : "1.155196420292931",
        "equinox" : "J2000"
      }
    } ]
  }
}