{
  "links" : {
    "next" : "https://api.nasa.gov/neo/rest/v1/feed?start_date=1998-06-09&end_date=1998-06-09&detailed=true&api_key=t0TVs3DtDT2H8Oy2Zy8m2eVrNsAVKAexjcZXUckd",
    "prev" : "https://api.nasa.gov/neo/rest/v1/feed?start_date=1998-06-07&end_date=1998-06-07&detailed=true&api_key=t0TVs3DtDT2H8Oy2Zy8m2eVrNsAVKAexjcZXUckd",
    "self" : "https://api.nasa.gov/neo/rest/v1/feed?start_date=1998-06-08&end_date=1998-06-08&detailed=true&api_key=t0TVs3DtDT2H8Oy2Zy8m2eVrNsAVKAexjcZXUckd"
  },
  "element_count" : 8,
  "near_earth_objects" : {
    "1998-06-08" : [ {
      "links" : {
        "self" : "https://api.nasa.gov/neo/rest/v1/neo/2096590?api_key=t0TVs3DtDT2H8Oy2Zy8m2eVrNsAVKAexjcZXUckd"
      },
      "neo_reference_id" : "2096590",
      "name" : "96590 (1998 XB)",
      "nasa_jpl_url" : "http://ssd.jpl.nasa.gov/sbdb.cgi?sstr=2096590",
      "absolute_magnitude_h" : 16.2,
      "estimated_diameter" : {
        "kilometers" : {
          "estimated_diameter_min" : 1.5295193534,
          "estimated_diameter_max" : 3.4201092472
        },
        "meters" : {
          "estimated_diameter_min" : 1529.5193534422,
          "estimated_diameter_max" : 3420.1092471982
        },
        "miles" : {
          "estimated_diameter_min" : 0.9503989702,
          "estimated_diameter_max" : 2.125156703
        },
        "feet" : {
          "estimated_diameter_min" : 5018.1082755472,
          "estimated_diameter_max" : 11220.8312225778
        }
      },
      "is_potentially_hazardous_asteroid" : false,
      "close_approach_data" : [ {
        "close_approach_date" : "1998-06-08",
        "epoch_date_close_approach" : 897289200000,
        "relative_velocity" : {
          "kilometers_per_second" : "17.2380452017",
          "kilometers_per_hour" : "62056.9627260998",
          "miles_per_hour" : "38559.7833116702"
        },
        "miss_distance" : {
          "astronomical" : "0.4150898237",
          "lunar" : "161.4699401855",
          "kilometers" : "62096552",
          "miles" : "38585008"
        },
        "orbiting_body" : "Earth"
      } ],
      "orbital_data" : {
        "orbit_id" : "328",
        "orbit_determination_date" : "2017-09-27 06:51:50",
        "orbit_uncertainty" : "0",
        "minimum_orbit_intersection" : ".114243",
        "jupiter_tisserand_invariant" : "6.492",
        "epoch_osculation" : "2458000.5",
        "eccentricity" : ".3510740779613593",
        "semi_major_axis" : ".9078279924024597",
        "inclination" : "13.60487169786194",
        "ascending_node_longitude" : "75.73323392812384",
        "orbital_period" : "315.9393946249247",
        "perihelion_distance" : ".5891131170222543",
        "perihelion_argument" : "202.7087418515618",
        "aphelion_distance" : "1.226542867782665",
        "perihelion_time" : "2457934.377742024680",
        "mean_anomaly" : "75.34360474221597",
        "mean_motion" : "1.139459042223534",
        "equinox" : "J2000"
      }
    }, {
      "links" : {
        "self" : "https://api.nasa.gov/neo/rest/v1/neo/2152563?api_key=t0TVs3DtDT2H8Oy2Zy8m2eVrNsAVKAexjcZXUckd"
      },
      "neo_reference_id" : "2152563",
      "name" : "152563 (1992 BF)",
      "nasa_jpl_url" : "http://ssd.jpl.nasa.gov/sbdb.cgi?sstr=2152563",
      "absolute_magnitude_h" : 19.8,
      "estimated_diameter" : {
        "kilometers" : {
          "estimated_diameter_min" : 0.2914439045,
          "estimated_diameter_max" : 0.6516883822
        },
        "meters" : {
          "estimated_diameter_min" : 291.4439045349,
          "estimated_diameter_max" : 651.6883821679
        },
        "miles" : {
          "estimated_diameter_min" : 0.1810947904,
          "estimated_diameter_max" : 0.4049402617
        },
        "feet" : {
          "estimated_diameter_min" : 956.1808197541,
          "estimated_diameter_max" : 2138.0853117517
        }
      },
      "is_potentially_hazardous_asteroid" : false,
      "close_approach_data" : [ {
        "close_approach_date" : "1998-06-08",
        "epoch_date_close_approach" : 897289200000,
        "relative_velocity" : {
          "kilometers_per_second" : "10.8507396964",
          "kilometers_per_hour" : "39062.6629071336",
          "miles_per_hour" : "24272.0196269353"
        },
        "miss_distance" : {
          "astronomical" : "0.3399863486",
          "lunar" : "132.2546844482",
          "kilometers" : "50861236",
          "miles" : "31603706"
        },
        "orbiting_body" : "Earth"
      } ],
      "orbital_data" : {
        "orbit_id" : "60",
        "orbit_determination_date" : "2017-09-08 06:18:07",
        "orbit_uncertainty" : "0",
        "minimum_orbit_intersection" : ".0628025",
        "jupiter_tisserand_invariant" : "6.528",
        "epoch_osculation" : "2455256.5",
        "eccentricity" : ".2717792465494954",
        "semi_major_axis" : ".9080475447132269",
        "inclination" : "7.253969612774739",
        "ascending_node_longitude" : "315.4658515665582",
        "orbital_period" : "316.0540133937546",
        "perihelion_distance" : ".6612590671799468",
        "perihelion_argument" : "336.4430104371189",
        "aphelion_distance" : "1.154836022246507",
        "perihelion_time" : "2455101.131056817453",
        "mean_anomaly" : "176.9723438886797",
        "mean_motion" : "1.139045810981351",
        "equinox" : "J2000"
      }
    }, {
      "links" : {
        "self" : "https://api.nasa.gov/neo/rest/v1/neo/2152680?api_key=t0TVs3DtDT2H8Oy2Zy8m2eVrNsAVKAexjcZXUckd"
      },
      "neo_reference_id" : "2152680",
      "name" : "152680 (1998 KJ9)",
      "nasa_jpl_url" : "http://ssd.jpl.nasa.gov/sbdb.cgi?sstr=2152680",
      "absolute_magnitude_h" : 19.4,
      "estimated_diameter" : {
        "kilometers" : {
          "estimated_diameter_min" : 0.3503926411,
          "estimated_diameter_max" : 0.7835017643
        },
        "meters" : {
          "estimated_diameter_min" : 350.3926411083,
          "estimated_diameter_max" : 783.5017643338
        },
        "miles" : {
          "estimated_diameter_min" : 0.2177238258,
          "estimated_diameter_max" : 0.4868452748
        },
        "feet" : {
          "estimated_diameter_min" : 1149.5821926537,
          "estimated_diameter_max" : 2570.543928497
        }
      },
      "is_potentially_hazardous_asteroid" : true,
      "close_approach_data" : [ {
        "close_approach_date" : "1998-06-08",
        "epoch_date_close_approach" : 897289200000,
        "relative_velocity" : {
          "kilometers_per_second" : "20.1144513725",
          "kilometers_per_hour" : "72412.0249411066",
          "miles_per_hour" : "44994.0162752115"
        },
        "miss_distance" : {
          "astronomical" : "0.0832189641",
          "lunar" : "32.372177124",
          "kilometers" : "12449380",
          "miles" : "7735686"
        },
        "orbiting_body" : "Earth"
      } ],
      "orbital_data" : {
        "orbit_id" : "28",
        "orbit_determination_date" : "2017-04-06 09:27:14",
        "orbit_uncertainty" : "0",
        "minimum_orbit_intersection" : ".00539934",
        "jupiter_tisserand_invariant" : "4.390",
        "epoch_osculation" : "2458000.5",
        "eccentricity" : ".6397832053136242",
        "semi_major_axis" : "1.447801625473809",
        "inclination" : "10.93037626309689",
        "ascending_node_longitude" : "98.59539016901543",
        "orbital_period" : "636.3001369292782",
        "perihelion_distance" : ".5215224608699002",
        "perihelion_argument" : "260.0680784769342",
        "aphelion_distance" : "2.374080790077718",
        "perihelion_time" : "2458025.927911379797",
        "mean_anomaly" : "345.6136317353261",
        "mean_motion" : ".565770741048909",
        "equinox" : "J2000"
      }
    }, {
      "links" : {
        "self" : "https://api.nasa.gov/neo/rest/v1/neo/3012392?api_key=t0TVs3DtDT2H8Oy2Zy8m2eVrNsAVKAexjcZXUckd"
      },
      "neo_reference_id" : "3012392",
      "name" : "(1998 KY26)",
      "nasa_jpl_url" : "http://ssd.jpl.nasa.gov/sbdb.cgi?sstr=3012392",
      "absolute_magnitude_h" : 25.5,
      "estimated_diameter" : {
        "kilometers" : {
          "estimated_diameter_min" : 0.0211132445,
          "estimated_diameter_max" : 0.0472106499
        },
        "meters" : {
          "estimated_diameter_min" : 21.113244479,
          "estimated_diameter_max" : 47.2106498806
        },
        "miles" : {
          "estimated_diameter_min" : 0.0131191578,
          "estimated_diameter_max" : 0.0293353287
        },
        "feet" : {
          "estimated_diameter_min" : 69.2691770164,
          "estimated_diameter_max" : 154.8905885541
        }
      },
      "is_potentially_hazardous_asteroid" : false,
      "close_approach_data" : [ {
        "close_approach_date" : "1998-06-08",
        "epoch_date_close_approach" : 897289200000,
        "relative_velocity" : {
          "kilometers_per_second" : "4.5655252256",
          "kilometers_per_hour" : "16435.8908122223",
          "miles_per_hour" : "10212.6233771833"
        },
        "miss_distance" : {
          "astronomical" : "0.0053887661",
          "lunar" : "2.0962300301",
          "kilometers" : "806147.9375",
          "miles" : "500917.09375"
        },
        "orbiting_body" : "Earth"
      } ],
      "orbital_data" : {
        "orbit_id" : "27",
        "orbit_determination_date" : "2017-04-06 09:17:47",
        "orbit_uncertainty" : "3",
        "minimum_orbit_intersection" : ".00242328",
        "jupiter_tisserand_invariant" : "5.174",
        "epoch_osculation" : "2458000.5",
        "eccentricity" : ".2017730861390178",
        "semi_major_axis" : "1.232880414019271",
        "inclination" : "1.481035557515004",
        "ascending_node_longitude" : "84.36621108811794",
        "orbital_period" : "500.0113431826317",
        "perihelion_distance" : ".9841183280422529",
        "perihelion_argument" : "209.3724221597767",
        "aphelion_distance" : "1.48164249999629",
        "perihelion_time" : "2458001.116119350020",
        "mean_anomaly" : "359.5564041315633",
        "mean_motion" : ".7199836661875652",
        "equinox" : "J2000"
      }
    }, {
      "links" : {
        "self" : "https://api.nasa.gov/neo/rest/v1/neo/3102681?api_key=t0TVs3DtDT2H8Oy2Zy8m2eVrNsAVKAexjcZXUckd"
      },
      "neo_reference_id" : "3102681",
      "name" : "(2001 XU4)",
      "nasa_jpl_url" : "http://ssd.jpl.nasa.gov/sbdb.cgi?sstr=3102681",
      "absolute_magnitude_h" : 23.8,
      "estimated_diameter" : {
        "kilometers" : {
          "estimated_diameter_min" : 0.046190746,
          "estimated_diameter_max" : 0.1032856481
        },
        "meters" : {
          "estimated_diameter_min" : 46.1907460282,
          "estimated_diameter_max" : 103.2856480504
        },
        "miles" : {
          "estimated_diameter_min" : 0.0287015901,
          "estimated_diameter_max" : 0.0641787064
        },
        "feet" : {
          "estimated_diameter_min" : 151.544447199,
          "estimated_diameter_max" : 338.8636855496
        }
      },
      "is_potentially_hazardous_asteroid" : false,
      "close_approach_data" : [ {
        "close_approach_date" : "1998-06-08",
        "epoch_date_close_approach" : 897289200000,
        "relative_velocity" : {
          "kilometers_per_second" : "7.6960069817",
          "kilometers_per_hour" : "27705.6251340284",
          "miles_per_hour" : "17215.1980173078"
        },
        "miss_distance" : {
          "astronomical" : "0.0850374055",
          "lunar" : "33.0795478821",
          "kilometers" : "12721415",
          "miles" : "7904720.5"
        },
        "orbiting_body" : "Earth"
      } ],
      "orbital_data" : {
        "orbit_id" : "8",
        "orbit_determination_date" : "2017-04-06 09:15:45",
        "orbit_uncertainty" : "7",
        "minimum_orbit_intersection" : ".0525666",
        "jupiter_tisserand_invariant" : "5.957",
        "epoch_osculation" : "2458000.5",
        "eccentricity" : ".1635106960207956",
        "semi_major_axis" : "1.019301915938118",
        "inclination" : "12.67764539570955",
        "ascending_node_longitude" : "259.3371355643689",
        "orbital_period" : "375.8830028430628",
        "perihelion_distance" : ".8526351502077463",
        "perihelion_argument" : "69.8057754826885",
        "aphelion_distance" : "1.185968681668491",
        "perihelion_time" : "2458174.038402792111",
        "mean_anomaly" : "193.7944931464655",
        "mean_motion" : ".957744822929133",
        "equinox" : "J2000"
      }
    }, {
      "links" : {
        "self" : "https://api.nasa.gov/neo/rest/v1/neo/3305002?api_key=t0TVs3DtDT2H8Oy2Zy8m2eVrNsAVKAexjcZXUckd"
      },
      "neo_reference_id" : "3305002",
      "name" : "(2005 WY55)",
      "nasa_jpl_url" : "http://ssd.jpl.nasa.gov/sbdb.cgi?sstr=3305002",
      "absolute_magnitude_h" : 20.7,
      "estimated_diameter" : {
        "kilometers" : {
          "estimated_diameter_min" : 0.1925550782,
          "estimated_diameter_max" : 0.4305662442
        },
        "meters" : {
          "estimated_diameter_min" : 192.5550781879,
          "estimated_diameter_max" : 430.566244241
        },
        "miles" : {
          "estimated_diameter_min" : 0.1196481415,
          "estimated_diameter_max" : 0.2675413778
        },
        "feet" : {
          "estimated_diameter_min" : 631.7424027221,
          "estimated_diameter_max" : 1412.6189567557
        }
      },
      "is_potentially_hazardous_asteroid" : true,
      "close_approach_data" : [ {
        "close_approach_date" : "1998-06-08",
        "epoch_date_close_approach" : 897289200000,
        "relative_velocity" : {
          "kilometers_per_second" : "22.8694652399",
          "kilometers_per_hour" : "82330.0748637689",
          "miles_per_hour" : "51156.7067952124"
        },
        "miss_distance" : {
          "astronomical" : "0.1153682598",
          "lunar" : "44.8782539368",
          "kilometers" : "17258846",
          "miles" : "10724150"
        },
        "orbiting_body" : "Earth"
      } ],
      "orbital_data" : {
        "orbit_id" : "32",
        "orbit_determination_date" : "2017-04-06 09:09:45",
        "orbit_uncertainty" : "0",
        "minimum_orbit_intersection" : ".00371747",
        "jupiter_tisserand_invariant" : "3.043",
        "epoch_osculation" : "2458000.5",
        "eccentricity" : ".7205928687594252",
        "semi_major_axis" : "2.488077546490355",
        "inclination" : "7.275321873355841",
        "ascending_node_longitude" : "248.1792538644507",
        "orbital_period" : "1433.488769444928",
        "perihelion_distance" : ".6951866095689579",
        "perihelion_argument" : "286.2079572281688",
        "aphelion_distance" : "4.280968483411752",
        "perihelion_time" : "2458083.001722200043",
        "mean_anomaly" : "339.2808840745113",
        "mean_motion" : ".2511355566039059",
        "equinox" : "J2000"
      }
    }, {
      "links" : {
        "self" : "https://api.nasa.gov/neo/rest/v1/neo/3655739?api_key=t0TVs3DtDT2H8Oy2Zy8m2eVrNsAVKAexjcZXUckd"
      },
      "neo_reference_id" : "3655739",
      "name" : "(2013 YD110)",
      "nasa_jpl_url" : "http://ssd.jpl.nasa.gov/sbdb.cgi?sstr=3655739",
      "absolute_magnitude_h" : 22.4,
      "estimated_diameter" : {
        "kilometers" : {
          "estimated_diameter_min" : 0.0880146521,
          "estimated_diameter_max" : 0.1968067451
        },
        "meters" : {
          "estimated_diameter_min" : 88.0146520901,
          "estimated_diameter_max" : 196.8067450894
        },
        "miles" : {
          "estimated_diameter_min" : 0.0546897524,
          "estimated_diameter_max" : 0.122290004
        },
        "feet" : {
          "estimated_diameter_min" : 288.7619911632,
          "estimated_diameter_max" : 645.6914415591
        }
      },
      "is_potentially_hazardous_asteroid" : false,
      "close_approach_data" : [ {
        "close_approach_date" : "1998-06-08",
        "epoch_date_close_approach" : 897289200000,
        "relative_velocity" : {
          "kilometers_per_second" : "4.4868431855",
          "kilometers_per_hour" : "16152.6354676619",
          "miles_per_hour" : "10036.6195215591"
        },
        "miss_distance" : {
          "astronomical" : "0.3309178451",
          "lunar" : "128.7270355225",
          "kilometers" : "49504604",
          "miles" : "30760734"
        },
        "orbiting_body" : "Earth"
      } ],
      "orbital_data" : {
        "orbit_id" : "11",
        "orbit_determination_date" : "2017-04-06 08:43:03",
        "orbit_uncertainty" : "4",
        "minimum_orbit_intersection" : ".241742",
        "jupiter_tisserand_invariant" : "4.793",
        "epoch_osculation" : "2458000.5",
        "eccentricity" : ".123654377860541",
        "semi_major_axis" : "1.377492841147539",
        "inclination" : "6.240472506363829",
        "ascending_node_longitude" : "267.6205486909898",
        "orbital_period" : "590.5170650864337",
        "perihelion_distance" : "1.207159820868091",
        "perihelion_argument" : "271.8127166682885",
        "aphelion_distance" : "1.547825861426987",
        "perihelion_time" : "2457946.777712263884",
        "mean_anomaly" : "32.75099862214958",
        "mean_motion" : ".6096352184967033",
        "equinox" : "J2000"
      }
    }, {
      "links" : {
        "self" : "https://api.nasa.gov/neo/rest/v1/neo/3771628?api_key=t0TVs3DtDT2H8Oy2Zy8m2eVrNsAVKAexjcZXUckd"
      },
      "neo_reference_id" : "3771628",
      "name" : "(2017 FW2)",
      "nasa_jpl_url" : "http://ssd.jpl.nasa.gov/sbdb.cgi?sstr=3771628",
      "absolute_magnitude_h" : 25.643,
      "estimated_diameter" : {
        "kilometers" : {
          "estimated_diameter_min" : 0.019767647,
          "estimated_diameter_max" : 0.0442018024
        },
        "meters" : {
          "estimated_diameter_min" : 19.7676469791,
          "estimated_diameter_max" : 44.2018024005
        },
        "miles" : {
          "estimated_diameter_min" : 0.0122830426,
          "estimated_diameter_max" : 0.0274657182
        },
        "feet" : {
          "estimated_diameter_min" : 64.8544869149,
          "estimated_diameter_max" : 145.0190413875
        }
      },
      "is_potentially_hazardous_asteroid" : false,
      "close_approach_data" : [ {
        "close_approach_date" : "1998-06-08",
        "epoch_date_close_approach" : 897289200000,
        "relative_velocity" : {
          "kilometers_per_second" : "8.8625928859",
          "kilometers_per_hour" : "31905.3343893973",
          "miles_per_hour" : "19824.7340265674"
        },
        "miss_distance" : {
          "astronomical" : "0.3705231747",
          "lunar" : "144.1335144043",
          "kilometers" : "55429480",
          "miles" : "34442284"
        },
        "orbiting_body" : "Earth"
      } ],
      "orbital_data" : {
        "orbit_id" : "3",
        "orbit_determination_date" : "2017-04-06 08:19:20",
        "orbit_uncertainty" : "6",
        "minimum_orbit_intersection" : ".0135919",
        "jupiter_tisserand_invariant" : "6.444",
        "epoch_osculation" : "2458000.5",
        "eccentricity" : ".4094920454890857",
        "semi_major_axis" : ".9110508726971325",
        "inclination" : "16.26758643283316",
        "ascending_node_longitude" : "178.4551991484753",
        "orbital_period" : "317.6233116764496",
        "perihelion_distance" : ".537982787291767",
        "perihelion_argument" : "231.3684329742262",
        "aphelion_distance" : "1.284118958102498",
        "perihelion_time" : "2458075.299505957360",
        "mean_anomaly" : "275.2208885345294",
        "mean_motion" : "1.133418067143377",
        "equinox" : "J2000"
      }
    } ]
  }
}