{
  "links" : {
    "next" : "https://api.nasa.gov/neo/rest/v1/feed?start_date=1995-05-16&end_date=1995-05-16&detailed=true&api_key=t0TVs3DtDT2H8Oy2Zy8m2eVrNsAVKAexjcZXUckd",
    "prev" : "https://api.nasa.gov/neo/rest/v1/feed?start_date=1995-05-14&end_date=1995-05-14&detailed=true&api_key=t0TVs3DtDT2H8Oy2Zy8m2eVrNsAVKAexjcZXUckd",
    "self" : "https://api.nasa.gov/neo/rest/v1/feed?start_date=1995-05-15&end_date=1995-05-15&detailed=true&api_key=t0TVs3DtDT2H8Oy2Zy8m2eVrNsAVKAexjcZXUckd"
  },
  "element_count" : 6,
  "near_earth_objects" : {
    "1995-05-15" : [ {
      "links" : {
        "self" : "https://api.nasa.gov/neo/rest/v1/neo/2088959?api_key=t0TVs3DtDT2H8Oy2Zy8m2eVrNsAVKAexjcZXUckd"
      },
      "neo_reference_id" : "2088959",
      "name" : "88959 (2001 TZ44)",
      "nasa_jpl_url" : "http://ssd.jpl.nasa.gov/sbdb.cgi?sstr=2088959",
      "absolute_magnitude_h" : 17.4,
      "estimated_diameter" : {
        "kilometers" : {
          "estimated_diameter_min" : 0.8801465209,
          "estimated_diameter_max" : 1.9680674509
        },
        "meters" : {
          "estimated_diameter_min" : 880.1465209007,
          "estimated_diameter_max" : 1968.067450894
        },
        "miles" : {
          "estimated_diameter_min" : 0.5468975238,
          "estimated_diameter_max" : 1.22290004
        },
        "feet" : {
          "estimated_diameter_min" : 2887.6199116319,
          "estimated_diameter_max" : 6456.914415591
        }
      },
      "is_potentially_hazardous_asteroid" : false,
      "close_approach_data" : [ {
        "close_approach_date" : "1995-05-15",
        "epoch_date_close_approach" : 800521200000,
        "relative_velocity" : {
          "kilometers_per_second" : "36.9027872256",
          "kilometers_per_hour" : "132850.0340120192",
          "miles_per_hour" : "82547.8447448572"
        },
        "miss_distance" : {
          "astronomical" : "0.3090826956",
          "lunar" : "120.2331619263",
          "kilometers" : "46238112",
          "miles" : "28731030"
        },
        "orbiting_body" : "Earth"
      } ],
      "orbital_data" : {
        "orbit_id" : "42",
        "orbit_determination_date" : "2017-04-06 09:28:21",
        "orbit_uncertainty" : "0",
        "minimum_orbit_intersection" : ".0508661",
        "jupiter_tisserand_invariant" : "3.580",
        "epoch_osculation" : "2458000.5",
        "eccentricity" : ".5639780444598699",
        "semi_major_axis" : "1.723590507735431",
        "inclination" : "53.82827282376167",
        "ascending_node_longitude" : "38.98727038019353",
        "orbital_period" : "826.5127687372666",
        "perihelion_distance" : ".7515233037332082",
        "perihelion_argument" : "114.9699500537067",
        "aphelion_distance" : "2.695657711737653",
        "perihelion_time" : "2458079.943265856825",
        "mean_anomaly" : "325.3972971861633",
        "mean_motion" : ".4355649587241131",
        "equinox" : "J2000"
      }
    }, {
      "links" : {
        "self" : "https://api.nasa.gov/neo/rest/v1/neo/3277704?api_key=t0TVs3DtDT2H8Oy2Zy8m2eVrNsAVKAexjcZXUckd"
      },
      "neo_reference_id" : "3277704",
      "name" : "(2005 JR5)",
      "nasa_jpl_url" : "http://ssd.jpl.nasa.gov/sbdb.cgi?sstr=3277704",
      "absolute_magnitude_h" : 22.1,
      "estimated_diameter" : {
        "kilometers" : {
          "estimated_diameter_min" : 0.1010543415,
          "estimated_diameter_max" : 0.2259643771
        },
        "meters" : {
          "estimated_diameter_min" : 101.054341542,
          "estimated_diameter_max" : 225.9643771094
        },
        "miles" : {
          "estimated_diameter_min" : 0.0627922373,
          "estimated_diameter_max" : 0.140407711
        },
        "feet" : {
          "estimated_diameter_min" : 331.5431259047,
          "estimated_diameter_max" : 741.3529669956
        }
      },
      "is_potentially_hazardous_asteroid" : false,
      "close_approach_data" : [ {
        "close_approach_date" : "1995-05-15",
        "epoch_date_close_approach" : 800521200000,
        "relative_velocity" : {
          "kilometers_per_second" : "15.7970850712",
          "kilometers_per_hour" : "56869.5062562905",
          "miles_per_hour" : "35336.4995957489"
        },
        "miss_distance" : {
          "astronomical" : "0.1834604628",
          "lunar" : "71.3661193848",
          "kilometers" : "27445294",
          "miles" : "17053716"
        },
        "orbiting_body" : "Earth"
      } ],
      "orbital_data" : {
        "orbit_id" : "18",
        "orbit_determination_date" : "2017-04-06 09:11:00",
        "orbit_uncertainty" : "0",
        "minimum_orbit_intersection" : ".0549144",
        "jupiter_tisserand_invariant" : "5.293",
        "epoch_osculation" : "2458000.5",
        "eccentricity" : ".1538369907726766",
        "semi_major_axis" : "1.157817149428843",
        "inclination" : "31.0424516089619",
        "ascending_node_longitude" : "49.31999676585112",
        "orbital_period" : "455.0492405086502",
        "perihelion_distance" : ".9797020432957113",
        "perihelion_argument" : "246.8332902517551",
        "aphelion_distance" : "1.335932255561975",
        "perihelion_time" : "2458117.763610536657",
        "mean_anomaly" : "267.2300401028926",
        "mean_motion" : ".7911231751482434",
        "equinox" : "J2000"
      }
    }, {
      "links" : {
        "self" : "https://api.nasa.gov/neo/rest/v1/neo/3459306?api_key=t0TVs3DtDT2H8Oy2Zy8m2eVrNsAVKAexjcZXUckd"
      },
      "neo_reference_id" : "3459306",
      "name" : "(2009 HD82)",
      "nasa_jpl_url" : "http://ssd.jpl.nasa.gov/sbdb.cgi?sstr=3459306",
      "absolute_magnitude_h" : 21.6,
      "estimated_diameter" : {
        "kilometers" : {
          "estimated_diameter_min" : 0.1272198785,
          "estimated_diameter_max" : 0.2844722965
        },
        "meters" : {
          "estimated_diameter_min" : 127.2198785394,
          "estimated_diameter_max" : 284.4722965033
        },
        "miles" : {
          "estimated_diameter_min" : 0.0790507431,
          "estimated_diameter_max" : 0.1767628354
        },
        "feet" : {
          "estimated_diameter_min" : 417.3880663071,
          "estimated_diameter_max" : 933.3080892598
        }
      },
      "is_potentially_hazardous_asteroid" : false,
      "close_approach_data" : [ {
        "close_approach_date" : "1995-05-15",
        "epoch_date_close_approach" : 800521200000,
        "relative_velocity" : {
          "kilometers_per_second" : "20.2894533769",
          "kilometers_per_hour" : "73042.032156736",
          "miles_per_hour" : "45385.478258723"
        },
        "miss_distance" : {
          "astronomical" : "0.2034854101",
          "lunar" : "79.1558227539",
          "kilometers" : "30440984",
          "miles" : "18915152"
        },
        "orbiting_body" : "Earth"
      } ],
      "orbital_data" : {
        "orbit_id" : "30",
        "orbit_determination_date" : "2017-04-06 09:00:38",
        "orbit_uncertainty" : "0",
        "minimum_orbit_intersection" : ".0812573",
        "jupiter_tisserand_invariant" : "5.010",
        "epoch_osculation" : "2458000.5",
        "eccentricity" : ".4765100329390353",
        "semi_major_axis" : "1.253468714046949",
        "inclination" : "5.80092536793395",
        "ascending_node_longitude" : "191.2587796617734",
        "orbital_period" : "512.5882832519676",
        "perihelion_distance" : ".6561782958283874",
        "perihelion_argument" : "147.9375112842552",
        "aphelion_distance" : "1.850759132265511",
        "perihelion_time" : "2458112.460028538879",
        "mean_anomaly" : "281.3684518532314",
        "mean_motion" : ".7023180430814464",
        "equinox" : "J2000"
      }
    }, {
      "links" : {
        "self" : "https://api.nasa.gov/neo/rest/v1/neo/3562321?api_key=t0TVs3DtDT2H8Oy2Zy8m2eVrNsAVKAexjcZXUckd"
      },
      "neo_reference_id" : "3562321",
      "name" : "(2011 GL44)",
      "nasa_jpl_url" : "http://ssd.jpl.nasa.gov/sbdb.cgi?sstr=3562321",
      "absolute_magnitude_h" : 20.5,
      "estimated_diameter" : {
        "kilometers" : {
          "estimated_diameter_min" : 0.2111324448,
          "estimated_diameter_max" : 0.4721064988
        },
        "meters" : {
          "estimated_diameter_min" : 211.1324447897,
          "estimated_diameter_max" : 472.1064988055
        },
        "miles" : {
          "estimated_diameter_min" : 0.1311915784,
          "estimated_diameter_max" : 0.2933532873
        },
        "feet" : {
          "estimated_diameter_min" : 692.6917701639,
          "estimated_diameter_max" : 1548.9058855411
        }
      },
      "is_potentially_hazardous_asteroid" : false,
      "close_approach_data" : [ {
        "close_approach_date" : "1995-05-15",
        "epoch_date_close_approach" : 800521200000,
        "relative_velocity" : {
          "kilometers_per_second" : "19.8548506193",
          "kilometers_per_hour" : "71477.4622295909",
          "miles_per_hour" : "44413.3153503811"
        },
        "miss_distance" : {
          "astronomical" : "0.1496882423",
          "lunar" : "58.2287254333",
          "kilometers" : "22393042",
          "miles" : "13914392"
        },
        "orbiting_body" : "Earth"
      } ],
      "orbital_data" : {
        "orbit_id" : "24",
        "orbit_determination_date" : "2017-05-20 09:47:28",
        "orbit_uncertainty" : "1",
        "minimum_orbit_intersection" : ".117551",
        "jupiter_tisserand_invariant" : "6.468",
        "epoch_osculation" : "2458000.5",
        "eccentricity" : ".526542700061064",
        "semi_major_axis" : ".8963389405575244",
        "inclination" : "20.13021458154914",
        "ascending_node_longitude" : "38.78160579508243",
        "orbital_period" : "309.9608358537071",
        "perihelion_distance" : ".424378214626492",
        "perihelion_argument" : "334.98067422639",
        "aphelion_distance" : "1.368299666488557",
        "perihelion_time" : "2457976.506133836030",
        "mean_anomaly" : "27.86736522773487",
        "mean_motion" : "1.161437053840925",
        "equinox" : "J2000"
      }
    }, {
      "links" : {
        "self" : "https://api.nasa.gov/neo/rest/v1/neo/3701883?api_key=t0TVs3DtDT2H8Oy2Zy8m2eVrNsAVKAexjcZXUckd"
      },
      "neo_reference_id" : "3701883",
      "name" : "(2014 XL7)",
      "nasa_jpl_url" : "http://ssd.jpl.nasa.gov/sbdb.cgi?sstr=3701883",
      "absolute_magnitude_h" : 21.0,
      "estimated_diameter" : {
        "kilometers" : {
          "estimated_diameter_min" : 0.1677084622,
          "estimated_diameter_max" : 0.3750075218
        },
        "meters" : {
          "estimated_diameter_min" : 167.7084621628,
          "estimated_diameter_max" : 375.0075217981
        },
        "miles" : {
          "estimated_diameter_min" : 0.1042091748,
          "estimated_diameter_max" : 0.2330187988
        },
        "feet" : {
          "estimated_diameter_min" : 550.2246310023,
          "estimated_diameter_max" : 1230.3396778159
        }
      },
      "is_potentially_hazardous_asteroid" : true,
      "close_approach_data" : [ {
        "close_approach_date" : "1995-05-15",
        "epoch_date_close_approach" : 800521200000,
        "relative_velocity" : {
          "kilometers_per_second" : "24.7182552115",
          "kilometers_per_hour" : "88985.7187613528",
          "miles_per_hour" : "55292.265082575"
        },
        "miss_distance" : {
          "astronomical" : "0.3425756907",
          "lunar" : "133.2619476318",
          "kilometers" : "51248596",
          "miles" : "31844400"
        },
        "orbiting_body" : "Earth"
      } ],
      "orbital_data" : {
        "orbit_id" : "18",
        "orbit_determination_date" : "2017-04-06 08:36:55",
        "orbit_uncertainty" : "2",
        "minimum_orbit_intersection" : ".00215466",
        "jupiter_tisserand_invariant" : "4.092",
        "epoch_osculation" : "2458000.5",
        "eccentricity" : ".5332462604352894",
        "semi_major_axis" : "1.653696612656535",
        "inclination" : "7.502275135786705",
        "ascending_node_longitude" : "74.49124208498932",
        "orbital_period" : "776.7516457501827",
        "perihelion_distance" : ".7718690780629323",
        "perihelion_argument" : "250.7422433155759",
        "aphelion_distance" : "2.535524147250137",
        "perihelion_time" : "2457669.892935061889",
        "mean_anomaly" : "153.2259944718528",
        "mean_motion" : ".4634686028277596",
        "equinox" : "J2000"
      }
    }, {
      "links" : {
        "self" : "https://api.nasa.gov/neo/rest/v1/neo/3728898?api_key=t0TVs3DtDT2H8Oy2Zy8m2eVrNsAVKAexjcZXUckd"
      },
      "neo_reference_id" : "3728898",
      "name" : "(2015 TF)",
      "nasa_jpl_url" : "http://ssd.jpl.nasa.gov/sbdb.cgi?sstr=3728898",
      "absolute_magnitude_h" : 22.2,
      "estimated_diameter" : {
        "kilometers" : {
          "estimated_diameter_min" : 0.096506147,
          "estimated_diameter_max" : 0.2157943048
        },
        "meters" : {
          "estimated_diameter_min" : 96.5061469579,
          "estimated_diameter_max" : 215.7943048444
        },
        "miles" : {
          "estimated_diameter_min" : 0.059966121,
          "estimated_diameter_max" : 0.134088323
        },
        "feet" : {
          "estimated_diameter_min" : 316.6212271853,
          "estimated_diameter_max" : 707.9865871058
        }
      },
      "is_potentially_hazardous_asteroid" : false,
      "close_approach_data" : [ {
        "close_approach_date" : "1995-05-15",
        "epoch_date_close_approach" : 800521200000,
        "relative_velocity" : {
          "kilometers_per_second" : "11.3966022742",
          "kilometers_per_hour" : "41027.7681871315",
          "miles_per_hour" : "25493.0596271651"
        },
        "miss_distance" : {
          "astronomical" : "0.2338387796",
          "lunar" : "90.9632873535",
          "kilometers" : "34981784",
          "miles" : "21736672"
        },
        "orbiting_body" : "Earth"
      } ],
      "orbital_data" : {
        "orbit_id" : "26",
        "orbit_determination_date" : "2017-04-06 08:31:39",
        "orbit_uncertainty" : "1",
        "minimum_orbit_intersection" : ".0499383",
        "jupiter_tisserand_invariant" : "5.512",
        "epoch_osculation" : "2458000.5",
        "eccentricity" : ".4988696932157258",
        "semi_major_axis" : "1.100327266788939",
        "inclination" : "10.78773208277203",
        "ascending_node_longitude" : "16.98040476322838",
        "orbital_period" : "421.5812038217386",
        "perihelion_distance" : ".5514073407690427",
        "perihelion_argument" : "125.9795009921141",
        "aphelion_distance" : "1.649247192808834",
        "perihelion_time" : "2457807.135336047736",
        "mean_anomaly" : "165.1195034118488",
        "mean_motion" : ".8539280137171922",
        "equinox" : "J2000"
      }
    } ]
  }
}