{
  "links" : {
    "next" : "https://api.nasa.gov/neo/rest/v1/feed?start_date=2003-06-16&end_date=2003-06-16&detailed=true&api_key=t0TVs3DtDT2H8Oy2Zy8m2eVrNsAVKAexjcZXUckd",
    "prev" : "https://api.nasa.gov/neo/rest/v1/feed?start_date=2003-06-14&end_date=2003-06-14&detailed=true&api_key=t0TVs3DtDT2H8Oy2Zy8m2eVrNsAVKAexjcZXUckd",
    "self" : "https://api.nasa.gov/neo/rest/v1/feed?start_date=2003-06-15&end_date=2003-06-15&detailed=true&api_key=t0TVs3DtDT2H8Oy2Zy8m2eVrNsAVKAexjcZXUckd"
  },
  "element_count" : 5,
  "near_earth_objects" : {
    "2003-06-15" : [ {
      "links" : {
        "self" : "https://api.nasa.gov/neo/rest/v1/neo/3275512?api_key=t0TVs3DtDT2H8Oy2Zy8m2eVrNsAVKAexjcZXUckd"
      },
      "neo_reference_id" : "3275512",
      "name" : "(2005 GU)",
      "nasa_jpl_url" : "http://ssd.jpl.nasa.gov/sbdb.cgi?sstr=3275512",
      "absolute_magnitude_h" : 20.0,
      "estimated_diameter" : {
        "kilometers" : {
          "estimated_diameter_min" : 0.2658,
          "estimated_diameter_max" : 0.5943468684
        },
        "meters" : {
          "estimated_diameter_min" : 265.8,
          "estimated_diameter_max" : 594.3468684194
        },
        "miles" : {
          "estimated_diameter_min" : 0.1651604118,
          "estimated_diameter_max" : 0.369309908
        },
        "feet" : {
          "estimated_diameter_min" : 872.047272,
          "estimated_diameter_max" : 1949.9569797852
        }
      },
      "is_potentially_hazardous_asteroid" : true,
      "close_approach_data" : [ {
        "close_approach_date" : "2003-06-15",
        "epoch_date_close_approach" : 1055660400000,
        "relative_velocity" : {
          "kilometers_per_second" : "16.3262293272",
          "kilometers_per_hour" : "58774.4255779787",
          "miles_per_hour" : "36520.1423820501"
        },
        "miss_distance" : {
          "astronomical" : "0.4808080327",
          "lunar" : "187.0343170166",
          "kilometers" : "71927856",
          "miles" : "44693896"
        },
        "orbiting_body" : "Earth"
      } ],
      "orbital_data" : {
        "orbit_id" : "26",
        "orbit_determination_date" : "2017-04-06 09:11:10",
        "orbit_uncertainty" : "1",
        "minimum_orbit_intersection" : ".0141525",
        "jupiter_tisserand_invariant" : "4.134",
        "epoch_osculation" : "2458000.5",
        "eccentricity" : ".6146095515144586",
        "semi_major_axis" : "1.551698473232959",
        "inclination" : "25.04852030845643",
        "ascending_node_longitude" : "26.9223956918106",
        "orbital_period" : "706.0076811875358",
        "perihelion_distance" : ".5980097705135797",
        "perihelion_argument" : "275.7628466073247",
        "aphelion_distance" : "2.505387175952338",
        "perihelion_time" : "2457771.202590712847",
        "mean_anomaly" : "116.9209196202048",
        "mean_motion" : ".5099094664160937",
        "equinox" : "J2000"
      }
    }, {
      "links" : {
        "self" : "https://api.nasa.gov/neo/rest/v1/neo/3409961?api_key=t0TVs3DtDT2H8Oy2Zy8m2eVrNsAVKAexjcZXUckd"
      },
      "neo_reference_id" : "3409961",
      "name" : "(2008 HB38)",
      "nasa_jpl_url" : "http://ssd.jpl.nasa.gov/sbdb.cgi?sstr=3409961",
      "absolute_magnitude_h" : 21.2,
      "estimated_diameter" : {
        "kilometers" : {
          "estimated_diameter_min" : 0.1529519353,
          "estimated_diameter_max" : 0.3420109247
        },
        "meters" : {
          "estimated_diameter_min" : 152.9519353442,
          "estimated_diameter_max" : 342.0109247198
        },
        "miles" : {
          "estimated_diameter_min" : 0.095039897,
          "estimated_diameter_max" : 0.2125156703
        },
        "feet" : {
          "estimated_diameter_min" : 501.8108275547,
          "estimated_diameter_max" : 1122.0831222578
        }
      },
      "is_potentially_hazardous_asteroid" : true,
      "close_approach_data" : [ {
        "close_approach_date" : "2003-06-15",
        "epoch_date_close_approach" : 1055660400000,
        "relative_velocity" : {
          "kilometers_per_second" : "11.466870455",
          "kilometers_per_hour" : "41280.7336379104",
          "miles_per_hour" : "25650.2425207338"
        },
        "miss_distance" : {
          "astronomical" : "0.0600403097",
          "lunar" : "23.3556804657",
          "kilometers" : "8981903",
          "miles" : "5581095.5"
        },
        "orbiting_body" : "Earth"
      } ],
      "orbital_data" : {
        "orbit_id" : "51",
        "orbit_determination_date" : "2017-04-06 09:03:34",
        "orbit_uncertainty" : "0",
        "minimum_orbit_intersection" : ".00300594",
        "jupiter_tisserand_invariant" : "3.846",
        "epoch_osculation" : "2458000.5",
        "eccentricity" : ".4924298444358191",
        "semi_major_axis" : "1.853800898069743",
        "inclination" : "1.021165896478415",
        "ascending_node_longitude" : "102.6841152231644",
        "orbital_period" : "921.9196234010238",
        "perihelion_distance" : ".9409340102182778",
        "perihelion_argument" : "209.5097784984613",
        "aphelion_distance" : "2.766667785921209",
        "perihelion_time" : "2458364.690870030623",
        "mean_anomaly" : "217.7872627037103",
        "mean_motion" : ".3904895729108527",
        "equinox" : "J2000"
      }
    }, {
      "links" : {
        "self" : "https://api.nasa.gov/neo/rest/v1/neo/3529626?api_key=t0TVs3DtDT2H8Oy2Zy8m2eVrNsAVKAexjcZXUckd"
      },
      "neo_reference_id" : "3529626",
      "name" : "(2010 MA)",
      "nasa_jpl_url" : "http://ssd.jpl.nasa.gov/sbdb.cgi?sstr=3529626",
      "absolute_magnitude_h" : 25.7,
      "estimated_diameter" : {
        "kilometers" : {
          "estimated_diameter_min" : 0.0192555078,
          "estimated_diameter_max" : 0.0430566244
        },
        "meters" : {
          "estimated_diameter_min" : 19.2555078188,
          "estimated_diameter_max" : 43.0566244241
        },
        "miles" : {
          "estimated_diameter_min" : 0.0119648141,
          "estimated_diameter_max" : 0.0267541378
        },
        "feet" : {
          "estimated_diameter_min" : 63.1742402722,
          "estimated_diameter_max" : 141.2618956756
        }
      },
      "is_potentially_hazardous_asteroid" : false,
      "close_approach_data" : [ {
        "close_approach_date" : "2003-06-15",
        "epoch_date_close_approach" : 1055660400000,
        "relative_velocity" : {
          "kilometers_per_second" : "14.3724757299",
          "kilometers_per_hour" : "51740.9126275295",
          "miles_per_hour" : "32149.7909601446"
        },
        "miss_distance" : {
          "astronomical" : "0.1506473135",
          "lunar" : "58.6018028259",
          "kilometers" : "22536518",
          "miles" : "14003543"
        },
        "orbiting_body" : "Earth"
      } ],
      "orbital_data" : {
        "orbit_id" : "10",
        "orbit_determination_date" : "2017-04-06 08:57:17",
        "orbit_uncertainty" : "7",
        "minimum_orbit_intersection" : ".0239186",
        "jupiter_tisserand_invariant" : "6.900",
        "epoch_osculation" : "2458000.5",
        "eccentricity" : ".3480787900907887",
        "semi_major_axis" : ".8437060279865839",
        "inclination" : "14.09444736124599",
        "ascending_node_longitude" : "87.43496184239206",
        "orbital_period" : "283.0643359566189",
        "perihelion_distance" : ".5500298545727087",
        "perihelion_argument" : "32.0823735361197",
        "aphelion_distance" : "1.137382201400459",
        "perihelion_time" : "2458103.578630222519",
        "mean_anomaly" : "228.9050432485645",
        "mean_motion" : "1.27179568130113",
        "equinox" : "J2000"
      }
    }, {
      "links" : {
        "self" : "https://api.nasa.gov/neo/rest/v1/neo/3619726?api_key=t0TVs3DtDT2H8Oy2Zy8m2eVrNsAVKAexjcZXUckd"
      },
      "neo_reference_id" : "3619726",
      "name" : "(2012 XF55)",
      "nasa_jpl_url" : "http://ssd.jpl.nasa.gov/sbdb.cgi?sstr=3619726",
      "absolute_magnitude_h" : 22.8,
      "estimated_diameter" : {
        "kilometers" : {
          "estimated_diameter_min" : 0.0732073989,
          "estimated_diameter_max" : 0.1636967205
        },
        "meters" : {
          "estimated_diameter_min" : 73.2073989347,
          "estimated_diameter_max" : 163.696720474
        },
        "miles" : {
          "estimated_diameter_min" : 0.0454889547,
          "estimated_diameter_max" : 0.1017163949
        },
        "feet" : {
          "estimated_diameter_min" : 240.181762721,
          "estimated_diameter_max" : 537.0627483999
        }
      },
      "is_potentially_hazardous_asteroid" : false,
      "close_approach_data" : [ {
        "close_approach_date" : "2003-06-15",
        "epoch_date_close_approach" : 1055660400000,
        "relative_velocity" : {
          "kilometers_per_second" : "4.9269328586",
          "kilometers_per_hour" : "17736.958290879",
          "miles_per_hour" : "11021.056111352"
        },
        "miss_distance" : {
          "astronomical" : "0.3522258096",
          "lunar" : "137.015838623",
          "kilometers" : "52692232",
          "miles" : "32741434"
        },
        "orbiting_body" : "Earth"
      } ],
      "orbital_data" : {
        "orbit_id" : "21",
        "orbit_determination_date" : "2017-04-06 08:47:46",
        "orbit_uncertainty" : "3",
        "minimum_orbit_intersection" : ".0216763",
        "jupiter_tisserand_invariant" : "5.037",
        "epoch_osculation" : "2458000.5",
        "eccentricity" : ".2501891769859851",
        "semi_major_axis" : "1.275897453869334",
        "inclination" : "1.540417016886005",
        "ascending_node_longitude" : "251.7518106765609",
        "orbital_period" : "526.4075178931737",
        "perihelion_distance" : ".9566817199672515",
        "perihelion_argument" : "267.3315752596933",
        "aphelion_distance" : "1.595113187771417",
        "perihelion_time" : "2457940.870684619715",
        "mean_anomaly" : "40.77934453295362",
        "mean_motion" : ".6838808105188506",
        "equinox" : "J2000"
      }
    }, {
      "links" : {
        "self" : "https://api.nasa.gov/neo/rest/v1/neo/3715468?api_key=t0TVs3DtDT2H8Oy2Zy8m2eVrNsAVKAexjcZXUckd"
      },
      "neo_reference_id" : "3715468",
      "name" : "(2015 GU)",
      "nasa_jpl_url" : "http://ssd.jpl.nasa.gov/sbdb.cgi?sstr=3715468",
      "absolute_magnitude_h" : 28.4,
      "estimated_diameter" : {
        "kilometers" : {
          "estimated_diameter_min" : 0.0055533491,
          "estimated_diameter_max" : 0.0124176661
        },
        "meters" : {
          "estimated_diameter_min" : 5.5533491158,
          "estimated_diameter_max" : 12.4176661257
        },
        "miles" : {
          "estimated_diameter_min" : 0.0034506901,
          "estimated_diameter_max" : 0.0077159776
        },
        "feet" : {
          "estimated_diameter_min" : 18.2196499131,
          "estimated_diameter_max" : 40.740375732
        }
      },
      "is_potentially_hazardous_asteroid" : false,
      "close_approach_data" : [ {
        "close_approach_date" : "2003-06-15",
        "epoch_date_close_approach" : 1055660400000,
        "relative_velocity" : {
          "kilometers_per_second" : "9.6045709041",
          "kilometers_per_hour" : "34576.4552549227",
          "miles_per_hour" : "21484.4646554824"
        },
        "miss_distance" : {
          "astronomical" : "0.0935038635",
          "lunar" : "36.3730010986",
          "kilometers" : "13987979",
          "miles" : "8691727"
        },
        "orbiting_body" : "Earth"
      } ],
      "orbital_data" : {
        "orbit_id" : "5",
        "orbit_determination_date" : "2017-04-06 08:34:32",
        "orbit_uncertainty" : "6",
        "minimum_orbit_intersection" : ".000380249",
        "jupiter_tisserand_invariant" : "3.706",
        "epoch_osculation" : "2458000.5",
        "eccentricity" : ".5358372160472362",
        "semi_major_axis" : "1.945787116814971",
        "inclination" : "2.420357772334288",
        "ascending_node_longitude" : "21.40922350172259",
        "orbital_period" : "991.38287393771",
        "perihelion_distance" : ".9031619651202584",
        "perihelion_argument" : "224.4985185520227",
        "aphelion_distance" : "2.988412268509683",
        "perihelion_time" : "2458149.579319849544",
        "mean_anomaly" : "305.8649563587197",
        "mean_motion" : ".3631291294856677",
        "equinox" : "J2000"
      }
    } ]
  }
}