{
  "links" : {
    "next" : "https://api.nasa.gov/neo/rest/v1/feed?start_date=1998-05-09&end_date=1998-05-09&detailed=true&api_key=t0TVs3DtDT2H8Oy2Zy8m2eVrNsAVKAexjcZXUckd",
    "prev" : "https://api.nasa.gov/neo/rest/v1/feed?start_date=1998-05-07&end_date=1998-05-07&detailed=true&api_key=t0TVs3DtDT2H8Oy2Zy8m2eVrNsAVKAexjcZXUckd",
    "self" : "https://api.nasa.gov/neo/rest/v1/feed?start_date=1998-05-08&end_date=1998-05-08&detailed=true&api_key=t0TVs3DtDT2H8Oy2Zy8m2eVrNsAVKAexjcZXUckd"
  },
  "element_count" : 5,
  "near_earth_objects" : {
    "1998-05-08" : [ {
      "links" : {
        "self" : "https://api.nasa.gov/neo/rest/v1/neo/3013039?api_key=t0TVs3DtDT2H8Oy2Zy8m2eVrNsAVKAexjcZXUckd"
      },
      "neo_reference_id" : "3013039",
      "name" : "(1998 HT31)",
      "nasa_jpl_url" : "http://ssd.jpl.nasa.gov/sbdb.cgi?sstr=3013039",
      "absolute_magnitude_h" : 20.8,
      "estimated_diameter" : {
        "kilometers" : {
          "estimated_diameter_min" : 0.1838886721,
          "estimated_diameter_max" : 0.411187571
        },
        "meters" : {
          "estimated_diameter_min" : 183.8886720703,
          "estimated_diameter_max" : 411.1875710413
        },
        "miles" : {
          "estimated_diameter_min" : 0.1142630881,
          "estimated_diameter_max" : 0.2555000322
        },
        "feet" : {
          "estimated_diameter_min" : 603.309310875,
          "estimated_diameter_max" : 1349.040630575
        }
      },
      "is_potentially_hazardous_asteroid" : true,
      "close_approach_data" : [ {
        "close_approach_date" : "1998-05-08",
        "epoch_date_close_approach" : 894610800000,
        "relative_velocity" : {
          "kilometers_per_second" : "17.8865244352",
          "kilometers_per_hour" : "64391.487966751",
          "miles_per_hour" : "40010.3665091181"
        },
        "miss_distance" : {
          "astronomical" : "0.0318042452",
          "lunar" : "12.3718509674",
          "kilometers" : "4757847.5",
          "miles" : "2956389.25"
        },
        "orbiting_body" : "Earth"
      } ],
      "orbital_data" : {
        "orbit_id" : "13",
        "orbit_determination_date" : "2017-04-06 09:17:51",
        "orbit_uncertainty" : "8",
        "minimum_orbit_intersection" : ".0311557",
        "jupiter_tisserand_invariant" : "3.067",
        "epoch_osculation" : "2450936.5",
        "eccentricity" : ".6928744887258212",
        "semi_major_axis" : "2.511614250385363",
        "inclination" : "6.791159234373215",
        "ascending_node_longitude" : "213.9050034821358",
        "orbital_period" : "1453.877563889573",
        "perihelion_distance" : ".7713808107731179",
        "perihelion_argument" : "80.42004986794736",
        "aphelion_distance" : "4.251847689997609",
        "perihelion_time" : "2450984.668666428580",
        "mean_anomaly" : "348.0727783790149",
        "mean_motion" : ".2476136979766635",
        "equinox" : "J2000"
      }
    }, {
      "links" : {
        "self" : "https://api.nasa.gov/neo/rest/v1/neo/2154555?api_key=t0TVs3DtDT2H8Oy2Zy8m2eVrNsAVKAexjcZXUckd"
      },
      "neo_reference_id" : "2154555",
      "name" : "154555 (2003 HA)",
      "nasa_jpl_url" : "http://ssd.jpl.nasa.gov/sbdb.cgi?sstr=2154555",
      "absolute_magnitude_h" : 16.7,
      "estimated_diameter" : {
        "kilometers" : {
          "estimated_diameter_min" : 1.214940408,
          "estimated_diameter_max" : 2.7166893409
        },
        "meters" : {
          "estimated_diameter_min" : 1214.9404079963,
          "estimated_diameter_max" : 2716.6893408911
        },
        "miles" : {
          "estimated_diameter_min" : 0.7549287363,
          "estimated_diameter_max" : 1.6880719724
        },
        "feet" : {
          "estimated_diameter_min" : 3986.0250881707,
          "estimated_diameter_max" : 8913.0230571693
        }
      },
      "is_potentially_hazardous_asteroid" : false,
      "close_approach_data" : [ {
        "close_approach_date" : "1998-05-08",
        "epoch_date_close_approach" : 894610800000,
        "relative_velocity" : {
          "kilometers_per_second" : "26.086640422",
          "kilometers_per_hour" : "93911.905519182",
          "miles_per_hour" : "58353.2059599606"
        },
        "miss_distance" : {
          "astronomical" : "0.1178698089",
          "lunar" : "45.8513565063",
          "kilometers" : "17633072",
          "miles" : "10956683"
        },
        "orbiting_body" : "Earth"
      } ],
      "orbital_data" : {
        "orbit_id" : "133",
        "orbit_determination_date" : "2017-04-15 06:14:38",
        "orbit_uncertainty" : "0",
        "minimum_orbit_intersection" : ".115277",
        "jupiter_tisserand_invariant" : "5.016",
        "epoch_osculation" : "2458000.5",
        "eccentricity" : ".5802140332037762",
        "semi_major_axis" : "1.184252563291688",
        "inclination" : "36.82687223136637",
        "ascending_node_longitude" : "53.51079565951329",
        "orbital_period" : "470.7224668544186",
        "perihelion_distance" : ".4971326072123073",
        "perihelion_argument" : "277.1296415659076",
        "aphelion_distance" : "1.871372519371068",
        "perihelion_time" : "2458052.272978598442",
        "mean_anomaly" : "320.4049655416096",
        "mean_motion" : ".7647818520447591",
        "equinox" : "J2000"
      }
    }, {
      "links" : {
        "self" : "https://api.nasa.gov/neo/rest/v1/neo/2464798?api_key=t0TVs3DtDT2H8Oy2Zy8m2eVrNsAVKAexjcZXUckd"
      },
      "neo_reference_id" : "2464798",
      "name" : "464798 (2004 JX20)",
      "nasa_jpl_url" : "http://ssd.jpl.nasa.gov/sbdb.cgi?sstr=2464798",
      "absolute_magnitude_h" : 19.4,
      "estimated_diameter" : {
        "kilometers" : {
          "estimated_diameter_min" : 0.3503926411,
          "estimated_diameter_max" : 0.7835017643
        },
        "meters" : {
          "estimated_diameter_min" : 350.3926411083,
          "estimated_diameter_max" : 783.5017643338
        },
        "miles" : {
          "estimated_diameter_min" : 0.2177238258,
          "estimated_diameter_max" : 0.4868452748
        },
        "feet" : {
          "estimated_diameter_min" : 1149.5821926537,
          "estimated_diameter_max" : 2570.543928497
        }
      },
      "is_potentially_hazardous_asteroid" : false,
      "close_approach_data" : [ {
        "close_approach_date" : "1998-05-08",
        "epoch_date_close_approach" : 894610800000,
        "relative_velocity" : {
          "kilometers_per_second" : "10.2631978228",
          "kilometers_per_hour" : "36947.5121620685",
          "miles_per_hour" : "22957.7472098142"
        },
        "miss_distance" : {
          "astronomical" : "0.1979909668",
          "lunar" : "77.0184860229",
          "kilometers" : "29619028",
          "miles" : "18404410"
        },
        "orbiting_body" : "Earth"
      } ],
      "orbital_data" : {
        "orbit_id" : "115",
        "orbit_determination_date" : "2017-04-06 09:19:33",
        "orbit_uncertainty" : "0",
        "minimum_orbit_intersection" : ".0955809",
        "jupiter_tisserand_invariant" : "6.559",
        "epoch_osculation" : "2458000.5",
        "eccentricity" : ".2658433567539762",
        "semi_major_axis" : ".9017429999972381",
        "inclination" : "10.52946560443088",
        "ascending_node_longitude" : "101.8037817312489",
        "orbital_period" : "312.7682040874136",
        "perihelion_distance" : ".6620206139485716",
        "perihelion_argument" : "349.0708919491017",
        "aphelion_distance" : "1.141465386045905",
        "perihelion_time" : "2458041.614906224440",
        "mean_anomaly" : "312.6762437889572",
        "mean_motion" : "1.151012140285801",
        "equinox" : "J2000"
      }
    }, {
      "links" : {
        "self" : "https://api.nasa.gov/neo/rest/v1/neo/3560817?api_key=t0TVs3DtDT2H8Oy2Zy8m2eVrNsAVKAexjcZXUckd"
      },
      "neo_reference_id" : "3560817",
      "name" : "(2011 FS29)",
      "nasa_jpl_url" : "http://ssd.jpl.nasa.gov/sbdb.cgi?sstr=3560817",
      "absolute_magnitude_h" : 22.6,
      "estimated_diameter" : {
        "kilometers" : {
          "estimated_diameter_min" : 0.0802703167,
          "estimated_diameter_max" : 0.1794898848
        },
        "meters" : {
          "estimated_diameter_min" : 80.2703167283,
          "estimated_diameter_max" : 179.4898847799
        },
        "miles" : {
          "estimated_diameter_min" : 0.049877647,
          "estimated_diameter_max" : 0.1115298092
        },
        "feet" : {
          "estimated_diameter_min" : 263.3540659348,
          "estimated_diameter_max" : 588.8775935812
        }
      },
      "is_potentially_hazardous_asteroid" : false,
      "close_approach_data" : [ {
        "close_approach_date" : "1998-05-08",
        "epoch_date_close_approach" : 894610800000,
        "relative_velocity" : {
          "kilometers_per_second" : "8.5901263264",
          "kilometers_per_hour" : "30924.4547749717",
          "miles_per_hour" : "19215.2535794817"
        },
        "miss_distance" : {
          "astronomical" : "0.1393555719",
          "lunar" : "54.2093162537",
          "kilometers" : "20847296",
          "miles" : "12953910"
        },
        "orbiting_body" : "Earth"
      } ],
      "orbital_data" : {
        "orbit_id" : "23",
        "orbit_determination_date" : "2017-04-06 08:53:57",
        "orbit_uncertainty" : "4",
        "minimum_orbit_intersection" : ".0268535",
        "jupiter_tisserand_invariant" : "4.425",
        "epoch_osculation" : "2458000.5",
        "eccentricity" : ".379930048572159",
        "semi_major_axis" : "1.507087315662832",
        "inclination" : "12.49489297082722",
        "ascending_node_longitude" : "22.14668240464911",
        "orbital_period" : "675.7811115132225",
        "perihelion_distance" : ".9344995586205679",
        "perihelion_argument" : "231.3226657580131",
        "aphelion_distance" : "2.079675072705097",
        "perihelion_time" : "2457733.623625202367",
        "mean_anomaly" : "142.1695476394921",
        "mean_motion" : ".5327168721746023",
        "equinox" : "J2000"
      }
    }, {
      "links" : {
        "self" : "https://api.nasa.gov/neo/rest/v1/neo/3472549?api_key=t0TVs3DtDT2H8Oy2Zy8m2eVrNsAVKAexjcZXUckd"
      },
      "neo_reference_id" : "3472549",
      "name" : "(2009 UK20)",
      "nasa_jpl_url" : "http://ssd.jpl.nasa.gov/sbdb.cgi?sstr=3472549",
      "absolute_magnitude_h" : 26.3,
      "estimated_diameter" : {
        "kilometers" : {
          "estimated_diameter_min" : 0.0146067964,
          "estimated_diameter_max" : 0.0326617897
        },
        "meters" : {
          "estimated_diameter_min" : 14.6067964271,
          "estimated_diameter_max" : 32.6617897446
        },
        "miles" : {
          "estimated_diameter_min" : 0.0090762397,
          "estimated_diameter_max" : 0.020295089
        },
        "feet" : {
          "estimated_diameter_min" : 47.92256199,
          "estimated_diameter_max" : 107.1581062656
        }
      },
      "is_potentially_hazardous_asteroid" : false,
      "close_approach_data" : [ {
        "close_approach_date" : "1998-05-08",
        "epoch_date_close_approach" : 894610800000,
        "relative_velocity" : {
          "kilometers_per_second" : "7.7832755569",
          "kilometers_per_hour" : "28019.7920048371",
          "miles_per_hour" : "17410.4090932278"
        },
        "miss_distance" : {
          "astronomical" : "0.0654160031",
          "lunar" : "25.4468250275",
          "kilometers" : "9786095",
          "miles" : "6080797"
        },
        "orbiting_body" : "Earth"
      } ],
      "orbital_data" : {
        "orbit_id" : "12",
        "orbit_determination_date" : "2017-04-06 08:59:24",
        "orbit_uncertainty" : "6",
        "minimum_orbit_intersection" : ".00597035",
        "jupiter_tisserand_invariant" : "5.818",
        "epoch_osculation" : "2458000.5",
        "eccentricity" : ".2071134032950719",
        "semi_major_axis" : "1.053656441608185",
        "inclination" : "2.844057772193474",
        "ascending_node_longitude" : "215.9798594717084",
        "orbital_period" : "395.0453614507765",
        "perihelion_distance" : ".8354300700829389",
        "perihelion_argument" : "277.4530876384516",
        "aphelion_distance" : "1.271882813133432",
        "perihelion_time" : "2457981.813600043870",
        "mean_anomaly" : "17.02868743858137",
        "mean_motion" : ".9112877535833485",
        "equinox" : "J2000"
      }
    } ]
  }
}